ISO-10303-21;
HEADER;
FILE_DESCRIPTION(('Open CASCADE Model'),'2;1');
FILE_NAME('Open CASCADE Shape Model','2026-10-07T23:52:32',('Author'),(
    'Open CASCADE'),'Open CASCADE STEP processor 7.9','Open CASCADE 7.9'
  ,'Unknown');
FILE_SCHEMA(('AUTOMOTIVE_DESIGN { 1 0 10303 214 1 1 1 1 }'));
ENDSEC;
DATA;
#1 = APPLICATION_PROTOCOL_DEFINITION('international standard',
  'automotive_design',2000,#2);
#2 = APPLICATION_CONTEXT(
  'core data for automotive mechanical design processes');
#3 = SHAPE_DEFINITION_REPRESENTATION(#4,#10);
#4 = PRODUCT_DEFINITION_SHAPE('','',#5);
#5 = PRODUCT_DEFINITION('design','',#6,#9);
#6 = PRODUCT_DEFINITION_FORMATION('','',#7);
#7 = PRODUCT('Open CASCADE STEP translator 7.9 3',
  'Open CASCADE STEP translator 7.9 3','',(#8));
#8 = PRODUCT_CONTEXT('',#2,'mechanical');
#9 = PRODUCT_DEFINITION_CONTEXT('part definition',#2,'design');
#10 = ADVANCED_BREP_SHAPE_REPRESENTATION('',(#11,#15),#7700);
#11 = AXIS2_PLACEMENT_3D('',#12,#13,#14);
#12 = CARTESIAN_POINT('',(0.,0.,0.));
#13 = DIRECTION('',(0.,0.,1.));
#14 = DIRECTION('',(1.,0.,-0.));
#15 = MANIFOLD_SOLID_BREP('',#16);
#16 = CLOSED_SHELL('',(#17,#251,#307,#404,#483,#563,#568,#623,#702,#707,
    #786,#842,#877,#936,#975,#1134,#1159,#1191,#1323,#1349,#1357,#1417,
    #1916,#3131,#5015,#5529,#6213,#6304,#6331,#6712,#7390,#7420,#7690));
#17 = ADVANCED_FACE('',(#18),#33,.T.);
#18 = FACE_BOUND('',#19,.T.);
#19 = EDGE_LOOP('',(#20,#56,#78,#101,#125,#148,#172,#195,#224,#246,#247,
    #248,#249,#250));
#20 = ORIENTED_EDGE('',*,*,#21,.F.);
#21 = EDGE_CURVE('',#22,#24,#26,.T.);
#22 = VERTEX_POINT('',#23);
#23 = CARTESIAN_POINT('',(6.,-16.9,0.));
#24 = VERTEX_POINT('',#25);
#25 = CARTESIAN_POINT('',(-6.,-16.9,0.));
#26 = SURFACE_CURVE('',#27,(#32,#44),.PCURVE_S1.);
#27 = CIRCLE('',#28,6.);
#28 = AXIS2_PLACEMENT_3D('',#29,#30,#31);
#29 = CARTESIAN_POINT('',(0.,-16.9,0.));
#30 = DIRECTION('',(0.,-1.,0.));
#31 = DIRECTION('',(1.,0.,0.));
#32 = PCURVE('',#33,#38);
#33 = CYLINDRICAL_SURFACE('',#34,6.);
#34 = AXIS2_PLACEMENT_3D('',#35,#36,#37);
#35 = CARTESIAN_POINT('',(0.,-15.1399999,0.));
#36 = DIRECTION('',(0.,1.,0.));
#37 = DIRECTION('',(0.,-0.,1.));
#38 = DEFINITIONAL_REPRESENTATION('',(#39),#43);
#39 = LINE('',#40,#41);
#40 = CARTESIAN_POINT('',(1.570796326795,-1.7600001));
#41 = VECTOR('',#42,1.);
#42 = DIRECTION('',(-1.,0.));
#43 = ( GEOMETRIC_REPRESENTATION_CONTEXT(2) 
PARAMETRIC_REPRESENTATION_CONTEXT() REPRESENTATION_CONTEXT('2D SPACE',''
  ) );
#44 = PCURVE('',#45,#50);
#45 = CONICAL_SURFACE('',#46,5.899999999941,0.785398163397);
#46 = AXIS2_PLACEMENT_3D('',#47,#48,#49);
#47 = CARTESIAN_POINT('',(0.,-17.00000000005,0.));
#48 = DIRECTION('',(0.,1.,0.));
#49 = DIRECTION('',(0.,0.,-1.));
#50 = DEFINITIONAL_REPRESENTATION('',(#51),#55);
#51 = LINE('',#52,#53);
#52 = CARTESIAN_POINT('',(4.712388980385,0.100000000059));
#53 = VECTOR('',#54,1.);
#54 = DIRECTION('',(-1.,0.));
#55 = ( GEOMETRIC_REPRESENTATION_CONTEXT(2) 
PARAMETRIC_REPRESENTATION_CONTEXT() REPRESENTATION_CONTEXT('2D SPACE',''
  ) );
#56 = ORIENTED_EDGE('',*,*,#57,.F.);
#57 = EDGE_CURVE('',#24,#22,#58,.T.);
#58 = SURFACE_CURVE('',#59,(#64,#71),.PCURVE_S1.);
#59 = CIRCLE('',#60,6.);
#60 = AXIS2_PLACEMENT_3D('',#61,#62,#63);
#61 = CARTESIAN_POINT('',(0.,-16.9,0.));
#62 = DIRECTION('',(-0.,-1.,-0.));
#63 = DIRECTION('',(-1.,0.,0.));
#64 = PCURVE('',#33,#65);
#65 = DEFINITIONAL_REPRESENTATION('',(#66),#70);
#66 = LINE('',#67,#68);
#67 = CARTESIAN_POINT('',(4.712388980385,-1.7600001));
#68 = VECTOR('',#69,1.);
#69 = DIRECTION('',(-1.,0.));
#70 = ( GEOMETRIC_REPRESENTATION_CONTEXT(2) 
PARAMETRIC_REPRESENTATION_CONTEXT() REPRESENTATION_CONTEXT('2D SPACE',''
  ) );
#71 = PCURVE('',#45,#72);
#72 = DEFINITIONAL_REPRESENTATION('',(#73),#77);
#73 = LINE('',#74,#75);
#74 = CARTESIAN_POINT('',(1.570796326795,0.100000000059));
#75 = VECTOR('',#76,1.);
#76 = DIRECTION('',(-1.,0.));
#77 = ( GEOMETRIC_REPRESENTATION_CONTEXT(2) 
PARAMETRIC_REPRESENTATION_CONTEXT() REPRESENTATION_CONTEXT('2D SPACE',''
  ) );
#78 = ORIENTED_EDGE('',*,*,#79,.T.);
#79 = EDGE_CURVE('',#24,#80,#82,.T.);
#80 = VERTEX_POINT('',#81);
#81 = CARTESIAN_POINT('',(-5.999999999977,-15.1399999,1.265247820592E-09
    ));
#82 = SEAM_CURVE('',#83,(#87,#94),.PCURVE_S1.);
#83 = LINE('',#84,#85);
#84 = CARTESIAN_POINT('',(-5.999999999953,-16.90000000004,
    1.265231517442E-09));
#85 = VECTOR('',#86,1.);
#86 = DIRECTION('',(0.,1.,0.));
#87 = PCURVE('',#33,#88);
#88 = DEFINITIONAL_REPRESENTATION('',(#89),#93);
#89 = LINE('',#90,#91);
#90 = CARTESIAN_POINT('',(4.712388980385,-1.760000100047));
#91 = VECTOR('',#92,1.);
#92 = DIRECTION('',(0.,1.));
#93 = ( GEOMETRIC_REPRESENTATION_CONTEXT(2) 
PARAMETRIC_REPRESENTATION_CONTEXT() REPRESENTATION_CONTEXT('2D SPACE',''
  ) );
#94 = PCURVE('',#33,#95);
#95 = DEFINITIONAL_REPRESENTATION('',(#96),#100);
#96 = LINE('',#97,#98);
#97 = CARTESIAN_POINT('',(-1.570796326795,-1.760000100047));
#98 = VECTOR('',#99,1.);
#99 = DIRECTION('',(0.,1.));
#100 = ( GEOMETRIC_REPRESENTATION_CONTEXT(2) 
PARAMETRIC_REPRESENTATION_CONTEXT() REPRESENTATION_CONTEXT('2D SPACE',''
  ) );
#101 = ORIENTED_EDGE('',*,*,#102,.T.);
#102 = EDGE_CURVE('',#80,#103,#105,.T.);
#103 = VERTEX_POINT('',#104);
#104 = CARTESIAN_POINT('',(-1.469576158977E-15,-15.1399999,6.));
#105 = SEAM_CURVE('',#106,(#111,#118),.PCURVE_S1.);
#106 = CIRCLE('',#107,6.);
#107 = AXIS2_PLACEMENT_3D('',#108,#109,#110);
#108 = CARTESIAN_POINT('',(0.,-15.1399999,0.));
#109 = DIRECTION('',(0.,1.,0.));
#110 = DIRECTION('',(0.,-0.,1.));
#111 = PCURVE('',#33,#112);
#112 = DEFINITIONAL_REPRESENTATION('',(#113),#117);
#113 = LINE('',#114,#115);
#114 = CARTESIAN_POINT('',(0.,0.));
#115 = VECTOR('',#116,1.);
#116 = DIRECTION('',(1.,0.));
#117 = ( GEOMETRIC_REPRESENTATION_CONTEXT(2) 
PARAMETRIC_REPRESENTATION_CONTEXT() REPRESENTATION_CONTEXT('2D SPACE',''
  ) );
#118 = PCURVE('',#33,#119);
#119 = DEFINITIONAL_REPRESENTATION('',(#120),#124);
#120 = LINE('',#121,#122);
#121 = CARTESIAN_POINT('',(-6.28318530718,0.));
#122 = VECTOR('',#123,1.);
#123 = DIRECTION('',(1.,0.));
#124 = ( GEOMETRIC_REPRESENTATION_CONTEXT(2) 
PARAMETRIC_REPRESENTATION_CONTEXT() REPRESENTATION_CONTEXT('2D SPACE',''
  ) );
#125 = ORIENTED_EDGE('',*,*,#126,.T.);
#126 = EDGE_CURVE('',#103,#127,#129,.T.);
#127 = VERTEX_POINT('',#128);
#128 = CARTESIAN_POINT('',(-1.469576158977E-15,0.5400001,6.));
#129 = SEAM_CURVE('',#130,(#134,#141),.PCURVE_S1.);
#130 = LINE('',#131,#132);
#131 = CARTESIAN_POINT('',(-1.469576158977E-15,-15.1399999,6.));
#132 = VECTOR('',#133,1.);
#133 = DIRECTION('',(0.,1.,0.));
#134 = PCURVE('',#33,#135);
#135 = DEFINITIONAL_REPRESENTATION('',(#136),#140);
#136 = LINE('',#137,#138);
#137 = CARTESIAN_POINT('',(6.28318530718,-0.));
#138 = VECTOR('',#139,1.);
#139 = DIRECTION('',(0.,1.));
#140 = ( GEOMETRIC_REPRESENTATION_CONTEXT(2) 
PARAMETRIC_REPRESENTATION_CONTEXT() REPRESENTATION_CONTEXT('2D SPACE',''
  ) );
#141 = PCURVE('',#33,#142);
#142 = DEFINITIONAL_REPRESENTATION('',(#143),#147);
#143 = LINE('',#144,#145);
#144 = CARTESIAN_POINT('',(0.,-0.));
#145 = VECTOR('',#146,1.);
#146 = DIRECTION('',(0.,1.));
#147 = ( GEOMETRIC_REPRESENTATION_CONTEXT(2) 
PARAMETRIC_REPRESENTATION_CONTEXT() REPRESENTATION_CONTEXT('2D SPACE',''
  ) );
#148 = ORIENTED_EDGE('',*,*,#149,.T.);
#149 = EDGE_CURVE('',#127,#150,#152,.T.);
#150 = VERTEX_POINT('',#151);
#151 = CARTESIAN_POINT('',(6.,0.5400001,4.184671481201E-11));
#152 = SEAM_CURVE('',#153,(#158,#165),.PCURVE_S1.);
#153 = CIRCLE('',#154,6.);
#154 = AXIS2_PLACEMENT_3D('',#155,#156,#157);
#155 = CARTESIAN_POINT('',(0.,0.5400001,0.));
#156 = DIRECTION('',(0.,1.,0.));
#157 = DIRECTION('',(0.,-0.,1.));
#158 = PCURVE('',#33,#159);
#159 = DEFINITIONAL_REPRESENTATION('',(#160),#164);
#160 = LINE('',#161,#162);
#161 = CARTESIAN_POINT('',(6.28318530718,15.68));
#162 = VECTOR('',#163,1.);
#163 = DIRECTION('',(1.,-0.));
#164 = ( GEOMETRIC_REPRESENTATION_CONTEXT(2) 
PARAMETRIC_REPRESENTATION_CONTEXT() REPRESENTATION_CONTEXT('2D SPACE',''
  ) );
#165 = PCURVE('',#33,#166);
#166 = DEFINITIONAL_REPRESENTATION('',(#167),#171);
#167 = LINE('',#168,#169);
#168 = CARTESIAN_POINT('',(0.,15.68));
#169 = VECTOR('',#170,1.);
#170 = DIRECTION('',(1.,0.));
#171 = ( GEOMETRIC_REPRESENTATION_CONTEXT(2) 
PARAMETRIC_REPRESENTATION_CONTEXT() REPRESENTATION_CONTEXT('2D SPACE',''
  ) );
#172 = ORIENTED_EDGE('',*,*,#173,.F.);
#173 = EDGE_CURVE('',#174,#150,#176,.T.);
#174 = VERTEX_POINT('',#175);
#175 = CARTESIAN_POINT('',(6.,2.3,4.167733799686E-11));
#176 = SEAM_CURVE('',#177,(#181,#188),.PCURVE_S1.);
#177 = LINE('',#178,#179);
#178 = CARTESIAN_POINT('',(6.,2.3,4.167733799686E-11));
#179 = VECTOR('',#180,1.);
#180 = DIRECTION('',(0.,-1.,0.));
#181 = PCURVE('',#33,#182);
#182 = DEFINITIONAL_REPRESENTATION('',(#183),#187);
#183 = LINE('',#184,#185);
#184 = CARTESIAN_POINT('',(7.853981633968,17.4399999));
#185 = VECTOR('',#186,1.);
#186 = DIRECTION('',(-0.,-1.));
#187 = ( GEOMETRIC_REPRESENTATION_CONTEXT(2) 
PARAMETRIC_REPRESENTATION_CONTEXT() REPRESENTATION_CONTEXT('2D SPACE',''
  ) );
#188 = PCURVE('',#33,#189);
#189 = DEFINITIONAL_REPRESENTATION('',(#190),#194);
#190 = LINE('',#191,#192);
#191 = CARTESIAN_POINT('',(1.570796326788,17.4399999));
#192 = VECTOR('',#193,1.);
#193 = DIRECTION('',(-0.,-1.));
#194 = ( GEOMETRIC_REPRESENTATION_CONTEXT(2) 
PARAMETRIC_REPRESENTATION_CONTEXT() REPRESENTATION_CONTEXT('2D SPACE',''
  ) );
#195 = ORIENTED_EDGE('',*,*,#196,.T.);
#196 = EDGE_CURVE('',#174,#197,#199,.T.);
#197 = VERTEX_POINT('',#198);
#198 = CARTESIAN_POINT('',(5.994027842175,2.3,-0.267638239487));
#199 = SURFACE_CURVE('',#200,(#205,#212),.PCURVE_S1.);
#200 = CIRCLE('',#201,6.);
#201 = AXIS2_PLACEMENT_3D('',#202,#203,#204);
#202 = CARTESIAN_POINT('',(0.,2.3,0.));
#203 = DIRECTION('',(0.,-1.,0.));
#204 = DIRECTION('',(1.,0.,6.946222999477E-12));
#205 = PCURVE('',#33,#206);
#206 = DEFINITIONAL_REPRESENTATION('',(#207),#211);
#207 = LINE('',#208,#209);
#208 = CARTESIAN_POINT('',(7.853981633968,17.4399999));
#209 = VECTOR('',#210,1.);
#210 = DIRECTION('',(-1.,0.));
#211 = ( GEOMETRIC_REPRESENTATION_CONTEXT(2) 
PARAMETRIC_REPRESENTATION_CONTEXT() REPRESENTATION_CONTEXT('2D SPACE',''
  ) );
#212 = PCURVE('',#213,#218);
#213 = CONICAL_SURFACE('',#214,5.9,0.785398163397);
#214 = AXIS2_PLACEMENT_3D('',#215,#216,#217);
#215 = CARTESIAN_POINT('',(0.,2.4,0.));
#216 = DIRECTION('',(0.,-1.,0.));
#217 = DIRECTION('',(0.999004640362,0.,-4.460637324774E-02));
#218 = DEFINITIONAL_REPRESENTATION('',(#219),#223);
#219 = LINE('',#220,#221);
#220 = CARTESIAN_POINT('',(4.462117894415E-02,0.1));
#221 = VECTOR('',#222,1.);
#222 = DIRECTION('',(1.,-0.));
#223 = ( GEOMETRIC_REPRESENTATION_CONTEXT(2) 
PARAMETRIC_REPRESENTATION_CONTEXT() REPRESENTATION_CONTEXT('2D SPACE',''
  ) );
#224 = ORIENTED_EDGE('',*,*,#225,.F.);
#225 = EDGE_CURVE('',#174,#197,#226,.T.);
#226 = SURFACE_CURVE('',#227,(#232,#239),.PCURVE_S1.);
#227 = CIRCLE('',#228,6.);
#228 = AXIS2_PLACEMENT_3D('',#229,#230,#231);
#229 = CARTESIAN_POINT('',(0.,2.3,0.));
#230 = DIRECTION('',(-0.,1.,0.));
#231 = DIRECTION('',(1.,0.,6.945948690934E-12));
#232 = PCURVE('',#33,#233);
#233 = DEFINITIONAL_REPRESENTATION('',(#234),#238);
#234 = LINE('',#235,#236);
#235 = CARTESIAN_POINT('',(1.570796326788,17.4399999));
#236 = VECTOR('',#237,1.);
#237 = DIRECTION('',(1.,-0.));
#238 = ( GEOMETRIC_REPRESENTATION_CONTEXT(2) 
PARAMETRIC_REPRESENTATION_CONTEXT() REPRESENTATION_CONTEXT('2D SPACE',''
  ) );
#239 = PCURVE('',#213,#240);
#240 = DEFINITIONAL_REPRESENTATION('',(#241),#245);
#241 = LINE('',#242,#243);
#242 = CARTESIAN_POINT('',(4.462117894415E-02,0.1));
#243 = VECTOR('',#244,1.);
#244 = DIRECTION('',(-1.,-1.011630782855E-14));
#245 = ( GEOMETRIC_REPRESENTATION_CONTEXT(2) 
PARAMETRIC_REPRESENTATION_CONTEXT() REPRESENTATION_CONTEXT('2D SPACE',''
  ) );
#246 = ORIENTED_EDGE('',*,*,#173,.T.);
#247 = ORIENTED_EDGE('',*,*,#149,.F.);
#248 = ORIENTED_EDGE('',*,*,#126,.F.);
#249 = ORIENTED_EDGE('',*,*,#102,.F.);
#250 = ORIENTED_EDGE('',*,*,#79,.F.);
#251 = ADVANCED_FACE('',(#252),#213,.T.);
#252 = FACE_BOUND('',#253,.T.);
#253 = EDGE_LOOP('',(#254,#255,#256,#279,#306));
#254 = ORIENTED_EDGE('',*,*,#196,.F.);
#255 = ORIENTED_EDGE('',*,*,#225,.T.);
#256 = ORIENTED_EDGE('',*,*,#257,.F.);
#257 = EDGE_CURVE('',#258,#197,#260,.T.);
#258 = VERTEX_POINT('',#259);
#259 = CARTESIAN_POINT('',(5.794226914102,2.5,-0.258716964837));
#260 = SEAM_CURVE('',#261,(#265,#272),.PCURVE_S1.);
#261 = LINE('',#262,#263);
#262 = CARTESIAN_POINT('',(5.794226914102,2.5,-0.258716964837));
#263 = VECTOR('',#264,1.);
#264 = DIRECTION('',(0.706402955637,-0.707106781187,-3.154146900762E-02)
  );
#265 = PCURVE('',#213,#266);
#266 = DEFINITIONAL_REPRESENTATION('',(#267),#271);
#267 = LINE('',#268,#269);
#268 = CARTESIAN_POINT('',(0.,-0.1));
#269 = VECTOR('',#270,1.);
#270 = DIRECTION('',(0.,1.));
#271 = ( GEOMETRIC_REPRESENTATION_CONTEXT(2) 
PARAMETRIC_REPRESENTATION_CONTEXT() REPRESENTATION_CONTEXT('2D SPACE',''
  ) );
#272 = PCURVE('',#213,#273);
#273 = DEFINITIONAL_REPRESENTATION('',(#274),#278);
#274 = LINE('',#275,#276);
#275 = CARTESIAN_POINT('',(6.28318530718,-0.1));
#276 = VECTOR('',#277,1.);
#277 = DIRECTION('',(0.,1.));
#278 = ( GEOMETRIC_REPRESENTATION_CONTEXT(2) 
PARAMETRIC_REPRESENTATION_CONTEXT() REPRESENTATION_CONTEXT('2D SPACE',''
  ) );
#279 = ORIENTED_EDGE('',*,*,#280,.T.);
#280 = EDGE_CURVE('',#258,#258,#281,.T.);
#281 = SURFACE_CURVE('',#282,(#287,#294),.PCURVE_S1.);
#282 = CIRCLE('',#283,5.8);
#283 = AXIS2_PLACEMENT_3D('',#284,#285,#286);
#284 = CARTESIAN_POINT('',(-2.22044604925E-16,2.5,-2.22044604925E-16));
#285 = DIRECTION('',(0.,-1.,0.));
#286 = DIRECTION('',(0.999004640362,-0.,-4.460637324774E-02));
#287 = PCURVE('',#213,#288);
#288 = DEFINITIONAL_REPRESENTATION('',(#289),#293);
#289 = LINE('',#290,#291);
#290 = CARTESIAN_POINT('',(0.,-0.1));
#291 = VECTOR('',#292,1.);
#292 = DIRECTION('',(1.,-0.));
#293 = ( GEOMETRIC_REPRESENTATION_CONTEXT(2) 
PARAMETRIC_REPRESENTATION_CONTEXT() REPRESENTATION_CONTEXT('2D SPACE',''
  ) );
#294 = PCURVE('',#295,#300);
#295 = PLANE('',#296);
#296 = AXIS2_PLACEMENT_3D('',#297,#298,#299);
#297 = CARTESIAN_POINT('',(0.,2.5,0.));
#298 = DIRECTION('',(0.,-1.,0.));
#299 = DIRECTION('',(1.,0.,6.946193620294E-12));
#300 = DEFINITIONAL_REPRESENTATION('',(#301),#305);
#301 = CIRCLE('',#302,5.8);
#302 = AXIS2_PLACEMENT_2D('',#303,#304);
#303 = CARTESIAN_POINT('',(-2.220446049266E-16,-2.220446049235E-16));
#304 = DIRECTION('',(0.999004640362,-4.460637325468E-02));
#305 = ( GEOMETRIC_REPRESENTATION_CONTEXT(2) 
PARAMETRIC_REPRESENTATION_CONTEXT() REPRESENTATION_CONTEXT('2D SPACE',''
  ) );
#306 = ORIENTED_EDGE('',*,*,#257,.T.);
#307 = ADVANCED_FACE('',(#308,#311,#342,#373),#295,.F.);
#308 = FACE_BOUND('',#309,.F.);
#309 = EDGE_LOOP('',(#310));
#310 = ORIENTED_EDGE('',*,*,#280,.T.);
#311 = FACE_BOUND('',#312,.F.);
#312 = EDGE_LOOP('',(#313));
#313 = ORIENTED_EDGE('',*,*,#314,.F.);
#314 = EDGE_CURVE('',#315,#315,#317,.T.);
#315 = VERTEX_POINT('',#316);
#316 = CARTESIAN_POINT('',(-3.19681484916,2.5,0.142740394393));
#317 = SURFACE_CURVE('',#318,(#323,#330),.PCURVE_S1.);
#318 = CIRCLE('',#319,3.2);
#319 = AXIS2_PLACEMENT_3D('',#320,#321,#322);
#320 = CARTESIAN_POINT('',(0.,2.5,0.));
#321 = DIRECTION('',(0.,-1.,0.));
#322 = DIRECTION('',(-0.999004640362,0.,4.460637324774E-02));
#323 = PCURVE('',#295,#324);
#324 = DEFINITIONAL_REPRESENTATION('',(#325),#329);
#325 = CIRCLE('',#326,3.2);
#326 = AXIS2_PLACEMENT_2D('',#327,#328);
#327 = CARTESIAN_POINT('',(0.,0.));
#328 = DIRECTION('',(-0.999004640362,4.460637325468E-02));
#329 = ( GEOMETRIC_REPRESENTATION_CONTEXT(2) 
PARAMETRIC_REPRESENTATION_CONTEXT() REPRESENTATION_CONTEXT('2D SPACE',''
  ) );
#330 = PCURVE('',#331,#336);
#331 = CONICAL_SURFACE('',#332,3.1,0.785398163397);
#332 = AXIS2_PLACEMENT_3D('',#333,#334,#335);
#333 = CARTESIAN_POINT('',(0.,2.4,0.));
#334 = DIRECTION('',(0.,1.,0.));
#335 = DIRECTION('',(-0.999004640362,0.,4.460637324774E-02));
#336 = DEFINITIONAL_REPRESENTATION('',(#337),#341);
#337 = LINE('',#338,#339);
#338 = CARTESIAN_POINT('',(6.28318530718,0.1));
#339 = VECTOR('',#340,1.);
#340 = DIRECTION('',(-1.,0.));
#341 = ( GEOMETRIC_REPRESENTATION_CONTEXT(2) 
PARAMETRIC_REPRESENTATION_CONTEXT() REPRESENTATION_CONTEXT('2D SPACE',''
  ) );
#342 = FACE_BOUND('',#343,.F.);
#343 = EDGE_LOOP('',(#344));
#344 = ORIENTED_EDGE('',*,*,#345,.F.);
#345 = EDGE_CURVE('',#346,#346,#348,.T.);
#346 = VERTEX_POINT('',#347);
#347 = CARTESIAN_POINT('',(-0.724999999967,2.5,-4.750000000005));
#348 = SURFACE_CURVE('',#349,(#354,#361),.PCURVE_S1.);
#349 = CIRCLE('',#350,0.725);
#350 = AXIS2_PLACEMENT_3D('',#351,#352,#353);
#351 = CARTESIAN_POINT('',(3.299438500193E-11,2.5,-4.75));
#352 = DIRECTION('',(0.,-1.,0.));
#353 = DIRECTION('',(-1.,-0.,-6.946167778896E-12));
#354 = PCURVE('',#295,#355);
#355 = DEFINITIONAL_REPRESENTATION('',(#356),#360);
#356 = CIRCLE('',#357,0.725);
#357 = AXIS2_PLACEMENT_2D('',#358,#359);
#358 = CARTESIAN_POINT('',(-3.469446650162E-17,-4.75));
#359 = DIRECTION('',(-1.,2.584139799975E-17));
#360 = ( GEOMETRIC_REPRESENTATION_CONTEXT(2) 
PARAMETRIC_REPRESENTATION_CONTEXT() REPRESENTATION_CONTEXT('2D SPACE',''
  ) );
#361 = PCURVE('',#362,#367);
#362 = CONICAL_SURFACE('',#363,0.67499999908,0.785398163397);
#363 = AXIS2_PLACEMENT_3D('',#364,#365,#366);
#364 = CARTESIAN_POINT('',(3.299438500193E-11,2.44999999908,-4.75));
#365 = DIRECTION('',(0.,1.,0.));
#366 = DIRECTION('',(0.,0.,-1.));
#367 = DEFINITIONAL_REPRESENTATION('',(#368),#372);
#368 = LINE('',#369,#370);
#369 = CARTESIAN_POINT('',(7.853981633968,5.000000091981E-02));
#370 = VECTOR('',#371,1.);
#371 = DIRECTION('',(-1.,0.));
#372 = ( GEOMETRIC_REPRESENTATION_CONTEXT(2) 
PARAMETRIC_REPRESENTATION_CONTEXT() REPRESENTATION_CONTEXT('2D SPACE',''
  ) );
#373 = FACE_BOUND('',#374,.F.);
#374 = EDGE_LOOP('',(#375));
#375 = ORIENTED_EDGE('',*,*,#376,.F.);
#376 = EDGE_CURVE('',#377,#377,#379,.T.);
#377 = VERTEX_POINT('',#378);
#378 = CARTESIAN_POINT('',(-0.725000000033,2.5,4.749999999995));
#379 = SURFACE_CURVE('',#380,(#385,#392),.PCURVE_S1.);
#380 = CIRCLE('',#381,0.725);
#381 = AXIS2_PLACEMENT_3D('',#382,#383,#384);
#382 = CARTESIAN_POINT('',(-3.299438500193E-11,2.5,4.75));
#383 = DIRECTION('',(0.,-1.,0.));
#384 = DIRECTION('',(-1.,-0.,-6.946167778896E-12));
#385 = PCURVE('',#295,#386);
#386 = DEFINITIONAL_REPRESENTATION('',(#387),#391);
#387 = CIRCLE('',#388,0.725);
#388 = AXIS2_PLACEMENT_2D('',#389,#390);
#389 = CARTESIAN_POINT('',(3.469446650162E-17,4.75));
#390 = DIRECTION('',(-1.,2.584139799975E-17));
#391 = ( GEOMETRIC_REPRESENTATION_CONTEXT(2) 
PARAMETRIC_REPRESENTATION_CONTEXT() REPRESENTATION_CONTEXT('2D SPACE',''
  ) );
#392 = PCURVE('',#393,#398);
#393 = CONICAL_SURFACE('',#394,0.67499999908,0.785398163397);
#394 = AXIS2_PLACEMENT_3D('',#395,#396,#397);
#395 = CARTESIAN_POINT('',(-3.299438500193E-11,2.44999999908,4.75));
#396 = DIRECTION('',(0.,1.,0.));
#397 = DIRECTION('',(0.,0.,-1.));
#398 = DEFINITIONAL_REPRESENTATION('',(#399),#403);
#399 = LINE('',#400,#401);
#400 = CARTESIAN_POINT('',(7.853981633968,5.000000091981E-02));
#401 = VECTOR('',#402,1.);
#402 = DIRECTION('',(-1.,0.));
#403 = ( GEOMETRIC_REPRESENTATION_CONTEXT(2) 
PARAMETRIC_REPRESENTATION_CONTEXT() REPRESENTATION_CONTEXT('2D SPACE',''
  ) );
#404 = ADVANCED_FACE('',(#405),#393,.F.);
#405 = FACE_BOUND('',#406,.F.);
#406 = EDGE_LOOP('',(#407,#430,#459,#481,#482));
#407 = ORIENTED_EDGE('',*,*,#408,.T.);
#408 = EDGE_CURVE('',#377,#409,#411,.T.);
#409 = VERTEX_POINT('',#410);
#410 = CARTESIAN_POINT('',(-0.625000000033,2.4,4.749999999996));
#411 = SEAM_CURVE('',#412,(#416,#423),.PCURVE_S1.);
#412 = LINE('',#413,#414);
#413 = CARTESIAN_POINT('',(-0.724999998614,2.49999999858,4.749999991572)
  );
#414 = VECTOR('',#415,1.);
#415 = DIRECTION('',(0.707106781186,-0.707106781187,2.105603904128E-08)
  );
#416 = PCURVE('',#393,#417);
#417 = DEFINITIONAL_REPRESENTATION('',(#418),#422);
#418 = LINE('',#419,#420);
#419 = CARTESIAN_POINT('',(1.57079631517,4.999999950031E-02));
#420 = VECTOR('',#421,1.);
#421 = DIRECTION('',(2.904465556952E-08,-1.));
#422 = ( GEOMETRIC_REPRESENTATION_CONTEXT(2) 
PARAMETRIC_REPRESENTATION_CONTEXT() REPRESENTATION_CONTEXT('2D SPACE',''
  ) );
#423 = PCURVE('',#393,#424);
#424 = DEFINITIONAL_REPRESENTATION('',(#425),#429);
#425 = LINE('',#426,#427);
#426 = CARTESIAN_POINT('',(7.85398162235,4.999999950031E-02));
#427 = VECTOR('',#428,1.);
#428 = DIRECTION('',(2.904465556952E-08,-1.));
#429 = ( GEOMETRIC_REPRESENTATION_CONTEXT(2) 
PARAMETRIC_REPRESENTATION_CONTEXT() REPRESENTATION_CONTEXT('2D SPACE',''
  ) );
#430 = ORIENTED_EDGE('',*,*,#431,.F.);
#431 = EDGE_CURVE('',#432,#409,#434,.T.);
#432 = VERTEX_POINT('',#433);
#433 = CARTESIAN_POINT('',(0.624999999967,2.4,4.750000000004));
#434 = SURFACE_CURVE('',#435,(#440,#447),.PCURVE_S1.);
#435 = CIRCLE('',#436,0.625);
#436 = AXIS2_PLACEMENT_3D('',#437,#438,#439);
#437 = CARTESIAN_POINT('',(-3.299441340802E-11,2.4,4.75));
#438 = DIRECTION('',(0.,-1.,0.));
#439 = DIRECTION('',(1.,0.,6.946265784791E-12));
#440 = PCURVE('',#393,#441);
#441 = DEFINITIONAL_REPRESENTATION('',(#442),#446);
#442 = LINE('',#443,#444);
#443 = CARTESIAN_POINT('',(4.712388980378,-4.999999908021E-02));
#444 = VECTOR('',#445,1.);
#445 = DIRECTION('',(-1.,0.));
#446 = ( GEOMETRIC_REPRESENTATION_CONTEXT(2) 
PARAMETRIC_REPRESENTATION_CONTEXT() REPRESENTATION_CONTEXT('2D SPACE',''
  ) );
#447 = PCURVE('',#448,#453);
#448 = CYLINDRICAL_SURFACE('',#449,0.625);
#449 = AXIS2_PLACEMENT_3D('',#450,#451,#452);
#450 = CARTESIAN_POINT('',(-3.299441340802E-11,5.68521876E-03,4.75));
#451 = DIRECTION('',(0.,1.,0.));
#452 = DIRECTION('',(1.,0.,6.945832797811E-12));
#453 = DEFINITIONAL_REPRESENTATION('',(#454),#458);
#454 = LINE('',#455,#456);
#455 = CARTESIAN_POINT('',(6.28318530718,2.39431478124));
#456 = VECTOR('',#457,1.);
#457 = DIRECTION('',(-1.,0.));
#458 = ( GEOMETRIC_REPRESENTATION_CONTEXT(2) 
PARAMETRIC_REPRESENTATION_CONTEXT() REPRESENTATION_CONTEXT('2D SPACE',''
  ) );
#459 = ORIENTED_EDGE('',*,*,#460,.F.);
#460 = EDGE_CURVE('',#409,#432,#461,.T.);
#461 = SURFACE_CURVE('',#462,(#467,#474),.PCURVE_S1.);
#462 = CIRCLE('',#463,0.625);
#463 = AXIS2_PLACEMENT_3D('',#464,#465,#466);
#464 = CARTESIAN_POINT('',(-3.299441340802E-11,2.4,4.75));
#465 = DIRECTION('',(0.,-1.,0.));
#466 = DIRECTION('',(-1.,-0.,-6.946265784791E-12));
#467 = PCURVE('',#393,#468);
#468 = DEFINITIONAL_REPRESENTATION('',(#469),#473);
#469 = LINE('',#470,#471);
#470 = CARTESIAN_POINT('',(7.853981633968,-4.999999908021E-02));
#471 = VECTOR('',#472,1.);
#472 = DIRECTION('',(-1.,0.));
#473 = ( GEOMETRIC_REPRESENTATION_CONTEXT(2) 
PARAMETRIC_REPRESENTATION_CONTEXT() REPRESENTATION_CONTEXT('2D SPACE',''
  ) );
#474 = PCURVE('',#448,#475);
#475 = DEFINITIONAL_REPRESENTATION('',(#476),#480);
#476 = LINE('',#477,#478);
#477 = CARTESIAN_POINT('',(3.14159265359,2.39431478124));
#478 = VECTOR('',#479,1.);
#479 = DIRECTION('',(-1.,0.));
#480 = ( GEOMETRIC_REPRESENTATION_CONTEXT(2) 
PARAMETRIC_REPRESENTATION_CONTEXT() REPRESENTATION_CONTEXT('2D SPACE',''
  ) );
#481 = ORIENTED_EDGE('',*,*,#408,.F.);
#482 = ORIENTED_EDGE('',*,*,#376,.T.);
#483 = ADVANCED_FACE('',(#484),#448,.F.);
#484 = FACE_BOUND('',#485,.F.);
#485 = EDGE_LOOP('',(#486,#517,#538,#539,#540,#541));
#486 = ORIENTED_EDGE('',*,*,#487,.T.);
#487 = EDGE_CURVE('',#488,#490,#492,.T.);
#488 = VERTEX_POINT('',#489);
#489 = CARTESIAN_POINT('',(-0.624999999827,0.5400001,4.749999998771));
#490 = VERTEX_POINT('',#491);
#491 = CARTESIAN_POINT('',(0.624999999761,0.5400001,4.750000001229));
#492 = SURFACE_CURVE('',#493,(#498,#505),.PCURVE_S1.);
#493 = CIRCLE('',#494,0.625);
#494 = AXIS2_PLACEMENT_3D('',#495,#496,#497);
#495 = CARTESIAN_POINT('',(-3.299441340802E-11,0.5400001,4.75));
#496 = DIRECTION('',(0.,1.,0.));
#497 = DIRECTION('',(1.,-0.,6.945832797811E-12));
#498 = PCURVE('',#448,#499);
#499 = DEFINITIONAL_REPRESENTATION('',(#500),#504);
#500 = LINE('',#501,#502);
#501 = CARTESIAN_POINT('',(0.,0.53431488124));
#502 = VECTOR('',#503,1.);
#503 = DIRECTION('',(1.,0.));
#504 = ( GEOMETRIC_REPRESENTATION_CONTEXT(2) 
PARAMETRIC_REPRESENTATION_CONTEXT() REPRESENTATION_CONTEXT('2D SPACE',''
  ) );
#505 = PCURVE('',#506,#511);
#506 = PLANE('',#507);
#507 = AXIS2_PLACEMENT_3D('',#508,#509,#510);
#508 = CARTESIAN_POINT('',(0.,0.5400001,0.));
#509 = DIRECTION('',(0.,1.,0.));
#510 = DIRECTION('',(0.,-0.,1.));
#511 = DEFINITIONAL_REPRESENTATION('',(#512),#516);
#512 = CIRCLE('',#513,0.625);
#513 = AXIS2_PLACEMENT_2D('',#514,#515);
#514 = CARTESIAN_POINT('',(4.75,-3.299441340802E-11));
#515 = DIRECTION('',(6.945832797811E-12,1.));
#516 = ( GEOMETRIC_REPRESENTATION_CONTEXT(2) 
PARAMETRIC_REPRESENTATION_CONTEXT() REPRESENTATION_CONTEXT('2D SPACE',''
  ) );
#517 = ORIENTED_EDGE('',*,*,#518,.T.);
#518 = EDGE_CURVE('',#490,#432,#519,.T.);
#519 = SEAM_CURVE('',#520,(#524,#531),.PCURVE_S1.);
#520 = LINE('',#521,#522);
#521 = CARTESIAN_POINT('',(0.624999999967,0.,4.750000000004));
#522 = VECTOR('',#523,1.);
#523 = DIRECTION('',(-3.822789771383E-10,1.,2.269114896848E-09));
#524 = PCURVE('',#448,#525);
#525 = DEFINITIONAL_REPRESENTATION('',(#526),#530);
#526 = LINE('',#527,#528);
#527 = CARTESIAN_POINT('',(6.28318530718,-5.68521876E-03));
#528 = VECTOR('',#529,1.);
#529 = DIRECTION('',(-3.630356385879E-09,1.));
#530 = ( GEOMETRIC_REPRESENTATION_CONTEXT(2) 
PARAMETRIC_REPRESENTATION_CONTEXT() REPRESENTATION_CONTEXT('2D SPACE',''
  ) );
#531 = PCURVE('',#448,#532);
#532 = DEFINITIONAL_REPRESENTATION('',(#533),#537);
#533 = LINE('',#534,#535);
#534 = CARTESIAN_POINT('',(0.,-5.68521876E-03));
#535 = VECTOR('',#536,1.);
#536 = DIRECTION('',(-3.630356385879E-09,1.));
#537 = ( GEOMETRIC_REPRESENTATION_CONTEXT(2) 
PARAMETRIC_REPRESENTATION_CONTEXT() REPRESENTATION_CONTEXT('2D SPACE',''
  ) );
#538 = ORIENTED_EDGE('',*,*,#431,.T.);
#539 = ORIENTED_EDGE('',*,*,#460,.T.);
#540 = ORIENTED_EDGE('',*,*,#518,.F.);
#541 = ORIENTED_EDGE('',*,*,#542,.T.);
#542 = EDGE_CURVE('',#490,#488,#543,.T.);
#543 = SURFACE_CURVE('',#544,(#549,#556),.PCURVE_S1.);
#544 = CIRCLE('',#545,0.625);
#545 = AXIS2_PLACEMENT_3D('',#546,#547,#548);
#546 = CARTESIAN_POINT('',(-3.299441340802E-11,0.5400001,4.75));
#547 = DIRECTION('',(0.,1.,0.));
#548 = DIRECTION('',(1.,-0.,6.945832797811E-12));
#549 = PCURVE('',#448,#550);
#550 = DEFINITIONAL_REPRESENTATION('',(#551),#555);
#551 = LINE('',#552,#553);
#552 = CARTESIAN_POINT('',(-6.28318530718,0.53431488124));
#553 = VECTOR('',#554,1.);
#554 = DIRECTION('',(1.,0.));
#555 = ( GEOMETRIC_REPRESENTATION_CONTEXT(2) 
PARAMETRIC_REPRESENTATION_CONTEXT() REPRESENTATION_CONTEXT('2D SPACE',''
  ) );
#556 = PCURVE('',#506,#557);
#557 = DEFINITIONAL_REPRESENTATION('',(#558),#562);
#558 = CIRCLE('',#559,0.625);
#559 = AXIS2_PLACEMENT_2D('',#560,#561);
#560 = CARTESIAN_POINT('',(4.75,-3.299441340802E-11));
#561 = DIRECTION('',(6.945832797811E-12,1.));
#562 = ( GEOMETRIC_REPRESENTATION_CONTEXT(2) 
PARAMETRIC_REPRESENTATION_CONTEXT() REPRESENTATION_CONTEXT('2D SPACE',''
  ) );
#563 = ADVANCED_FACE('',(#564),#506,.T.);
#564 = FACE_BOUND('',#565,.T.);
#565 = EDGE_LOOP('',(#566,#567));
#566 = ORIENTED_EDGE('',*,*,#542,.T.);
#567 = ORIENTED_EDGE('',*,*,#487,.T.);
#568 = ADVANCED_FACE('',(#569),#362,.F.);
#569 = FACE_BOUND('',#570,.F.);
#570 = EDGE_LOOP('',(#571,#594,#621,#622));
#571 = ORIENTED_EDGE('',*,*,#572,.T.);
#572 = EDGE_CURVE('',#346,#573,#575,.T.);
#573 = VERTEX_POINT('',#574);
#574 = CARTESIAN_POINT('',(-0.624999999967,2.4,-4.750000000004));
#575 = SEAM_CURVE('',#576,(#580,#587),.PCURVE_S1.);
#576 = LINE('',#577,#578);
#577 = CARTESIAN_POINT('',(-0.724999998548,2.49999999858,-4.750000008428
    ));
#578 = VECTOR('',#579,1.);
#579 = DIRECTION('',(0.707106781187,-0.707106781187,2.105603276091E-08)
  );
#580 = PCURVE('',#362,#581);
#581 = DEFINITIONAL_REPRESENTATION('',(#582),#586);
#582 = LINE('',#583,#584);
#583 = CARTESIAN_POINT('',(1.57079631517,4.999999950031E-02));
#584 = VECTOR('',#585,1.);
#585 = DIRECTION('',(2.904464002639E-08,-1.));
#586 = ( GEOMETRIC_REPRESENTATION_CONTEXT(2) 
PARAMETRIC_REPRESENTATION_CONTEXT() REPRESENTATION_CONTEXT('2D SPACE',''
  ) );
#587 = PCURVE('',#362,#588);
#588 = DEFINITIONAL_REPRESENTATION('',(#589),#593);
#589 = LINE('',#590,#591);
#590 = CARTESIAN_POINT('',(7.85398162235,4.999999950031E-02));
#591 = VECTOR('',#592,1.);
#592 = DIRECTION('',(2.904464002639E-08,-1.));
#593 = ( GEOMETRIC_REPRESENTATION_CONTEXT(2) 
PARAMETRIC_REPRESENTATION_CONTEXT() REPRESENTATION_CONTEXT('2D SPACE',''
  ) );
#594 = ORIENTED_EDGE('',*,*,#595,.F.);
#595 = EDGE_CURVE('',#573,#573,#596,.T.);
#596 = SURFACE_CURVE('',#597,(#602,#609),.PCURVE_S1.);
#597 = CIRCLE('',#598,0.625);
#598 = AXIS2_PLACEMENT_3D('',#599,#600,#601);
#599 = CARTESIAN_POINT('',(3.299441340802E-11,2.4,-4.75));
#600 = DIRECTION('',(0.,-1.,0.));
#601 = DIRECTION('',(-1.,-0.,-6.946265784791E-12));
#602 = PCURVE('',#362,#603);
#603 = DEFINITIONAL_REPRESENTATION('',(#604),#608);
#604 = LINE('',#605,#606);
#605 = CARTESIAN_POINT('',(7.853981633968,-4.999999908021E-02));
#606 = VECTOR('',#607,1.);
#607 = DIRECTION('',(-1.,0.));
#608 = ( GEOMETRIC_REPRESENTATION_CONTEXT(2) 
PARAMETRIC_REPRESENTATION_CONTEXT() REPRESENTATION_CONTEXT('2D SPACE',''
  ) );
#609 = PCURVE('',#610,#615);
#610 = CYLINDRICAL_SURFACE('',#611,0.625);
#611 = AXIS2_PLACEMENT_3D('',#612,#613,#614);
#612 = CARTESIAN_POINT('',(3.299441340802E-11,5.68521876E-03,-4.75));
#613 = DIRECTION('',(0.,1.,0.));
#614 = DIRECTION('',(-1.,0.,-6.945832797811E-12));
#615 = DEFINITIONAL_REPRESENTATION('',(#616),#620);
#616 = LINE('',#617,#618);
#617 = CARTESIAN_POINT('',(6.28318530718,2.39431478124));
#618 = VECTOR('',#619,1.);
#619 = DIRECTION('',(-1.,0.));
#620 = ( GEOMETRIC_REPRESENTATION_CONTEXT(2) 
PARAMETRIC_REPRESENTATION_CONTEXT() REPRESENTATION_CONTEXT('2D SPACE',''
  ) );
#621 = ORIENTED_EDGE('',*,*,#572,.F.);
#622 = ORIENTED_EDGE('',*,*,#345,.T.);
#623 = ADVANCED_FACE('',(#624),#610,.F.);
#624 = FACE_BOUND('',#625,.F.);
#625 = EDGE_LOOP('',(#626,#657,#679,#700,#701));
#626 = ORIENTED_EDGE('',*,*,#627,.T.);
#627 = EDGE_CURVE('',#628,#630,#632,.T.);
#628 = VERTEX_POINT('',#629);
#629 = CARTESIAN_POINT('',(-0.624999999761,0.5400001,-4.750000001229));
#630 = VERTEX_POINT('',#631);
#631 = CARTESIAN_POINT('',(0.624999999827,0.5400001,-4.749999998771));
#632 = SURFACE_CURVE('',#633,(#638,#645),.PCURVE_S1.);
#633 = CIRCLE('',#634,0.625);
#634 = AXIS2_PLACEMENT_3D('',#635,#636,#637);
#635 = CARTESIAN_POINT('',(3.299441340802E-11,0.5400001,-4.75));
#636 = DIRECTION('',(0.,1.,0.));
#637 = DIRECTION('',(-1.,0.,-6.945832797811E-12));
#638 = PCURVE('',#610,#639);
#639 = DEFINITIONAL_REPRESENTATION('',(#640),#644);
#640 = LINE('',#641,#642);
#641 = CARTESIAN_POINT('',(-6.28318530718,0.53431488124));
#642 = VECTOR('',#643,1.);
#643 = DIRECTION('',(1.,0.));
#644 = ( GEOMETRIC_REPRESENTATION_CONTEXT(2) 
PARAMETRIC_REPRESENTATION_CONTEXT() REPRESENTATION_CONTEXT('2D SPACE',''
  ) );
#645 = PCURVE('',#646,#651);
#646 = PLANE('',#647);
#647 = AXIS2_PLACEMENT_3D('',#648,#649,#650);
#648 = CARTESIAN_POINT('',(0.,0.5400001,0.));
#649 = DIRECTION('',(0.,1.,0.));
#650 = DIRECTION('',(0.,-0.,1.));
#651 = DEFINITIONAL_REPRESENTATION('',(#652),#656);
#652 = CIRCLE('',#653,0.625);
#653 = AXIS2_PLACEMENT_2D('',#654,#655);
#654 = CARTESIAN_POINT('',(-4.75,3.299441340802E-11));
#655 = DIRECTION('',(-6.945832797811E-12,-1.));
#656 = ( GEOMETRIC_REPRESENTATION_CONTEXT(2) 
PARAMETRIC_REPRESENTATION_CONTEXT() REPRESENTATION_CONTEXT('2D SPACE',''
  ) );
#657 = ORIENTED_EDGE('',*,*,#658,.T.);
#658 = EDGE_CURVE('',#630,#628,#659,.T.);
#659 = SURFACE_CURVE('',#660,(#665,#672),.PCURVE_S1.);
#660 = CIRCLE('',#661,0.625);
#661 = AXIS2_PLACEMENT_3D('',#662,#663,#664);
#662 = CARTESIAN_POINT('',(3.299441340802E-11,0.5400001,-4.75));
#663 = DIRECTION('',(0.,1.,0.));
#664 = DIRECTION('',(-1.,0.,-6.945832797811E-12));
#665 = PCURVE('',#610,#666);
#666 = DEFINITIONAL_REPRESENTATION('',(#667),#671);
#667 = LINE('',#668,#669);
#668 = CARTESIAN_POINT('',(0.,0.53431488124));
#669 = VECTOR('',#670,1.);
#670 = DIRECTION('',(1.,0.));
#671 = ( GEOMETRIC_REPRESENTATION_CONTEXT(2) 
PARAMETRIC_REPRESENTATION_CONTEXT() REPRESENTATION_CONTEXT('2D SPACE',''
  ) );
#672 = PCURVE('',#646,#673);
#673 = DEFINITIONAL_REPRESENTATION('',(#674),#678);
#674 = CIRCLE('',#675,0.625);
#675 = AXIS2_PLACEMENT_2D('',#676,#677);
#676 = CARTESIAN_POINT('',(-4.75,3.299441340802E-11));
#677 = DIRECTION('',(-6.945832797811E-12,-1.));
#678 = ( GEOMETRIC_REPRESENTATION_CONTEXT(2) 
PARAMETRIC_REPRESENTATION_CONTEXT() REPRESENTATION_CONTEXT('2D SPACE',''
  ) );
#679 = ORIENTED_EDGE('',*,*,#680,.T.);
#680 = EDGE_CURVE('',#628,#573,#681,.T.);
#681 = SEAM_CURVE('',#682,(#686,#693),.PCURVE_S1.);
#682 = LINE('',#683,#684);
#683 = CARTESIAN_POINT('',(-0.624999999967,0.,-4.750000000004));
#684 = VECTOR('',#685,1.);
#685 = DIRECTION('',(3.822789771383E-10,1.,-2.269114526774E-09));
#686 = PCURVE('',#610,#687);
#687 = DEFINITIONAL_REPRESENTATION('',(#688),#692);
#688 = LINE('',#689,#690);
#689 = CARTESIAN_POINT('',(6.28318530718,-5.68521876E-03));
#690 = VECTOR('',#691,1.);
#691 = DIRECTION('',(-3.630356015805E-09,1.));
#692 = ( GEOMETRIC_REPRESENTATION_CONTEXT(2) 
PARAMETRIC_REPRESENTATION_CONTEXT() REPRESENTATION_CONTEXT('2D SPACE',''
  ) );
#693 = PCURVE('',#610,#694);
#694 = DEFINITIONAL_REPRESENTATION('',(#695),#699);
#695 = LINE('',#696,#697);
#696 = CARTESIAN_POINT('',(0.,-5.68521876E-03));
#697 = VECTOR('',#698,1.);
#698 = DIRECTION('',(-3.630356015805E-09,1.));
#699 = ( GEOMETRIC_REPRESENTATION_CONTEXT(2) 
PARAMETRIC_REPRESENTATION_CONTEXT() REPRESENTATION_CONTEXT('2D SPACE',''
  ) );
#700 = ORIENTED_EDGE('',*,*,#595,.T.);
#701 = ORIENTED_EDGE('',*,*,#680,.F.);
#702 = ADVANCED_FACE('',(#703),#646,.T.);
#703 = FACE_BOUND('',#704,.T.);
#704 = EDGE_LOOP('',(#705,#706));
#705 = ORIENTED_EDGE('',*,*,#658,.T.);
#706 = ORIENTED_EDGE('',*,*,#627,.T.);
#707 = ADVANCED_FACE('',(#708),#331,.F.);
#708 = FACE_BOUND('',#709,.F.);
#709 = EDGE_LOOP('',(#710,#741,#763,#784,#785));
#710 = ORIENTED_EDGE('',*,*,#711,.F.);
#711 = EDGE_CURVE('',#712,#714,#716,.T.);
#712 = VERTEX_POINT('',#713);
#713 = CARTESIAN_POINT('',(-3.,2.3,-2.083856722799E-11));
#714 = VERTEX_POINT('',#715);
#715 = CARTESIAN_POINT('',(-2.997013921087,2.3,0.133819119743));
#716 = SURFACE_CURVE('',#717,(#722,#729),.PCURVE_S1.);
#717 = CIRCLE('',#718,3.);
#718 = AXIS2_PLACEMENT_3D('',#719,#720,#721);
#719 = CARTESIAN_POINT('',(0.,2.3,0.));
#720 = DIRECTION('',(0.,-1.,0.));
#721 = DIRECTION('',(-1.,-0.,-6.946189075997E-12));
#722 = PCURVE('',#331,#723);
#723 = DEFINITIONAL_REPRESENTATION('',(#724),#728);
#724 = LINE('',#725,#726);
#725 = CARTESIAN_POINT('',(6.238564128235,-0.1));
#726 = VECTOR('',#727,1.);
#727 = DIRECTION('',(-1.,0.));
#728 = ( GEOMETRIC_REPRESENTATION_CONTEXT(2) 
PARAMETRIC_REPRESENTATION_CONTEXT() REPRESENTATION_CONTEXT('2D SPACE',''
  ) );
#729 = PCURVE('',#730,#735);
#730 = CYLINDRICAL_SURFACE('',#731,3.);
#731 = AXIS2_PLACEMENT_3D('',#732,#733,#734);
#732 = CARTESIAN_POINT('',(0.,2.5,0.));
#733 = DIRECTION('',(0.,-1.,0.));
#734 = DIRECTION('',(-1.,-0.,-6.946193620294E-12));
#735 = DEFINITIONAL_REPRESENTATION('',(#736),#740);
#736 = LINE('',#737,#738);
#737 = CARTESIAN_POINT('',(0.,0.2));
#738 = VECTOR('',#739,1.);
#739 = DIRECTION('',(1.,0.));
#740 = ( GEOMETRIC_REPRESENTATION_CONTEXT(2) 
PARAMETRIC_REPRESENTATION_CONTEXT() REPRESENTATION_CONTEXT('2D SPACE',''
  ) );
#741 = ORIENTED_EDGE('',*,*,#742,.F.);
#742 = EDGE_CURVE('',#714,#712,#743,.T.);
#743 = SURFACE_CURVE('',#744,(#749,#756),.PCURVE_S1.);
#744 = CIRCLE('',#745,3.);
#745 = AXIS2_PLACEMENT_3D('',#746,#747,#748);
#746 = CARTESIAN_POINT('',(0.,2.3,0.));
#747 = DIRECTION('',(0.,-1.,0.));
#748 = DIRECTION('',(-0.999004640362,0.,4.460637324774E-02));
#749 = PCURVE('',#331,#750);
#750 = DEFINITIONAL_REPRESENTATION('',(#751),#755);
#751 = LINE('',#752,#753);
#752 = CARTESIAN_POINT('',(6.28318530718,-0.1));
#753 = VECTOR('',#754,1.);
#754 = DIRECTION('',(-1.,0.));
#755 = ( GEOMETRIC_REPRESENTATION_CONTEXT(2) 
PARAMETRIC_REPRESENTATION_CONTEXT() REPRESENTATION_CONTEXT('2D SPACE',''
  ) );
#756 = PCURVE('',#730,#757);
#757 = DEFINITIONAL_REPRESENTATION('',(#758),#762);
#758 = LINE('',#759,#760);
#759 = CARTESIAN_POINT('',(6.238564128235,0.2));
#760 = VECTOR('',#761,1.);
#761 = DIRECTION('',(1.,0.));
#762 = ( GEOMETRIC_REPRESENTATION_CONTEXT(2) 
PARAMETRIC_REPRESENTATION_CONTEXT() REPRESENTATION_CONTEXT('2D SPACE',''
  ) );
#763 = ORIENTED_EDGE('',*,*,#764,.T.);
#764 = EDGE_CURVE('',#714,#315,#765,.T.);
#765 = SEAM_CURVE('',#766,(#770,#777),.PCURVE_S1.);
#766 = LINE('',#767,#768);
#767 = CARTESIAN_POINT('',(-2.997013921087,2.3,0.133819119743));
#768 = VECTOR('',#769,1.);
#769 = DIRECTION('',(-0.706402955637,0.707106781187,3.154146900761E-02)
  );
#770 = PCURVE('',#331,#771);
#771 = DEFINITIONAL_REPRESENTATION('',(#772),#776);
#772 = LINE('',#773,#774);
#773 = CARTESIAN_POINT('',(6.28318530718,-0.1));
#774 = VECTOR('',#775,1.);
#775 = DIRECTION('',(0.,1.));
#776 = ( GEOMETRIC_REPRESENTATION_CONTEXT(2) 
PARAMETRIC_REPRESENTATION_CONTEXT() REPRESENTATION_CONTEXT('2D SPACE',''
  ) );
#777 = PCURVE('',#331,#778);
#778 = DEFINITIONAL_REPRESENTATION('',(#779),#783);
#779 = LINE('',#780,#781);
#780 = CARTESIAN_POINT('',(0.,-0.1));
#781 = VECTOR('',#782,1.);
#782 = DIRECTION('',(0.,1.));
#783 = ( GEOMETRIC_REPRESENTATION_CONTEXT(2) 
PARAMETRIC_REPRESENTATION_CONTEXT() REPRESENTATION_CONTEXT('2D SPACE',''
  ) );
#784 = ORIENTED_EDGE('',*,*,#314,.T.);
#785 = ORIENTED_EDGE('',*,*,#764,.F.);
#786 = ADVANCED_FACE('',(#787),#730,.F.);
#787 = FACE_BOUND('',#788,.F.);
#788 = EDGE_LOOP('',(#789,#790,#791,#814,#841));
#789 = ORIENTED_EDGE('',*,*,#711,.T.);
#790 = ORIENTED_EDGE('',*,*,#742,.T.);
#791 = ORIENTED_EDGE('',*,*,#792,.T.);
#792 = EDGE_CURVE('',#712,#793,#795,.T.);
#793 = VERTEX_POINT('',#794);
#794 = CARTESIAN_POINT('',(-3.,1.,-2.0838213851E-11));
#795 = SEAM_CURVE('',#796,(#800,#807),.PCURVE_S1.);
#796 = LINE('',#797,#798);
#797 = CARTESIAN_POINT('',(-3.,2.3,-2.083856722799E-11));
#798 = VECTOR('',#799,1.);
#799 = DIRECTION('',(0.,-1.,0.));
#800 = PCURVE('',#730,#801);
#801 = DEFINITIONAL_REPRESENTATION('',(#802),#806);
#802 = LINE('',#803,#804);
#803 = CARTESIAN_POINT('',(6.28318530718,0.2));
#804 = VECTOR('',#805,1.);
#805 = DIRECTION('',(0.,1.));
#806 = ( GEOMETRIC_REPRESENTATION_CONTEXT(2) 
PARAMETRIC_REPRESENTATION_CONTEXT() REPRESENTATION_CONTEXT('2D SPACE',''
  ) );
#807 = PCURVE('',#730,#808);
#808 = DEFINITIONAL_REPRESENTATION('',(#809),#813);
#809 = LINE('',#810,#811);
#810 = CARTESIAN_POINT('',(0.,0.2));
#811 = VECTOR('',#812,1.);
#812 = DIRECTION('',(0.,1.));
#813 = ( GEOMETRIC_REPRESENTATION_CONTEXT(2) 
PARAMETRIC_REPRESENTATION_CONTEXT() REPRESENTATION_CONTEXT('2D SPACE',''
  ) );
#814 = ORIENTED_EDGE('',*,*,#815,.F.);
#815 = EDGE_CURVE('',#793,#793,#816,.T.);
#816 = SURFACE_CURVE('',#817,(#822,#829),.PCURVE_S1.);
#817 = CIRCLE('',#818,3.);
#818 = AXIS2_PLACEMENT_3D('',#819,#820,#821);
#819 = CARTESIAN_POINT('',(-1.110223024625E-16,1.,3.330669073875E-16));
#820 = DIRECTION('',(0.,-1.,0.));
#821 = DIRECTION('',(-1.,-0.,-6.947192821016E-12));
#822 = PCURVE('',#730,#823);
#823 = DEFINITIONAL_REPRESENTATION('',(#824),#828);
#824 = LINE('',#825,#826);
#825 = CARTESIAN_POINT('',(4.440892098501E-16,1.5));
#826 = VECTOR('',#827,1.);
#827 = DIRECTION('',(1.,-0.));
#828 = ( GEOMETRIC_REPRESENTATION_CONTEXT(2) 
PARAMETRIC_REPRESENTATION_CONTEXT() REPRESENTATION_CONTEXT('2D SPACE',''
  ) );
#829 = PCURVE('',#830,#835);
#830 = PLANE('',#831);
#831 = AXIS2_PLACEMENT_3D('',#832,#833,#834);
#832 = CARTESIAN_POINT('',(0.,1.,0.));
#833 = DIRECTION('',(0.,-1.,0.));
#834 = DIRECTION('',(-1.,-0.,-6.946193620294E-12));
#835 = DEFINITIONAL_REPRESENTATION('',(#836),#840);
#836 = CIRCLE('',#837,3.);
#837 = AXIS2_PLACEMENT_2D('',#838,#839);
#838 = CARTESIAN_POINT('',(1.110223024602E-16,-3.330669073883E-16));
#839 = DIRECTION('',(1.,9.992007223783E-16));
#840 = ( GEOMETRIC_REPRESENTATION_CONTEXT(2) 
PARAMETRIC_REPRESENTATION_CONTEXT() REPRESENTATION_CONTEXT('2D SPACE',''
  ) );
#841 = ORIENTED_EDGE('',*,*,#792,.F.);
#842 = ADVANCED_FACE('',(#843,#846),#830,.F.);
#843 = FACE_BOUND('',#844,.F.);
#844 = EDGE_LOOP('',(#845));
#845 = ORIENTED_EDGE('',*,*,#815,.T.);
#846 = FACE_BOUND('',#847,.F.);
#847 = EDGE_LOOP('',(#848));
#848 = ORIENTED_EDGE('',*,*,#849,.F.);
#849 = EDGE_CURVE('',#850,#850,#852,.T.);
#850 = VERTEX_POINT('',#851);
#851 = CARTESIAN_POINT('',(-2.5,1.,-1.736517788904E-11));
#852 = SURFACE_CURVE('',#853,(#858,#865),.PCURVE_S1.);
#853 = CIRCLE('',#854,2.5);
#854 = AXIS2_PLACEMENT_3D('',#855,#856,#857);
#855 = CARTESIAN_POINT('',(0.,1.,0.));
#856 = DIRECTION('',(0.,-1.,0.));
#857 = DIRECTION('',(-1.,-0.,-6.946071155614E-12));#858 = PCURVE('',#830,#859);
#859 = DEFINITIONAL_REPRESENTATION('',(#860),#864);
#860 = CIRCLE('',#861,2.5);
#861 = AXIS2_PLACEMENT_2D('',#862,#863);
#862 = CARTESIAN_POINT('',(0.,0.));
#863 = DIRECTION('',(1.,-1.224646799998E-16));
#864 = ( GEOMETRIC_REPRESENTATION_CONTEXT(2) 
PARAMETRIC_REPRESENTATION_CONTEXT() REPRESENTATION_CONTEXT('2D SPACE',''
  ) );
#865 = PCURVE('',#866,#871);
#866 = CYLINDRICAL_SURFACE('',#867,2.5);
#867 = AXIS2_PLACEMENT_3D('',#868,#869,#870);
#868 = CARTESIAN_POINT('',(0.,1.,0.));
#869 = DIRECTION('',(0.,-1.,0.));
#870 = DIRECTION('',(-1.,-0.,-6.946193620294E-12));
#871 = DEFINITIONAL_REPRESENTATION('',(#872),#876);
#872 = LINE('',#873,#874);
#873 = CARTESIAN_POINT('',(0.,0.));
#874 = VECTOR('',#875,1.);
#875 = DIRECTION('',(1.,0.));
#876 = ( GEOMETRIC_REPRESENTATION_CONTEXT(2) 
PARAMETRIC_REPRESENTATION_CONTEXT() REPRESENTATION_CONTEXT('2D SPACE',''
  ) );
#877 = ADVANCED_FACE('',(#878),#866,.F.);
#878 = FACE_BOUND('',#879,.F.);
#879 = EDGE_LOOP('',(#880,#903,#934,#935));
#880 = ORIENTED_EDGE('',*,*,#881,.T.);
#881 = EDGE_CURVE('',#850,#882,#884,.T.);
#882 = VERTEX_POINT('',#883);
#883 = CARTESIAN_POINT('',(-2.5,0.5400001,-1.736517788904E-11));
#884 = SEAM_CURVE('',#885,(#889,#896),.PCURVE_S1.);
#885 = LINE('',#886,#887);
#886 = CARTESIAN_POINT('',(-2.5,1.,-1.736517788904E-11));
#887 = VECTOR('',#888,1.);
#888 = DIRECTION('',(0.,-1.,0.));
#889 = PCURVE('',#866,#890);
#890 = DEFINITIONAL_REPRESENTATION('',(#891),#895);
#891 = LINE('',#892,#893);
#892 = CARTESIAN_POINT('',(6.28318530718,0.));
#893 = VECTOR('',#894,1.);
#894 = DIRECTION('',(0.,1.));
#895 = ( GEOMETRIC_REPRESENTATION_CONTEXT(2) 
PARAMETRIC_REPRESENTATION_CONTEXT() REPRESENTATION_CONTEXT('2D SPACE',''
  ) );
#896 = PCURVE('',#866,#897);
#897 = DEFINITIONAL_REPRESENTATION('',(#898),#902);
#898 = LINE('',#899,#900);
#899 = CARTESIAN_POINT('',(0.,0.));
#900 = VECTOR('',#901,1.);
#901 = DIRECTION('',(0.,1.));
#902 = ( GEOMETRIC_REPRESENTATION_CONTEXT(2) 
PARAMETRIC_REPRESENTATION_CONTEXT() REPRESENTATION_CONTEXT('2D SPACE',''
  ) );
#903 = ORIENTED_EDGE('',*,*,#904,.F.);
#904 = EDGE_CURVE('',#882,#882,#905,.T.);
#905 = SURFACE_CURVE('',#906,(#911,#918),.PCURVE_S1.);
#906 = CIRCLE('',#907,2.5);
#907 = AXIS2_PLACEMENT_3D('',#908,#909,#910);
#908 = CARTESIAN_POINT('',(0.,0.5400001,0.));
#909 = DIRECTION('',(0.,-1.,0.));
#910 = DIRECTION('',(-1.,-0.,-6.946193620294E-12));
#911 = PCURVE('',#866,#912);
#912 = DEFINITIONAL_REPRESENTATION('',(#913),#917);
#913 = LINE('',#914,#915);
#914 = CARTESIAN_POINT('',(0.,0.4599999));
#915 = VECTOR('',#916,1.);
#916 = DIRECTION('',(1.,0.));
#917 = ( GEOMETRIC_REPRESENTATION_CONTEXT(2) 
PARAMETRIC_REPRESENTATION_CONTEXT() REPRESENTATION_CONTEXT('2D SPACE',''
  ) );
#918 = PCURVE('',#919,#924);
#919 = PLANE('',#920);
#920 = AXIS2_PLACEMENT_3D('',#921,#922,#923);
#921 = CARTESIAN_POINT('',(0.,0.5400001,0.));
#922 = DIRECTION('',(0.,1.,0.));
#923 = DIRECTION('',(0.,-0.,1.));
#924 = DEFINITIONAL_REPRESENTATION('',(#925),#933);
#925 = ( BOUNDED_CURVE() B_SPLINE_CURVE(2,(#926,#927,#928,#929,#930,#931
,#932),.UNSPECIFIED.,.T.,.F.) B_SPLINE_CURVE_WITH_KNOTS((1,2,2,2,2,1),(
    -2.094395102393,0.,2.094395102393,4.188790204786,6.28318530718,
8.377580409573),.UNSPECIFIED.) CURVE() GEOMETRIC_REPRESENTATION_ITEM() 
RATIONAL_B_SPLINE_CURVE((1.,0.5,1.,0.5,1.,0.5,1.)) REPRESENTATION_ITEM(
  '') );
#926 = CARTESIAN_POINT('',(-1.736548405073E-11,-2.5));
#927 = CARTESIAN_POINT('',(-4.33012701894,-2.49999999997));
#928 = CARTESIAN_POINT('',(-2.165063509452,1.250000000015));
#929 = CARTESIAN_POINT('',(3.473035577807E-11,5.));
#930 = CARTESIAN_POINT('',(2.16506350947,1.249999999985));
#931 = CARTESIAN_POINT('',(4.330127018905,-2.50000000003));
#932 = CARTESIAN_POINT('',(-1.736548405073E-11,-2.5));
#933 = ( GEOMETRIC_REPRESENTATION_CONTEXT(2) 
PARAMETRIC_REPRESENTATION_CONTEXT() REPRESENTATION_CONTEXT('2D SPACE',''
  ) );
#934 = ORIENTED_EDGE('',*,*,#881,.F.);
#935 = ORIENTED_EDGE('',*,*,#849,.T.);
#936 = ADVANCED_FACE('',(#937,#940),#919,.T.);
#937 = FACE_BOUND('',#938,.T.);
#938 = EDGE_LOOP('',(#939));
#939 = ORIENTED_EDGE('',*,*,#904,.F.);
#940 = FACE_BOUND('',#941,.T.);
#941 = EDGE_LOOP('',(#942));
#942 = ORIENTED_EDGE('',*,*,#943,.T.);
#943 = EDGE_CURVE('',#944,#944,#946,.T.);
#944 = VERTEX_POINT('',#945);
#945 = CARTESIAN_POINT('',(1.498506960543,0.5400001,6.690955988202E-02)
  );
#946 = SURFACE_CURVE('',#947,(#952,#963),.PCURVE_S1.);
#947 = CIRCLE('',#948,1.5);
#948 = AXIS2_PLACEMENT_3D('',#949,#950,#951);
#949 = CARTESIAN_POINT('',(0.,0.5400001,0.));
#950 = DIRECTION('',(0.,-1.,0.));
#951 = DIRECTION('',(0.999004640362,0.,4.460637325468E-02));
#952 = PCURVE('',#919,#953);
#953 = DEFINITIONAL_REPRESENTATION('',(#954),#962);
#954 = ( BOUNDED_CURVE() B_SPLINE_CURVE(2,(#955,#956,#957,#958,#959,#960
,#961),.UNSPECIFIED.,.T.,.F.) B_SPLINE_CURVE_WITH_KNOTS((1,2,2,2,2,1),(
    -2.094395102393,0.,2.094395102393,4.188790204786,6.28318530718,
8.377580409573),.UNSPECIFIED.) CURVE() GEOMETRIC_REPRESENTATION_ITEM() 
RATIONAL_B_SPLINE_CURVE((1.,0.5,1.,0.5,1.,0.5,1.)) REPRESENTATION_ITEM(
  '') );
#955 = CARTESIAN_POINT('',(6.690955988202E-02,1.498506960543));
#956 = CARTESIAN_POINT('',(2.662399751038,1.382616203315));
#957 = CARTESIAN_POINT('',(1.264290315637,-0.807198858885));
#958 = CARTESIAN_POINT('',(-0.133819119764,-2.997013921086));
#959 = CARTESIAN_POINT('',(-1.331199875519,-0.691308101658));
#960 = CARTESIAN_POINT('',(-2.528580631274,1.614397717771));
#961 = CARTESIAN_POINT('',(6.690955988202E-02,1.498506960543));
#962 = ( GEOMETRIC_REPRESENTATION_CONTEXT(2) 
PARAMETRIC_REPRESENTATION_CONTEXT() REPRESENTATION_CONTEXT('2D SPACE',''
  ) );
#963 = PCURVE('',#964,#969);
#964 = CYLINDRICAL_SURFACE('',#965,1.5);
#965 = AXIS2_PLACEMENT_3D('',#966,#967,#968);
#966 = CARTESIAN_POINT('',(0.,9.61,0.));
#967 = DIRECTION('',(0.,-1.,0.));
#968 = DIRECTION('',(0.999004640362,0.,4.460637325468E-02));
#969 = DEFINITIONAL_REPRESENTATION('',(#970),#974);
#970 = LINE('',#971,#972);
#971 = CARTESIAN_POINT('',(0.,9.0699999));
#972 = VECTOR('',#973,1.);
#973 = DIRECTION('',(1.,0.));
#974 = ( GEOMETRIC_REPRESENTATION_CONTEXT(2) 
PARAMETRIC_REPRESENTATION_CONTEXT() REPRESENTATION_CONTEXT('2D SPACE',''
  ) );
#975 = ADVANCED_FACE('',(#976),#964,.T.);
#976 = FACE_BOUND('',#977,.T.);
#977 = EDGE_LOOP('',(#978,#979,#1002,#1031,#1059,#1088,#1111,#1133));
#978 = ORIENTED_EDGE('',*,*,#943,.F.);
#979 = ORIENTED_EDGE('',*,*,#980,.F.);
#980 = EDGE_CURVE('',#981,#944,#983,.T.);
#981 = VERTEX_POINT('',#982);
#982 = CARTESIAN_POINT('',(1.498506960543,12.3,6.690955988202E-02));
#983 = SEAM_CURVE('',#984,(#988,#995),.PCURVE_S1.);
#984 = LINE('',#985,#986);
#985 = CARTESIAN_POINT('',(1.498506960543,12.3,6.690955988202E-02));
#986 = VECTOR('',#987,1.);
#987 = DIRECTION('',(0.,-1.,0.));
#988 = PCURVE('',#964,#989);
#989 = DEFINITIONAL_REPRESENTATION('',(#990),#994);
#990 = LINE('',#991,#992);
#991 = CARTESIAN_POINT('',(0.,-2.69));
#992 = VECTOR('',#993,1.);
#993 = DIRECTION('',(0.,1.));
#994 = ( GEOMETRIC_REPRESENTATION_CONTEXT(2) 
PARAMETRIC_REPRESENTATION_CONTEXT() REPRESENTATION_CONTEXT('2D SPACE',''
  ) );
#995 = PCURVE('',#964,#996);
#996 = DEFINITIONAL_REPRESENTATION('',(#997),#1001);
#997 = LINE('',#998,#999);
#998 = CARTESIAN_POINT('',(6.28318530718,-2.69));
#999 = VECTOR('',#1000,1.);
#1000 = DIRECTION('',(0.,1.));
#1001 = ( GEOMETRIC_REPRESENTATION_CONTEXT(2) 
PARAMETRIC_REPRESENTATION_CONTEXT() REPRESENTATION_CONTEXT('2D SPACE',''
  ) );
#1002 = ORIENTED_EDGE('',*,*,#1003,.F.);
#1003 = EDGE_CURVE('',#1004,#981,#1006,.T.);
#1004 = VERTEX_POINT('',#1005);
#1005 = CARTESIAN_POINT('',(0.748331477355,12.3,1.3));
#1006 = SURFACE_CURVE('',#1007,(#1012,#1019),.PCURVE_S1.);
#1007 = CIRCLE('',#1008,1.5);
#1008 = AXIS2_PLACEMENT_3D('',#1009,#1010,#1011);
#1009 = CARTESIAN_POINT('',(0.,12.3,0.));
#1010 = DIRECTION('',(-0.,1.,0.));
#1011 = DIRECTION('',(0.49888765157,0.,0.866666666667));
#1012 = PCURVE('',#964,#1013);
#1013 = DEFINITIONAL_REPRESENTATION('',(#1014),#1018);
#1014 = LINE('',#1015,#1016);
#1015 = CARTESIAN_POINT('',(1.003860326045,-2.69));
#1016 = VECTOR('',#1017,1.);
#1017 = DIRECTION('',(-1.,0.));
#1018 = ( GEOMETRIC_REPRESENTATION_CONTEXT(2) 
PARAMETRIC_REPRESENTATION_CONTEXT() REPRESENTATION_CONTEXT('2D SPACE',''
  ) );
#1019 = PCURVE('',#1020,#1025);
#1020 = CONICAL_SURFACE('',#1021,1.4,0.785398163397);
#1021 = AXIS2_PLACEMENT_3D('',#1022,#1023,#1024);
#1022 = CARTESIAN_POINT('',(0.,12.4,0.));
#1023 = DIRECTION('',(0.,-1.,0.));
#1024 = DIRECTION('',(1.,0.,0.));
#1025 = DEFINITIONAL_REPRESENTATION('',(#1026),#1030);
#1026 = LINE('',#1027,#1028);
#1027 = CARTESIAN_POINT('',(7.331666812168,0.1));
#1028 = VECTOR('',#1029,1.);
#1029 = DIRECTION('',(-1.,1.1730410232E-16));
#1030 = ( GEOMETRIC_REPRESENTATION_CONTEXT(2) 
PARAMETRIC_REPRESENTATION_CONTEXT() REPRESENTATION_CONTEXT('2D SPACE',''
  ) );
#1031 = ORIENTED_EDGE('',*,*,#1032,.T.);
#1032 = EDGE_CURVE('',#1004,#1033,#1035,.T.);
#1033 = VERTEX_POINT('',#1034);
#1034 = CARTESIAN_POINT('',(0.748331477355,6.5,1.3));
#1035 = SURFACE_CURVE('',#1036,(#1040,#1047),.PCURVE_S1.);
#1036 = LINE('',#1037,#1038);
#1037 = CARTESIAN_POINT('',(0.748331477355,12.3,1.3));
#1038 = VECTOR('',#1039,1.);
#1039 = DIRECTION('',(0.,-1.,0.));
#1040 = PCURVE('',#964,#1041);
#1041 = DEFINITIONAL_REPRESENTATION('',(#1042),#1046);
#1042 = LINE('',#1043,#1044);
#1043 = CARTESIAN_POINT('',(1.003860326045,-2.69));
#1044 = VECTOR('',#1045,1.);
#1045 = DIRECTION('',(0.,1.));
#1046 = ( GEOMETRIC_REPRESENTATION_CONTEXT(2) 
PARAMETRIC_REPRESENTATION_CONTEXT() REPRESENTATION_CONTEXT('2D SPACE',''
  ) );
#1047 = PCURVE('',#1048,#1053);
#1048 = PLANE('',#1049);
#1049 = AXIS2_PLACEMENT_3D('',#1050,#1051,#1052);
#1050 = CARTESIAN_POINT('',(0.,-16.7,1.3));
#1051 = DIRECTION('',(0.,0.,1.));
#1052 = DIRECTION('',(0.,-1.,0.));
#1053 = DEFINITIONAL_REPRESENTATION('',(#1054),#1058);
#1054 = LINE('',#1055,#1056);
#1055 = CARTESIAN_POINT('',(-29.,0.748331477355));
#1056 = VECTOR('',#1057,1.);
#1057 = DIRECTION('',(1.,0.));
#1058 = ( GEOMETRIC_REPRESENTATION_CONTEXT(2) 
PARAMETRIC_REPRESENTATION_CONTEXT() REPRESENTATION_CONTEXT('2D SPACE',''
  ) );
#1059 = ORIENTED_EDGE('',*,*,#1060,.F.);
#1060 = EDGE_CURVE('',#1061,#1033,#1063,.T.);
#1061 = VERTEX_POINT('',#1062);
#1062 = CARTESIAN_POINT('',(-0.748331477355,6.5,1.3));
#1063 = SURFACE_CURVE('',#1064,(#1069,#1076),.PCURVE_S1.);
#1064 = CIRCLE('',#1065,1.5);
#1065 = AXIS2_PLACEMENT_3D('',#1066,#1067,#1068);
#1066 = CARTESIAN_POINT('',(0.,6.5,0.));
#1067 = DIRECTION('',(0.,1.,-0.));
#1068 = DIRECTION('',(-0.49888765157,0.,0.866666666667));
#1069 = PCURVE('',#964,#1070);
#1070 = DEFINITIONAL_REPRESENTATION('',(#1071),#1075);
#1071 = LINE('',#1072,#1073);
#1072 = CARTESIAN_POINT('',(2.048489969657,3.11));
#1073 = VECTOR('',#1074,1.);
#1074 = DIRECTION('',(-1.,0.));
#1075 = ( GEOMETRIC_REPRESENTATION_CONTEXT(2) 
PARAMETRIC_REPRESENTATION_CONTEXT() REPRESENTATION_CONTEXT('2D SPACE',''
  ) );
#1076 = PCURVE('',#1077,#1082);
#1077 = PLANE('',#1078);
#1078 = AXIS2_PLACEMENT_3D('',#1079,#1080,#1081);
#1079 = CARTESIAN_POINT('',(0.,6.5,0.));
#1080 = DIRECTION('',(0.,1.,0.));
#1081 = DIRECTION('',(-1.,0.,0.));
#1082 = DEFINITIONAL_REPRESENTATION('',(#1083),#1087);
#1083 = CIRCLE('',#1084,1.5);
#1084 = AXIS2_PLACEMENT_2D('',#1085,#1086);
#1085 = CARTESIAN_POINT('',(0.,0.));
#1086 = DIRECTION('',(0.49888765157,0.866666666667));
#1087 = ( GEOMETRIC_REPRESENTATION_CONTEXT(2) 
PARAMETRIC_REPRESENTATION_CONTEXT() REPRESENTATION_CONTEXT('2D SPACE',''
  ) );
#1088 = ORIENTED_EDGE('',*,*,#1089,.T.);
#1089 = EDGE_CURVE('',#1061,#1090,#1092,.T.);
#1090 = VERTEX_POINT('',#1091);
#1091 = CARTESIAN_POINT('',(-0.748331477355,12.3,1.3));
#1092 = SURFACE_CURVE('',#1093,(#1097,#1104),.PCURVE_S1.);
#1093 = LINE('',#1094,#1095);
#1094 = CARTESIAN_POINT('',(-0.748331477355,6.5,1.3));
#1095 = VECTOR('',#1096,1.);
#1096 = DIRECTION('',(0.,1.,0.));
#1097 = PCURVE('',#964,#1098);
#1098 = DEFINITIONAL_REPRESENTATION('',(#1099),#1103);
#1099 = LINE('',#1100,#1101);
#1100 = CARTESIAN_POINT('',(2.048489969657,3.11));
#1101 = VECTOR('',#1102,1.);
#1102 = DIRECTION('',(0.,-1.));
#1103 = ( GEOMETRIC_REPRESENTATION_CONTEXT(2) 
PARAMETRIC_REPRESENTATION_CONTEXT() REPRESENTATION_CONTEXT('2D SPACE',''
  ) );
#1104 = PCURVE('',#1048,#1105);
#1105 = DEFINITIONAL_REPRESENTATION('',(#1106),#1110);
#1106 = LINE('',#1107,#1108);
#1107 = CARTESIAN_POINT('',(-23.2,-0.748331477355));
#1108 = VECTOR('',#1109,1.);
#1109 = DIRECTION('',(-1.,0.));
#1110 = ( GEOMETRIC_REPRESENTATION_CONTEXT(2) 
PARAMETRIC_REPRESENTATION_CONTEXT() REPRESENTATION_CONTEXT('2D SPACE',''
  ) );
#1111 = ORIENTED_EDGE('',*,*,#1112,.T.);
#1112 = EDGE_CURVE('',#1090,#981,#1113,.T.);
#1113 = SURFACE_CURVE('',#1114,(#1119,#1126),.PCURVE_S1.);
#1114 = CIRCLE('',#1115,1.5);
#1115 = AXIS2_PLACEMENT_3D('',#1116,#1117,#1118);
#1116 = CARTESIAN_POINT('',(0.,12.3,0.));
#1117 = DIRECTION('',(0.,-1.,0.));
#1118 = DIRECTION('',(-0.49888765157,0.,0.866666666667));
#1119 = PCURVE('',#964,#1120);
#1120 = DEFINITIONAL_REPRESENTATION('',(#1121),#1125);
#1121 = LINE('',#1122,#1123);
#1122 = CARTESIAN_POINT('',(2.048489969657,-2.69));
#1123 = VECTOR('',#1124,1.);
#1124 = DIRECTION('',(1.,-0.));
#1125 = ( GEOMETRIC_REPRESENTATION_CONTEXT(2) 
PARAMETRIC_REPRESENTATION_CONTEXT() REPRESENTATION_CONTEXT('2D SPACE',''
  ) );
#1126 = PCURVE('',#1020,#1127);
#1127 = DEFINITIONAL_REPRESENTATION('',(#1128),#1132);
#1128 = LINE('',#1129,#1130);
#1129 = CARTESIAN_POINT('',(2.093111148601,0.1));
#1130 = VECTOR('',#1131,1.);
#1131 = DIRECTION('',(1.,-0.));
#1132 = ( GEOMETRIC_REPRESENTATION_CONTEXT(2) 
PARAMETRIC_REPRESENTATION_CONTEXT() REPRESENTATION_CONTEXT('2D SPACE',''
  ) );
#1133 = ORIENTED_EDGE('',*,*,#980,.T.);
#1134 = ADVANCED_FACE('',(#1135),#1077,.T.);
#1135 = FACE_BOUND('',#1136,.F.);
#1136 = EDGE_LOOP('',(#1137,#1158));
#1137 = ORIENTED_EDGE('',*,*,#1138,.F.);
#1138 = EDGE_CURVE('',#1033,#1061,#1139,.T.);
#1139 = SURFACE_CURVE('',#1140,(#1144,#1151),.PCURVE_S1.);
#1140 = LINE('',#1141,#1142);
#1141 = CARTESIAN_POINT('',(0.748331477355,6.5,1.3));
#1142 = VECTOR('',#1143,1.);
#1143 = DIRECTION('',(-1.,0.,0.));
#1144 = PCURVE('',#1077,#1145);
#1145 = DEFINITIONAL_REPRESENTATION('',(#1146),#1150);
#1146 = LINE('',#1147,#1148);
#1147 = CARTESIAN_POINT('',(-0.748331477355,1.3));
#1148 = VECTOR('',#1149,1.);
#1149 = DIRECTION('',(1.,0.));
#1150 = ( GEOMETRIC_REPRESENTATION_CONTEXT(2) 
PARAMETRIC_REPRESENTATION_CONTEXT() REPRESENTATION_CONTEXT('2D SPACE',''
  ) );
#1151 = PCURVE('',#1048,#1152);
#1152 = DEFINITIONAL_REPRESENTATION('',(#1153),#1157);
#1153 = LINE('',#1154,#1155);
#1154 = CARTESIAN_POINT('',(-23.2,0.748331477355));
#1155 = VECTOR('',#1156,1.);
#1156 = DIRECTION('',(0.,-1.));
#1157 = ( GEOMETRIC_REPRESENTATION_CONTEXT(2) 
PARAMETRIC_REPRESENTATION_CONTEXT() REPRESENTATION_CONTEXT('2D SPACE',''
  ) );
#1158 = ORIENTED_EDGE('',*,*,#1060,.F.);
#1159 = ADVANCED_FACE('',(#1160),#1048,.T.);
#1160 = FACE_BOUND('',#1161,.F.);
#1161 = EDGE_LOOP('',(#1162,#1163,#1164,#1165));
#1162 = ORIENTED_EDGE('',*,*,#1032,.T.);
#1163 = ORIENTED_EDGE('',*,*,#1138,.T.);
#1164 = ORIENTED_EDGE('',*,*,#1089,.T.);
#1165 = ORIENTED_EDGE('',*,*,#1166,.T.);
#1166 = EDGE_CURVE('',#1090,#1004,#1167,.T.);
#1167 = SURFACE_CURVE('',#1168,(#1172,#1179),.PCURVE_S1.);
#1168 = LINE('',#1169,#1170);
#1169 = CARTESIAN_POINT('',(-0.748331477355,12.3,1.3));
#1170 = VECTOR('',#1171,1.);
#1171 = DIRECTION('',(1.,0.,0.));
#1172 = PCURVE('',#1048,#1173);
#1173 = DEFINITIONAL_REPRESENTATION('',(#1174),#1178);
#1174 = LINE('',#1175,#1176);
#1175 = CARTESIAN_POINT('',(-29.,-0.748331477355));
#1176 = VECTOR('',#1177,1.);
#1177 = DIRECTION('',(0.,1.));
#1178 = ( GEOMETRIC_REPRESENTATION_CONTEXT(2) 
PARAMETRIC_REPRESENTATION_CONTEXT() REPRESENTATION_CONTEXT('2D SPACE',''
  ) );
#1179 = PCURVE('',#1180,#1185);
#1180 = PLANE('',#1181);
#1181 = AXIS2_PLACEMENT_3D('',#1182,#1183,#1184);
#1182 = CARTESIAN_POINT('',(0.,12.5,1.1));
#1183 = DIRECTION('',(0.,0.707106781187,0.707106781186));
#1184 = DIRECTION('',(-1.,0.,0.));
#1185 = DEFINITIONAL_REPRESENTATION('',(#1186),#1190);
#1186 = LINE('',#1187,#1188);
#1187 = CARTESIAN_POINT('',(0.748331477355,0.282842712475));
#1188 = VECTOR('',#1189,1.);
#1189 = DIRECTION('',(-1.,0.));
#1190 = ( GEOMETRIC_REPRESENTATION_CONTEXT(2) 
PARAMETRIC_REPRESENTATION_CONTEXT() REPRESENTATION_CONTEXT('2D SPACE',''
  ) );
#1191 = ADVANCED_FACE('',(#1192),#1180,.T.);
#1192 = FACE_BOUND('',#1193,.F.);
#1193 = EDGE_LOOP('',(#1194,#1245,#1273,#1322));
#1194 = ORIENTED_EDGE('',*,*,#1195,.T.);
#1195 = EDGE_CURVE('',#1090,#1196,#1198,.T.);
#1196 = VERTEX_POINT('',#1197);
#1197 = CARTESIAN_POINT('',(-0.692820323028,12.5,1.1));
#1198 = SURFACE_CURVE('',#1199,(#1206,#1216),.PCURVE_S1.);
#1199 = B_SPLINE_CURVE_WITH_KNOTS('',3,(#1200,#1201,#1202,#1203,#1204,
    #1205),.UNSPECIFIED.,.F.,.F.,(4,1,1,4),(0.,0.333333333333,
    0.666666666667,1.),.UNSPECIFIED.);
#1200 = CARTESIAN_POINT('',(-0.748331477355,12.3,1.3));
#1201 = CARTESIAN_POINT('',(-0.742249826767,12.32275545285,
    1.277244547155));
#1202 = CARTESIAN_POINT('',(-0.730045869841,12.36791314043,
    1.232086859571));
#1203 = CARTESIAN_POINT('',(-0.711524277131,12.43457830171,
    1.165421698288));
#1204 = CARTESIAN_POINT('',(-0.699081010535,12.4783123423,1.121687657703
    ));
#1205 = CARTESIAN_POINT('',(-0.692820323029,12.5,1.1));
#1206 = PCURVE('',#1180,#1207);
#1207 = DEFINITIONAL_REPRESENTATION('',(#1208),#1215);
#1208 = B_SPLINE_CURVE_WITH_KNOTS('',3,(#1209,#1210,#1211,#1212,#1213,
    #1214),.UNSPECIFIED.,.F.,.F.,(4,1,1,4),(0.,0.333333333333,
    0.666666666667,1.),.UNSPECIFIED.);
#1209 = CARTESIAN_POINT('',(0.748331477355,0.282842712475));
#1210 = CARTESIAN_POINT('',(0.742249826767,0.25066164244));
#1211 = CARTESIAN_POINT('',(0.730045869841,0.186799028216));
#1212 = CARTESIAN_POINT('',(0.711524277131,9.252025299378E-02));
#1213 = CARTESIAN_POINT('',(0.699081010535,3.067097965757E-02));
#1214 = CARTESIAN_POINT('',(0.692820323029,0.));
#1215 = ( GEOMETRIC_REPRESENTATION_CONTEXT(2) 
PARAMETRIC_REPRESENTATION_CONTEXT() REPRESENTATION_CONTEXT('2D SPACE',''
  ) );
#1216 = PCURVE('',#1020,#1217);
#1217 = DEFINITIONAL_REPRESENTATION('',(#1218),#1244);
#1218 = B_SPLINE_CURVE_WITH_KNOTS('',3,(#1219,#1220,#1221,#1222,#1223,
    #1224,#1225,#1226,#1227,#1228,#1229,#1230,#1231,#1232,#1233,#1234,
    #1235,#1236,#1237,#1238,#1239,#1240,#1241,#1242,#1243),
  .UNSPECIFIED.,.F.,.F.,(4,1,1,1,1,1,1,1,1,1,1,1,1,1,1,1,1,1,1,1,1,1,4),
  (0.,4.545454545455E-02,9.090909090909E-02,0.136363636364,
    0.181818181818,0.227272727273,0.272727272727,0.318181818182,
    0.363636363636,0.409090909091,0.454545454545,0.5,0.545454545455,
    0.590909090909,0.636363636364,0.681818181818,0.727272727273,
    0.772727272727,0.818181818182,0.863636363636,0.909090909091,
    0.954545454545,1.),.QUASI_UNIFORM_KNOTS.);
#1219 = CARTESIAN_POINT('',(2.093111148601,0.1));
#1220 = CARTESIAN_POINT('',(2.093664025936,9.689698365885E-02));
#1221 = CARTESIAN_POINT('',(2.094774021628,9.069758056126E-02));
#1222 = CARTESIAN_POINT('',(2.096451766103,8.141834136423E-02));
#1223 = CARTESIAN_POINT('',(2.09814228939,7.215894453199E-02));
#1224 = CARTESIAN_POINT('',(2.099845619332,6.291936620882E-02));
#1225 = CARTESIAN_POINT('',(2.101561784593,5.369958221657E-02));
#1226 = CARTESIAN_POINT('',(2.103290811342,4.449956720748E-02));
#1227 = CARTESIAN_POINT('',(2.105032735734,3.531929756064E-02));
#1228 = CARTESIAN_POINT('',(2.10678755739,2.615874059996E-02));
#1229 = CARTESIAN_POINT('',(2.108555493379,1.701791337258E-02));
#1230 = CARTESIAN_POINT('',(2.110336869302,7.896857377968E-03));
#1231 = CARTESIAN_POINT('',(2.112131992675,-1.204390764541E-03));
#1232 = CARTESIAN_POINT('',(2.113941183805,-1.028579218412E-02));
#1233 = CARTESIAN_POINT('',(2.115764769861,-1.934730716597E-02));
#1234 = CARTESIAN_POINT('',(2.117603078673,-2.838889655196E-02));
#1235 = CARTESIAN_POINT('',(2.119456470464,-3.741051462591E-02));
#1236 = CARTESIAN_POINT('',(2.121325207833,-4.64121383814E-02));
#1237 = CARTESIAN_POINT('',(2.123209333467,-5.53937950261E-02));
#1238 = CARTESIAN_POINT('',(2.125108928414,-6.435550389147E-02));
#1239 = CARTESIAN_POINT('',(2.127024064883,-7.329728706183E-02));
#1240 = CARTESIAN_POINT('',(2.128954818985,-8.221916655156E-02));
#1241 = CARTESIAN_POINT('',(2.130901267217,-9.112116500679E-02));
#1242 = CARTESIAN_POINT('',(2.132209414439,-9.70425921759E-02));
#1243 = CARTESIAN_POINT('',(2.132866129801,-9.999999999965E-02));
#1244 = ( GEOMETRIC_REPRESENTATION_CONTEXT(2) 
PARAMETRIC_REPRESENTATION_CONTEXT() REPRESENTATION_CONTEXT('2D SPACE',''
  ) );
#1245 = ORIENTED_EDGE('',*,*,#1246,.T.);
#1246 = EDGE_CURVE('',#1196,#1247,#1249,.T.);
#1247 = VERTEX_POINT('',#1248);
#1248 = CARTESIAN_POINT('',(0.692820323028,12.5,1.1));
#1249 = SURFACE_CURVE('',#1250,(#1254,#1261),.PCURVE_S1.);
#1250 = LINE('',#1251,#1252);
#1251 = CARTESIAN_POINT('',(-0.692820323029,12.5,1.1));
#1252 = VECTOR('',#1253,1.);
#1253 = DIRECTION('',(1.,0.,0.));
#1254 = PCURVE('',#1180,#1255);
#1255 = DEFINITIONAL_REPRESENTATION('',(#1256),#1260);
#1256 = LINE('',#1257,#1258);
#1257 = CARTESIAN_POINT('',(0.692820323029,0.));
#1258 = VECTOR('',#1259,1.);
#1259 = DIRECTION('',(-1.,0.));
#1260 = ( GEOMETRIC_REPRESENTATION_CONTEXT(2) 
PARAMETRIC_REPRESENTATION_CONTEXT() REPRESENTATION_CONTEXT('2D SPACE',''
  ) );
#1261 = PCURVE('',#1262,#1267);
#1262 = PLANE('',#1263);
#1263 = AXIS2_PLACEMENT_3D('',#1264,#1265,#1266);
#1264 = CARTESIAN_POINT('',(0.,12.5,0.));
#1265 = DIRECTION('',(0.,-1.,0.));
#1266 = DIRECTION('',(0.999004640362,0.,4.460637325468E-02));
#1267 = DEFINITIONAL_REPRESENTATION('',(#1268),#1272);
#1268 = LINE('',#1269,#1270);
#1269 = CARTESIAN_POINT('',(-0.643063707063,1.129809306326));
#1270 = VECTOR('',#1271,1.);
#1271 = DIRECTION('',(0.999004640362,-4.460637325468E-02));
#1272 = ( GEOMETRIC_REPRESENTATION_CONTEXT(2) 
PARAMETRIC_REPRESENTATION_CONTEXT() REPRESENTATION_CONTEXT('2D SPACE',''
  ) );
#1273 = ORIENTED_EDGE('',*,*,#1274,.T.);
#1274 = EDGE_CURVE('',#1247,#1004,#1275,.T.);
#1275 = SURFACE_CURVE('',#1276,(#1283,#1293),.PCURVE_S1.);
#1276 = B_SPLINE_CURVE_WITH_KNOTS('',3,(#1277,#1278,#1279,#1280,#1281,
    #1282),.UNSPECIFIED.,.F.,.F.,(4,1,1,4),(0.,0.333333333333,
    0.666666666667,1.),.UNSPECIFIED.);
#1277 = CARTESIAN_POINT('',(0.692820323029,12.5,1.1));
#1278 = CARTESIAN_POINT('',(0.699081010537,12.47831234229,1.121687657708
    ));
#1279 = CARTESIAN_POINT('',(0.711524277134,12.4345783017,1.165421698301)
  );
#1280 = CARTESIAN_POINT('',(0.730045869845,12.36791314042,1.232086859584
    ));
#1281 = CARTESIAN_POINT('',(0.742249826769,12.32275545284,1.27724454716)
  );
#1282 = CARTESIAN_POINT('',(0.748331477355,12.3,1.3));
#1283 = PCURVE('',#1180,#1284);
#1284 = DEFINITIONAL_REPRESENTATION('',(#1285),#1292);
#1285 = B_SPLINE_CURVE_WITH_KNOTS('',3,(#1286,#1287,#1288,#1289,#1290,
    #1291),.UNSPECIFIED.,.F.,.F.,(4,1,1,4),(0.,0.333333333333,
    0.666666666667,1.),.UNSPECIFIED.);
#1286 = CARTESIAN_POINT('',(-0.692820323029,0.));
#1287 = CARTESIAN_POINT('',(-0.699081010537,3.067097966817E-02));
#1288 = CARTESIAN_POINT('',(-0.711524277134,9.252025301004E-02));
#1289 = CARTESIAN_POINT('',(-0.730045869845,0.186799028232));
#1290 = CARTESIAN_POINT('',(-0.742249826769,0.25066164245));
#1291 = CARTESIAN_POINT('',(-0.748331477355,0.282842712475));
#1292 = ( GEOMETRIC_REPRESENTATION_CONTEXT(2) 
PARAMETRIC_REPRESENTATION_CONTEXT() REPRESENTATION_CONTEXT('2D SPACE',''
  ) );
#1293 = PCURVE('',#1020,#1294);
#1294 = DEFINITIONAL_REPRESENTATION('',(#1295),#1321);
#1295 = B_SPLINE_CURVE_WITH_KNOTS('',3,(#1296,#1297,#1298,#1299,#1300,
    #1301,#1302,#1303,#1304,#1305,#1306,#1307,#1308,#1309,#1310,#1311,
    #1312,#1313,#1314,#1315,#1316,#1317,#1318,#1319,#1320),
  .UNSPECIFIED.,.F.,.F.,(4,1,1,1,1,1,1,1,1,1,1,1,1,1,1,1,1,1,1,1,1,1,4),
  (0.,4.545454545455E-02,9.090909090909E-02,0.136363636364,
    0.181818181818,0.227272727273,0.272727272727,0.318181818182,
    0.363636363636,0.409090909091,0.454545454545,0.5,0.545454545455,
    0.590909090909,0.636363636364,0.681818181818,0.727272727273,
    0.772727272727,0.818181818182,0.863636363636,0.909090909091,
    0.954545454545,1.),.QUASI_UNIFORM_KNOTS.);
#1296 = CARTESIAN_POINT('',(7.291911830968,-9.999999999965E-02));
#1297 = CARTESIAN_POINT('',(7.292568546331,-9.704259217487E-02));
#1298 = CARTESIAN_POINT('',(7.293876693553,-9.11211650039E-02));
#1299 = CARTESIAN_POINT('',(7.295823141786,-8.221916654644E-02));
#1300 = CARTESIAN_POINT('',(7.297753895887,-7.329728705497E-02));
#1301 = CARTESIAN_POINT('',(7.299669032357,-6.435550388328E-02));
#1302 = CARTESIAN_POINT('',(7.301568627304,-5.539379501692E-02));
#1303 = CARTESIAN_POINT('',(7.303452752938,-4.64121383715E-02));
#1304 = CARTESIAN_POINT('',(7.305321490308,-3.741051461551E-02));
#1305 = CARTESIAN_POINT('',(7.307174882099,-2.838889654117E-02));
#1306 = CARTESIAN_POINT('',(7.309013190911,-1.934730715491E-02));
#1307 = CARTESIAN_POINT('',(7.310836776967,-1.028579217289E-02));
#1308 = CARTESIAN_POINT('',(7.312645968096,-1.204390753256E-03));
#1309 = CARTESIAN_POINT('',(7.31444109147,7.896857389189E-03));
#1310 = CARTESIAN_POINT('',(7.316222467393,1.701791338364E-02));
#1311 = CARTESIAN_POINT('',(7.317990403382,2.615874061074E-02));
#1312 = CARTESIAN_POINT('',(7.319745225037,3.531929757105E-02));
#1313 = CARTESIAN_POINT('',(7.321487149429,4.449956721737E-02));
#1314 = CARTESIAN_POINT('',(7.323216176178,5.369958222574E-02));
#1315 = CARTESIAN_POINT('',(7.324932341439,6.2919366217E-02));
#1316 = CARTESIAN_POINT('',(7.326635671381,7.215894453884E-02));
#1317 = CARTESIAN_POINT('',(7.328326194667,8.141834136933E-02));
#1318 = CARTESIAN_POINT('',(7.330003939141,9.069758056414E-02));
#1319 = CARTESIAN_POINT('',(7.331113934834,9.689698365988E-02));
#1320 = CARTESIAN_POINT('',(7.331666812168,0.1));
#1321 = ( GEOMETRIC_REPRESENTATION_CONTEXT(2) 
PARAMETRIC_REPRESENTATION_CONTEXT() REPRESENTATION_CONTEXT('2D SPACE',''
  ) );
#1322 = ORIENTED_EDGE('',*,*,#1166,.F.);
#1323 = ADVANCED_FACE('',(#1324),#1262,.F.);
#1324 = FACE_BOUND('',#1325,.F.);
#1325 = EDGE_LOOP('',(#1326,#1348));
#1326 = ORIENTED_EDGE('',*,*,#1327,.T.);
#1327 = EDGE_CURVE('',#1196,#1247,#1328,.T.);
#1328 = SURFACE_CURVE('',#1329,(#1334,#1341),.PCURVE_S1.);
#1329 = CIRCLE('',#1330,1.3);
#1330 = AXIS2_PLACEMENT_3D('',#1331,#1332,#1333);
#1331 = CARTESIAN_POINT('',(0.,12.5,0.));
#1332 = DIRECTION('',(0.,-1.,0.));
#1333 = DIRECTION('',(-0.532938710021,0.,0.846153846154));
#1334 = PCURVE('',#1262,#1335);
#1335 = DEFINITIONAL_REPRESENTATION('',(#1336),#1340);
#1336 = CIRCLE('',#1337,1.3);
#1337 = AXIS2_PLACEMENT_2D('',#1338,#1339);
#1338 = CARTESIAN_POINT('',(0.,0.));
#1339 = DIRECTION('',(-0.494664390048,0.869084081789));
#1340 = ( GEOMETRIC_REPRESENTATION_CONTEXT(2) 
PARAMETRIC_REPRESENTATION_CONTEXT() REPRESENTATION_CONTEXT('2D SPACE',''
  ) );
#1341 = PCURVE('',#1020,#1342);
#1342 = DEFINITIONAL_REPRESENTATION('',(#1343),#1347);
#1343 = LINE('',#1344,#1345);
#1344 = CARTESIAN_POINT('',(2.132866129801,-0.1));
#1345 = VECTOR('',#1346,1.);
#1346 = DIRECTION('',(1.,-2.282533267241E-17));
#1347 = ( GEOMETRIC_REPRESENTATION_CONTEXT(2) 
PARAMETRIC_REPRESENTATION_CONTEXT() REPRESENTATION_CONTEXT('2D SPACE',''
  ) );
#1348 = ORIENTED_EDGE('',*,*,#1246,.F.);
#1349 = ADVANCED_FACE('',(#1350),#1020,.T.);
#1350 = FACE_BOUND('',#1351,.T.);
#1351 = EDGE_LOOP('',(#1352,#1353,#1354,#1355,#1356));
#1352 = ORIENTED_EDGE('',*,*,#1003,.T.);
#1353 = ORIENTED_EDGE('',*,*,#1112,.F.);
#1354 = ORIENTED_EDGE('',*,*,#1195,.T.);
#1355 = ORIENTED_EDGE('',*,*,#1327,.T.);
#1356 = ORIENTED_EDGE('',*,*,#1274,.T.);
#1357 = ADVANCED_FACE('',(#1358),#45,.T.);
#1358 = FACE_BOUND('',#1359,.T.);
#1359 = EDGE_LOOP('',(#1360,#1361,#1362,#1385,#1416));
#1360 = ORIENTED_EDGE('',*,*,#21,.T.);
#1361 = ORIENTED_EDGE('',*,*,#57,.T.);
#1362 = ORIENTED_EDGE('',*,*,#1363,.F.);
#1363 = EDGE_CURVE('',#1364,#22,#1366,.T.);
#1364 = VERTEX_POINT('',#1365);
#1365 = CARTESIAN_POINT('',(5.8,-17.1,0.));
#1366 = SEAM_CURVE('',#1367,(#1371,#1378),.PCURVE_S1.);
#1367 = LINE('',#1368,#1369);
#1368 = CARTESIAN_POINT('',(5.79999999994,-17.10000000006,
    -1.630742888946E-09));
#1369 = VECTOR('',#1370,1.);
#1370 = DIRECTION('',(0.707106781186,0.707106781187,1.292278374974E-09)
  );
#1371 = PCURVE('',#45,#1372);
#1372 = DEFINITIONAL_REPRESENTATION('',(#1373),#1377);
#1373 = LINE('',#1374,#1375);
#1374 = CARTESIAN_POINT('',(-1.570796326514,-0.100000000001));
#1375 = VECTOR('',#1376,1.);
#1376 = DIRECTION('',(-3.514566415674E-10,1.));
#1377 = ( GEOMETRIC_REPRESENTATION_CONTEXT(2) 
PARAMETRIC_REPRESENTATION_CONTEXT() REPRESENTATION_CONTEXT('2D SPACE',''
  ) );
#1378 = PCURVE('',#45,#1379);
#1379 = DEFINITIONAL_REPRESENTATION('',(#1380),#1384);
#1380 = LINE('',#1381,#1382);
#1381 = CARTESIAN_POINT('',(4.712388980666,-0.100000000001));
#1382 = VECTOR('',#1383,1.);
#1383 = DIRECTION('',(-3.514566415674E-10,1.));
#1384 = ( GEOMETRIC_REPRESENTATION_CONTEXT(2) 
PARAMETRIC_REPRESENTATION_CONTEXT() REPRESENTATION_CONTEXT('2D SPACE',''
  ) );
#1385 = ORIENTED_EDGE('',*,*,#1386,.T.);
#1386 = EDGE_CURVE('',#1364,#1364,#1387,.T.);
#1387 = SURFACE_CURVE('',#1388,(#1393,#1400),.PCURVE_S1.);
#1388 = CIRCLE('',#1389,5.8);
#1389 = AXIS2_PLACEMENT_3D('',#1390,#1391,#1392);
#1390 = CARTESIAN_POINT('',(2.22044604925E-16,-17.1,6.661338147751E-16)
  );
#1391 = DIRECTION('',(0.,1.,0.));
#1392 = DIRECTION('',(1.,0.,-2.373153376346E-16));
#1393 = PCURVE('',#45,#1394);
#1394 = DEFINITIONAL_REPRESENTATION('',(#1395),#1399);
#1395 = LINE('',#1396,#1397);
#1396 = CARTESIAN_POINT('',(-1.570796326795,-9.999999994102E-02));
#1397 = VECTOR('',#1398,1.);
#1398 = DIRECTION('',(1.,-0.));
#1399 = ( GEOMETRIC_REPRESENTATION_CONTEXT(2) 
PARAMETRIC_REPRESENTATION_CONTEXT() REPRESENTATION_CONTEXT('2D SPACE',''
  ) );
#1400 = PCURVE('',#1401,#1406);
#1401 = PLANE('',#1402);
#1402 = AXIS2_PLACEMENT_3D('',#1403,#1404,#1405);
#1403 = CARTESIAN_POINT('',(0.,-17.1,0.));
#1404 = DIRECTION('',(0.,-1.,0.));
#1405 = DIRECTION('',(1.,0.,0.));
#1406 = DEFINITIONAL_REPRESENTATION('',(#1407),#1415);
#1407 = ( BOUNDED_CURVE() B_SPLINE_CURVE(2,(#1408,#1409,#1410,#1411,
#1412,#1413,#1414),.UNSPECIFIED.,.T.,.F.) B_SPLINE_CURVE_WITH_KNOTS((1,2
    ,2,2,2,1),(-2.094395102393,0.,2.094395102393,4.188790204786,
6.28318530718,8.377580409573),.UNSPECIFIED.) CURVE() 
GEOMETRIC_REPRESENTATION_ITEM() RATIONAL_B_SPLINE_CURVE((1.,0.5,1.,0.5,
1.,0.5,1.)) REPRESENTATION_ITEM('') );
#1408 = CARTESIAN_POINT('',(5.8,-7.102951435055E-16));
#1409 = CARTESIAN_POINT('',(5.8,-10.04589468389));
#1410 = CARTESIAN_POINT('',(-2.9,-5.02294734195));
#1411 = CARTESIAN_POINT('',(-11.6,1.998401444325E-15));
#1412 = CARTESIAN_POINT('',(-2.9,5.02294734195));
#1413 = CARTESIAN_POINT('',(5.8,10.045894683899));
#1414 = CARTESIAN_POINT('',(5.8,-7.102951435055E-16));
#1415 = ( GEOMETRIC_REPRESENTATION_CONTEXT(2) 
PARAMETRIC_REPRESENTATION_CONTEXT() REPRESENTATION_CONTEXT('2D SPACE',''
  ) );
#1416 = ORIENTED_EDGE('',*,*,#1363,.T.);
#1417 = ADVANCED_FACE('',(#1418,#1421),#1401,.T.);
#1418 = FACE_BOUND('',#1419,.F.);
#1419 = EDGE_LOOP('',(#1420));
#1420 = ORIENTED_EDGE('',*,*,#1386,.T.);
#1421 = FACE_BOUND('',#1422,.F.);
#1422 = EDGE_LOOP('',(#1423,#1458,#1656));
#1423 = ORIENTED_EDGE('',*,*,#1424,.F.);
#1424 = EDGE_CURVE('',#1425,#1427,#1429,.T.);
#1425 = VERTEX_POINT('',#1426);
#1426 = CARTESIAN_POINT('',(-3.613096818446,-17.1,-3.45623080545));
#1427 = VERTEX_POINT('',#1428);
#1428 = CARTESIAN_POINT('',(-3.469480827445,-17.1,3.600375367652));
#1429 = SURFACE_CURVE('',#1430,(#1435,#1446),.PCURVE_S1.);
#1430 = CIRCLE('',#1431,5.);
#1431 = AXIS2_PLACEMENT_3D('',#1432,#1433,#1434);
#1432 = CARTESIAN_POINT('',(0.,-17.1,0.));
#1433 = DIRECTION('',(0.,1.,0.));
#1434 = DIRECTION('',(-0.722619363689,0.,-0.69124616109));
#1435 = PCURVE('',#1401,#1436);
#1436 = DEFINITIONAL_REPRESENTATION('',(#1437),#1445);
#1437 = ( BOUNDED_CURVE() B_SPLINE_CURVE(2,(#1438,#1439,#1440,#1441,
#1442,#1443,#1444),.UNSPECIFIED.,.T.,.F.) B_SPLINE_CURVE_WITH_KNOTS((1,2
    ,2,2,2,1),(-2.094395102393,0.,2.094395102393,4.188790204786,
6.28318530718,8.377580409573),.UNSPECIFIED.) CURVE() 
GEOMETRIC_REPRESENTATION_ITEM() RATIONAL_B_SPLINE_CURVE((1.,0.5,1.,0.5,
1.,0.5,1.)) REPRESENTATION_ITEM('') );
#1438 = CARTESIAN_POINT('',(-3.613096818446,-3.45623080545));
#1439 = CARTESIAN_POINT('',(-9.599464176169,2.801836456764));
#1440 = CARTESIAN_POINT('',(-1.186635269639,4.857149033831));
#1441 = CARTESIAN_POINT('',(7.226193636891,6.912461610899));
#1442 = CARTESIAN_POINT('',(4.799732088084,-1.400918228382));
#1443 = CARTESIAN_POINT('',(2.373270539278,-9.714298067663));
#1444 = CARTESIAN_POINT('',(-3.613096818446,-3.45623080545));
#1445 = ( GEOMETRIC_REPRESENTATION_CONTEXT(2) 
PARAMETRIC_REPRESENTATION_CONTEXT() REPRESENTATION_CONTEXT('2D SPACE',''
  ) );
#1446 = PCURVE('',#1447,#1452);
#1447 = CYLINDRICAL_SURFACE('',#1448,5.);
#1448 = AXIS2_PLACEMENT_3D('',#1449,#1450,#1451);
#1449 = CARTESIAN_POINT('',(0.,-17.2925,0.));
#1450 = DIRECTION('',(0.,1.,0.));
#1451 = DIRECTION('',(-0.999792962546,0.,2.034777736978E-02));
#1452 = DEFINITIONAL_REPRESENTATION('',(#1453),#1457);
#1453 = LINE('',#1454,#1455);
#1454 = CARTESIAN_POINT('',(-0.783561320807,0.1925));
#1455 = VECTOR('',#1456,1.);
#1456 = DIRECTION('',(1.,0.));
#1457 = ( GEOMETRIC_REPRESENTATION_CONTEXT(2) 
PARAMETRIC_REPRESENTATION_CONTEXT() REPRESENTATION_CONTEXT('2D SPACE',''
  ) );
#1458 = ORIENTED_EDGE('',*,*,#1459,.F.);
#1459 = EDGE_CURVE('',#1460,#1425,#1462,.T.);
#1460 = VERTEX_POINT('',#1461);
#1461 = CARTESIAN_POINT('',(4.674019399249,-17.1,-9.512562011272E-02));
#1462 = SURFACE_CURVE('',#1463,(#1483,#1506),.PCURVE_S1.);
#1463 = B_SPLINE_CURVE_WITH_KNOTS('',3,(#1464,#1465,#1466,#1467,#1468,
    #1469,#1470,#1471,#1472,#1473,#1474,#1475,#1476,#1477,#1478,#1479,
    #1480,#1481,#1482),.UNSPECIFIED.,.F.,.F.,(4,1,1,1,1,1,1,1,1,1,1,1,1,
    1,1,1,4),(0.,6.25E-02,0.125,0.1875,0.25,0.3125,0.375,0.4375,0.5,
    0.5625,0.625,0.6875,0.75,0.8125,0.875,0.9375,1.),
  .QUASI_UNIFORM_KNOTS.);
#1464 = CARTESIAN_POINT('',(4.674019399249,-17.1,-9.512562011272E-02));
#1465 = CARTESIAN_POINT('',(4.676189571492,-17.1,-0.332941191927));
#1466 = CARTESIAN_POINT('',(4.644832017957,-17.1,-0.803511955003));
#1467 = CARTESIAN_POINT('',(4.4891604204,-17.1,-1.505286437113));
#1468 = CARTESIAN_POINT('',(4.231792582319,-17.1,-2.169659316326));
#1469 = CARTESIAN_POINT('',(3.871500072117,-17.1,-2.797768863213));
#1470 = CARTESIAN_POINT('',(3.424387994085,-17.1,-3.359665365169));
#1471 = CARTESIAN_POINT('',(2.890361327022,-17.1,-3.85522439573));
#1472 = CARTESIAN_POINT('',(2.290555803694,-17.1,-4.262261944747));
#1473 = CARTESIAN_POINT('',(1.636561581485,-17.1,-4.575711235495));
#1474 = CARTESIAN_POINT('',(0.936120034122,-17.1,-4.789922331663));
#1475 = CARTESIAN_POINT('',(0.20427558404,-17.1,-4.897752609028));
#1476 = CARTESIAN_POINT('',(-0.545551081172,-17.1,-4.89220116774));
#1477 = CARTESIAN_POINT('',(-1.256884584876,-17.1,-4.778320896537));
#1478 = CARTESIAN_POINT('',(-1.917156283108,-17.1,-4.573367596553));
#1479 = CARTESIAN_POINT('',(-2.528888661635,-17.1,-4.287199241489));
#1480 = CARTESIAN_POINT('',(-3.101085164798,-17.1,-3.917757339252));
#1481 = CARTESIAN_POINT('',(-3.448163992987,-17.1,-3.619400572289));
#1482 = CARTESIAN_POINT('',(-3.613096807551,-17.1,-3.456230815979));
#1483 = PCURVE('',#1401,#1484);
#1484 = DEFINITIONAL_REPRESENTATION('',(#1485),#1505);
#1485 = B_SPLINE_CURVE_WITH_KNOTS('',3,(#1486,#1487,#1488,#1489,#1490,
    #1491,#1492,#1493,#1494,#1495,#1496,#1497,#1498,#1499,#1500,#1501,
    #1502,#1503,#1504),.UNSPECIFIED.,.F.,.F.,(4,1,1,1,1,1,1,1,1,1,1,1,1,
    1,1,1,4),(0.,6.25E-02,0.125,0.1875,0.25,0.3125,0.375,0.4375,0.5,
    0.5625,0.625,0.6875,0.75,0.8125,0.875,0.9375,1.),
  .QUASI_UNIFORM_KNOTS.);
#1486 = CARTESIAN_POINT('',(4.674019399249,-9.512562011272E-02));
#1487 = CARTESIAN_POINT('',(4.676189571492,-0.332941191927));
#1488 = CARTESIAN_POINT('',(4.644832017957,-0.803511955003));
#1489 = CARTESIAN_POINT('',(4.4891604204,-1.505286437113));
#1490 = CARTESIAN_POINT('',(4.231792582319,-2.169659316326));
#1491 = CARTESIAN_POINT('',(3.871500072117,-2.797768863213));
#1492 = CARTESIAN_POINT('',(3.424387994085,-3.359665365169));
#1493 = CARTESIAN_POINT('',(2.890361327022,-3.85522439573));
#1494 = CARTESIAN_POINT('',(2.290555803694,-4.262261944747));
#1495 = CARTESIAN_POINT('',(1.636561581485,-4.575711235495));
#1496 = CARTESIAN_POINT('',(0.936120034122,-4.789922331663));
#1497 = CARTESIAN_POINT('',(0.20427558404,-4.897752609028));
#1498 = CARTESIAN_POINT('',(-0.545551081172,-4.89220116774));
#1499 = CARTESIAN_POINT('',(-1.256884584876,-4.778320896537));
#1500 = CARTESIAN_POINT('',(-1.917156283108,-4.573367596553));
#1501 = CARTESIAN_POINT('',(-2.528888661635,-4.287199241489));
#1502 = CARTESIAN_POINT('',(-3.101085164798,-3.917757339252));
#1503 = CARTESIAN_POINT('',(-3.448163992987,-3.619400572289));
#1504 = CARTESIAN_POINT('',(-3.613096807551,-3.456230815979));
#1505 = ( GEOMETRIC_REPRESENTATION_CONTEXT(2) 
PARAMETRIC_REPRESENTATION_CONTEXT() REPRESENTATION_CONTEXT('2D SPACE',''
  ) );
#1506 = PCURVE('',#1507,#1584);
#1507 = B_SPLINE_SURFACE_WITH_KNOTS('',3,3,(
    (#1508,#1509,#1510,#1511,#1512,#1513,#1514,#1515,#1516,#1517,#1518
      ,#1519,#1520,#1521,#1522,#1523,#1524,#1525,#1526)
    ,(#1527,#1528,#1529,#1530,#1531,#1532,#1533,#1534,#1535,#1536,#1537
      ,#1538,#1539,#1540,#1541,#1542,#1543,#1544,#1545)
    ,(#1546,#1547,#1548,#1549,#1550,#1551,#1552,#1553,#1554,#1555,#1556
      ,#1557,#1558,#1559,#1560,#1561,#1562,#1563,#1564)
    ,(#1565,#1566,#1567,#1568,#1569,#1570,#1571,#1572,#1573,#1574,#1575
      ,#1576,#1577,#1578,#1579,#1580,#1581,#1582,#1583
  )),.UNSPECIFIED.,.F.,.F.,.F.,(4,4),(4,1,1,1,1,1,1,1,1,1,1,1,1,1,1,1,4)
  ,(-5.820701842855E-02,0.808791702139),(-9.721207205288E-03,
    2.18727162119E-02,5.346663962909E-02,8.506056304627E-02,
    0.116654486464,0.148248409881,0.179842333298,0.211436256715,
    0.243030180132,0.274624103549,0.306218026967,0.337811950384,
    0.369405873801,0.400999797218,0.432593720635,0.464187644053,
    0.49578156747),.UNSPECIFIED.);
#1508 = CARTESIAN_POINT('',(-3.748154765021,-16.38746218122,
    -2.75169348922));
#1509 = CARTESIAN_POINT('',(-3.235472136684,-16.40228868258,
    -3.450032110099));
#1510 = CARTESIAN_POINT('',(-1.810508232186,-16.43194168531,
    -4.551250280936));
#1511 = CARTESIAN_POINT('',(0.878766356976,-16.4764211894,
    -4.818848247787));
#1512 = CARTESIAN_POINT('',(3.300365667876,-16.52090069349,
    -3.619450627983));
#1513 = CARTESIAN_POINT('',(4.717484443051,-16.56538019758,
    -1.318472123348));
#1514 = CARTESIAN_POINT('',(4.69872352212,-16.60985970167,1.383830925335
    ));
#1515 = CARTESIAN_POINT('',(3.249811788325,-16.65433920576,
    3.664930741103));
#1516 = CARTESIAN_POINT('',(0.811750834917,-16.69881870984,
    4.830533703525));
#1517 = CARTESIAN_POINT('',(-1.873383169724,-16.74329821393,
    4.525862318237));
#1518 = CARTESIAN_POINT('',(-3.988313932942,-16.78777771802,
    2.84365033912));
#1519 = CARTESIAN_POINT('',(-4.889317870767,-16.83225722211,
    0.295913425198));
#1520 = CARTESIAN_POINT('',(-4.30215596319,-16.8767367262,
    -2.341889159552));
#1521 = CARTESIAN_POINT('',(-2.405541933851,-16.92121623029,
    -4.266895383644));
#1522 = CARTESIAN_POINT('',(0.223245332496,-16.96569573438,
    -4.893158275758));
#1523 = CARTESIAN_POINT('',(2.784097191639,-17.01017523847,
    -4.030177610585));
#1524 = CARTESIAN_POINT('',(4.497498696839,-17.05465474256,
    -1.940186756595));
#1525 = CARTESIAN_POINT('',(4.727290977599,-17.08430774528,
    -0.154017924541));
#1526 = CARTESIAN_POINT('',(4.596429211709,-17.09913424665,
    0.702367213722));
#1527 = CARTESIAN_POINT('',(-3.849029562329,-16.4597120746,
    -2.825750335957));
#1528 = CARTESIAN_POINT('',(-3.322549009557,-16.47453857596,
    -3.542883476073));
#1529 = CARTESIAN_POINT('',(-1.859234782288,-16.50419157869,
    -4.673738939588));
#1530 = CARTESIAN_POINT('',(0.902416761962,-16.54867108278,
    -4.948538821076));
#1531 = CARTESIAN_POINT('',(3.389189032615,-16.59315058687,
    -3.716861586536));
#1532 = CARTESIAN_POINT('',(4.844446993113,-16.63763009096,
    -1.353956412695));
#1533 = CARTESIAN_POINT('',(4.825181155973,-16.68210959505,
    1.421074228468));
#1534 = CARTESIAN_POINT('',(3.337274586952,-16.72658909914,
    3.763565714532));
#1535 = CARTESIAN_POINT('',(0.833597638496,-16.77106860323,
    4.960538769692));
#1536 = CARTESIAN_POINT('',(-1.923801884898,-16.81554810731,
    4.647667705852));
#1537 = CARTESIAN_POINT('',(-4.095652179308,-16.8600276114,
    2.920182037931));
#1538 = CARTESIAN_POINT('',(-5.020905006334,-16.90450711549,
    0.303877399115));
#1539 = CARTESIAN_POINT('',(-4.417940699408,-16.94898661958,
    -2.404916864943));
#1540 = CARTESIAN_POINT('',(-2.470282738381,-16.99346612367,
    -4.381731145223));
#1541 = CARTESIAN_POINT('',(0.229253576306,-17.03794562776,
    -5.02484876887));
#1542 = CARTESIAN_POINT('',(2.859026125341,-17.08242513185,
    -4.138642542016));
#1543 = CARTESIAN_POINT('',(4.618540728953,-17.12690463594,
    -1.992403369324));
#1544 = CARTESIAN_POINT('',(4.854517452779,-17.15655763866,
    -0.158163038041));
#1545 = CARTESIAN_POINT('',(4.72013377946,-17.17138414003,0.72127015524)
  );
#1546 = CARTESIAN_POINT('',(-3.949904359637,-16.53196196798,
    -2.899807182693));
#1547 = CARTESIAN_POINT('',(-3.409625882431,-16.54678846935,
    -3.635734842046));
#1548 = CARTESIAN_POINT('',(-1.90796133239,-16.57644147207,
    -4.79622759824));
#1549 = CARTESIAN_POINT('',(0.926067166947,-16.62092097616,
    -5.078229394366));
#1550 = CARTESIAN_POINT('',(3.478012397353,-16.66540048025,
    -3.814272545088));
#1551 = CARTESIAN_POINT('',(4.971409543176,-16.70987998434,
    -1.389440702042));
#1552 = CARTESIAN_POINT('',(4.951638789826,-16.75435948843,1.4583175316)
  );
#1553 = CARTESIAN_POINT('',(3.424737385579,-16.79883899252,
    3.862200687961));
#1554 = CARTESIAN_POINT('',(0.855444442076,-16.84331849661,5.09054383586
    ));
#1555 = CARTESIAN_POINT('',(-1.974220600072,-16.88779800069,
    4.769473093468));
#1556 = CARTESIAN_POINT('',(-4.202990425674,-16.93227750478,
    2.996713736742));
#1557 = CARTESIAN_POINT('',(-5.1524921419,-16.97675700887,0.311841373033
    ));
#1558 = CARTESIAN_POINT('',(-4.533725435627,-17.02123651296,
    -2.467944570333));
#1559 = CARTESIAN_POINT('',(-2.535023542912,-17.06571601705,
    -4.496566906803));
#1560 = CARTESIAN_POINT('',(0.235261820116,-17.11019552114,
    -5.156539261981));
#1561 = CARTESIAN_POINT('',(2.933955059043,-17.15467502523,
    -4.247107473448));
#1562 = CARTESIAN_POINT('',(4.739582761067,-17.19915452932,
    -2.044619982052));
#1563 = CARTESIAN_POINT('',(4.981743927958,-17.22880753204,
    -0.162308151542));
#1564 = CARTESIAN_POINT('',(4.843838347211,-17.24363403341,
    0.740173096757));
#1565 = CARTESIAN_POINT('',(-4.050779156945,-16.60421186136,
    -2.97386402943));
#1566 = CARTESIAN_POINT('',(-3.496702755304,-16.61903836273,
    -3.72858620802));
#1567 = CARTESIAN_POINT('',(-1.956687882491,-16.64869136545,
    -4.918716256892));
#1568 = CARTESIAN_POINT('',(0.949717571933,-16.69317086954,
    -5.207919967656));
#1569 = CARTESIAN_POINT('',(3.566835762091,-16.73765037363,
    -3.911683503641));
#1570 = CARTESIAN_POINT('',(5.098372093239,-16.78212987772,
    -1.424924991389));
#1571 = CARTESIAN_POINT('',(5.07809642368,-16.82660938181,1.495560834733
    ));
#1572 = CARTESIAN_POINT('',(3.512200184207,-16.8710888859,3.960835661391
    ));
#1573 = CARTESIAN_POINT('',(0.877291245655,-16.91556838999,
    5.220548902027));
#1574 = CARTESIAN_POINT('',(-2.024639315246,-16.96004789408,
    4.891278481083));
#1575 = CARTESIAN_POINT('',(-4.31032867204,-17.00452739816,
    3.073245435553));
#1576 = CARTESIAN_POINT('',(-5.284079277466,-17.04900690225,
    0.319805346951));
#1577 = CARTESIAN_POINT('',(-4.649510171845,-17.09348640634,
    -2.530972275724));
#1578 = CARTESIAN_POINT('',(-2.599764347443,-17.13796591043,
    -4.611402668383));
#1579 = CARTESIAN_POINT('',(0.241270063926,-17.18244541452,
    -5.288229755092));
#1580 = CARTESIAN_POINT('',(3.008883992745,-17.22692491861,
    -4.35557240488));
#1581 = CARTESIAN_POINT('',(4.860624793181,-17.2714044227,-2.09683659478
    ));
#1582 = CARTESIAN_POINT('',(5.108970403138,-17.30105742543,
    -0.166453265043));
#1583 = CARTESIAN_POINT('',(4.967542914962,-17.31588392679,
    0.759076038274));
#1584 = DEFINITIONAL_REPRESENTATION('',(#1585),#1655);
#1585 = B_SPLINE_CURVE_WITH_KNOTS('',3,(#1586,#1587,#1588,#1589,#1590,
    #1591,#1592,#1593,#1594,#1595,#1596,#1597,#1598,#1599,#1600,#1601,
    #1602,#1603,#1604,#1605,#1606,#1607,#1608,#1609,#1610,#1611,#1612,
    #1613,#1614,#1615,#1616,#1617,#1618,#1619,#1620,#1621,#1622,#1623,
    #1624,#1625,#1626,#1627,#1628,#1629,#1630,#1631,#1632,#1633,#1634,
    #1635,#1636,#1637,#1638,#1639,#1640,#1641,#1642,#1643,#1644,#1645,
    #1646,#1647,#1648,#1649,#1650,#1651,#1652,#1653,#1654),
  .UNSPECIFIED.,.F.,.F.,(4,1,1,1,1,1,1,1,1,1,1,1,1,1,1,1,1,1,1,1,1,1,1,1
    ,1,1,1,1,1,1,1,1,1,1,1,1,1,1,1,1,1,1,1,1,1,1,1,1,1,1,1,1,1,1,1,1,1,1
    ,1,1,1,1,1,1,1,1,4),(0.,1.515151515152E-02,3.030303030303E-02,
    4.545454545455E-02,6.060606060606E-02,7.575757575758E-02,
    9.090909090909E-02,0.106060606061,0.121212121212,0.136363636364,
    0.151515151515,0.166666666667,0.181818181818,0.19696969697,
    0.212121212121,0.227272727273,0.242424242424,0.257575757576,
    0.272727272727,0.287878787879,0.30303030303,0.318181818182,
    0.333333333333,0.348484848485,0.363636363636,0.378787878788,
    0.393939393939,0.409090909091,0.424242424242,0.439393939394,
    0.454545454545,0.469696969697,0.484848484848,0.5,0.515151515152,
    0.530303030303,0.545454545455,0.560606060606,0.575757575758,
    0.590909090909,0.606060606061,0.621212121212,0.636363636364,
    0.651515151515,0.666666666667,0.681818181818,0.69696969697,
    0.712121212121,0.727272727273,0.742424242424,0.757575757576,
    0.772727272727,0.787878787879,0.80303030303,0.818181818182,
    0.833333333333,0.848484848485,0.863636363636,0.878787878788,
    0.893939393939,0.909090909091,0.924242424242,0.939393939394,
    0.954545454545,0.969696969697,0.984848484848,1.),
  .QUASI_UNIFORM_KNOTS.);
#1586 = CARTESIAN_POINT('',(1.535653946882E-03,0.486060780348));
#1587 = CARTESIAN_POINT('',(5.5912364232E-03,0.485364173131));
#1588 = CARTESIAN_POINT('',(1.368336622217E-02,0.48397564813));
#1589 = CARTESIAN_POINT('',(2.567338124415E-02,0.481902037511));
#1590 = CARTESIAN_POINT('',(3.738536977705E-02,0.47983267766));
#1591 = CARTESIAN_POINT('',(4.882518909826E-02,0.477762763904));
#1592 = CARTESIAN_POINT('',(6.009776468765E-02,0.475686924881));
#1593 = CARTESIAN_POINT('',(7.135854396698E-02,0.473607370402));
#1594 = CARTESIAN_POINT('',(8.268998920189E-02,0.47152736922));#1595 = CARTESIAN_POINT('',(9.411737985974E-02,0.46944978315));
#1596 = CARTESIAN_POINT('',(0.105585727187,0.467378267816));
#1597 = CARTESIAN_POINT('',(0.117077421309,0.465311142159));
#1598 = CARTESIAN_POINT('',(0.128692152835,0.463245120082));
#1599 = CARTESIAN_POINT('',(0.140464574507,0.46117763547));
#1600 = CARTESIAN_POINT('',(0.152349528419,0.45910513008));
#1601 = CARTESIAN_POINT('',(0.164388493588,0.457028587757));
#1602 = CARTESIAN_POINT('',(0.176557620408,0.454951626201));
#1603 = CARTESIAN_POINT('',(0.188773074394,0.452876972078));
#1604 = CARTESIAN_POINT('',(0.200872336376,0.450808119621));
#1605 = CARTESIAN_POINT('',(0.21271138504,0.448744959082));
#1606 = CARTESIAN_POINT('',(0.224268213014,0.446683896608));
#1607 = CARTESIAN_POINT('',(0.235568086955,0.444622215333));
#1608 = CARTESIAN_POINT('',(0.246701557889,0.442556522724));
#1609 = CARTESIAN_POINT('',(0.257812121974,0.440485795396));
#1610 = CARTESIAN_POINT('',(0.268999904974,0.438412976623));
#1611 = CARTESIAN_POINT('',(0.280317377753,0.436340294874));
#1612 = CARTESIAN_POINT('',(0.291750140682,0.434270386881));
#1613 = CARTESIAN_POINT('',(0.303294566878,0.432204993675));
#1614 = CARTESIAN_POINT('',(0.31507517284,0.430143335074));
#1615 = CARTESIAN_POINT('',(0.326994538032,0.428085028549));
#1616 = CARTESIAN_POINT('',(0.338999737844,0.426029539824));
#1617 = CARTESIAN_POINT('',(0.351035111836,0.423976264108));
#1618 = CARTESIAN_POINT('',(0.363012215877,0.421924020924));
#1619 = CARTESIAN_POINT('',(0.374872366112,0.419871598366));
#1620 = CARTESIAN_POINT('',(0.386580863743,0.417817717921));
#1621 = CARTESIAN_POINT('',(0.398131568356,0.415761061845));
#1622 = CARTESIAN_POINT('',(0.409556604797,0.413701520041));
#1623 = CARTESIAN_POINT('',(0.420888022514,0.41163898163));
#1624 = CARTESIAN_POINT('',(0.432160551291,0.409573327767));
#1625 = CARTESIAN_POINT('',(0.443411404538,0.407504455655));
#1626 = CARTESIAN_POINT('',(0.45467975819,0.405432019166));
#1627 = CARTESIAN_POINT('',(0.466013440037,0.403355581422));
#1628 = CARTESIAN_POINT('',(0.477474351095,0.401274954913));
#1629 = CARTESIAN_POINT('',(0.489121945822,0.39918910992));
#1630 = CARTESIAN_POINT('',(0.501049438743,0.397103201963));
#1631 = CARTESIAN_POINT('',(0.513249445413,0.395024377105));
#1632 = CARTESIAN_POINT('',(0.52557304823,0.392958994099));
#1633 = CARTESIAN_POINT('',(0.537670322736,0.390914333483));
#1634 = CARTESIAN_POINT('',(0.549402787825,0.38889222881));
#1635 = CARTESIAN_POINT('',(0.56083208654,0.386891706001));
#1636 = CARTESIAN_POINT('',(0.571982007928,0.384912599225));
#1637 = CARTESIAN_POINT('',(0.582901330973,0.382955087363));
#1638 = CARTESIAN_POINT('',(0.593591749243,0.381017963998));
#1639 = CARTESIAN_POINT('',(0.604057002687,0.379098541123));
#1640 = CARTESIAN_POINT('',(0.614352336367,0.377194582561));
#1641 = CARTESIAN_POINT('',(0.624594075903,0.375304107247));
#1642 = CARTESIAN_POINT('',(0.634847893025,0.373424609128));
#1643 = CARTESIAN_POINT('',(0.645090204648,0.371552330248));
#1644 = CARTESIAN_POINT('',(0.655391217455,0.369683878999));
#1645 = CARTESIAN_POINT('',(0.665905853331,0.367815680604));
#1646 = CARTESIAN_POINT('',(0.676665949617,0.365945240457));
#1647 = CARTESIAN_POINT('',(0.687590392222,0.364073131675));
#1648 = CARTESIAN_POINT('',(0.698612116607,0.362199386926));
#1649 = CARTESIAN_POINT('',(0.709659459175,0.360324158402));
#1650 = CARTESIAN_POINT('',(0.720654940921,0.358447171495));
#1651 = CARTESIAN_POINT('',(0.731531270255,0.356565533174));
#1652 = CARTESIAN_POINT('',(0.742275737942,0.354676492426));
#1653 = CARTESIAN_POINT('',(0.749393290279,0.353410297702));
#1654 = CARTESIAN_POINT('',(0.752947690722,0.352775021627));
#1655 = ( GEOMETRIC_REPRESENTATION_CONTEXT(2) 
PARAMETRIC_REPRESENTATION_CONTEXT() REPRESENTATION_CONTEXT('2D SPACE',''
  ) );
#1656 = ORIENTED_EDGE('',*,*,#1657,.F.);
#1657 = EDGE_CURVE('',#1427,#1460,#1658,.T.);
#1658 = SURFACE_CURVE('',#1659,(#1679,#1702),.PCURVE_S1.);
#1659 = B_SPLINE_CURVE_WITH_KNOTS('',3,(#1660,#1661,#1662,#1663,#1664,
    #1665,#1666,#1667,#1668,#1669,#1670,#1671,#1672,#1673,#1674,#1675,
    #1676,#1677,#1678),.UNSPECIFIED.,.F.,.F.,(4,1,1,1,1,1,1,1,1,1,1,1,1,
    1,1,1,4),(0.,6.25E-02,0.125,0.1875,0.25,0.3125,0.375,0.4375,0.5,
    0.5625,0.625,0.6875,0.75,0.8125,0.875,0.9375,1.),
  .QUASI_UNIFORM_KNOTS.);
#1660 = CARTESIAN_POINT('',(-3.469480820164,-17.1,3.600375374135));
#1661 = CARTESIAN_POINT('',(-3.282071265877,-17.1,3.771265714506));
#1662 = CARTESIAN_POINT('',(-2.88712941849,-17.1,4.080083593997));
#1663 = CARTESIAN_POINT('',(-2.225484436091,-17.1,4.451920385643));
#1664 = CARTESIAN_POINT('',(-1.526365222684,-17.1,4.71554243264));
#1665 = CARTESIAN_POINT('',(-0.787714004938,-17.1,4.872144453448));
#1666 = CARTESIAN_POINT('',(-4.483067842708E-02,-17.1,4.914227224429));
#1667 = CARTESIAN_POINT('',(0.701448937509,-17.1,4.843014084309));
#1668 = CARTESIAN_POINT('',(1.420422252199,-17.1,4.660423331662));
#1669 = CARTESIAN_POINT('',(2.096852606109,-17.1,4.374720557846));
#1670 = CARTESIAN_POINT('',(2.725838713611,-17.1,3.988023140692));
#1671 = CARTESIAN_POINT('',(3.293900402489,-17.1,3.505300132032));
#1672 = CARTESIAN_POINT('',(3.784459221589,-17.1,2.932552569859));
#1673 = CARTESIAN_POINT('',(4.156668272468,-17.1,2.328254291407));
#1674 = CARTESIAN_POINT('',(4.416549485349,-17.1,1.729713006521));
#1675 = CARTESIAN_POINT('',(4.585895659156,-17.1,1.135835235927));
#1676 = CARTESIAN_POINT('',(4.676921882351,-17.1,0.529364436314));
#1677 = CARTESIAN_POINT('',(4.68447876024,-17.1,0.11462868973));
#1678 = CARTESIAN_POINT('',(4.674019399249,-17.1,-9.512562011272E-02));
#1679 = PCURVE('',#1401,#1680);
#1680 = DEFINITIONAL_REPRESENTATION('',(#1681),#1701);
#1681 = B_SPLINE_CURVE_WITH_KNOTS('',3,(#1682,#1683,#1684,#1685,#1686,
    #1687,#1688,#1689,#1690,#1691,#1692,#1693,#1694,#1695,#1696,#1697,
    #1698,#1699,#1700),.UNSPECIFIED.,.F.,.F.,(4,1,1,1,1,1,1,1,1,1,1,1,1,
    1,1,1,4),(0.,6.25E-02,0.125,0.1875,0.25,0.3125,0.375,0.4375,0.5,
    0.5625,0.625,0.6875,0.75,0.8125,0.875,0.9375,1.),
  .QUASI_UNIFORM_KNOTS.);
#1682 = CARTESIAN_POINT('',(-3.469480820164,3.600375374135));
#1683 = CARTESIAN_POINT('',(-3.282071265877,3.771265714506));
#1684 = CARTESIAN_POINT('',(-2.88712941849,4.080083593997));
#1685 = CARTESIAN_POINT('',(-2.225484436091,4.451920385643));
#1686 = CARTESIAN_POINT('',(-1.526365222684,4.71554243264));
#1687 = CARTESIAN_POINT('',(-0.787714004938,4.872144453448));
#1688 = CARTESIAN_POINT('',(-4.483067842708E-02,4.914227224429));
#1689 = CARTESIAN_POINT('',(0.701448937509,4.843014084309));
#1690 = CARTESIAN_POINT('',(1.420422252199,4.660423331662));
#1691 = CARTESIAN_POINT('',(2.096852606109,4.374720557846));
#1692 = CARTESIAN_POINT('',(2.725838713611,3.988023140692));
#1693 = CARTESIAN_POINT('',(3.293900402489,3.505300132032));
#1694 = CARTESIAN_POINT('',(3.784459221589,2.932552569859));
#1695 = CARTESIAN_POINT('',(4.156668272468,2.328254291407));
#1696 = CARTESIAN_POINT('',(4.416549485349,1.729713006521));
#1697 = CARTESIAN_POINT('',(4.585895659156,1.135835235927));
#1698 = CARTESIAN_POINT('',(4.676921882351,0.529364436314));
#1699 = CARTESIAN_POINT('',(4.68447876024,0.11462868973));
#1700 = CARTESIAN_POINT('',(4.674019399249,-9.512562011272E-02));
#1701 = ( GEOMETRIC_REPRESENTATION_CONTEXT(2) 
PARAMETRIC_REPRESENTATION_CONTEXT() REPRESENTATION_CONTEXT('2D SPACE',''
  ) );
#1702 = PCURVE('',#1703,#1844);
#1703 = B_SPLINE_SURFACE_WITH_KNOTS('',3,3,(
    (#1704,#1705,#1706,#1707,#1708,#1709,#1710,#1711,#1712,#1713,#1714
      ,#1715,#1716,#1717,#1718,#1719,#1720,#1721,#1722,#1723,#1724,#1725
      ,#1726,#1727,#1728,#1729,#1730,#1731,#1732,#1733,#1734,#1735,#1736
      ,#1737,#1738)
    ,(#1739,#1740,#1741,#1742,#1743,#1744,#1745,#1746,#1747,#1748,#1749
      ,#1750,#1751,#1752,#1753,#1754,#1755,#1756,#1757,#1758,#1759,#1760
      ,#1761,#1762,#1763,#1764,#1765,#1766,#1767,#1768,#1769,#1770,#1771
      ,#1772,#1773)
    ,(#1774,#1775,#1776,#1777,#1778,#1779,#1780,#1781,#1782,#1783,#1784
      ,#1785,#1786,#1787,#1788,#1789,#1790,#1791,#1792,#1793,#1794,#1795
      ,#1796,#1797,#1798,#1799,#1800,#1801,#1802,#1803,#1804,#1805,#1806
      ,#1807,#1808)
    ,(#1809,#1810,#1811,#1812,#1813,#1814,#1815,#1816,#1817,#1818,#1819
      ,#1820,#1821,#1822,#1823,#1824,#1825,#1826,#1827,#1828,#1829,#1830
      ,#1831,#1832,#1833,#1834,#1835,#1836,#1837,#1838,#1839,#1840,#1841
      ,#1842,#1843
    )),.UNSPECIFIED.,.F.,.F.,.F.,(4,4),(4,1,1,1,1,1,1,1,1,1,1,1,1,1,1,1,
    1,1,1,1,1,1,1,1,1,1,1,1,1,1,1,1,4),(0.191208297861,1.058207018429),(
    -1.238691981842E-02,7.741824886513E-03,2.787056959145E-02,
    4.799931429638E-02,6.812805900132E-02,8.825680370625E-02,
    0.108385548411,0.128514293116,0.148643037821,0.168771782526,
    0.188900527231,0.209029271936,0.229158016641,0.249286761346,
    0.269415506051,0.289544250756,0.30967299546,0.329801740166,
    0.34993048487,0.370059229575,0.39018797428,0.410316718985,
    0.43044546369,0.450574208395,0.4707029531,0.490831697805,
    0.51096044251,0.531089187215,0.55121793192,0.571346676625,
    0.59147542133,0.611604166035,0.631732910739),.UNSPECIFIED.);
#1704 = CARTESIAN_POINT('',(-4.186472580895,-16.19606308687,
    -2.779591044252));
#1705 = CARTESIAN_POINT('',(-3.856526799316,-16.20550917107,
    -3.276537877715));
#1706 = CARTESIAN_POINT('',(-3.017893716675,-16.22440133947,
    -4.151531886084));
#1707 = CARTESIAN_POINT('',(-1.381179853291,-16.25273959207,
    -4.943215218288));
#1708 = CARTESIAN_POINT('',(0.428821380637,-16.28107784467,
    -5.114595326267));
#1709 = CARTESIAN_POINT('',(2.185020342982,-16.30941609727,
    -4.644209335597));
#1710 = CARTESIAN_POINT('',(3.667043305475,-16.33775434987,
    -3.591069679454));
#1711 = CARTESIAN_POINT('',(4.688929320916,-16.36609260247,
    -2.087326392887));
#1712 = CARTESIAN_POINT('',(5.122452497885,-16.39443085507,
    -0.321667057276));
#1713 = CARTESIAN_POINT('',(4.913214872449,-16.42276910767,
    1.484354732192));
#1714 = CARTESIAN_POINT('',(4.08747135947,-16.45110736027,3.104121008016
    ));
#1715 = CARTESIAN_POINT('',(2.74883553871,-16.47944561287,4.334384907555
    ));
#1716 = CARTESIAN_POINT('',(1.065278252451,-16.50778386547,
    5.020774003245));
#1717 = CARTESIAN_POINT('',(-0.751949211518,-16.53612211807,
    5.077160794149));
#1718 = CARTESIAN_POINT('',(-2.474822750047,-16.56446037067,
    4.496469915651));
#1719 = CARTESIAN_POINT('',(-3.887157707286,-16.59279862327,
    3.351565948202));
#1720 = CARTESIAN_POINT('',(-4.811735535415,-16.62113687587,
    1.78611043435));
#1721 = CARTESIAN_POINT('',(-5.132541022018,-16.64947512847,
    -3.464645350424E-03));
#1722 = CARTESIAN_POINT('',(-4.809319776888,-16.67781338107,
    -1.7926049844));
#1723 = CARTESIAN_POINT('',(-3.882629317487,-16.70615163367,
    -3.356810827175));
#1724 = CARTESIAN_POINT('',(-2.468749947344,-16.73448988627,
    -4.499807000749));
#1725 = CARTESIAN_POINT('',(-0.745094005851,-16.76282813887,
    -5.078171350869));
#1726 = CARTESIAN_POINT('',(1.072055675906,-16.79116639147,
    -5.01933122782));
#1727 = CARTESIAN_POINT('',(2.754684754821,-16.81950464407,
    -4.330669838174));
#1728 = CARTESIAN_POINT('',(4.091658413747,-16.84784289667,
    -3.098599808318));
#1729 = CARTESIAN_POINT('',(4.915214377001,-16.87618114927,
    -1.477720197455));
#1730 = CARTESIAN_POINT('',(5.122013556655,-16.90451940187,
    0.328582431461));
#1731 = CARTESIAN_POINT('',(4.686107011803,-16.93285765447,
    2.093654871491));
#1732 = CARTESIAN_POINT('',(3.662191769572,-16.96119590707,
    3.596017170398));
#1733 = CARTESIAN_POINT('',(2.178748345892,-16.98953415967,
    4.647155032637));
#1734 = CARTESIAN_POINT('',(0.421915930228,-17.01787241227,
    5.115169603814));
#1735 = CARTESIAN_POINT('',(-1.387852279094,-17.04621066487,
    4.941346024401));
#1736 = CARTESIAN_POINT('',(-3.023495823278,-17.07454891747,
    4.147453736082));
#1737 = CARTESIAN_POINT('',(-3.860946838835,-17.09344108587,
    3.271328312113));
#1738 = CARTESIAN_POINT('',(-4.190221406913,-17.10288717007,
    2.773936481775));
#1739 = CARTESIAN_POINT('',(-4.082218669074,-16.26831298026,
    -2.710372093447));
#1740 = CARTESIAN_POINT('',(-3.760489384261,-16.27775906446,
    -3.194943675345));
#1741 = CARTESIAN_POINT('',(-2.942740417724,-16.29665123286,
    -4.048148087239));
#1742 = CARTESIAN_POINT('',(-1.346784930155,-16.32498948545,
    -4.820116472621));
#1743 = CARTESIAN_POINT('',(0.418142627692,-16.35332773805,
    -4.987228776065));
#1744 = CARTESIAN_POINT('',(2.130607728601,-16.38166599065,
    -4.528556603805));
#1745 = CARTESIAN_POINT('',(3.575724515724,-16.41000424325,
    -3.501642827977));
#1746 = CARTESIAN_POINT('',(4.572162946716,-16.43834249585,
    -2.035346608594));
#1747 = CARTESIAN_POINT('',(4.994890283944,-16.46668074845,
    -0.313656721994));
#1748 = CARTESIAN_POINT('',(4.790863212389,-16.49501900105,
    1.447390489773));
#1749 = CARTESIAN_POINT('',(3.985682832149,-16.52335725365,
    3.026820428209));
#1750 = CARTESIAN_POINT('',(2.680382478926,-16.55169550625,
    4.226447599184));
#1751 = CARTESIAN_POINT('',(1.038750089934,-16.58003375885,
    4.895743844779));
#1752 = CARTESIAN_POINT('',(-0.733223746278,-16.60837201145,
    4.950726459872));
#1753 = CARTESIAN_POINT('',(-2.413193311953,-16.63671026405,
    4.384496274588));
#1754 = CARTESIAN_POINT('',(-3.790357504008,-16.66504851665,
    3.268103354318));
#1755 = CARTESIAN_POINT('',(-4.691910971293,-16.69338676925,
    1.741631700493));
#1756 = CARTESIAN_POINT('',(-5.004727577934,-16.72172502185,
    -3.378366789207E-03));
#1757 = CARTESIAN_POINT('',(-4.689555371354,-16.75006327445,
    -1.747964519579));
#1758 = CARTESIAN_POINT('',(-3.785941882737,-16.77840152705,
    -3.273217622344));
#1759 = CARTESIAN_POINT('',(-2.407271737624,-16.80673977965,
    -4.387750257703));
#1760 = CARTESIAN_POINT('',(-0.726539252827,-16.83507803225,
    -4.951711851137));
#1761 = CARTESIAN_POINT('',(1.045358738151,-16.86341628485,
    -4.894336998164));
#1762 = CARTESIAN_POINT('',(2.686086034544,-16.89175453745,
    -4.222825044566));
#1763 = CARTESIAN_POINT('',(3.989765618028,-16.92009279005,
    -3.021436720554));
#1764 = CARTESIAN_POINT('',(4.792812924145,-16.94843104265,
    -1.440921171979));
#1765 = CARTESIAN_POINT('',(4.994462273478,-16.97676929525,
    0.320399885612));
#1766 = CARTESIAN_POINT('',(4.569410920344,-17.00510754785,
    2.041517491838));
#1767 = CARTESIAN_POINT('',(3.570993795517,-17.03344580045,
    3.506467113699));
#1768 = CARTESIAN_POINT('',(2.124491920335,-17.06178405305,
    4.531428945429));
#1769 = CARTESIAN_POINT('',(0.41140914072,-17.09012230565,4.987788752628
    ));
#1770 = CARTESIAN_POINT('',(-1.353291195431,-17.11846055825,
    4.818293826459));
#1771 = CARTESIAN_POINT('',(-2.948203017494,-17.14679881085,
    4.044171493638));
#1772 = CARTESIAN_POINT('',(-3.764799353452,-17.16569097925,
    3.189863841297));
#1773 = CARTESIAN_POINT('',(-4.085874139703,-17.17513706345,
    2.704858344088));
#1774 = CARTESIAN_POINT('',(-3.977964757254,-16.34056287364,
    -2.641153142642));
#1775 = CARTESIAN_POINT('',(-3.664451969205,-16.35000895784,
    -3.113349472976));
#1776 = CARTESIAN_POINT('',(-2.867587118773,-16.36890112624,
    -3.944764288394));
#1777 = CARTESIAN_POINT('',(-1.312390007018,-16.39723937884,
    -4.697017726954));
#1778 = CARTESIAN_POINT('',(0.407463874746,-16.42557763144,
    -4.859862225863));
#1779 = CARTESIAN_POINT('',(2.076195114219,-16.45391588403,
    -4.412903872014));
#1780 = CARTESIAN_POINT('',(3.484405725973,-16.48225413663,-3.4122159765
    ));
#1781 = CARTESIAN_POINT('',(4.455396572517,-16.51059238923,
    -1.983366824301));
#1782 = CARTESIAN_POINT('',(4.867328070004,-16.53893064183,
    -0.305646386711));
#1783 = CARTESIAN_POINT('',(4.668511552329,-16.56726889443,
    1.410426247354));
#1784 = CARTESIAN_POINT('',(3.883894304828,-16.59560714703,
    2.949519848402));
#1785 = CARTESIAN_POINT('',(2.611929419143,-16.62394539963,
    4.118510290814));
#1786 = CARTESIAN_POINT('',(1.012221927418,-16.65228365223,
    4.770713686312));
#1787 = CARTESIAN_POINT('',(-0.714498281038,-16.68062190483,
    4.824292125596));
#1788 = CARTESIAN_POINT('',(-2.351563873859,-16.70896015743,
    4.272522633526));
#1789 = CARTESIAN_POINT('',(-3.69355730073,-16.73729841003,
    3.184640760434));
#1790 = CARTESIAN_POINT('',(-4.572086407171,-16.76563666263,
    1.697152966636));
#1791 = CARTESIAN_POINT('',(-4.876914133851,-16.79397491523,
    -3.292088227991E-03));
#1792 = CARTESIAN_POINT('',(-4.569790965819,-16.82231316783,
    -1.703324054758));
#1793 = CARTESIAN_POINT('',(-3.689254447987,-16.85065142043,
    -3.189624417513));
#1794 = CARTESIAN_POINT('',(-2.345793527903,-16.87898967303,
    -4.275693514657));
#1795 = CARTESIAN_POINT('',(-0.707984499802,-16.90732792563,
    -4.825252351404));
#1796 = CARTESIAN_POINT('',(1.018661800397,-16.93566617823,
    -4.769342768508));
#1797 = CARTESIAN_POINT('',(2.617487314268,-16.96400443083,
    -4.114980250958));
#1798 = CARTESIAN_POINT('',(3.88787282231,-16.99234268343,
    -2.944273632789));
#1799 = CARTESIAN_POINT('',(4.67041147129,-17.02068093603,
    -1.404122146502));
#1800 = CARTESIAN_POINT('',(4.8669109903,-17.04901918863,0.312217339764)
  );
#1801 = CARTESIAN_POINT('',(4.452714828885,-17.07735744123,
    1.989380112186));
#1802 = CARTESIAN_POINT('',(3.479795821462,-17.10569569383,3.416917057)
  );
#1803 = CARTESIAN_POINT('',(2.070235494778,-17.13403394643,
    4.415702858222));
#1804 = CARTESIAN_POINT('',(0.400902351213,-17.16237219903,
    4.860407901441));
#1805 = CARTESIAN_POINT('',(-1.318730111767,-17.19071045163,
    4.695241628517));
#1806 = CARTESIAN_POINT('',(-2.872910211711,-17.21904870423,
    3.940889251195));
#1807 = CARTESIAN_POINT('',(-3.668651868068,-17.23794087263,
    3.108399370481));
#1808 = CARTESIAN_POINT('',(-3.981526872493,-17.24738695683,2.6357802064
    ));
#1809 = CARTESIAN_POINT('',(-3.873710845433,-16.41281276702,
    -2.571934191836));
#1810 = CARTESIAN_POINT('',(-3.56841455415,-16.42225885122,
    -3.031755270606));
#1811 = CARTESIAN_POINT('',(-2.792433819822,-16.44115101962,
    -3.841380489549));
#1812 = CARTESIAN_POINT('',(-1.277995083881,-16.46948927222,
    -4.573918981287));
#1813 = CARTESIAN_POINT('',(0.396785121801,-16.49782752482,
    -4.732495675662));
#1814 = CARTESIAN_POINT('',(2.021782499837,-16.52616577742,
    -4.297251140223));
#1815 = CARTESIAN_POINT('',(3.393086936223,-16.55450403002,
    -3.322789125023));
#1816 = CARTESIAN_POINT('',(4.338630198317,-16.58284228261,
    -1.931387040007));
#1817 = CARTESIAN_POINT('',(4.739765856063,-16.61118053521,
    -0.297636051428));
#1818 = CARTESIAN_POINT('',(4.546159892269,-16.63951878781,
    1.373462004935));
#1819 = CARTESIAN_POINT('',(3.782105777507,-16.66785704041,
    2.872219268594));
#1820 = CARTESIAN_POINT('',(2.543476359359,-16.69619529301,
    4.010572982443));
#1821 = CARTESIAN_POINT('',(0.985693764902,-16.72453354561,
    4.645683527845));
#1822 = CARTESIAN_POINT('',(-0.695772815798,-16.75287179821,
    4.697857791319));
#1823 = CARTESIAN_POINT('',(-2.289934435766,-16.78121005081,
    4.160548992463));
#1824 = CARTESIAN_POINT('',(-3.596757097452,-16.80954830341,
    3.10117816655));
#1825 = CARTESIAN_POINT('',(-4.452261843049,-16.83788655601,
    1.652674232779));
#1826 = CARTESIAN_POINT('',(-4.749100689767,-16.86622480861,
    -3.205809666774E-03));
#1827 = CARTESIAN_POINT('',(-4.450026560285,-16.89456306121,
    -1.658683589936));
#1828 = CARTESIAN_POINT('',(-3.592567013238,-16.92290131381,
    -3.106031212682));
#1829 = CARTESIAN_POINT('',(-2.284315318182,-16.95123956641,
    -4.163636771611));
#1830 = CARTESIAN_POINT('',(-0.689429746777,-16.97957781901,
    -4.698792851672));
#1831 = CARTESIAN_POINT('',(0.991964862642,-17.00791607161,
    -4.644348538852));
#1832 = CARTESIAN_POINT('',(2.548888593991,-17.03625432421,
    -4.007135457349));
#1833 = CARTESIAN_POINT('',(3.785980026591,-17.06459257681,
    -2.867110545024));
#1834 = CARTESIAN_POINT('',(4.548010018435,-17.09293082941,
    -1.367323121025));
#1835 = CARTESIAN_POINT('',(4.739359707123,-17.12126908201,
    0.304034793916));
#1836 = CARTESIAN_POINT('',(4.336018737426,-17.14960733461,
    1.937242732533));
#1837 = CARTESIAN_POINT('',(3.388597847407,-17.17794558721,
    3.327367000301));
#1838 = CARTESIAN_POINT('',(2.01597906922,-17.20628383981,4.299976771014
    ));
#1839 = CARTESIAN_POINT('',(0.390395561706,-17.23462209241,
    4.733027050254));
#1840 = CARTESIAN_POINT('',(-1.284169028103,-17.26296034501,
    4.572189430575));
#1841 = CARTESIAN_POINT('',(-2.797617405928,-17.29129859761,
    3.837607008752));
#1842 = CARTESIAN_POINT('',(-3.572504382684,-17.31019076601,
    3.026934899666));
#1843 = CARTESIAN_POINT('',(-3.877179605283,-17.31963685021,
    2.566702068713));
#1844 = DEFINITIONAL_REPRESENTATION('',(#1845),#1915);
#1845 = B_SPLINE_CURVE_WITH_KNOTS('',3,(#1846,#1847,#1848,#1849,#1850,
    #1851,#1852,#1853,#1854,#1855,#1856,#1857,#1858,#1859,#1860,#1861,
    #1862,#1863,#1864,#1865,#1866,#1867,#1868,#1869,#1870,#1871,#1872,
    #1873,#1874,#1875,#1876,#1877,#1878,#1879,#1880,#1881,#1882,#1883,
    #1884,#1885,#1886,#1887,#1888,#1889,#1890,#1891,#1892,#1893,#1894,
    #1895,#1896,#1897,#1898,#1899,#1900,#1901,#1902,#1903,#1904,#1905,
    #1906,#1907,#1908,#1909,#1910,#1911,#1912,#1913,#1914),
  .UNSPECIFIED.,.F.,.F.,(4,1,1,1,1,1,1,1,1,1,1,1,1,1,1,1,1,1,1,1,1,1,1,1
    ,1,1,1,1,1,1,1,1,1,1,1,1,1,1,1,1,1,1,1,1,1,1,1,1,1,1,1,1,1,1,1,1,1,1
    ,1,1,1,1,1,1,1,1,4),(0.,1.515151515152E-02,3.030303030303E-02,
    4.545454545455E-02,6.060606060606E-02,7.575757575758E-02,
    9.090909090909E-02,0.106060606061,0.121212121212,0.136363636364,
    0.151515151515,0.166666666667,0.181818181818,0.19696969697,
    0.212121212121,0.227272727273,0.242424242424,0.257575757576,
    0.272727272727,0.287878787879,0.30303030303,0.318181818182,
    0.333333333333,0.348484848485,0.363636363636,0.378787878788,
    0.393939393939,0.409090909091,0.424242424242,0.439393939394,
    0.454545454545,0.469696969697,0.484848484848,0.5,0.515151515152,
    0.530303030303,0.545454545455,0.560606060606,0.575757575758,
    0.590909090909,0.606060606061,0.621212121212,0.636363636364,
    0.651515151515,0.666666666667,0.681818181818,0.69696969697,
    0.712121212121,0.727272727273,0.742424242424,0.757575757576,
    0.772727272727,0.787878787879,0.80303030303,0.818181818182,
    0.833333333333,0.848484848485,0.863636363636,0.878787878788,
    0.893939393939,0.909090909091,0.924242424242,0.939393939394,
    0.954545454545,0.969696969697,0.984848484848,1.),
  .QUASI_UNIFORM_KNOTS.);
#1846 = CARTESIAN_POINT('',(0.249087304018,0.619346408066));
#1847 = CARTESIAN_POINT('',(0.253013978786,0.618651613049));
#1848 = CARTESIAN_POINT('',(0.260823647472,0.61726617661));
#1849 = CARTESIAN_POINT('',(0.27249275524,0.615195839165));
#1850 = CARTESIAN_POINT('',(0.284245747622,0.613128639192));
#1851 = CARTESIAN_POINT('',(0.296059190473,0.611060023554));
#1852 = CARTESIAN_POINT('',(0.307856005461,0.608984880652));
#1853 = CARTESIAN_POINT('',(0.319551385806,0.606905501284));
#1854 = CARTESIAN_POINT('',(0.331109784219,0.60482519873));
#1855 = CARTESIAN_POINT('',(0.342566604605,0.602746845506));
#1856 = CARTESIAN_POINT('',(0.354031973099,0.600674105424));
#1857 = CARTESIAN_POINT('',(0.365633266928,0.59860508813));
#1858 = CARTESIAN_POINT('',(0.377418178052,0.596536122343));
#1859 = CARTESIAN_POINT('',(0.389361890058,0.594464181367));
#1860 = CARTESIAN_POINT('',(0.401380478753,0.592385308023));
#1861 = CARTESIAN_POINT('',(0.413252024549,0.590300366244));
#1862 = CARTESIAN_POINT('',(0.424888608911,0.588213126215));
#1863 = CARTESIAN_POINT('',(0.436358597534,0.58612650661));
#1864 = CARTESIAN_POINT('',(0.447790315918,0.584044265965));
#1865 = CARTESIAN_POINT('',(0.459334708871,0.581966541897));
#1866 = CARTESIAN_POINT('',(0.471048404159,0.579889911426));
#1867 = CARTESIAN_POINT('',(0.482933440203,0.577811808949));
#1868 = CARTESIAN_POINT('',(0.494932647513,0.575728991353));
#1869 = CARTESIAN_POINT('',(0.506915084623,0.573640459323));
#1870 = CARTESIAN_POINT('',(0.518761120671,0.571549019441));
#1871 = CARTESIAN_POINT('',(0.530395468819,0.569456860902));
#1872 = CARTESIAN_POINT('',(0.541955330714,0.567366497153));
#1873 = CARTESIAN_POINT('',(0.553588133332,0.565279603568));
#1874 = CARTESIAN_POINT('',(0.565264504155,0.563195782693));
#1875 = CARTESIAN_POINT('',(0.576976290528,0.561114967584));
#1876 = CARTESIAN_POINT('',(0.588703651711,0.559037123179));
#1877 = CARTESIAN_POINT('',(0.600438968837,0.556962059391));
#1878 = CARTESIAN_POINT('',(0.612218613972,0.554887711435));
#1879 = CARTESIAN_POINT('',(0.624031117933,0.552812171442));
#1880 = CARTESIAN_POINT('',(0.635816670636,0.550733519769));
#1881 = CARTESIAN_POINT('',(0.647507627697,0.548649910858));
#1882 = CARTESIAN_POINT('',(0.659171000515,0.546560946703));
#1883 = CARTESIAN_POINT('',(0.670849026633,0.544466136015));
#1884 = CARTESIAN_POINT('',(0.682577983363,0.542364924345));
#1885 = CARTESIAN_POINT('',(0.694378760514,0.540256638993));
#1886 = CARTESIAN_POINT('',(0.706282608655,0.538141064503));
#1887 = CARTESIAN_POINT('',(0.718324509753,0.536017882441));
#1888 = CARTESIAN_POINT('',(0.73051565767,0.53388698216));
#1889 = CARTESIAN_POINT('',(0.742923366241,0.531747041738));
#1890 = CARTESIAN_POINT('',(0.755152903676,0.529604771309));
#1891 = CARTESIAN_POINT('',(0.767005205802,0.527469792996));
#1892 = CARTESIAN_POINT('',(0.778547370775,0.525350946488));
#1893 = CARTESIAN_POINT('',(0.790103458209,0.523258264239));
#1894 = CARTESIAN_POINT('',(0.801728432915,0.521195914046));
#1895 = CARTESIAN_POINT('',(0.813248216185,0.519165212316));
#1896 = CARTESIAN_POINT('',(0.824585189026,0.517168390419));
#1897 = CARTESIAN_POINT('',(0.835669424119,0.515208710694));
#1898 = CARTESIAN_POINT('',(0.846550810887,0.513285588763));
#1899 = CARTESIAN_POINT('',(0.85728101963,0.511394425309));
#1900 = CARTESIAN_POINT('',(0.867809315245,0.509531688278));
#1901 = CARTESIAN_POINT('',(0.878070642964,0.507694038602));
#1902 = CARTESIAN_POINT('',(0.888108934331,0.505877542645));
#1903 = CARTESIAN_POINT('',(0.89813875797,0.504076717818));
#1904 = CARTESIAN_POINT('',(0.908227473882,0.502286385761));
#1905 = CARTESIAN_POINT('',(0.918342295435,0.500501138379));
#1906 = CARTESIAN_POINT('',(0.928413816456,0.498716469871));
#1907 = CARTESIAN_POINT('',(0.938527906805,0.496930413277));
#1908 = CARTESIAN_POINT('',(0.948703600948,0.495140598103));
#1909 = CARTESIAN_POINT('',(0.958921647534,0.493344702008));
#1910 = CARTESIAN_POINT('',(0.969132254154,0.491540480366));
#1911 = CARTESIAN_POINT('',(0.979328699875,0.48972646409));
#1912 = CARTESIAN_POINT('',(0.989540865246,0.487901064767));
#1913 = CARTESIAN_POINT('',(0.996382752976,0.486675398254));
#1914 = CARTESIAN_POINT('',(0.999817724403,0.486060101498));
#1915 = ( GEOMETRIC_REPRESENTATION_CONTEXT(2) 
PARAMETRIC_REPRESENTATION_CONTEXT() REPRESENTATION_CONTEXT('2D SPACE',''
  ) );
#1916 = ADVANCED_FACE('',(#1917),#1703,.T.);
#1917 = FACE_BOUND('',#1918,.T.);
#1918 = EDGE_LOOP('',(#1919,#2135,#2401,#2672,#2888,#3050,#3130));
#1919 = ORIENTED_EDGE('',*,*,#1920,.T.);
#1920 = EDGE_CURVE('',#1427,#1921,#1923,.T.);
#1921 = VERTEX_POINT('',#1922);
#1922 = CARTESIAN_POINT('',(4.998964812729,-16.91235382907,
    -0.101738886849));
#1923 = SURFACE_CURVE('',#1924,(#1945,#2040),.PCURVE_S1.);
#1924 = B_SPLINE_CURVE_WITH_KNOTS('',3,(#1925,#1926,#1927,#1928,#1929,
    #1930,#1931,#1932,#1933,#1934,#1935,#1936,#1937,#1938,#1939,#1940,
    #1941,#1942,#1943,#1944),.UNSPECIFIED.,.F.,.F.,(4,1,1,1,1,1,1,1,1,1,
    1,1,1,1,1,1,1,4),(0.,5.882352941176E-02,0.117647058824,
    0.176470588235,0.235294117647,0.294117647059,0.352941176471,
    0.411764705882,0.470588235294,0.529411764706,0.588235294118,
    0.647058823529,0.705882352941,0.764705882353,0.823529411765,
    0.882352941176,0.941176470588,1.),.UNSPECIFIED.);
#1925 = CARTESIAN_POINT('',(-3.469480820164,-17.1,3.600375374135));
#1926 = CARTESIAN_POINT('',(-3.301624501013,-17.09628994755,
    3.762129140948));
#1927 = CARTESIAN_POINT('',(-2.944243539323,-17.08889221281,
    4.061085956198));
#1928 = CARTESIAN_POINT('',(-2.356240067611,-17.07788743423,
    4.428054111438));
#1929 = CARTESIAN_POINT('',(-1.724371267662,-17.06690033978,
    4.710110171527));
#1930 = CARTESIAN_POINT('',(-1.060998668923,-17.05593380484,
    4.902527065029));
#1931 = CARTESIAN_POINT('',(-0.37172907079,-17.04487581791,
    5.002182479803));
#1932 = CARTESIAN_POINT('',(0.318515223978,-17.03391665466,
    5.005791280124));
#1933 = CARTESIAN_POINT('',(1.008148471452,-17.02286972854,
    4.913758348884));
#1934 = CARTESIAN_POINT('',(1.676906206051,-17.01184698262,
    4.727319725647));
#1935 = CARTESIAN_POINT('',(2.310560314316,-17.00087655291,
    4.451909863272));
#1936 = CARTESIAN_POINT('',(2.900352056499,-16.98991031759,
    4.092497196628));
#1937 = CARTESIAN_POINT('',(3.441647854747,-16.97880558554,3.64955406584
    ));
#1938 = CARTESIAN_POINT('',(3.916672518758,-16.96767471183,
    3.133922908148));
#1939 = CARTESIAN_POINT('',(4.310725666904,-16.95667794535,2.5643532374)
  );
#1940 = CARTESIAN_POINT('',(4.622773963508,-16.94569761872,1.94719315626
    ));
#1941 = CARTESIAN_POINT('',(4.849816748849,-16.93454530458,
    1.282461832083));
#1942 = CARTESIAN_POINT('',(4.981245920085,-16.92338160605,0.59168497764
    ));
#1943 = CARTESIAN_POINT('',(5.003653341845,-16.91602107277,
    0.128633125274));
#1944 = CARTESIAN_POINT('',(4.998964812729,-16.91235382907,
    -0.101738886849));
#1945 = PCURVE('',#1703,#1946);
#1946 = DEFINITIONAL_REPRESENTATION('',(#1947),#2039);
#1947 = B_SPLINE_CURVE_WITH_KNOTS('',3,(#1948,#1949,#1950,#1951,#1952,
    #1953,#1954,#1955,#1956,#1957,#1958,#1959,#1960,#1961,#1962,#1963,
    #1964,#1965,#1966,#1967,#1968,#1969,#1970,#1971,#1972,#1973,#1974,
    #1975,#1976,#1977,#1978,#1979,#1980,#1981,#1982,#1983,#1984,#1985,
    #1986,#1987,#1988,#1989,#1990,#1991,#1992,#1993,#1994,#1995,#1996,
    #1997,#1998,#1999,#2000,#2001,#2002,#2003,#2004,#2005,#2006,#2007,
    #2008,#2009,#2010,#2011,#2012,#2013,#2014,#2015,#2016,#2017,#2018,
    #2019,#2020,#2021,#2022,#2023,#2024,#2025,#2026,#2027,#2028,#2029,
    #2030,#2031,#2032,#2033,#2034,#2035,#2036,#2037,#2038),
  .UNSPECIFIED.,.F.,.F.,(4,1,1,1,1,1,1,1,1,1,1,1,1,1,1,1,1,1,1,1,1,1,1,1
    ,1,1,1,1,1,1,1,1,1,1,1,1,1,1,1,1,1,1,1,1,1,1,1,1,1,1,1,1,1,1,1,1,1,1
    ,1,1,1,1,1,1,1,1,1,1,1,1,1,1,1,1,1,1,1,1,1,1,1,1,1,1,1,1,1,1,4),(0.,
    1.136363636364E-02,2.272727272727E-02,3.409090909091E-02,
    4.545454545455E-02,5.681818181818E-02,6.818181818182E-02,
    7.954545454545E-02,9.090909090909E-02,0.102272727273,0.113636363636,
    0.125,0.136363636364,0.147727272727,0.159090909091,0.170454545455,
    0.181818181818,0.193181818182,0.204545454545,0.215909090909,
    0.227272727273,0.238636363636,0.25,0.261363636364,0.272727272727,
    0.284090909091,0.295454545455,0.306818181818,0.318181818182,
    0.329545454545,0.340909090909,0.352272727273,0.363636363636,0.375,
    0.386363636364,0.397727272727,0.409090909091,0.420454545455,
    0.431818181818,0.443181818182,0.454545454545,0.465909090909,
    0.477272727273,0.488636363636,0.5,0.511363636364,0.522727272727,
    0.534090909091,0.545454545455,0.556818181818,0.568181818182,
    0.579545454545,0.590909090909,0.602272727273,0.613636363636,0.625,
    0.636363636364,0.647727272727,0.659090909091,0.670454545455,
    0.681818181818,0.693181818182,0.704545454545,0.715909090909,
    0.727272727273,0.738636363636,0.75,0.761363636364,0.772727272727,
    0.784090909091,0.795454545455,0.806818181818,0.818181818182,
    0.829545454545,0.840909090909,0.852272727273,0.863636363636,0.875,
    0.886363636364,0.897727272727,0.909090909091,0.920454545455,
    0.931818181818,0.943181818182,0.954545454545,0.965909090909,
    0.977272727273,0.988636363636,1.),.QUASI_UNIFORM_KNOTS.);
#1948 = CARTESIAN_POINT('',(0.249087304018,0.619346408066));
#1949 = CARTESIAN_POINT('',(0.249103899373,0.618837342434));
#1950 = CARTESIAN_POINT('',(0.249153120806,0.61781979247));
#1951 = CARTESIAN_POINT('',(0.249249772293,0.616295322303));
#1952 = CARTESIAN_POINT('',(0.249343252049,0.614772806432));
#1953 = CARTESIAN_POINT('',(0.249410082843,0.613252384145));
#1954 = CARTESIAN_POINT('',(0.249429591301,0.611734201272));
#1955 = CARTESIAN_POINT('',(0.249381689377,0.610218485386));
#1956 = CARTESIAN_POINT('',(0.249297665676,0.608704957837));
#1957 = CARTESIAN_POINT('',(0.249205248331,0.607193229875));
#1958 = CARTESIAN_POINT('',(0.249125165727,0.605682926274));
#1959 = CARTESIAN_POINT('',(0.249071726332,0.604173672184));
#1960 = CARTESIAN_POINT('',(0.249054252042,0.602665042288));
#1961 = CARTESIAN_POINT('',(0.249068338239,0.601156891295));
#1962 = CARTESIAN_POINT('',(0.249104869448,0.599649225772));
#1963 = CARTESIAN_POINT('',(0.249155537296,0.598142030505));
#1964 = CARTESIAN_POINT('',(0.249211940798,0.596635289011));
#1965 = CARTESIAN_POINT('',(0.249264784186,0.595129059522));
#1966 = CARTESIAN_POINT('',(0.249309543782,0.593623091777));
#1967 = CARTESIAN_POINT('',(0.249342083918,0.592116781896));
#1968 = CARTESIAN_POINT('',(0.249340076589,0.590609599045));
#1969 = CARTESIAN_POINT('',(0.249312145203,0.589101030779));
#1970 = CARTESIAN_POINT('',(0.249291393637,0.587590420066));
#1971 = CARTESIAN_POINT('',(0.249278557847,0.586077590292));
#1972 = CARTESIAN_POINT('',(0.249245314373,0.584563665951));
#1973 = CARTESIAN_POINT('',(0.249186206975,0.583049579477));
#1974 = CARTESIAN_POINT('',(0.249109630838,0.581536299703));
#1975 = CARTESIAN_POINT('',(0.249040397445,0.580024829111));
#1976 = CARTESIAN_POINT('',(0.249017973433,0.578515942493));
#1977 = CARTESIAN_POINT('',(0.249054473483,0.577008541356));
#1978 = CARTESIAN_POINT('',(0.249146326754,0.575501680288));
#1979 = CARTESIAN_POINT('',(0.249273945565,0.573994380569));
#1980 = CARTESIAN_POINT('',(0.249403696374,0.572485709013));
#1981 = CARTESIAN_POINT('',(0.249480571677,0.570974689249));
#1982 = CARTESIAN_POINT('',(0.249465167976,0.56946188793));
#1983 = CARTESIAN_POINT('',(0.24938199673,0.567947940573));
#1984 = CARTESIAN_POINT('',(0.249258358664,0.566433441344));
#1985 = CARTESIAN_POINT('',(0.249130916295,0.564918951776));
#1986 = CARTESIAN_POINT('',(0.249053262165,0.563405048188));
#1987 = CARTESIAN_POINT('',(0.249026616374,0.561891919764));
#1988 = CARTESIAN_POINT('',(0.249037163905,0.560379664612));
#1989 = CARTESIAN_POINT('',(0.249077755688,0.558868420925));
#1990 = CARTESIAN_POINT('',(0.249141705501,0.557358313595));
#1991 = CARTESIAN_POINT('',(0.249227603561,0.555849535892));
#1992 = CARTESIAN_POINT('',(0.249323374822,0.554341982139));
#1993 = CARTESIAN_POINT('',(0.249404317065,0.552835356586));
#1994 = CARTESIAN_POINT('',(0.249444127891,0.551329436129));
#1995 = CARTESIAN_POINT('',(0.249409883608,0.549823997059));
#1996 = CARTESIAN_POINT('',(0.249319907276,0.548318876444));
#1997 = CARTESIAN_POINT('',(0.249205059489,0.546813666201));
#1998 = CARTESIAN_POINT('',(0.249103170984,0.545307601592));
#1999 = CARTESIAN_POINT('',(0.249036926973,0.543799951275));
#2000 = CARTESIAN_POINT('',(0.249017727105,0.542289972004));
#2001 = CARTESIAN_POINT('',(0.249045432408,0.540776825096));
#2002 = CARTESIAN_POINT('',(0.249103899664,0.539260004291));
#2003 = CARTESIAN_POINT('',(0.249170754993,0.537740221873));
#2004 = CARTESIAN_POINT('',(0.249235545683,0.536218024667));
#2005 = CARTESIAN_POINT('',(0.249296308379,0.534693997367));
#2006 = CARTESIAN_POINT('',(0.249361368985,0.533168700269));
#2007 = CARTESIAN_POINT('',(0.24944500605,0.531642690919));
#2008 = CARTESIAN_POINT('',(0.249467285618,0.530116810578));
#2009 = CARTESIAN_POINT('',(0.249413207561,0.52859192714));
#2010 = CARTESIAN_POINT('',(0.24930630991,0.527068912344));
#2011 = CARTESIAN_POINT('',(0.249177154719,0.525548596965));
#2012 = CARTESIAN_POINT('',(0.249075820449,0.524031906287));
#2013 = CARTESIAN_POINT('',(0.249020680185,0.522518312978));
#2014 = CARTESIAN_POINT('',(0.249014092072,0.521007132043));
#2015 = CARTESIAN_POINT('',(0.249048885235,0.519497737883));
#2016 = CARTESIAN_POINT('',(0.249109461761,0.517989496566));
#2017 = CARTESIAN_POINT('',(0.249162607101,0.516481847975));
#2018 = CARTESIAN_POINT('',(0.249215987986,0.514973939466));
#2019 = CARTESIAN_POINT('',(0.2492812681,0.513464791789));
#2020 = CARTESIAN_POINT('',(0.249350996166,0.511953432884));
#2021 = CARTESIAN_POINT('',(0.249396931355,0.51043895052));
#2022 = CARTESIAN_POINT('',(0.249399040392,0.508920199298));
#2023 = CARTESIAN_POINT('',(0.249360501015,0.50739720066));
#2024 = CARTESIAN_POINT('',(0.249279795849,0.505871003274));
#2025 = CARTESIAN_POINT('',(0.249174933781,0.504342407647));
#2026 = CARTESIAN_POINT('',(0.249073864519,0.502812244514));
#2027 = CARTESIAN_POINT('',(0.249028324942,0.501281305506));
#2028 = CARTESIAN_POINT('',(0.249060961279,0.499750301145));
#2029 = CARTESIAN_POINT('',(0.249124673932,0.498219866935));
#2030 = CARTESIAN_POINT('',(0.249197569393,0.496690683701));
#2031 = CARTESIAN_POINT('',(0.249264914683,0.49516343383));
#2032 = CARTESIAN_POINT('',(0.249326079083,0.493638860347));
#2033 = CARTESIAN_POINT('',(0.249386204709,0.492117538462));
#2034 = CARTESIAN_POINT('',(0.249411155232,0.490599151975));
#2035 = CARTESIAN_POINT('',(0.249375350478,0.489083522483));
#2036 = CARTESIAN_POINT('',(0.249305973283,0.487570451406));
#2037 = CARTESIAN_POINT('',(0.24924855019,0.486563310962));
#2038 = CARTESIAN_POINT('',(0.249220341942,0.486060101114));
#2039 = ( GEOMETRIC_REPRESENTATION_CONTEXT(2) 
PARAMETRIC_REPRESENTATION_CONTEXT() REPRESENTATION_CONTEXT('2D SPACE',''
  ) );
#2040 = PCURVE('',#1447,#2041);
#2041 = DEFINITIONAL_REPRESENTATION('',(#2042),#2134);
#2042 = B_SPLINE_CURVE_WITH_KNOTS('',3,(#2043,#2044,#2045,#2046,#2047,
    #2048,#2049,#2050,#2051,#2052,#2053,#2054,#2055,#2056,#2057,#2058,
    #2059,#2060,#2061,#2062,#2063,#2064,#2065,#2066,#2067,#2068,#2069,
    #2070,#2071,#2072,#2073,#2074,#2075,#2076,#2077,#2078,#2079,#2080,
    #2081,#2082,#2083,#2084,#2085,#2086,#2087,#2088,#2089,#2090,#2091,
    #2092,#2093,#2094,#2095,#2096,#2097,#2098,#2099,#2100,#2101,#2102,
    #2103,#2104,#2105,#2106,#2107,#2108,#2109,#2110,#2111,#2112,#2113,
    #2114,#2115,#2116,#2117,#2118,#2119,#2120,#2121,#2122,#2123,#2124,
    #2125,#2126,#2127,#2128,#2129,#2130,#2131,#2132,#2133),
  .UNSPECIFIED.,.F.,.F.,(4,1,1,1,1,1,1,1,1,1,1,1,1,1,1,1,1,1,1,1,1,1,1,1
    ,1,1,1,1,1,1,1,1,1,1,1,1,1,1,1,1,1,1,1,1,1,1,1,1,1,1,1,1,1,1,1,1,1,1
    ,1,1,1,1,1,1,1,1,1,1,1,1,1,1,1,1,1,1,1,1,1,1,1,1,1,1,1,1,1,1,4),(0.,
    1.136363636364E-02,2.272727272727E-02,3.409090909091E-02,
    4.545454545455E-02,5.681818181818E-02,6.818181818182E-02,
    7.954545454545E-02,9.090909090909E-02,0.102272727273,0.113636363636,
    0.125,0.136363636364,0.147727272727,0.159090909091,0.170454545455,
    0.181818181818,0.193181818182,0.204545454545,0.215909090909,
    0.227272727273,0.238636363636,0.25,0.261363636364,0.272727272727,
    0.284090909091,0.295454545455,0.306818181818,0.318181818182,
    0.329545454545,0.340909090909,0.352272727273,0.363636363636,0.375,
    0.386363636364,0.397727272727,0.409090909091,0.420454545455,
    0.431818181818,0.443181818182,0.454545454545,0.465909090909,
    0.477272727273,0.488636363636,0.5,0.511363636364,0.522727272727,
    0.534090909091,0.545454545455,0.556818181818,0.568181818182,
    0.579545454545,0.590909090909,0.602272727273,0.613636363636,0.625,
    0.636363636364,0.647727272727,0.659090909091,0.670454545455,
    0.681818181818,0.693181818182,0.704545454545,0.715909090909,
    0.727272727273,0.738636363636,0.75,0.761363636364,0.772727272727,
    0.784090909091,0.795454545455,0.806818181818,0.818181818182,
    0.829545454545,0.840909090909,0.852272727273,0.863636363636,0.875,
    0.886363636364,0.897727272727,0.909090909091,0.920454545455,
    0.931818181818,0.943181818182,0.954545454545,0.965909090909,
    0.977272727273,0.988636363636,1.),.QUASI_UNIFORM_KNOTS.);
#2043 = CARTESIAN_POINT('',(0.783561324375,0.1925));
#2044 = CARTESIAN_POINT('',(0.792567800659,0.193216714676));
#2045 = CARTESIAN_POINT('',(0.810570159872,0.194649309235));
#2046 = CARTESIAN_POINT('',(0.837539913897,0.196795518148));
#2047 = CARTESIAN_POINT('',(0.864474003977,0.198938867093));
#2048 = CARTESIAN_POINT('',(0.891370111433,0.201079173787));
#2049 = CARTESIAN_POINT('',(0.918226026136,0.203216275407));
#2050 = CARTESIAN_POINT('',(0.945038454936,0.205349936526));
#2051 = CARTESIAN_POINT('',(0.971812996509,0.207480590715));
#2052 = CARTESIAN_POINT('',(0.99855682383,0.209608797404));
#2053 = CARTESIAN_POINT('',(1.025276626722,0.211735088392));
#2054 = CARTESIAN_POINT('',(1.051978883685,0.213859984049));
#2055 = CARTESIAN_POINT('',(1.078670821469,0.2159840781));
#2056 = CARTESIAN_POINT('',(1.105354628473,0.218107531852));
#2057 = CARTESIAN_POINT('',(1.132029770086,0.220230283772));
#2058 = CARTESIAN_POINT('',(1.158696111678,0.222352318711));
#2059 = CARTESIAN_POINT('',(1.185353611764,0.22447363442));
#2060 = CARTESIAN_POINT('',(1.212001032976,0.226594130671));
#2061 = CARTESIAN_POINT('',(1.238642772637,0.22871417256));
#2062 = CARTESIAN_POINT('',(1.265289711303,0.230834650766));
#2063 = CARTESIAN_POINT('',(1.291951753721,0.232956359789));
#2064 = CARTESIAN_POINT('',(1.318638718864,0.235080076158));
#2065 = CARTESIAN_POINT('',(1.345362667362,0.237206744465));
#2066 = CARTESIAN_POINT('',(1.372126904145,0.239336599578));
#2067 = CARTESIAN_POINT('',(1.398911512789,0.241468045743));
#2068 = CARTESIAN_POINT('',(1.425699778584,0.243599766985));
#2069 = CARTESIAN_POINT('',(1.452474211988,0.245730392321));
#2070 = CARTESIAN_POINT('',(1.479216653774,0.247858491028));
#2071 = CARTESIAN_POINT('',(1.505912960502,0.249982930772));
#2072 = CARTESIAN_POINT('',(1.532582208604,0.252105220818));
#2073 = CARTESIAN_POINT('',(1.559240884143,0.25422666108));
#2074 = CARTESIAN_POINT('',(1.585906232095,0.256348613687));
#2075 = CARTESIAN_POINT('',(1.612594916243,0.258472401272));
#2076 = CARTESIAN_POINT('',(1.639324641484,0.260599442223));
#2077 = CARTESIAN_POINT('',(1.666086160508,0.262729017096));
#2078 = CARTESIAN_POINT('',(1.692868799733,0.264860296513));
#2079 = CARTESIAN_POINT('',(1.719662278014,0.26699247562));
#2080 = CARTESIAN_POINT('',(1.746456645551,0.269124760958));
#2081 = CARTESIAN_POINT('',(1.773241482226,0.271256288968));
#2082 = CARTESIAN_POINT('',(1.800013125027,0.273386735284));
#2083 = CARTESIAN_POINT('',(1.826769456147,0.275515928566));
#2084 = CARTESIAN_POINT('',(1.853507621926,0.277643653604));
#2085 = CARTESIAN_POINT('',(1.880225038658,0.279769725517));
#2086 = CARTESIAN_POINT('',(1.906917999849,0.281893881983));
#2087 = CARTESIAN_POINT('',(1.933588241107,0.284016252005));
#2088 = CARTESIAN_POINT('',(1.96024107182,0.286137231688));
#2089 = CARTESIAN_POINT('',(1.986880755531,0.288257150803));
#2090 = CARTESIAN_POINT('',(2.013511921913,0.290376375735));
#2091 = CARTESIAN_POINT('',(2.040138133196,0.29249519275));
#2092 = CARTESIAN_POINT('',(2.06676691921,0.294614219569));
#2093 = CARTESIAN_POINT('',(2.093411869206,0.296734556204));
#2094 = CARTESIAN_POINT('',(2.120085787625,0.29885721842));
#2095 = CARTESIAN_POINT('',(2.146801549012,0.300983215441));
#2096 = CARTESIAN_POINT('',(2.17357362692,0.303113666902));
#2097 = CARTESIAN_POINT('',(2.200410579522,0.305249233386));
#2098 = CARTESIAN_POINT('',(2.227299418025,0.307388931087));
#2099 = CARTESIAN_POINT('',(2.254230139334,0.309531996811));
#2100 = CARTESIAN_POINT('',(2.281192191264,0.311677607074));
#2101 = CARTESIAN_POINT('',(2.308175635629,0.313824958932));
#2102 = CARTESIAN_POINT('',(2.335170818696,0.315973227505));
#2103 = CARTESIAN_POINT('',(2.362163473047,0.318121245519));
#2104 = CARTESIAN_POINT('',(2.38913904346,0.320267863036));
#2105 = CARTESIAN_POINT('',(2.416082530081,0.322411915297));
#2106 = CARTESIAN_POINT('',(2.442979361107,0.324552279492));
#2107 = CARTESIAN_POINT('',(2.469813045429,0.326687679836));
#2108 = CARTESIAN_POINT('',(2.496592649345,0.328818786879));
#2109 = CARTESIAN_POINT('',(2.523329934698,0.330946496635));
#2110 = CARTESIAN_POINT('',(2.550035568894,0.333071641099));
#2111 = CARTESIAN_POINT('',(2.576720376753,0.335195086145));
#2112 = CARTESIAN_POINT('',(2.603393947789,0.337317626138));
#2113 = CARTESIAN_POINT('',(2.630071125269,0.339440487032));
#2114 = CARTESIAN_POINT('',(2.656769152764,0.341565054645));
#2115 = CARTESIAN_POINT('',(2.683505380243,0.343692697453));
#2116 = CARTESIAN_POINT('',(2.710296389951,0.345824706416));
#2117 = CARTESIAN_POINT('',(2.737163224675,0.3479626999));
#2118 = CARTESIAN_POINT('',(2.76410606197,0.350106690789));
#2119 = CARTESIAN_POINT('',(2.791106587983,0.352255278056));
#2120 = CARTESIAN_POINT('',(2.818150621685,0.35440736805));
#2121 = CARTESIAN_POINT('',(2.845223242753,0.356561789297));
#2122 = CARTESIAN_POINT('',(2.872310067719,0.358717374236));
#2123 = CARTESIAN_POINT('',(2.899398095539,0.360873025823));
#2124 = CARTESIAN_POINT('',(2.926475692317,0.363027797579));
#2125 = CARTESIAN_POINT('',(2.95353044757,0.365180712463));
#2126 = CARTESIAN_POINT('',(2.980550024244,0.367330816521));
#2127 = CARTESIAN_POINT('',(3.007521166271,0.369477094023));
#2128 = CARTESIAN_POINT('',(3.034433805775,0.371618760337));
#2129 = CARTESIAN_POINT('',(3.061293937853,0.373756241699));
#2130 = CARTESIAN_POINT('',(3.088105468441,0.375889833063));
#2131 = CARTESIAN_POINT('',(3.114872534038,0.378019864572));
#2132 = CARTESIAN_POINT('',(3.132690055154,0.379437726121));
#2133 = CARTESIAN_POINT('',(3.14159265359,0.380146170928));
#2134 = ( GEOMETRIC_REPRESENTATION_CONTEXT(2) 
PARAMETRIC_REPRESENTATION_CONTEXT() REPRESENTATION_CONTEXT('2D SPACE',''
  ) );
#2135 = ORIENTED_EDGE('',*,*,#2136,.T.);
#2136 = EDGE_CURVE('',#1921,#2137,#2139,.T.);
#2137 = VERTEX_POINT('',#2138);
#2138 = CARTESIAN_POINT('',(-4.998964812729,-16.66235382907,
    0.101738886849));
#2139 = SURFACE_CURVE('',#2140,(#2167,#2284),.PCURVE_S1.);
#2140 = B_SPLINE_CURVE_WITH_KNOTS('',3,(#2141,#2142,#2143,#2144,#2145,
    #2146,#2147,#2148,#2149,#2150,#2151,#2152,#2153,#2154,#2155,#2156,
    #2157,#2158,#2159,#2160,#2161,#2162,#2163,#2164,#2165,#2166),
  .UNSPECIFIED.,.F.,.F.,(4,1,1,1,1,1,1,1,1,1,1,1,1,1,1,1,1,1,1,1,1,1,1,4
    ),(0.,4.347826086957E-02,8.695652173913E-02,0.130434782609,
    0.173913043478,0.217391304348,0.260869565217,0.304347826087,
    0.347826086957,0.391304347826,0.434782608696,0.478260869565,
    0.521739130435,0.565217391304,0.608695652174,0.652173913044,
    0.695652173913,0.739130434783,0.782608695652,0.826086956522,
    0.869565217391,0.913043478261,0.95652173913,1.),.UNSPECIFIED.);
#2141 = CARTESIAN_POINT('',(4.998964812729,-16.91235382907,
    -0.101738886849));
#2142 = CARTESIAN_POINT('',(4.994375736059,-16.90876437444,
    -0.327224278965));
#2143 = CARTESIAN_POINT('',(4.954633110392,-16.90155901176,
    -0.779249814981));
#2144 = CARTESIAN_POINT('',(4.801935327055,-16.89065055561,
    -1.449087985839));
#2145 = CARTESIAN_POINT('',(4.557702319081,-16.87970484286,
    -2.093723023965));
#2146 = CARTESIAN_POINT('',(4.231645172698,-16.86888429812,
    -2.692131540455));
#2147 = CARTESIAN_POINT('',(3.827339895648,-16.85805640945,
    -3.24122080949));
#2148 = CARTESIAN_POINT('',(3.353764108688,-16.84725807425,
    -3.729309232727));
#2149 = CARTESIAN_POINT('',(2.813808181606,-16.8363710587,-4.15182375878
    ));
#2150 = CARTESIAN_POINT('',(2.226552641521,-16.82557824105,
    -4.49410804211));
#2151 = CARTESIAN_POINT('',(1.593358183225,-16.81469880959,
    -4.755828485224));
#2152 = CARTESIAN_POINT('',(0.931175989071,-16.80383395143,
    -4.928262453532));
#2153 = CARTESIAN_POINT('',(0.255797186008,-16.79303357999,
    -5.008775817272));
#2154 = CARTESIAN_POINT('',(-0.424112280143,-16.78223601945,
    -4.997580981885));
#2155 = CARTESIAN_POINT('',(-1.104645318002,-16.77130291252,
    -4.892729605297));
#2156 = CARTESIAN_POINT('',(-1.766190062428,-16.76033777208,
    -4.69449185498));
#2157 = CARTESIAN_POINT('',(-2.388334972427,-16.74947596967,
    -4.410152582426));
#2158 = CARTESIAN_POINT('',(-2.962635211742,-16.73868749199,
    -4.047084196124));
#2159 = CARTESIAN_POINT('',(-3.491280698427,-16.72770993902,
    -3.601542654825));
#2160 = CARTESIAN_POINT('',(-3.953824917106,-16.71671867511,
    -3.086464185722));
#2161 = CARTESIAN_POINT('',(-4.338317091615,-16.70580273677,
    -2.516587825489));
#2162 = CARTESIAN_POINT('',(-4.637765089521,-16.6950498642,
    -1.909200446469));
#2163 = CARTESIAN_POINT('',(-4.855467760379,-16.68414963858,
    -1.258164369964));
#2164 = CARTESIAN_POINT('',(-4.981995133922,-16.67320163238,
    -0.580352750743));
#2165 = CARTESIAN_POINT('',(-5.003581239212,-16.665964676,
    -0.125090344971));
#2166 = CARTESIAN_POINT('',(-4.998964812729,-16.66235382907,
    0.101738886849));
#2167 = PCURVE('',#1703,#2168);
#2168 = DEFINITIONAL_REPRESENTATION('',(#2169),#2283);
#2169 = B_SPLINE_CURVE_WITH_KNOTS('',3,(#2170,#2171,#2172,#2173,#2174,
    #2175,#2176,#2177,#2178,#2179,#2180,#2181,#2182,#2183,#2184,#2185,
    #2186,#2187,#2188,#2189,#2190,#2191,#2192,#2193,#2194,#2195,#2196,
    #2197,#2198,#2199,#2200,#2201,#2202,#2203,#2204,#2205,#2206,#2207,
    #2208,#2209,#2210,#2211,#2212,#2213,#2214,#2215,#2216,#2217,#2218,
    #2219,#2220,#2221,#2222,#2223,#2224,#2225,#2226,#2227,#2228,#2229,
    #2230,#2231,#2232,#2233,#2234,#2235,#2236,#2237,#2238,#2239,#2240,
    #2241,#2242,#2243,#2244,#2245,#2246,#2247,#2248,#2249,#2250,#2251,
    #2252,#2253,#2254,#2255,#2256,#2257,#2258,#2259,#2260,#2261,#2262,
    #2263,#2264,#2265,#2266,#2267,#2268,#2269,#2270,#2271,#2272,#2273,
    #2274,#2275,#2276,#2277,#2278,#2279,#2280,#2281,#2282),
  .UNSPECIFIED.,.F.,.F.,(4,1,1,1,1,1,1,1,1,1,1,1,1,1,1,1,1,1,1,1,1,1,1,1
    ,1,1,1,1,1,1,1,1,1,1,1,1,1,1,1,1,1,1,1,1,1,1,1,1,1,1,1,1,1,1,1,1,1,1
    ,1,1,1,1,1,1,1,1,1,1,1,1,1,1,1,1,1,1,1,1,1,1,1,1,1,1,1,1,1,1,1,1,1,1
    ,1,1,1,1,1,1,1,1,1,1,1,1,1,1,1,1,1,1,4),(0.,9.090909090909E-03,
    1.818181818182E-02,2.727272727273E-02,3.636363636364E-02,
    4.545454545455E-02,5.454545454545E-02,6.363636363636E-02,
    7.272727272727E-02,8.181818181818E-02,9.090909090909E-02,1.E-01,
    0.109090909091,0.118181818182,0.127272727273,0.136363636364,
    0.145454545455,0.154545454545,0.163636363636,0.172727272727,
    0.181818181818,0.190909090909,0.2,0.209090909091,0.218181818182,
    0.227272727273,0.236363636364,0.245454545455,0.254545454545,
    0.263636363636,0.272727272727,0.281818181818,0.290909090909,0.3,
    0.309090909091,0.318181818182,0.327272727273,0.336363636364,
    0.345454545455,0.354545454545,0.363636363636,0.372727272727,
    0.381818181818,0.390909090909,0.4,0.409090909091,0.418181818182,
    0.427272727273,0.436363636364,0.445454545455,0.454545454545,
    0.463636363636,0.472727272727,0.481818181818,0.490909090909,0.5,
    0.509090909091,0.518181818182,0.527272727273,0.536363636364,
    0.545454545455,0.554545454545,0.563636363636,0.572727272727,
    0.581818181818,0.590909090909,0.6,0.609090909091,0.618181818182,
    0.627272727273,0.636363636364,0.645454545455,0.654545454545,
    0.663636363636,0.672727272727,0.681818181818,0.690909090909,0.7,
    0.709090909091,0.718181818182,0.727272727273,0.736363636364,
    0.745454545455,0.754545454545,0.763636363636,0.772727272727,
    0.781818181818,0.790909090909,0.8,0.809090909091,0.818181818182,
    0.827272727273,0.836363636364,0.845454545455,0.854545454545,
    0.863636363636,0.872727272727,0.881818181818,0.890909090909,0.9,
    0.909090909091,0.918181818182,0.927272727273,0.936363636364,
    0.945454545455,0.954545454545,0.963636363636,0.972727272727,
    0.981818181818,0.990909090909,1.),.QUASI_UNIFORM_KNOTS.);
#2170 = CARTESIAN_POINT('',(0.249220341942,0.486060101114));
#2171 = CARTESIAN_POINT('',(0.249189956407,0.485527001671));
#2172 = CARTESIAN_POINT('',(0.249133239276,0.484460002202));
#2173 = CARTESIAN_POINT('',(0.249069317725,0.482856953717));
#2174 = CARTESIAN_POINT('',(0.249036651522,0.48125121316));
#2175 = CARTESIAN_POINT('',(0.249041460794,0.479642621114));
#2176 = CARTESIAN_POINT('',(0.249089335392,0.478030966155));
#2177 = CARTESIAN_POINT('',(0.249174760968,0.47641616102));
#2178 = CARTESIAN_POINT('',(0.249267091124,0.474798687636));
#2179 = CARTESIAN_POINT('',(0.24934744562,0.473178956134));
#2180 = CARTESIAN_POINT('',(0.249402225831,0.471557416497));
#2181 = CARTESIAN_POINT('',(0.249428487062,0.469934436504));
#2182 = CARTESIAN_POINT('',(0.249418002547,0.468310711462));
#2183 = CARTESIAN_POINT('',(0.249354323247,0.466687378838));
#2184 = CARTESIAN_POINT('',(0.249245000136,0.465065512519));
#2185 = CARTESIAN_POINT('',(0.249113433076,0.463446133071));
#2186 = CARTESIAN_POINT('',(0.249007120888,0.461830504795));
#2187 = CARTESIAN_POINT('',(0.248961939821,0.460218347419));
#2188 = CARTESIAN_POINT('',(0.24898603807,0.458608610983));
#2189 = CARTESIAN_POINT('',(0.249075061845,0.457000435885));
#2190 = CARTESIAN_POINT('',(0.249209104605,0.455392953468));
#2191 = CARTESIAN_POINT('',(0.24935243461,0.453785246412));
#2192 = CARTESIAN_POINT('',(0.24946226602,0.452177435914));
#2193 = CARTESIAN_POINT('',(0.249500925446,0.450569805964));
#2194 = CARTESIAN_POINT('',(0.249435007298,0.448962630846));
#2195 = CARTESIAN_POINT('',(0.249306409173,0.447356210357));
#2196 = CARTESIAN_POINT('',(0.249162326883,0.445750730456));
#2197 = CARTESIAN_POINT('',(0.249044722178,0.444145399971));
#2198 = CARTESIAN_POINT('',(0.248981684794,0.442539449125));
#2199 = CARTESIAN_POINT('',(0.248987132954,0.440932118143));
#2200 = CARTESIAN_POINT('',(0.24906603427,0.439322476513));
#2201 = CARTESIAN_POINT('',(0.249191171117,0.437710248223));
#2202 = CARTESIAN_POINT('',(0.249304185213,0.436096790064));
#2203 = CARTESIAN_POINT('',(0.249375846267,0.434483249203));
#2204 = CARTESIAN_POINT('',(0.249393350616,0.432870774072));
#2205 = CARTESIAN_POINT('',(0.249372429459,0.431260805107));
#2206 = CARTESIAN_POINT('',(0.24931824374,0.429653310369));
#2207 = CARTESIAN_POINT('',(0.249243210693,0.428046931141));
#2208 = CARTESIAN_POINT('',(0.249185826262,0.426440561972));
#2209 = CARTESIAN_POINT('',(0.249155111849,0.424833065866));
#2210 = CARTESIAN_POINT('',(0.249139836802,0.423223093113));
#2211 = CARTESIAN_POINT('',(0.249124144105,0.421610884007));
#2212 = CARTESIAN_POINT('',(0.249107502221,0.419997192204));
#2213 = CARTESIAN_POINT('',(0.249099841066,0.418382630161));
#2214 = CARTESIAN_POINT('',(0.249121598528,0.416767827409));#2215 = CARTESIAN_POINT('',(0.249207152687,0.415153388723));
#2216 = CARTESIAN_POINT('',(0.249313829909,0.413539615222));
#2217 = CARTESIAN_POINT('',(0.249400965374,0.411926837729));
#2218 = CARTESIAN_POINT('',(0.249434591818,0.41031541095));
#2219 = CARTESIAN_POINT('',(0.249387883836,0.408705757547));
#2220 = CARTESIAN_POINT('',(0.249308658639,0.407098159128));
#2221 = CARTESIAN_POINT('',(0.249219978379,0.405492145672));
#2222 = CARTESIAN_POINT('',(0.249138858944,0.403887323951));
#2223 = CARTESIAN_POINT('',(0.249075705626,0.402283261696));
#2224 = CARTESIAN_POINT('',(0.249029832924,0.400679583543));
#2225 = CARTESIAN_POINT('',(0.249010607467,0.39907569421));
#2226 = CARTESIAN_POINT('',(0.249041092959,0.397470632936));
#2227 = CARTESIAN_POINT('',(0.249123243967,0.395863474645));
#2228 = CARTESIAN_POINT('',(0.249244378367,0.394253330945));
#2229 = CARTESIAN_POINT('',(0.249375525734,0.392639095694));
#2230 = CARTESIAN_POINT('',(0.249467485736,0.391020875918));
#2231 = CARTESIAN_POINT('',(0.249466824476,0.389399546383));
#2232 = CARTESIAN_POINT('',(0.24937714184,0.387775813783));
#2233 = CARTESIAN_POINT('',(0.249256553826,0.386150394204));
#2234 = CARTESIAN_POINT('',(0.249176323368,0.384523908156));
#2235 = CARTESIAN_POINT('',(0.24912362597,0.382897176851));
#2236 = CARTESIAN_POINT('',(0.24908198163,0.381271081963));
#2237 = CARTESIAN_POINT('',(0.249055161767,0.37964649586));
#2238 = CARTESIAN_POINT('',(0.249061378607,0.378024305426));
#2239 = CARTESIAN_POINT('',(0.249133406919,0.376405342311));
#2240 = CARTESIAN_POINT('',(0.24924101362,0.374789303724));
#2241 = CARTESIAN_POINT('',(0.24935015491,0.373175973587));
#2242 = CARTESIAN_POINT('',(0.249424696314,0.371565136344));
#2243 = CARTESIAN_POINT('',(0.249418869165,0.369956727911));
#2244 = CARTESIAN_POINT('',(0.249310457786,0.368350299208));
#2245 = CARTESIAN_POINT('',(0.249190378726,0.366744059251));
#2246 = CARTESIAN_POINT('',(0.249106300097,0.365136329342));
#2247 = CARTESIAN_POINT('',(0.249080171255,0.363525445717));
#2248 = CARTESIAN_POINT('',(0.249102543201,0.361909378665));
#2249 = CARTESIAN_POINT('',(0.249136365259,0.360287752937));
#2250 = CARTESIAN_POINT('',(0.249159157137,0.358662016141));
#2251 = CARTESIAN_POINT('',(0.249170529134,0.357033228044));
#2252 = CARTESIAN_POINT('',(0.249185224021,0.355402511205));
#2253 = CARTESIAN_POINT('',(0.249253073585,0.353770991581));
#2254 = CARTESIAN_POINT('',(0.249345496617,0.352139369239));
#2255 = CARTESIAN_POINT('',(0.249407832838,0.350508214618));
#2256 = CARTESIAN_POINT('',(0.249396187309,0.348878177169));
#2257 = CARTESIAN_POINT('',(0.249331534331,0.347249911861));
#2258 = CARTESIAN_POINT('',(0.249281956334,0.345624046057));
#2259 = CARTESIAN_POINT('',(0.249232848531,0.344001093397));
#2260 = CARTESIAN_POINT('',(0.249173282254,0.342381594438));
#2261 = CARTESIAN_POINT('',(0.249103491566,0.340766087884));
#2262 = CARTESIAN_POINT('',(0.249030669716,0.339155215353));
#2263 = CARTESIAN_POINT('',(0.248980344139,0.337549299221));
#2264 = CARTESIAN_POINT('',(0.249003369514,0.335946119831));
#2265 = CARTESIAN_POINT('',(0.249108558756,0.33434364819));
#2266 = CARTESIAN_POINT('',(0.249272200925,0.332739876864));
#2267 = CARTESIAN_POINT('',(0.249431205802,0.331132583018));
#2268 = CARTESIAN_POINT('',(0.249502676603,0.329520655457));
#2269 = CARTESIAN_POINT('',(0.249456641538,0.327905126117));
#2270 = CARTESIAN_POINT('',(0.249339262174,0.326286626103));
#2271 = CARTESIAN_POINT('',(0.249198645087,0.324665844623));
#2272 = CARTESIAN_POINT('',(0.249111558271,0.323043344092));
#2273 = CARTESIAN_POINT('',(0.249084774694,0.321419862709));
#2274 = CARTESIAN_POINT('',(0.24907970484,0.31979631674));
#2275 = CARTESIAN_POINT('',(0.249087787364,0.318173610516));
#2276 = CARTESIAN_POINT('',(0.249110815083,0.316552625952));
#2277 = CARTESIAN_POINT('',(0.249174731361,0.314934384759));
#2278 = CARTESIAN_POINT('',(0.24926792871,0.313318763298));
#2279 = CARTESIAN_POINT('',(0.249360861263,0.311705382698));
#2280 = CARTESIAN_POINT('',(0.24942019333,0.310093967955));
#2281 = CARTESIAN_POINT('',(0.249415771175,0.309020837714));
#2282 = CARTESIAN_POINT('',(0.249397125512,0.308484516719));
#2283 = ( GEOMETRIC_REPRESENTATION_CONTEXT(2) 
PARAMETRIC_REPRESENTATION_CONTEXT() REPRESENTATION_CONTEXT('2D SPACE',''
  ) );
#2284 = PCURVE('',#1447,#2285);
#2285 = DEFINITIONAL_REPRESENTATION('',(#2286),#2400);
#2286 = B_SPLINE_CURVE_WITH_KNOTS('',3,(#2287,#2288,#2289,#2290,#2291,
    #2292,#2293,#2294,#2295,#2296,#2297,#2298,#2299,#2300,#2301,#2302,
    #2303,#2304,#2305,#2306,#2307,#2308,#2309,#2310,#2311,#2312,#2313,
    #2314,#2315,#2316,#2317,#2318,#2319,#2320,#2321,#2322,#2323,#2324,
    #2325,#2326,#2327,#2328,#2329,#2330,#2331,#2332,#2333,#2334,#2335,
    #2336,#2337,#2338,#2339,#2340,#2341,#2342,#2343,#2344,#2345,#2346,
    #2347,#2348,#2349,#2350,#2351,#2352,#2353,#2354,#2355,#2356,#2357,
    #2358,#2359,#2360,#2361,#2362,#2363,#2364,#2365,#2366,#2367,#2368,
    #2369,#2370,#2371,#2372,#2373,#2374,#2375,#2376,#2377,#2378,#2379,
    #2380,#2381,#2382,#2383,#2384,#2385,#2386,#2387,#2388,#2389,#2390,
    #2391,#2392,#2393,#2394,#2395,#2396,#2397,#2398,#2399),
  .UNSPECIFIED.,.F.,.F.,(4,1,1,1,1,1,1,1,1,1,1,1,1,1,1,1,1,1,1,1,1,1,1,1
    ,1,1,1,1,1,1,1,1,1,1,1,1,1,1,1,1,1,1,1,1,1,1,1,1,1,1,1,1,1,1,1,1,1,1
    ,1,1,1,1,1,1,1,1,1,1,1,1,1,1,1,1,1,1,1,1,1,1,1,1,1,1,1,1,1,1,1,1,1,1
    ,1,1,1,1,1,1,1,1,1,1,1,1,1,1,1,1,1,1,4),(0.,9.090909090909E-03,
    1.818181818182E-02,2.727272727273E-02,3.636363636364E-02,
    4.545454545455E-02,5.454545454545E-02,6.363636363636E-02,
    7.272727272727E-02,8.181818181818E-02,9.090909090909E-02,1.E-01,
    0.109090909091,0.118181818182,0.127272727273,0.136363636364,
    0.145454545455,0.154545454545,0.163636363636,0.172727272727,
    0.181818181818,0.190909090909,0.2,0.209090909091,0.218181818182,
    0.227272727273,0.236363636364,0.245454545455,0.254545454545,
    0.263636363636,0.272727272727,0.281818181818,0.290909090909,0.3,
    0.309090909091,0.318181818182,0.327272727273,0.336363636364,
    0.345454545455,0.354545454545,0.363636363636,0.372727272727,
    0.381818181818,0.390909090909,0.4,0.409090909091,0.418181818182,
    0.427272727273,0.436363636364,0.445454545455,0.454545454545,
    0.463636363636,0.472727272727,0.481818181818,0.490909090909,0.5,
    0.509090909091,0.518181818182,0.527272727273,0.536363636364,
    0.545454545455,0.554545454545,0.563636363636,0.572727272727,
    0.581818181818,0.590909090909,0.6,0.609090909091,0.618181818182,
    0.627272727273,0.636363636364,0.645454545455,0.654545454545,
    0.663636363636,0.672727272727,0.681818181818,0.690909090909,0.7,
    0.709090909091,0.718181818182,0.727272727273,0.736363636364,
    0.745454545455,0.754545454545,0.763636363636,0.772727272727,
    0.781818181818,0.790909090909,0.8,0.809090909091,0.818181818182,
    0.827272727273,0.836363636364,0.845454545455,0.854545454545,
    0.863636363636,0.872727272727,0.881818181818,0.890909090909,0.9,
    0.909090909091,0.918181818182,0.927272727273,0.936363636364,
    0.945454545455,0.954545454545,0.963636363636,0.972727272727,
    0.981818181818,0.990909090909,1.),.QUASI_UNIFORM_KNOTS.);
#2287 = CARTESIAN_POINT('',(3.14159265359,0.380146170928));
#2288 = CARTESIAN_POINT('',(3.15102401133,0.380896693259));
#2289 = CARTESIAN_POINT('',(3.169901327585,0.382398894534));
#2290 = CARTESIAN_POINT('',(3.198263340484,0.384655857866));
#2291 = CARTESIAN_POINT('',(3.226673589146,0.386916677642));
#2292 = CARTESIAN_POINT('',(3.255134407141,0.389181536819));
#2293 = CARTESIAN_POINT('',(3.283649036631,0.391450663186));
#2294 = CARTESIAN_POINT('',(3.312218575622,0.393724109365));
#2295 = CARTESIAN_POINT('',(3.340834199146,0.396001226621));
#2296 = CARTESIAN_POINT('',(3.369488552571,0.39828146232));
#2297 = CARTESIAN_POINT('',(3.398173859421,0.400564211814));
#2298 = CARTESIAN_POINT('',(3.426884171517,0.402848982405));
#2299 = CARTESIAN_POINT('',(3.455608144978,0.40513481103));
#2300 = CARTESIAN_POINT('',(3.48432625907,0.407420122203));
#2301 = CARTESIAN_POINT('',(3.513019702468,0.409703436202));
#2302 = CARTESIAN_POINT('',(3.541670299874,0.411983338824));
#2303 = CARTESIAN_POINT('',(3.570255325995,0.414258058015));
#2304 = CARTESIAN_POINT('',(3.598779261281,0.416527935481));
#2305 = CARTESIAN_POINT('',(3.627260176316,0.418794383365));
#2306 = CARTESIAN_POINT('',(3.655712807797,0.421058565887));
#2307 = CARTESIAN_POINT('',(3.684152162497,0.423321681971));
#2308 = CARTESIAN_POINT('',(3.712594289158,0.425585039642));
#2309 = CARTESIAN_POINT('',(3.741037119486,0.427848457589));
#2310 = CARTESIAN_POINT('',(3.769476007498,0.430111556058));
#2311 = CARTESIAN_POINT('',(3.797906935774,0.432374015088));
#2312 = CARTESIAN_POINT('',(3.826325371509,0.434635470545));
#2313 = CARTESIAN_POINT('',(3.854728330489,0.43689567613));
#2314 = CARTESIAN_POINT('',(3.88312981572,0.439155775777));
#2315 = CARTESIAN_POINT('',(3.911543215779,0.441416845487));
#2316 = CARTESIAN_POINT('',(3.939981585641,0.443679922142));
#2317 = CARTESIAN_POINT('',(3.968460911359,0.445946267046));
#2318 = CARTESIAN_POINT('',(3.996985600442,0.448216205324));
#2319 = CARTESIAN_POINT('',(4.025531248158,0.450487784585));
#2320 = CARTESIAN_POINT('',(4.054077269603,0.452759385494));
#2321 = CARTESIAN_POINT('',(4.082603260452,0.455029407372));
#2322 = CARTESIAN_POINT('',(4.11108391646,0.457295841861));
#2323 = CARTESIAN_POINT('',(4.139520362799,0.459558764825));
#2324 = CARTESIAN_POINT('',(4.167937548281,0.461820149657));
#2325 = CARTESIAN_POINT('',(4.19635555893,0.464081580301));
#2326 = CARTESIAN_POINT('',(4.224794692599,0.466344664654));
#2327 = CARTESIAN_POINT('',(4.253278750506,0.468611304253));
#2328 = CARTESIAN_POINT('',(4.281803195231,0.470881161202));
#2329 = CARTESIAN_POINT('',(4.310354254291,0.473153165695));
#2330 = CARTESIAN_POINT('',(4.338920582613,0.475426430752));
#2331 = CARTESIAN_POINT('',(4.367490542119,0.477700024239));
#2332 = CARTESIAN_POINT('',(4.396053019612,0.479973011817));
#2333 = CARTESIAN_POINT('',(4.424602508599,0.482244923307));
#2334 = CARTESIAN_POINT('',(4.453133230979,0.484515303713));
#2335 = CARTESIAN_POINT('',(4.481639290295,0.486783705536));
#2336 = CARTESIAN_POINT('',(4.510114043764,0.489049636144));
#2337 = CARTESIAN_POINT('',(4.538553277954,0.491312781306));
#2338 = CARTESIAN_POINT('',(4.56696563204,0.493573787052));
#2339 = CARTESIAN_POINT('',(4.59535808779,0.495833191207));
#2340 = CARTESIAN_POINT('',(4.62373807443,0.498091579201));
#2341 = CARTESIAN_POINT('',(4.652111855804,0.500349454256));
#2342 = CARTESIAN_POINT('',(4.680489484369,0.502607642816));
#2343 = CARTESIAN_POINT('',(4.708887448195,0.504867480473));
#2344 = CARTESIAN_POINT('',(4.737321673516,0.50713022888));
#2345 = CARTESIAN_POINT('',(4.765807575105,0.509397094384));
#2346 = CARTESIAN_POINT('',(4.794364635971,0.51166957849));
#2347 = CARTESIAN_POINT('',(4.82299117304,0.513947558737));
#2348 = CARTESIAN_POINT('',(4.851672309823,0.516229903244));
#2349 = CARTESIAN_POINT('',(4.880396490764,0.518515717054));
#2350 = CARTESIAN_POINT('',(4.909151585398,0.520804034449));
#2351 = CARTESIAN_POINT('',(4.937926753041,0.523093935842));
#2352 = CARTESIAN_POINT('',(4.966707376326,0.5253842237));
#2353 = CARTESIAN_POINT('',(4.99547754944,0.527673649485));
#2354 = CARTESIAN_POINT('',(5.024221376721,0.52996098163));
#2355 = CARTESIAN_POINT('',(5.052922639317,0.532244970151));
#2356 = CARTESIAN_POINT('',(5.081566113074,0.534524421883));
#2357 = CARTESIAN_POINT('',(5.110156803426,0.536799652027));
#2358 = CARTESIAN_POINT('',(5.138698365328,0.539070916021));
#2359 = CARTESIAN_POINT('',(5.167194706281,0.541338523067));
#2360 = CARTESIAN_POINT('',(5.195647373329,0.543602627071));
#2361 = CARTESIAN_POINT('',(5.224065164087,0.545863987073));
#2362 = CARTESIAN_POINT('',(5.252480462464,0.548125204239));
#2363 = CARTESIAN_POINT('',(5.280923252123,0.550388649054));
#2364 = CARTESIAN_POINT('',(5.30942297959,0.552656630393));
#2365 = CARTESIAN_POINT('',(5.338015348072,0.554931934253));
#2366 = CARTESIAN_POINT('',(5.366706640542,0.557215061986));
#2367 = CARTESIAN_POINT('',(5.395470772647,0.559504000424));
#2368 = CARTESIAN_POINT('',(5.424288481568,0.561797250924));
#2369 = CARTESIAN_POINT('',(5.453139444118,0.564093202937));
#2370 = CARTESIAN_POINT('',(5.482003397339,0.566390179011));
#2371 = CARTESIAN_POINT('',(5.510867908656,0.56868714687));
#2372 = CARTESIAN_POINT('',(5.53972316177,0.570983345179));
#2373 = CARTESIAN_POINT('',(5.5685583602,0.573277945878));
#2374 = CARTESIAN_POINT('',(5.597362851552,0.575570139116));
#2375 = CARTESIAN_POINT('',(5.626125983494,0.577859108927));
#2376 = CARTESIAN_POINT('',(5.654838816144,0.580144054619));
#2377 = CARTESIAN_POINT('',(5.683491645939,0.582424167403));
#2378 = CARTESIAN_POINT('',(5.712074592332,0.584698670783));
#2379 = CARTESIAN_POINT('',(5.740575831042,0.586966667207));
#2380 = CARTESIAN_POINT('',(5.768989136651,0.589227719125));
#2381 = CARTESIAN_POINT('',(5.797353282218,0.591484895462));
#2382 = CARTESIAN_POINT('',(5.825703810909,0.59374099062));
#2383 = CARTESIAN_POINT('',(5.854076087,0.595998783755));
#2384 = CARTESIAN_POINT('',(5.882509569885,0.598261389534));
#2385 = CARTESIAN_POINT('',(5.911024386239,0.600530438113));
#2386 = CARTESIAN_POINT('',(5.939603181612,0.602804616436));
#2387 = CARTESIAN_POINT('',(5.968235493121,0.60508312488));
#2388 = CARTESIAN_POINT('',(5.996909385231,0.607365013693));
#2389 = CARTESIAN_POINT('',(6.025614839325,0.609649420202));
#2390 = CARTESIAN_POINT('',(6.054338536747,0.611935216242));
#2391 = CARTESIAN_POINT('',(6.083063880143,0.614221088313));
#2392 = CARTESIAN_POINT('',(6.111774374295,0.616505751256));
#2393 = CARTESIAN_POINT('',(6.140453910687,0.618787961243));
#2394 = CARTESIAN_POINT('',(6.169083970518,0.621066280778));
#2395 = CARTESIAN_POINT('',(6.197666485639,0.623340825678));
#2396 = CARTESIAN_POINT('',(6.226208159725,0.625612102467));
#2397 = CARTESIAN_POINT('',(6.254714129103,0.627880517651));
#2398 = CARTESIAN_POINT('',(6.273697737937,0.629391175661));
#2399 = CARTESIAN_POINT('',(6.28318530718,0.630146170928));
#2400 = ( GEOMETRIC_REPRESENTATION_CONTEXT(2) 
PARAMETRIC_REPRESENTATION_CONTEXT() REPRESENTATION_CONTEXT('2D SPACE',''
  ) );
#2401 = ORIENTED_EDGE('',*,*,#2402,.T.);
#2402 = EDGE_CURVE('',#2137,#2403,#2405,.T.);
#2403 = VERTEX_POINT('',#2404);
#2404 = CARTESIAN_POINT('',(4.998964812729,-16.41235382907,
    -0.101738886849));
#2405 = SURFACE_CURVE('',#2406,(#2433,#2550),.PCURVE_S1.);
#2406 = B_SPLINE_CURVE_WITH_KNOTS('',3,(#2407,#2408,#2409,#2410,#2411,
    #2412,#2413,#2414,#2415,#2416,#2417,#2418,#2419,#2420,#2421,#2422,
    #2423,#2424,#2425,#2426,#2427,#2428,#2429,#2430,#2431,#2432),
  .UNSPECIFIED.,.F.,.F.,(4,1,1,1,1,1,1,1,1,1,1,1,1,1,1,1,1,1,1,1,1,1,1,4
    ),(0.,4.347826086957E-02,8.695652173913E-02,0.130434782609,
    0.173913043478,0.217391304348,0.260869565217,0.304347826087,
    0.347826086957,0.391304347826,0.434782608696,0.478260869565,
    0.521739130435,0.565217391304,0.608695652174,0.652173913044,
    0.695652173913,0.739130434783,0.782608695652,0.826086956522,
    0.869565217391,0.913043478261,0.95652173913,1.),.UNSPECIFIED.);
#2407 = CARTESIAN_POINT('',(-4.998964812729,-16.66235382907,
    0.101738886849));
#2408 = CARTESIAN_POINT('',(-4.99435016757,-16.65874437544,
    0.328480592882));
#2409 = CARTESIAN_POINT('',(-4.954125825997,-16.65152297829,
    0.781470482101));
#2410 = CARTESIAN_POINT('',(-4.80289290979,-16.64071912625,1.44486474093
    ));
#2411 = CARTESIAN_POINT('',(-4.561084820427,-16.62983637763,
    2.08614980191));
#2412 = CARTESIAN_POINT('',(-4.236347685955,-16.61902287959,
    2.684760238551));
#2413 = CARTESIAN_POINT('',(-3.831617620399,-16.60815640443,
    3.236597244171));
#2414 = CARTESIAN_POINT('',(-3.353990731411,-16.59726270085,
    3.729116017671));
#2415 = CARTESIAN_POINT('',(-2.818158572634,-16.58645664771,
    4.148645203282));
#2416 = CARTESIAN_POINT('',(-2.231099540274,-16.57565778795,
    4.491966017173));
#2417 = CARTESIAN_POINT('',(-1.595556647127,-16.56473445574,
    4.755311124853));
#2418 = CARTESIAN_POINT('',(-0.926611763459,-16.55375914283,
    4.929531703746));
#2419 = CARTESIAN_POINT('',(-0.244138935039,-16.54284826652,
    5.009443565556));
#2420 = CARTESIAN_POINT('',(0.434060947743,-16.53207769636,
    4.996701208097));
#2421 = CARTESIAN_POINT('',(1.116720602022,-16.52110668414,
    4.890103499366));
#2422 = CARTESIAN_POINT('',(1.779799603434,-16.51010820095,
    4.689554237508));
#2423 = CARTESIAN_POINT('',(2.405861092054,-16.49916073245,4.4007885585)
  );
#2424 = CARTESIAN_POINT('',(2.977364635905,-16.4883945752,4.035946945666
    ));
#2425 = CARTESIAN_POINT('',(3.499743084965,-16.47751948828,3.59301965056
    ));
#2426 = CARTESIAN_POINT('',(3.959559910146,-16.46656795623,3.07890586592
    ));
#2427 = CARTESIAN_POINT('',(4.3421877339,-16.45568281071,2.510084502274)
  );
#2428 = CARTESIAN_POINT('',(4.642020234162,-16.44487162436,
    1.898808715113));
#2429 = CARTESIAN_POINT('',(4.856559350369,-16.43406058818,
    1.252640914396));
#2430 = CARTESIAN_POINT('',(4.981939122614,-16.42319118715,0.57969087358
    ));
#2431 = CARTESIAN_POINT('',(5.003583048356,-16.41596609106,
    0.125179237697));
#2432 = CARTESIAN_POINT('',(4.998964812729,-16.41235382907,
    -0.101738886849));
#2433 = PCURVE('',#1703,#2434);
#2434 = DEFINITIONAL_REPRESENTATION('',(#2435),#2549);
#2435 = B_SPLINE_CURVE_WITH_KNOTS('',3,(#2436,#2437,#2438,#2439,#2440,
    #2441,#2442,#2443,#2444,#2445,#2446,#2447,#2448,#2449,#2450,#2451,
    #2452,#2453,#2454,#2455,#2456,#2457,#2458,#2459,#2460,#2461,#2462,
    #2463,#2464,#2465,#2466,#2467,#2468,#2469,#2470,#2471,#2472,#2473,
    #2474,#2475,#2476,#2477,#2478,#2479,#2480,#2481,#2482,#2483,#2484,
    #2485,#2486,#2487,#2488,#2489,#2490,#2491,#2492,#2493,#2494,#2495,
    #2496,#2497,#2498,#2499,#2500,#2501,#2502,#2503,#2504,#2505,#2506,
    #2507,#2508,#2509,#2510,#2511,#2512,#2513,#2514,#2515,#2516,#2517,
    #2518,#2519,#2520,#2521,#2522,#2523,#2524,#2525,#2526,#2527,#2528,
    #2529,#2530,#2531,#2532,#2533,#2534,#2535,#2536,#2537,#2538,#2539,
    #2540,#2541,#2542,#2543,#2544,#2545,#2546,#2547,#2548),
  .UNSPECIFIED.,.F.,.F.,(4,1,1,1,1,1,1,1,1,1,1,1,1,1,1,1,1,1,1,1,1,1,1,1
    ,1,1,1,1,1,1,1,1,1,1,1,1,1,1,1,1,1,1,1,1,1,1,1,1,1,1,1,1,1,1,1,1,1,1
    ,1,1,1,1,1,1,1,1,1,1,1,1,1,1,1,1,1,1,1,1,1,1,1,1,1,1,1,1,1,1,1,1,1,1
    ,1,1,1,1,1,1,1,1,1,1,1,1,1,1,1,1,1,1,4),(0.,9.090909090909E-03,
    1.818181818182E-02,2.727272727273E-02,3.636363636364E-02,
    4.545454545455E-02,5.454545454545E-02,6.363636363636E-02,
    7.272727272727E-02,8.181818181818E-02,9.090909090909E-02,1.E-01,
    0.109090909091,0.118181818182,0.127272727273,0.136363636364,
    0.145454545455,0.154545454545,0.163636363636,0.172727272727,
    0.181818181818,0.190909090909,0.2,0.209090909091,0.218181818182,
    0.227272727273,0.236363636364,0.245454545455,0.254545454545,
    0.263636363636,0.272727272727,0.281818181818,0.290909090909,0.3,
    0.309090909091,0.318181818182,0.327272727273,0.336363636364,
    0.345454545455,0.354545454545,0.363636363636,0.372727272727,
    0.381818181818,0.390909090909,0.4,0.409090909091,0.418181818182,
    0.427272727273,0.436363636364,0.445454545455,0.454545454545,
    0.463636363636,0.472727272727,0.481818181818,0.490909090909,0.5,
    0.509090909091,0.518181818182,0.527272727273,0.536363636364,
    0.545454545455,0.554545454545,0.563636363636,0.572727272727,
    0.581818181818,0.590909090909,0.6,0.609090909091,0.618181818182,
    0.627272727273,0.636363636364,0.645454545455,0.654545454545,
    0.663636363636,0.672727272727,0.681818181818,0.690909090909,0.7,
    0.709090909091,0.718181818182,0.727272727273,0.736363636364,
    0.745454545455,0.754545454545,0.763636363636,0.772727272727,
    0.781818181818,0.790909090909,0.8,0.809090909091,0.818181818182,
    0.827272727273,0.836363636364,0.845454545455,0.854545454545,
    0.863636363636,0.872727272727,0.881818181818,0.890909090909,0.9,
    0.909090909091,0.918181818182,0.927272727273,0.936363636364,
    0.945454545455,0.954545454545,0.963636363636,0.972727272727,
    0.981818181818,0.990909090909,1.),.QUASI_UNIFORM_KNOTS.);
#2436 = CARTESIAN_POINT('',(0.249397125512,0.308484516719));
#2437 = CARTESIAN_POINT('',(0.249381990314,0.30794840454));
#2438 = CARTESIAN_POINT('',(0.249344013191,0.306876125274));
#2439 = CARTESIAN_POINT('',(0.249270902218,0.305267767231));
#2440 = CARTESIAN_POINT('',(0.249187055485,0.303659701587));
#2441 = CARTESIAN_POINT('',(0.249103361279,0.302052138981));
#2442 = CARTESIAN_POINT('',(0.249033546228,0.300445336719));
#2443 = CARTESIAN_POINT('',(0.24899734906,0.298839335646));
#2444 = CARTESIAN_POINT('',(0.249012729255,0.297233346123));
#2445 = CARTESIAN_POINT('',(0.249084309745,0.295626661295));
#2446 = CARTESIAN_POINT('',(0.249203651714,0.294018596348));
#2447 = CARTESIAN_POINT('',(0.249354501882,0.292408284791));
#2448 = CARTESIAN_POINT('',(0.249487340351,0.290795724336));
#2449 = CARTESIAN_POINT('',(0.2495308516,0.289182080638));
#2450 = CARTESIAN_POINT('',(0.249455126053,0.287568349258));
#2451 = CARTESIAN_POINT('',(0.249309045503,0.285955506593));
#2452 = CARTESIAN_POINT('',(0.24915735811,0.284344711316));
#2453 = CARTESIAN_POINT('',(0.249046106346,0.282735717068));
#2454 = CARTESIAN_POINT('',(0.248990355526,0.281127572332));
#2455 = CARTESIAN_POINT('',(0.248995028378,0.279519483659));
#2456 = CARTESIAN_POINT('',(0.249050566625,0.277910637069));
#2457 = CARTESIAN_POINT('',(0.249131419995,0.276300160968));
#2458 = CARTESIAN_POINT('',(0.249219549582,0.274688124464));
#2459 = CARTESIAN_POINT('',(0.249303099941,0.273074720634));
#2460 = CARTESIAN_POINT('',(0.249371078388,0.271460115488));
#2461 = CARTESIAN_POINT('',(0.249419823474,0.269844471432));
#2462 = CARTESIAN_POINT('',(0.249432201541,0.268227995284));
#2463 = CARTESIAN_POINT('',(0.249383517966,0.26661149807));
#2464 = CARTESIAN_POINT('',(0.24928922914,0.264995760677));
#2465 = CARTESIAN_POINT('',(0.249170596765,0.263381534237));
#2466 = CARTESIAN_POINT('',(0.249067206836,0.261769661564));
#2467 = CARTESIAN_POINT('',(0.249017500732,0.260160517544));
#2468 = CARTESIAN_POINT('',(0.249020737633,0.258553386731));
#2469 = CARTESIAN_POINT('',(0.24907052759,0.256947744104));
#2470 = CARTESIAN_POINT('',(0.249151339222,0.255343022326));
#2471 = CARTESIAN_POINT('',(0.249233088364,0.253738731375));
#2472 = CARTESIAN_POINT('',(0.249304059406,0.252134189921));
#2473 = CARTESIAN_POINT('',(0.249365130456,0.250528530025));
#2474 = CARTESIAN_POINT('',(0.24939238293,0.248920915392));
#2475 = CARTESIAN_POINT('',(0.249365470044,0.247310558304));
#2476 = CARTESIAN_POINT('',(0.249313061195,0.245696476831));
#2477 = CARTESIAN_POINT('',(0.249237587198,0.244078871397));
#2478 = CARTESIAN_POINT('',(0.249150455038,0.242458315135));
#2479 = CARTESIAN_POINT('',(0.249071735347,0.240835253984));
#2480 = CARTESIAN_POINT('',(0.249028984537,0.239210133701));
#2481 = CARTESIAN_POINT('',(0.249059712545,0.237583343244));
#2482 = CARTESIAN_POINT('',(0.249127852379,0.235955604962));
#2483 = CARTESIAN_POINT('',(0.249208054096,0.234327677373));
#2484 = CARTESIAN_POINT('',(0.249288047126,0.232700322507));
#2485 = CARTESIAN_POINT('',(0.249372926189,0.231074325874));
#2486 = CARTESIAN_POINT('',(0.249466287155,0.229450409566));
#2487 = CARTESIAN_POINT('',(0.249480144368,0.227829021254));
#2488 = CARTESIAN_POINT('',(0.249412606519,0.226210711634));
#2489 = CARTESIAN_POINT('',(0.249282850144,0.224595945653));
#2490 = CARTESIAN_POINT('',(0.249109034254,0.22298548435));
#2491 = CARTESIAN_POINT('',(0.248947903698,0.221378838434));
#2492 = CARTESIAN_POINT('',(0.248872639784,0.219773485549));
#2493 = CARTESIAN_POINT('',(0.248907093276,0.218167216266));
#2494 = CARTESIAN_POINT('',(0.249040640541,0.216557837564));
#2495 = CARTESIAN_POINT('',(0.249217347872,0.214942731041));
#2496 = CARTESIAN_POINT('',(0.249371058292,0.213321783596));
#2497 = CARTESIAN_POINT('',(0.249465881774,0.211696433983));
#2498 = CARTESIAN_POINT('',(0.249485541505,0.210067762695));
#2499 = CARTESIAN_POINT('',(0.249423480654,0.208436923301));
#2500 = CARTESIAN_POINT('',(0.249335508013,0.206805070021));
#2501 = CARTESIAN_POINT('',(0.249244097532,0.20517281936));
#2502 = CARTESIAN_POINT('',(0.249150874461,0.2035406915));
#2503 = CARTESIAN_POINT('',(0.249074704253,0.201909221256));
#2504 = CARTESIAN_POINT('',(0.249042640325,0.200278921716));
#2505 = CARTESIAN_POINT('',(0.249087625254,0.198650295316));
#2506 = CARTESIAN_POINT('',(0.249160102837,0.197024104132));
#2507 = CARTESIAN_POINT('',(0.249227504787,0.19540116311));
#2508 = CARTESIAN_POINT('',(0.249271226585,0.193782270007));
#2509 = CARTESIAN_POINT('',(0.249285765399,0.19216844898));
#2510 = CARTESIAN_POINT('',(0.249288724304,0.190559954916));
#2511 = CARTESIAN_POINT('',(0.249297273397,0.188954626841));
#2512 = CARTESIAN_POINT('',(0.24928834918,0.187350656825));
#2513 = CARTESIAN_POINT('',(0.249280208706,0.1857462209));
#2514 = CARTESIAN_POINT('',(0.249251740996,0.184139253345));
#2515 = CARTESIAN_POINT('',(0.249187925086,0.182528901458));
#2516 = CARTESIAN_POINT('',(0.249115082544,0.180915619288));
#2517 = CARTESIAN_POINT('',(0.249056585236,0.179299544909));
#2518 = CARTESIAN_POINT('',(0.249038026757,0.177680885893));
#2519 = CARTESIAN_POINT('',(0.249099427443,0.176059688496));
#2520 = CARTESIAN_POINT('',(0.24920683696,0.174436633855));
#2521 = CARTESIAN_POINT('',(0.249310071751,0.172812697718));
#2522 = CARTESIAN_POINT('',(0.249382904202,0.171188816002));
#2523 = CARTESIAN_POINT('',(0.249414704481,0.16956594233));
#2524 = CARTESIAN_POINT('',(0.249408304989,0.167945084384));
#2525 = CARTESIAN_POINT('',(0.249350981318,0.166326366049));
#2526 = CARTESIAN_POINT('',(0.249266780812,0.164709841296));
#2527 = CARTESIAN_POINT('',(0.249173140195,0.163095573771));
#2528 = CARTESIAN_POINT('',(0.24909033999,0.161483638042));
#2529 = CARTESIAN_POINT('',(0.249038959596,0.159874032696));
#2530 = CARTESIAN_POINT('',(0.249029220463,0.158266195674));
#2531 = CARTESIAN_POINT('',(0.249062099248,0.156659617465));
#2532 = CARTESIAN_POINT('',(0.249130313129,0.155053787315));
#2533 = CARTESIAN_POINT('',(0.249216382697,0.153448200981));
#2534 = CARTESIAN_POINT('',(0.249301079342,0.151842411146));
#2535 = CARTESIAN_POINT('',(0.24937145737,0.150236066077));
#2536 = CARTESIAN_POINT('',(0.249406143965,0.148628799539));
#2537 = CARTESIAN_POINT('',(0.249377080908,0.147020302541));
#2538 = CARTESIAN_POINT('',(0.249325841486,0.145410118464));
#2539 = CARTESIAN_POINT('',(0.249261407235,0.143798431645));
#2540 = CARTESIAN_POINT('',(0.249181730591,0.142185926544));
#2541 = CARTESIAN_POINT('',(0.249100363851,0.140573169817));
#2542 = CARTESIAN_POINT('',(0.249037961852,0.138960720692));
#2543 = CARTESIAN_POINT('',(0.249031936392,0.13734919835));
#2544 = CARTESIAN_POINT('',(0.249079711216,0.135738505793));
#2545 = CARTESIAN_POINT('',(0.249162776199,0.134128384793));
#2546 = CARTESIAN_POINT('',(0.249262457463,0.132518636624));
#2547 = CARTESIAN_POINT('',(0.24932391628,0.131445595748));
#2548 = CARTESIAN_POINT('',(0.249349637459,0.130909074849));
#2549 = ( GEOMETRIC_REPRESENTATION_CONTEXT(2) 
PARAMETRIC_REPRESENTATION_CONTEXT() REPRESENTATION_CONTEXT('2D SPACE',''
  ) );
#2550 = PCURVE('',#2551,#2556);
#2551 = CYLINDRICAL_SURFACE('',#2552,5.);
#2552 = AXIS2_PLACEMENT_3D('',#2553,#2554,#2555);
#2553 = CARTESIAN_POINT('',(0.,-17.2925,0.));
#2554 = DIRECTION('',(0.,1.,0.));
#2555 = DIRECTION('',(-0.999792962546,0.,2.034777736978E-02));
#2556 = DEFINITIONAL_REPRESENTATION('',(#2557),#2671);
#2557 = B_SPLINE_CURVE_WITH_KNOTS('',3,(#2558,#2559,#2560,#2561,#2562,
    #2563,#2564,#2565,#2566,#2567,#2568,#2569,#2570,#2571,#2572,#2573,
    #2574,#2575,#2576,#2577,#2578,#2579,#2580,#2581,#2582,#2583,#2584,
    #2585,#2586,#2587,#2588,#2589,#2590,#2591,#2592,#2593,#2594,#2595,
    #2596,#2597,#2598,#2599,#2600,#2601,#2602,#2603,#2604,#2605,#2606,
    #2607,#2608,#2609,#2610,#2611,#2612,#2613,#2614,#2615,#2616,#2617,
    #2618,#2619,#2620,#2621,#2622,#2623,#2624,#2625,#2626,#2627,#2628,
    #2629,#2630,#2631,#2632,#2633,#2634,#2635,#2636,#2637,#2638,#2639,
    #2640,#2641,#2642,#2643,#2644,#2645,#2646,#2647,#2648,#2649,#2650,
    #2651,#2652,#2653,#2654,#2655,#2656,#2657,#2658,#2659,#2660,#2661,
    #2662,#2663,#2664,#2665,#2666,#2667,#2668,#2669,#2670),
  .UNSPECIFIED.,.F.,.F.,(4,1,1,1,1,1,1,1,1,1,1,1,1,1,1,1,1,1,1,1,1,1,1,1
    ,1,1,1,1,1,1,1,1,1,1,1,1,1,1,1,1,1,1,1,1,1,1,1,1,1,1,1,1,1,1,1,1,1,1
    ,1,1,1,1,1,1,1,1,1,1,1,1,1,1,1,1,1,1,1,1,1,1,1,1,1,1,1,1,1,1,1,1,1,1
    ,1,1,1,1,1,1,1,1,1,1,1,1,1,1,1,1,1,1,4),(0.,9.090909090909E-03,
    1.818181818182E-02,2.727272727273E-02,3.636363636364E-02,
    4.545454545455E-02,5.454545454545E-02,6.363636363636E-02,
    7.272727272727E-02,8.181818181818E-02,9.090909090909E-02,1.E-01,
    0.109090909091,0.118181818182,0.127272727273,0.136363636364,
    0.145454545455,0.154545454545,0.163636363636,0.172727272727,
    0.181818181818,0.190909090909,0.2,0.209090909091,0.218181818182,
    0.227272727273,0.236363636364,0.245454545455,0.254545454545,
    0.263636363636,0.272727272727,0.281818181818,0.290909090909,0.3,
    0.309090909091,0.318181818182,0.327272727273,0.336363636364,
    0.345454545455,0.354545454545,0.363636363636,0.372727272727,
    0.381818181818,0.390909090909,0.4,0.409090909091,0.418181818182,
    0.427272727273,0.436363636364,0.445454545455,0.454545454545,
    0.463636363636,0.472727272727,0.481818181818,0.490909090909,0.5,
    0.509090909091,0.518181818182,0.527272727273,0.536363636364,
    0.545454545455,0.554545454545,0.563636363636,0.572727272727,
    0.581818181818,0.590909090909,0.6,0.609090909091,0.618181818182,
    0.627272727273,0.636363636364,0.645454545455,0.654545454545,
    0.663636363636,0.672727272727,0.681818181818,0.690909090909,0.7,
    0.709090909091,0.718181818182,0.727272727273,0.736363636364,
    0.745454545455,0.754545454545,0.763636363636,0.772727272727,
    0.781818181818,0.790909090909,0.8,0.809090909091,0.818181818182,
    0.827272727273,0.836363636364,0.845454545455,0.854545454545,
    0.863636363636,0.872727272727,0.881818181818,0.890909090909,0.9,
    0.909090909091,0.918181818182,0.927272727273,0.936363636364,
    0.945454545455,0.954545454545,0.963636363636,0.972727272727,
    0.981818181818,0.990909090909,1.),.QUASI_UNIFORM_KNOTS.);
#2558 = CARTESIAN_POINT('',(0.,0.630146170928));
#2559 = CARTESIAN_POINT('',(9.483867398354E-03,0.630900874868));
#2560 = CARTESIAN_POINT('',(2.84528867742E-02,0.632410391439));
#2561 = CARTESIAN_POINT('',(5.690637324724E-02,0.634674667384));
#2562 = CARTESIAN_POINT('',(8.535592759278E-02,0.636938613526));
#2563 = CARTESIAN_POINT('',(0.113797636504,0.639201919621));
#2564 = CARTESIAN_POINT('',(0.142226599652,0.641464198747));
#2565 = CARTESIAN_POINT('',(0.170641618366,0.643725363461));
#2566 = CARTESIAN_POINT('',(0.19905615378,0.645986507485));
#2567 = CARTESIAN_POINT('',(0.227482248488,0.648248593809));
#2568 = CARTESIAN_POINT('',(0.255931675573,0.650512553124));
#2569 = CARTESIAN_POINT('',(0.284419611686,0.652779576053));
#2570 = CARTESIAN_POINT('',(0.312946235746,0.655049653986));
#2571 = CARTESIAN_POINT('',(0.34149141607,0.657321189755));
#2572 = CARTESIAN_POINT('',(0.37003846211,0.659592876535));
#2573 = CARTESIAN_POINT('',(0.398570768623,0.661863413292));
#2574 = CARTESIAN_POINT('',(0.427068054053,0.664131185489));
#2575 = CARTESIAN_POINT('',(0.455534611803,0.666396512398));
#2576 = CARTESIAN_POINT('',(0.483987004821,0.668660695726));
#2577 = CARTESIAN_POINT('',(0.512438857841,0.670924809246));
#2578 = CARTESIAN_POINT('',(0.540904093049,0.673189960039));
#2579 = CARTESIAN_POINT('',(0.569397660921,0.67545734989));
#2580 = CARTESIAN_POINT('',(0.597917933767,0.677726879047));
#2581 = CARTESIAN_POINT('',(0.626461234813,0.679998277517));
#2582 = CARTESIAN_POINT('',(0.655024597609,0.682271315777));
#2583 = CARTESIAN_POINT('',(0.683605408832,0.684545769658));
#2584 = CARTESIAN_POINT('',(0.712200709139,0.686821352573));
#2585 = CARTESIAN_POINT('',(0.740797082087,0.689096978064));
#2586 = CARTESIAN_POINT('',(0.76938115771,0.691371597896));
#2587 = CARTESIAN_POINT('',(0.797939744666,0.693644190659));
#2588 = CARTESIAN_POINT('',(0.826457739399,0.695913589407));
#2589 = CARTESIAN_POINT('',(0.854928126564,0.698179232857));
#2590 = CARTESIAN_POINT('',(0.883363102497,0.700442043745));
#2591 = CARTESIAN_POINT('',(0.911771464555,0.70270270415));
#2592 = CARTESIAN_POINT('',(0.94016280568,0.704961975891));
#2593 = CARTESIAN_POINT('',(0.968545475714,0.707220542479));
#2594 = CARTESIAN_POINT('',(0.996931380685,0.709479387397));
#2595 = CARTESIAN_POINT('',(1.025335981019,0.711739756194));
#2596 = CARTESIAN_POINT('',(1.053774521542,0.714002853517));
#2597 = CARTESIAN_POINT('',(1.08226183848,0.716269836772));
#2598 = CARTESIAN_POINT('',(1.110815984188,0.718542093227));
#2599 = CARTESIAN_POINT('',(1.13943369171,0.720819384359));
#2600 = CARTESIAN_POINT('',(1.168104795628,0.72310094255));
#2601 = CARTESIAN_POINT('',(1.196821131415,0.725386133936));
#2602 = CARTESIAN_POINT('',(1.225574370275,0.727674285601));
#2603 = CARTESIAN_POINT('',(1.254357097372,0.729964747079));
#2604 = CARTESIAN_POINT('',(1.283156055059,0.732256465756));
#2605 = CARTESIAN_POINT('',(1.311957417598,0.734548373478));
#2606 = CARTESIAN_POINT('',(1.340747449519,0.736839410314));
#2607 = CARTESIAN_POINT('',(1.369512235492,0.739128498945));
#2608 = CARTESIAN_POINT('',(1.398239291231,0.741414625332));
#2609 = CARTESIAN_POINT('',(1.42692150989,0.743697131528));
#2610 = CARTESIAN_POINT('',(1.455550045905,0.745975293158));
#2611 = CARTESIAN_POINT('',(1.484117073545,0.748248504412));
#2612 = CARTESIAN_POINT('',(1.512609195743,0.750515751655));
#2613 = CARTESIAN_POINT('',(1.541034837993,0.75277776217));
#2614 = CARTESIAN_POINT('',(1.569438207224,0.755038051394));
#2615 = CARTESIAN_POINT('',(1.597857912997,0.757299660581));
#2616 = CARTESIAN_POINT('',(1.626332269811,0.759565598451));
#2617 = CARTESIAN_POINT('',(1.654907189619,0.761839478056));
#2618 = CARTESIAN_POINT('',(1.683584376264,0.764121468562));
#2619 = CARTESIAN_POINT('',(1.712338252131,0.766409596414));
#2620 = CARTESIAN_POINT('',(1.741149849506,0.768702381005));
#2621 = CARTESIAN_POINT('',(1.769999272013,0.770998231288));
#2622 = CARTESIAN_POINT('',(1.798867011223,0.773295505033));
#2623 = CARTESIAN_POINT('',(1.827742795503,0.775593362086));
#2624 = CARTESIAN_POINT('',(1.856617650511,0.777891116919));
#2625 = CARTESIAN_POINT('',(1.885482026285,0.780188042514));
#2626 = CARTESIAN_POINT('',(1.914326518135,0.782483427728));
#2627 = CARTESIAN_POINT('',(1.943141759599,0.784776539372));
#2628 = CARTESIAN_POINT('',(1.971913793002,0.787066178604));
#2629 = CARTESIAN_POINT('',(2.000627731004,0.789351142033));
#2630 = CARTESIAN_POINT('',(2.029269081536,0.791630295623));
#2631 = CARTESIAN_POINT('',(2.057819516878,0.793902232474));
#2632 = CARTESIAN_POINT('',(2.086274559599,0.796166636027));
#2633 = CARTESIAN_POINT('',(2.114672770822,0.798426534097));
#2634 = CARTESIAN_POINT('',(2.143046939523,0.800684498673));
#2635 = CARTESIAN_POINT('',(2.17143013016,0.802943132967));
#2636 = CARTESIAN_POINT('',(2.199859265518,0.805205371127));
#2637 = CARTESIAN_POINT('',(2.228349503571,0.807472469609));
#2638 = CARTESIAN_POINT('',(2.25689259447,0.809743825617));
#2639 = CARTESIAN_POINT('',(2.2854857017,0.812019231171));
#2640 = CARTESIAN_POINT('',(2.314124652682,0.814298339291));
#2641 = CARTESIAN_POINT('',(2.342808091003,0.816580964182));
#2642 = CARTESIAN_POINT('',(2.37152353828,0.818866074728));
#2643 = CARTESIAN_POINT('',(2.40025345039,0.821152300367));
#2644 = CARTESIAN_POINT('',(2.428981188031,0.823438348942));
#2645 = CARTESIAN_POINT('',(2.457690080394,0.825722925692));
#2646 = CARTESIAN_POINT('',(2.486362879871,0.828004667856));
#2647 = CARTESIAN_POINT('',(2.514998351685,0.83028342841));
#2648 = CARTESIAN_POINT('',(2.543596082643,0.832559157463));
#2649 = CARTESIAN_POINT('',(2.572155110736,0.834831785449));
#2650 = CARTESIAN_POINT('',(2.600673993473,0.837101225179));
#2651 = CARTESIAN_POINT('',(2.629152423158,0.839367481288));
#2652 = CARTESIAN_POINT('',(2.657599891769,0.841631276779));
#2653 = CARTESIAN_POINT('',(2.686024917195,0.843893274103));
#2654 = CARTESIAN_POINT('',(2.714436068714,0.846154148686));
#2655 = CARTESIAN_POINT('',(2.74284190558,0.848414584611));
#2656 = CARTESIAN_POINT('',(2.771250150823,0.850675212481));
#2657 = CARTESIAN_POINT('',(2.799667081502,0.852936549366));
#2658 = CARTESIAN_POINT('',(2.828099541769,0.855199144569));
#2659 = CARTESIAN_POINT('',(2.856553827917,0.857463493208));
#2660 = CARTESIAN_POINT('',(2.885038788444,0.859730274917));
#2661 = CARTESIAN_POINT('',(2.9135515039,0.861999240091));
#2662 = CARTESIAN_POINT('',(2.942079909036,0.864269442745));
#2663 = CARTESIAN_POINT('',(2.970613754373,0.866540085146));
#2664 = CARTESIAN_POINT('',(2.999142743027,0.868810361255));
#2665 = CARTESIAN_POINT('',(3.027655408758,0.871079350011));
#2666 = CARTESIAN_POINT('',(3.056152970229,0.873347125255));
#2667 = CARTESIAN_POINT('',(3.084639578256,0.875614012371));
#2668 = CARTESIAN_POINT('',(3.113118439368,0.877880272346));
#2669 = CARTESIAN_POINT('',(3.132101379899,0.879390879784));
#2670 = CARTESIAN_POINT('',(3.14159265359,0.880146170928));
#2671 = ( GEOMETRIC_REPRESENTATION_CONTEXT(2) 
PARAMETRIC_REPRESENTATION_CONTEXT() REPRESENTATION_CONTEXT('2D SPACE',''
  ) );
#2672 = ORIENTED_EDGE('',*,*,#2673,.T.);
#2673 = EDGE_CURVE('',#2403,#2674,#2676,.T.);
#2674 = VERTEX_POINT('',#2675);
#2675 = CARTESIAN_POINT('',(-3.464616897728,-16.22805376616,
    -3.605056137146));
#2676 = SURFACE_CURVE('',#2677,(#2698,#2793),.PCURVE_S1.);
#2677 = B_SPLINE_CURVE_WITH_KNOTS('',3,(#2678,#2679,#2680,#2681,#2682,
    #2683,#2684,#2685,#2686,#2687,#2688,#2689,#2690,#2691,#2692,#2693,
    #2694,#2695,#2696,#2697),.UNSPECIFIED.,.F.,.F.,(4,1,1,1,1,1,1,1,1,1,
    1,1,1,1,1,1,1,4),(0.,5.882352941176E-02,0.117647058824,
    0.176470588235,0.235294117647,0.294117647059,0.352941176471,
    0.411764705882,0.470588235294,0.529411764706,0.588235294118,
    0.647058823529,0.705882352941,0.764705882353,0.823529411765,
    0.882352941176,0.941176470588,1.),.UNSPECIFIED.);
#2678 = CARTESIAN_POINT('',(4.998964812729,-16.41235382907,
    -0.101738886849));
#2679 = CARTESIAN_POINT('',(4.994363097255,-16.4087544887,
    -0.327845289654));
#2680 = CARTESIAN_POINT('',(4.954546632598,-16.40155188688,
    -0.779703217851));
#2681 = CARTESIAN_POINT('',(4.802176069767,-16.39068204694,
    -1.447083122537));
#2682 = CARTESIAN_POINT('',(4.5626801419,-16.37990879157,-2.081870945011
    ));
#2683 = CARTESIAN_POINT('',(4.240624789379,-16.36915115931,
    -2.677890209486));
#2684 = CARTESIAN_POINT('',(3.837117059782,-16.35829121092,
    -3.23011100222));
#2685 = CARTESIAN_POINT('',(3.358438758285,-16.34735359944,
    -3.725505588833));
#2686 = CARTESIAN_POINT('',(2.817739284949,-16.3364481531,
    -4.148972829283));
#2687 = CARTESIAN_POINT('',(2.23459113664,-16.32572137103,
    -4.490010577143));
#2688 = CARTESIAN_POINT('',(1.600469587985,-16.31481667633,
    -4.75363451719));
#2689 = CARTESIAN_POINT('',(0.932699576099,-16.30385746219,
    -4.928372474019));
#2690 = CARTESIAN_POINT('',(0.249221967347,-16.2929290707,
    -5.009275179044));
#2691 = CARTESIAN_POINT('',(-0.427776015703,-16.2821773138,
    -4.996912603152));
#2692 = CARTESIAN_POINT('',(-1.099620489207,-16.27138338923,
    -4.893519445329));
#2693 = CARTESIAN_POINT('',(-1.757797595389,-16.26047963493,
    -4.697597081938));
#2694 = CARTESIAN_POINT('',(-2.381051620762,-16.24960787696,
    -4.414148155388));
#2695 = CARTESIAN_POINT('',(-2.954362593889,-16.23884647243,
    -4.052738629263));
#2696 = CARTESIAN_POINT('',(-3.301710248083,-16.23164974325,
    -3.761616564957));
#2697 = CARTESIAN_POINT('',(-3.464616897728,-16.22805376616,
    -3.605056137146));
#2698 = PCURVE('',#1703,#2699);
#2699 = DEFINITIONAL_REPRESENTATION('',(#2700),#2792);
#2700 = B_SPLINE_CURVE_WITH_KNOTS('',3,(#2701,#2702,#2703,#2704,#2705,
    #2706,#2707,#2708,#2709,#2710,#2711,#2712,#2713,#2714,#2715,#2716,
    #2717,#2718,#2719,#2720,#2721,#2722,#2723,#2724,#2725,#2726,#2727,
    #2728,#2729,#2730,#2731,#2732,#2733,#2734,#2735,#2736,#2737,#2738,
    #2739,#2740,#2741,#2742,#2743,#2744,#2745,#2746,#2747,#2748,#2749,
    #2750,#2751,#2752,#2753,#2754,#2755,#2756,#2757,#2758,#2759,#2760,
    #2761,#2762,#2763,#2764,#2765,#2766,#2767,#2768,#2769,#2770,#2771,
    #2772,#2773,#2774,#2775,#2776,#2777,#2778,#2779,#2780,#2781,#2782,
    #2783,#2784,#2785,#2786,#2787,#2788,#2789,#2790,#2791),
  .UNSPECIFIED.,.F.,.F.,(4,1,1,1,1,1,1,1,1,1,1,1,1,1,1,1,1,1,1,1,1,1,1,1
    ,1,1,1,1,1,1,1,1,1,1,1,1,1,1,1,1,1,1,1,1,1,1,1,1,1,1,1,1,1,1,1,1,1,1
    ,1,1,1,1,1,1,1,1,1,1,1,1,1,1,1,1,1,1,1,1,1,1,1,1,1,1,1,1,1,1,4),(0.,
    1.136363636364E-02,2.272727272727E-02,3.409090909091E-02,
    4.545454545455E-02,5.681818181818E-02,6.818181818182E-02,
    7.954545454545E-02,9.090909090909E-02,0.102272727273,0.113636363636,
    0.125,0.136363636364,0.147727272727,0.159090909091,0.170454545455,
    0.181818181818,0.193181818182,0.204545454545,0.215909090909,
    0.227272727273,0.238636363636,0.25,0.261363636364,0.272727272727,
    0.284090909091,0.295454545455,0.306818181818,0.318181818182,
    0.329545454545,0.340909090909,0.352272727273,0.363636363636,0.375,
    0.386363636364,0.397727272727,0.409090909091,0.420454545455,
    0.431818181818,0.443181818182,0.454545454545,0.465909090909,
    0.477272727273,0.488636363636,0.5,0.511363636364,0.522727272727,
    0.534090909091,0.545454545455,0.556818181818,0.568181818182,
    0.579545454545,0.590909090909,0.602272727273,0.613636363636,0.625,
    0.636363636364,0.647727272727,0.659090909091,0.670454545455,
    0.681818181818,0.693181818182,0.704545454545,0.715909090909,
    0.727272727273,0.738636363636,0.75,0.761363636364,0.772727272727,
    0.784090909091,0.795454545455,0.806818181818,0.818181818182,
    0.829545454545,0.840909090909,0.852272727273,0.863636363636,0.875,
    0.886363636364,0.897727272727,0.909090909091,0.920454545455,
    0.931818181818,0.943181818182,0.954545454545,0.965909090909,
    0.977272727273,0.988636363636,1.),.QUASI_UNIFORM_KNOTS.);
#2701 = CARTESIAN_POINT('',(0.249349637459,0.130909074849));
#2702 = CARTESIAN_POINT('',(0.249375211581,0.130415150925));
#2703 = CARTESIAN_POINT('',(0.249406915015,0.129427174266));
#2704 = CARTESIAN_POINT('',(0.249403237005,0.127944593612));
#2705 = CARTESIAN_POINT('',(0.249341993116,0.126461176922));
#2706 = CARTESIAN_POINT('',(0.249263869571,0.124976672799));
#2707 = CARTESIAN_POINT('',(0.249194209297,0.123490834741));
#2708 = CARTESIAN_POINT('',(0.249161037077,0.122003277294));
#2709 = CARTESIAN_POINT('',(0.24914313499,0.120514653223));
#2710 = CARTESIAN_POINT('',(0.249124007136,0.119025823179));
#2711 = CARTESIAN_POINT('',(0.24910306137,0.117537611796));
#2712 = CARTESIAN_POINT('',(0.249090497079,0.116050810121));
#2713 = CARTESIAN_POINT('',(0.249116923672,0.114566369946));
#2714 = CARTESIAN_POINT('',(0.249186559599,0.113084247962));
#2715 = CARTESIAN_POINT('',(0.249278066663,0.111603905752));
#2716 = CARTESIAN_POINT('',(0.249367118142,0.110124952009));
#2717 = CARTESIAN_POINT('',(0.249424263127,0.108646980189));
#2718 = CARTESIAN_POINT('',(0.249404459196,0.107169648086));
#2719 = CARTESIAN_POINT('',(0.249326807327,0.105692510917));
#2720 = CARTESIAN_POINT('',(0.249232590716,0.104214968839));
#2721 = CARTESIAN_POINT('',(0.2491466005,0.1027364219));
#2722 = CARTESIAN_POINT('',(0.249085786573,0.101256261489));
#2723 = CARTESIAN_POINT('',(0.249056922106,9.977380412243E-02));
#2724 = CARTESIAN_POINT('',(0.249056145803,9.828860927823E-02));
#2725 = CARTESIAN_POINT('',(0.249077810078,9.680088215811E-02));
#2726 = CARTESIAN_POINT('',(0.249119090604,9.531071728559E-02));
#2727 = CARTESIAN_POINT('',(0.249178333781,9.381823140305E-02));
#2728 = CARTESIAN_POINT('',(0.249257236596,9.232351043078E-02));
#2729 = CARTESIAN_POINT('',(0.249352629551,9.082668519437E-02));
#2730 = CARTESIAN_POINT('',(0.249421151752,8.932837331419E-02));
#2731 = CARTESIAN_POINT('',(0.2494285503,8.782917580543E-02));
#2732 = CARTESIAN_POINT('',(0.24936755883,8.632971702873E-02));
#2733 = CARTESIAN_POINT('',(0.249288885713,8.483059880386E-02));
#2734 = CARTESIAN_POINT('',(0.249249150099,8.333237727836E-02));
#2735 = CARTESIAN_POINT('',(0.249221472778,8.183574294573E-02));
#2736 = CARTESIAN_POINT('',(0.249185025282,8.03414157317E-02));
#2737 = CARTESIAN_POINT('',(0.24913187915,7.885015370693E-02));
#2738 = CARTESIAN_POINT('',(0.249066164388,7.736264544906E-02));
#2739 = CARTESIAN_POINT('',(0.249001782034,7.587990160543E-02));
#2740 = CARTESIAN_POINT('',(0.248986484965,7.440059855055E-02));
#2741 = CARTESIAN_POINT('',(0.249046384304,7.292275284584E-02));
#2742 = CARTESIAN_POINT('',(0.249175985871,7.144452377814E-02));
#2743 = CARTESIAN_POINT('',(0.249342171601,6.996412942146E-02));
#2744 = CARTESIAN_POINT('',(0.249477313801,6.847948755944E-02));
#2745 = CARTESIAN_POINT('',(0.249511331756,6.699031611354E-02));
#2746 = CARTESIAN_POINT('',(0.249453546457,6.549753525041E-02));
#2747 = CARTESIAN_POINT('',(0.249334927263,6.4001756591E-02));
#2748 = CARTESIAN_POINT('',(0.249192212627,6.250362635402E-02));
#2749 = CARTESIAN_POINT('',(0.249081715046,6.100374266794E-02));
#2750 = CARTESIAN_POINT('',(0.249030481294,5.950260771032E-02));
#2751 = CARTESIAN_POINT('',(0.249016194135,5.800063733343E-02));
#2752 = CARTESIAN_POINT('',(0.24903483057,5.649826736086E-02));
#2753 = CARTESIAN_POINT('',(0.2490853021,5.49959331491E-02));
#2754 = CARTESIAN_POINT('',(0.249179399485,5.349405232159E-02));
#2755 = CARTESIAN_POINT('',(0.249316329972,5.199309925149E-02));
#2756 = CARTESIAN_POINT('',(0.249435918089,5.049380948257E-02));
#2757 = CARTESIAN_POINT('',(0.249500691335,4.899693089934E-02));
#2758 = CARTESIAN_POINT('',(0.249477983301,4.750324537191E-02));
#2759 = CARTESIAN_POINT('',(0.249369668708,4.601358657152E-02));
#2760 = CARTESIAN_POINT('',(0.249237217916,4.452867659891E-02));
#2761 = CARTESIAN_POINT('',(0.249123223014,4.304731228574E-02));
#2762 = CARTESIAN_POINT('',(0.249051974887,4.156836670305E-02));
#2763 = CARTESIAN_POINT('',(0.249028963888,4.009068761344E-02));
#2764 = CARTESIAN_POINT('',(0.249042956928,3.861315217426E-02));
#2765 = CARTESIAN_POINT('',(0.249059702183,3.713459584586E-02));
#2766 = CARTESIAN_POINT('',(0.249087308456,3.56546102535E-02));
#2767 = CARTESIAN_POINT('',(0.249135419579,3.417286060652E-02));
#2768 = CARTESIAN_POINT('',(0.249206392359,3.268896850751E-02));
#2769 = CARTESIAN_POINT('',(0.249295927311,3.120259321319E-02));
#2770 = CARTESIAN_POINT('',(0.249397944176,2.971323735949E-02));
#2771 = CARTESIAN_POINT('',(0.249468594311,2.822135824923E-02));
#2772 = CARTESIAN_POINT('',(0.249454869699,2.672780926028E-02));
#2773 = CARTESIAN_POINT('',(0.249371350967,2.523336081503E-02));
#2774 = CARTESIAN_POINT('',(0.249255567934,2.37387678706E-02));
#2775 = CARTESIAN_POINT('',(0.249164437289,2.224479200636E-02));
#2776 = CARTESIAN_POINT('',(0.249115417061,2.075194757489E-02));
#2777 = CARTESIAN_POINT('',(0.249086571055,1.92605671296E-02));
#2778 = CARTESIAN_POINT('',(0.249071894738,1.77710477086E-02));
#2779 = CARTESIAN_POINT('',(0.249068961349,1.628375539353E-02));
#2780 = CARTESIAN_POINT('',(0.249082346348,1.479918126906E-02));
#2781 = CARTESIAN_POINT('',(0.249123209367,1.331734516766E-02));
#2782 = CARTESIAN_POINT('',(0.249194443827,1.183735821875E-02));
#2783 = CARTESIAN_POINT('',(0.249285950778,1.035849908415E-02));
#2784 = CARTESIAN_POINT('',(0.249376933472,8.880031613795E-03));
#2785 = CARTESIAN_POINT('',(0.249431301662,7.401206197675E-03));
#2786 = CARTESIAN_POINT('',(0.249415235517,5.921472108319E-03));
#2787 = CARTESIAN_POINT('',(0.249350003726,4.441191951756E-03));
#2788 = CARTESIAN_POINT('',(0.249254985386,2.960611021252E-03));
#2789 = CARTESIAN_POINT('',(0.24915498031,1.479986792803E-03));
#2790 = CARTESIAN_POINT('',(0.249104740843,4.930244669766E-04));
#2791 = CARTESIAN_POINT('',(0.249088437391,-3.876407409988E-07));
#2792 = ( GEOMETRIC_REPRESENTATION_CONTEXT(2) 
PARAMETRIC_REPRESENTATION_CONTEXT() REPRESENTATION_CONTEXT('2D SPACE',''
  ) );
#2793 = PCURVE('',#2551,#2794);
#2794 = DEFINITIONAL_REPRESENTATION('',(#2795),#2887);
#2795 = B_SPLINE_CURVE_WITH_KNOTS('',3,(#2796,#2797,#2798,#2799,#2800,
    #2801,#2802,#2803,#2804,#2805,#2806,#2807,#2808,#2809,#2810,#2811,
    #2812,#2813,#2814,#2815,#2816,#2817,#2818,#2819,#2820,#2821,#2822,
    #2823,#2824,#2825,#2826,#2827,#2828,#2829,#2830,#2831,#2832,#2833,
    #2834,#2835,#2836,#2837,#2838,#2839,#2840,#2841,#2842,#2843,#2844,
    #2845,#2846,#2847,#2848,#2849,#2850,#2851,#2852,#2853,#2854,#2855,
    #2856,#2857,#2858,#2859,#2860,#2861,#2862,#2863,#2864,#2865,#2866,
    #2867,#2868,#2869,#2870,#2871,#2872,#2873,#2874,#2875,#2876,#2877,
    #2878,#2879,#2880,#2881,#2882,#2883,#2884,#2885,#2886),
  .UNSPECIFIED.,.F.,.F.,(4,1,1,1,1,1,1,1,1,1,1,1,1,1,1,1,1,1,1,1,1,1,1,1
    ,1,1,1,1,1,1,1,1,1,1,1,1,1,1,1,1,1,1,1,1,1,1,1,1,1,1,1,1,1,1,1,1,1,1
    ,1,1,1,1,1,1,1,1,1,1,1,1,1,1,1,1,1,1,1,1,1,1,1,1,1,1,1,1,1,1,4),(0.,
    1.136363636364E-02,2.272727272727E-02,3.409090909091E-02,
    4.545454545455E-02,5.681818181818E-02,6.818181818182E-02,
    7.954545454545E-02,9.090909090909E-02,0.102272727273,0.113636363636,
    0.125,0.136363636364,0.147727272727,0.159090909091,0.170454545455,
    0.181818181818,0.193181818182,0.204545454545,0.215909090909,
    0.227272727273,0.238636363636,0.25,0.261363636364,0.272727272727,
    0.284090909091,0.295454545455,0.306818181818,0.318181818182,
    0.329545454545,0.340909090909,0.352272727273,0.363636363636,0.375,
    0.386363636364,0.397727272727,0.409090909091,0.420454545455,
    0.431818181818,0.443181818182,0.454545454545,0.465909090909,
    0.477272727273,0.488636363636,0.5,0.511363636364,0.522727272727,
    0.534090909091,0.545454545455,0.556818181818,0.568181818182,
    0.579545454545,0.590909090909,0.602272727273,0.613636363636,0.625,
    0.636363636364,0.647727272727,0.659090909091,0.670454545455,
    0.681818181818,0.693181818182,0.704545454545,0.715909090909,
    0.727272727273,0.738636363636,0.75,0.761363636364,0.772727272727,
    0.784090909091,0.795454545455,0.806818181818,0.818181818182,
    0.829545454545,0.840909090909,0.852272727273,0.863636363636,0.875,
    0.886363636364,0.897727272727,0.909090909091,0.920454545455,
    0.931818181818,0.943181818182,0.954545454545,0.965909090909,
    0.977272727273,0.988636363636,1.),.QUASI_UNIFORM_KNOTS.);
#2796 = CARTESIAN_POINT('',(3.14159265359,0.880146170928));
#2797 = CARTESIAN_POINT('',(3.150330404127,0.880841498044));
#2798 = CARTESIAN_POINT('',(3.167807858891,0.882232298517));
#2799 = CARTESIAN_POINT('',(3.194034578515,0.884319329331));
#2800 = CARTESIAN_POINT('',(3.220276407856,0.886407578348));
#2801 = CARTESIAN_POINT('',(3.246538283761,0.88849744516));
#2802 = CARTESIAN_POINT('',(3.272824758839,0.890589286669));
#2803 = CARTESIAN_POINT('',(3.299142630689,0.892683619041));
#2804 = CARTESIAN_POINT('',(3.325480191432,0.894779491537));
#2805 = CARTESIAN_POINT('',(3.351821925533,0.896875678938));
#2806 = CARTESIAN_POINT('',(3.378152868095,0.898971011348));
#2807 = CARTESIAN_POINT('',(3.40445862049,0.901064363472));
#2808 = CARTESIAN_POINT('',(3.430721958897,0.90315437628));
#2809 = CARTESIAN_POINT('',(3.456943373364,0.905241056642));
#2810 = CARTESIAN_POINT('',(3.483132266719,0.907325122581));
#2811 = CARTESIAN_POINT('',(3.50929562521,0.909407120059));
#2812 = CARTESIAN_POINT('',(3.535440927292,0.911487649303));
#2813 = CARTESIAN_POINT('',(3.561574840301,0.913567265542));
#2814 = CARTESIAN_POINT('',(3.587705901312,0.915646677509));
#2815 = CARTESIAN_POINT('',(3.613845042805,0.917726761633));
#2816 = CARTESIAN_POINT('',(3.64000297693,0.919808365532));
#2817 = CARTESIAN_POINT('',(3.666190376454,0.92189232393));
#2818 = CARTESIAN_POINT('',(3.692419099026,0.923979551937));
#2819 = CARTESIAN_POINT('',(3.718696610458,0.926070629852));
#2820 = CARTESIAN_POINT('',(3.745018899336,0.928165273455));
#2821 = CARTESIAN_POINT('',(3.77138390724,0.930263334499));
#2822 = CARTESIAN_POINT('',(3.797789231254,0.93236462379));
#2823 = CARTESIAN_POINT('',(3.824233114331,0.934468979949));
#2824 = CARTESIAN_POINT('',(3.850713165548,0.936576170283));
#2825 = CARTESIAN_POINT('',(3.87721862733,0.938685366259));
#2826 = CARTESIAN_POINT('',(3.903739291688,0.94079578576));
#2827 = CARTESIAN_POINT('',(3.930264854796,0.94290663502));
#2828 = CARTESIAN_POINT('',(3.956785188158,0.945017120447));
#2829 = CARTESIAN_POINT('',(3.983290645078,0.947126459409));
#2830 = CARTESIAN_POINT('',(4.009769040813,0.949233604842));
#2831 = CARTESIAN_POINT('',(4.036207478809,0.951337504277));
#2832 = CARTESIAN_POINT('',(4.062592248942,0.953437077695));
#2833 = CARTESIAN_POINT('',(4.088910787947,0.955531360619));
#2834 = CARTESIAN_POINT('',(4.11514480936,0.957618953959));
#2835 = CARTESIAN_POINT('',(4.141317336116,0.959701703395));
#2836 = CARTESIAN_POINT('',(4.167463163689,0.96178235461));
#2837 = CARTESIAN_POINT('',(4.193614711451,0.963863456161));
#2838 = CARTESIAN_POINT('',(4.219803554758,0.965947492358));
#2839 = CARTESIAN_POINT('',(4.2460668219,0.968037401623));
#2840 = CARTESIAN_POINT('',(4.272410116053,0.970133665869));
#2841 = CARTESIAN_POINT('',(4.298817867497,0.972235093173));
#2842 = CARTESIAN_POINT('',(4.32527961775,0.974340873353));
#2843 = CARTESIAN_POINT('',(4.351784039367,0.976450101516));
#2844 = CARTESIAN_POINT('',(4.378320426188,0.97856186988));
#2845 = CARTESIAN_POINT('',(4.404879633187,0.980675396073));
#2846 = CARTESIAN_POINT('',(4.431453974068,0.982790094254));
#2847 = CARTESIAN_POINT('',(4.45803534074,0.984905342736));
#2848 = CARTESIAN_POINT('',(4.484615632536,0.98702052252));
#2849 = CARTESIAN_POINT('',(4.511187109378,0.989135039698));
#2850 = CARTESIAN_POINT('',(4.537741149027,0.991248191634));
#2851 = CARTESIAN_POINT('',(4.564264720901,0.993358886461));
#2852 = CARTESIAN_POINT('',(4.590744777144,0.995466081944));
#2853 = CARTESIAN_POINT('',(4.617167929822,0.997568731591));
#2854 = CARTESIAN_POINT('',(4.643520165756,0.99966575631));
#2855 = CARTESIAN_POINT('',(4.669789189141,1.001756212207));
#2856 = CARTESIAN_POINT('',(4.695996468259,1.003841765397));
#2857 = CARTESIAN_POINT('',(4.722161922433,1.005923968383));
#2858 = CARTESIAN_POINT('',(4.748305763312,1.008004409629));
#2859 = CARTESIAN_POINT('',(4.774447577844,1.010084647365));
#2860 = CARTESIAN_POINT('',(4.800607637784,1.012166324795));
#2861 = CARTESIAN_POINT('',(4.826792778417,1.014250026937));
#2862 = CARTESIAN_POINT('',(4.853008557205,1.016336213234));
#2863 = CARTESIAN_POINT('',(4.879261384396,1.018425389485));
#2864 = CARTESIAN_POINT('',(4.90555713489,1.02051799986));
#2865 = CARTESIAN_POINT('',(4.931904636832,1.022614688698));
#2866 = CARTESIAN_POINT('',(4.958296082504,1.024714830089));
#2867 = CARTESIAN_POINT('',(4.984716992331,1.026817306432));
#2868 = CARTESIAN_POINT('',(5.011154438436,1.028921117588));
#2869 = CARTESIAN_POINT('',(5.037595404594,1.031025246831));
#2870 = CARTESIAN_POINT('',(5.06402648694,1.033128626325));
#2871 = CARTESIAN_POINT('',(5.090438474149,1.035230477162));
#2872 = CARTESIAN_POINT('',(5.116825246621,1.037330281183));
#2873 = CARTESIAN_POINT('',(5.143179427491,1.039427452806));
#2874 = CARTESIAN_POINT('',(5.169494135483,1.041521463069));
#2875 = CARTESIAN_POINT('',(5.195760276443,1.043611623961));
#2876 = CARTESIAN_POINT('',(5.221977145672,1.04569789754));
#2877 = CARTESIAN_POINT('',(5.248160227423,1.047781493391));
#2878 = CARTESIAN_POINT('',(5.274322202394,1.049863407498));
#2879 = CARTESIAN_POINT('',(5.300476223627,1.051944677103));
#2880 = CARTESIAN_POINT('',(5.326635929974,1.054026388018));
#2881 = CARTESIAN_POINT('',(5.352811782326,1.056109382904));
#2882 = CARTESIAN_POINT('',(5.37899796868,1.058193204279));
#2883 = CARTESIAN_POINT('',(5.405190433173,1.060277535824));
#2884 = CARTESIAN_POINT('',(5.431384697965,1.06236202338));
#2885 = CARTESIAN_POINT('',(5.448845992424,1.063751556445));
#2886 = CARTESIAN_POINT('',(5.457575548359,1.064446233837));
#2887 = ( GEOMETRIC_REPRESENTATION_CONTEXT(2) 
PARAMETRIC_REPRESENTATION_CONTEXT() REPRESENTATION_CONTEXT('2D SPACE',''
  ) );
#2888 = ORIENTED_EDGE('',*,*,#2889,.T.);
#2889 = EDGE_CURVE('',#2674,#2890,#2892,.T.);
#2890 = VERTEX_POINT('',#2891);
#2891 = CARTESIAN_POINT('',(-3.239407997938,-16.41569993709,
    -3.370718330025));
#2892 = SURFACE_CURVE('',#2893,(#2897,#2903),.PCURVE_S1.);
#2893 = LINE('',#2894,#2895);
#2894 = CARTESIAN_POINT('',(-3.464616897728,-16.22805376616,
    -3.605056137146));
#2895 = VECTOR('',#2896,1.);
#2896 = DIRECTION('',(0.600089249563,-0.5,0.624414039368));
#2897 = PCURVE('',#1703,#2898);
#2898 = DEFINITIONAL_REPRESENTATION('',(#2899),#2902);
#2899 = B_SPLINE_CURVE_WITH_KNOTS('',1,(#2900,#2901),.UNSPECIFIED.,.F.,
  .F.,(2,2),(0.,0.375292341855),.PIECEWISE_BEZIER_KNOTS.);
#2900 = CARTESIAN_POINT('',(0.249088437391,-3.876407409959E-07));
#2901 = CARTESIAN_POINT('',(0.999694403111,-3.866064975805E-07));
#2902 = ( GEOMETRIC_REPRESENTATION_CONTEXT(2) 
PARAMETRIC_REPRESENTATION_CONTEXT() REPRESENTATION_CONTEXT('2D SPACE',''
  ) );
#2903 = PCURVE('',#2904,#3045);
#2904 = B_SPLINE_SURFACE_WITH_KNOTS('',3,3,(
    (#2905,#2906,#2907,#2908,#2909,#2910,#2911,#2912,#2913,#2914,#2915
      ,#2916,#2917,#2918,#2919,#2920,#2921,#2922,#2923,#2924,#2925,#2926
      ,#2927,#2928,#2929,#2930,#2931,#2932,#2933,#2934,#2935,#2936,#2937
      ,#2938,#2939)
    ,(#2940,#2941,#2942,#2943,#2944,#2945,#2946,#2947,#2948,#2949,#2950
      ,#2951,#2952,#2953,#2954,#2955,#2956,#2957,#2958,#2959,#2960,#2961
      ,#2962,#2963,#2964,#2965,#2966,#2967,#2968,#2969,#2970,#2971,#2972
      ,#2973,#2974)
    ,(#2975,#2976,#2977,#2978,#2979,#2980,#2981,#2982,#2983,#2984,#2985
      ,#2986,#2987,#2988,#2989,#2990,#2991,#2992,#2993,#2994,#2995,#2996
      ,#2997,#2998,#2999,#3000,#3001,#3002,#3003,#3004,#3005,#3006,#3007
      ,#3008,#3009)
    ,(#3010,#3011,#3012,#3013,#3014,#3015,#3016,#3017,#3018,#3019,#3020
      ,#3021,#3022,#3023,#3024,#3025,#3026,#3027,#3028,#3029,#3030,#3031
      ,#3032,#3033,#3034,#3035,#3036,#3037,#3038,#3039,#3040,#3041,#3042
      ,#3043,#3044
    )),.UNSPECIFIED.,.F.,.F.,.F.,(4,4),(4,1,1,1,1,1,1,1,1,1,1,1,1,1,1,1,
    1,1,1,1,1,1,1,1,1,1,1,1,1,1,1,1,4),(0.191208297861,1.058207018429),(
    -2.E-02,1.25E-02,4.5E-02,7.75E-02,0.11,0.1425,0.175,0.2075,0.24,
    0.2725,0.305,0.3375,0.37,0.4025,0.435,0.4675,0.5,0.5325,0.565,0.5975
    ,0.63,0.6625,0.695,0.7275,0.76,0.7925,0.825,0.8575,0.89,0.9225,0.955
    ,0.9875,1.02),.UNSPECIFIED.);
#2905 = CARTESIAN_POINT('',(0.194047288674,-14.77749504364,
    -5.021456431518));
#2906 = CARTESIAN_POINT('',(1.156452674308,-14.79274675163,-4.9842655969
    ));
#2907 = CARTESIAN_POINT('',(3.057178733665,-14.82325016761,
    -4.341198498692));
#2908 = CARTESIAN_POINT('',(4.926714179779,-14.86900529159,
    -1.980453732698));
#2909 = CARTESIAN_POINT('',(5.211442734075,-14.91476041557,
    1.017166827459));
#2910 = CARTESIAN_POINT('',(3.820342990762,-14.96051553955,
    3.687682043321));
#2911 = CARTESIAN_POINT('',(1.200631678846,-15.00627066352,
    5.172277632559));
#2912 = CARTESIAN_POINT('',(-1.805181465391,-15.0520257875,
    4.993525310853));
#2913 = CARTESIAN_POINT('',(-4.230470096946,-15.09778091148,
    3.20890947608));
#2914 = CARTESIAN_POINT('',(-5.295284965489,-15.14353603546,
    0.392343278619));
#2915 = CARTESIAN_POINT('',(-4.657193942483,-15.18929115943,
    -2.550396256037));
#2916 = CARTESIAN_POINT('',(-2.521399959283,-15.23504628341,    -4.672956092656));
#2917 = CARTESIAN_POINT('',(0.425248815249,-15.28080140739,
    -5.292744076026));
#2918 = CARTESIAN_POINT('',(3.235142199099,-15.32655653137,-4.2104431313
    ));
#2919 = CARTESIAN_POINT('',(5.004649038133,-15.37231165535,
    -1.774109470736));
#2920 = CARTESIAN_POINT('',(5.16471518011,-15.41806677932,1.23275849941)
  );
#2921 = CARTESIAN_POINT('',(3.663865094463,-15.4638219033,3.84318474432)
  );
#2922 = CARTESIAN_POINT('',(0.984755844716,-15.50957702728,
    5.217684576104));
#2923 = CARTESIAN_POINT('',(-2.011040173931,-15.55533215126,
    4.914233798695));
#2924 = CARTESIAN_POINT('',(-4.360107545864,-15.60108727523,
    3.030418881612));
#2925 = CARTESIAN_POINT('',(-5.307011753984,-15.64684239921,
    0.172054212725));
#2926 = CARTESIAN_POINT('',(-4.547238704279,-15.69259752319,
    -2.741641219527));
#2927 = CARTESIAN_POINT('',(-2.325123144862,-15.73835264717,
    -4.773654655545));
#2928 = CARTESIAN_POINT('',(0.644726725788,-15.78410777115,
    -5.270512674078));
#2929 = CARTESIAN_POINT('',(3.407239504296,-15.82986289512,
    -4.072431146266));
#2930 = CARTESIAN_POINT('',(5.074021078247,-15.8756180191,-1.56470003883
    ));
#2931 = CARTESIAN_POINT('',(5.109052807032,-15.92137314308,
    1.446221518921));
#2932 = CARTESIAN_POINT('',(3.501068178332,-15.96712826706,
    3.992054203513));
#2933 = CARTESIAN_POINT('',(0.767180132135,-16.01288339103,
    5.254084790083));
#2934 = CARTESIAN_POINT('',(-2.213432272829,-16.05863851501,
    4.826462161179));
#2935 = CARTESIAN_POINT('',(-4.482200672227,-16.10439363899,
    2.846689456072));
#2936 = CARTESIAN_POINT('',(-5.309647558474,-16.15014876297,
    -4.850156055189E-02));
#2937 = CARTESIAN_POINT('',(-4.429175913432,-16.19590388694,
    -2.928266883755));
#2938 = CARTESIAN_POINT('',(-2.893590974869,-16.22640730293,
    -4.219883600113));
#2939 = CARTESIAN_POINT('',(-2.01094580596,-16.24165901092,
    -4.605298688399));
#2940 = CARTESIAN_POINT('',(0.189215013165,-14.84974493702,
    -4.896409278836));
#2941 = CARTESIAN_POINT('',(1.127654034689,-14.86499664501,
    -4.86014459145));
#2942 = CARTESIAN_POINT('',(2.981047136966,-14.89550006099,
    -4.233091514415));
#2943 = CARTESIAN_POINT('',(4.80402635232,-14.94125518497,
    -1.931135351931));
#2944 = CARTESIAN_POINT('',(5.081664434861,-14.98701030895,
    0.991836762902));
#2945 = CARTESIAN_POINT('',(3.725206645405,-15.03276543293,
    3.595849296028));
#2946 = CARTESIAN_POINT('',(1.170732868628,-15.0785205569,5.04347464489)
  );
#2947 = CARTESIAN_POINT('',(-1.760227813915,-15.12427568088,
    4.86917371476));
#2948 = CARTESIAN_POINT('',(-4.125120534056,-15.17003080486,
    3.128999394479));
#2949 = CARTESIAN_POINT('',(-5.163418779532,-15.21578592884,
    0.382572924035));
#2950 = CARTESIAN_POINT('',(-4.541217860656,-15.26154105282,
    -2.486884843685));
#2951 = CARTESIAN_POINT('',(-2.458610629139,-15.30729617679,
    -4.556587492835));
#2952 = CARTESIAN_POINT('',(0.414659028351,-15.35305130077,
    -5.160941164737));
#2953 = CARTESIAN_POINT('',(3.154578855369,-15.39880642475,
    -4.105592291254));
#2954 = CARTESIAN_POINT('',(4.880020432682,-15.44456154873,
    -1.729929591673));
#2955 = CARTESIAN_POINT('',(5.036100516915,-15.4903166727,1.202059648907
    ));
#2956 = CARTESIAN_POINT('',(3.572625450323,-15.53607179668,
    3.747479580676));
#2957 = CARTESIAN_POINT('',(0.960232896813,-15.58182692066,
    5.087750839004));
#2958 = CARTESIAN_POINT('',(-1.960960112278,-15.62758204464,
    4.791856764756));
#2959 = CARTESIAN_POINT('',(-4.251529677782,-15.67333716861,
    2.954953673908));
#2960 = CARTESIAN_POINT('',(-5.174853540896,-15.71909229259,
    0.167769621252));
#2961 = CARTESIAN_POINT('',(-4.434000790082,-15.76484741657,
    -2.673367316755));
#2962 = CARTESIAN_POINT('',(-2.267221611141,-15.81060254055,
    -4.654778403066));
#2963 = CARTESIAN_POINT('',(0.628671375628,-15.85635766453,
    -5.139263381755));
#2964 = CARTESIAN_POINT('',(3.322390495979,-15.9021127885,
    -3.971017158854));
#2965 = CARTESIAN_POINT('',(4.947664930955,-15.94786791248,
    -1.52573499207));
#2966 = CARTESIAN_POINT('',(4.981824279784,-15.99362303646,
    1.410206891381));
#2967 = CARTESIAN_POINT('',(3.413882595222,-16.03937816044,
    3.892641808263));
#2968 = CARTESIAN_POINT('',(0.748075377882,-16.08513328441,
    5.123244594233));
#2969 = CARTESIAN_POINT('',(-2.158312128475,-16.13088840839,
    4.70627086628));
#2970 = CARTESIAN_POINT('',(-4.370582371948,-16.17664353237,
    2.775799582605));
#2971 = CARTESIAN_POINT('',(-5.17742370709,-16.22239865635,
    -4.729374721519E-02));
#2972 = CARTESIAN_POINT('',(-4.318878065735,-16.26815378033,
    -2.85534552297));
#2973 = CARTESIAN_POINT('',(-2.821533133211,-16.29865719631,
    -4.114797668165));
#2974 = CARTESIAN_POINT('',(-1.960868094311,-16.3139089043,
    -4.490614931586));
#2975 = CARTESIAN_POINT('',(0.184382737656,-14.9219948304,
    -4.771362126154));
#2976 = CARTESIAN_POINT('',(1.09885539507,-14.93724653839,
    -4.736023585999));
#2977 = CARTESIAN_POINT('',(2.904915540267,-14.96774995437,
    -4.124984530138));
#2978 = CARTESIAN_POINT('',(4.681338524862,-15.01350507835,
    -1.881816971164));
#2979 = CARTESIAN_POINT('',(4.951886135646,-15.05926020233,
    0.966506698346));
#2980 = CARTESIAN_POINT('',(3.630070300048,-15.10501532631,
    3.504016548736));
#2981 = CARTESIAN_POINT('',(1.140834058411,-15.15077045029,4.91467165722
    ));
#2982 = CARTESIAN_POINT('',(-1.71527416244,-15.19652557426,
    4.744822118668));
#2983 = CARTESIAN_POINT('',(-4.019770971166,-15.24228069824,
    3.049089312878));
#2984 = CARTESIAN_POINT('',(-5.031552593574,-15.28803582222,
    0.372802569451));
#2985 = CARTESIAN_POINT('',(-4.425241778828,-15.3337909462,
    -2.423373431333));
#2986 = CARTESIAN_POINT('',(-2.395821298995,-15.37954607017,
    -4.440218893015));
#2987 = CARTESIAN_POINT('',(0.404069241453,-15.42530119415,
    -5.029138253449));
#2988 = CARTESIAN_POINT('',(3.074015511638,-15.47105631813,
    -4.000741451208));
#2989 = CARTESIAN_POINT('',(4.755391827231,-15.51681144211,
    -1.685749712611));
#2990 = CARTESIAN_POINT('',(4.90748585372,-15.56256656608,1.171360798405
    ));
#2991 = CARTESIAN_POINT('',(3.481385806184,-15.60832169006,
    3.651774417032));
#2992 = CARTESIAN_POINT('',(0.93570994891,-15.65407681404,4.957817101903
    ));
#2993 = CARTESIAN_POINT('',(-1.910880050624,-15.69983193802,
    4.669479730817));
#2994 = CARTESIAN_POINT('',(-4.1429518097,-15.745587062,2.879488466204)
  );
#2995 = CARTESIAN_POINT('',(-5.042695327808,-15.79134218597,
    0.163485029779));
#2996 = CARTESIAN_POINT('',(-4.320762875885,-15.83709730995,
    -2.605093413984));
#2997 = CARTESIAN_POINT('',(-2.209320077419,-15.88285243393,
    -4.535902150587));
#2998 = CARTESIAN_POINT('',(0.612616025469,-15.92860755791,
    -5.008014089432));
#2999 = CARTESIAN_POINT('',(3.237541487663,-15.97436268188,
    -3.869603171442));
#3000 = CARTESIAN_POINT('',(4.821308783662,-16.02011780586,
    -1.48676994531));
#3001 = CARTESIAN_POINT('',(4.854595752536,-16.06587292984,
    1.374192263841));
#3002 = CARTESIAN_POINT('',(3.326697012111,-16.11162805382,
    3.793229413013));
#3003 = CARTESIAN_POINT('',(0.728970623628,-16.15738317779,
    4.992404398383));
#3004 = CARTESIAN_POINT('',(-2.103191984121,-16.20313830177,
    4.586079571381));
#3005 = CARTESIAN_POINT('',(-4.258964071669,-16.24889342575,
    2.704909709138));
#3006 = CARTESIAN_POINT('',(-5.045199855706,-16.29464854973,
    -4.608593387848E-02));
#3007 = CARTESIAN_POINT('',(-4.208580218037,-16.34040367371,
    -2.782424162186));
#3008 = CARTESIAN_POINT('',(-2.749475291554,-16.37090708969,
    -4.009711736217));
#3009 = CARTESIAN_POINT('',(-1.910790382663,-16.38615879768,
    -4.375931174774));
#3010 = CARTESIAN_POINT('',(0.179550462146,-14.99424472378,
    -4.646314973471));
#3011 = CARTESIAN_POINT('',(1.070056755451,-15.00949643177,
    -4.611902580549));
#3012 = CARTESIAN_POINT('',(2.828783943569,-15.03999984775,
    -4.016877545861));
#3013 = CARTESIAN_POINT('',(4.558650697403,-15.08575497173,
    -1.832498590398));
#3014 = CARTESIAN_POINT('',(4.822107836431,-15.13151009571,0.94117663379
    ));
#3015 = CARTESIAN_POINT('',(3.534933954691,-15.17726521969,
    3.412183801444));
#3016 = CARTESIAN_POINT('',(1.110935248194,-15.22302034367,4.78586866955
    ));
#3017 = CARTESIAN_POINT('',(-1.670320510964,-15.26877546764,
    4.620470522575));
#3018 = CARTESIAN_POINT('',(-3.914421408277,-15.31453059162,
    2.969179231277));
#3019 = CARTESIAN_POINT('',(-4.899686407617,-15.3602857156,
    0.363032214867));
#3020 = CARTESIAN_POINT('',(-4.309265697,-15.40604083958,-2.359862018981
    ));
#3021 = CARTESIAN_POINT('',(-2.333031968852,-15.45179596355,
    -4.323850293194));
#3022 = CARTESIAN_POINT('',(0.393479454554,-15.49755108753,
    -4.89733534216));
#3023 = CARTESIAN_POINT('',(2.993452167908,-15.54330621151,
    -3.895890611162));
#3024 = CARTESIAN_POINT('',(4.63076322178,-15.58906133549,
    -1.641569833548));
#3025 = CARTESIAN_POINT('',(4.778871190525,-15.63481645947,
    1.140661947902));
#3026 = CARTESIAN_POINT('',(3.390146162044,-15.68057158344,
    3.556069253388));
#3027 = CARTESIAN_POINT('',(0.911187001006,-15.72632670742,
    4.827883364802));
#3028 = CARTESIAN_POINT('',(-1.860799988971,-15.7720818314,
    4.547102696879));
#3029 = CARTESIAN_POINT('',(-4.034373941619,-15.81783695538,2.8040232585
    ));
#3030 = CARTESIAN_POINT('',(-4.910537114721,-15.86359207935,
    0.159200438306));
#3031 = CARTESIAN_POINT('',(-4.207524961688,-15.90934720333,
    -2.536819511212));
#3032 = CARTESIAN_POINT('',(-2.151418543698,-15.95510232731,
    -4.417025898109));
#3033 = CARTESIAN_POINT('',(0.59656067531,-16.00085745129,
    -4.876764797108));
#3034 = CARTESIAN_POINT('',(3.152692479346,-16.04661257526,
    -3.768189184031));
#3035 = CARTESIAN_POINT('',(4.694952636369,-16.09236769924,
    -1.44780489855));
#3036 = CARTESIAN_POINT('',(4.727367225288,-16.13812282322,
    1.338177636301));
#3037 = CARTESIAN_POINT('',(3.239511429,-16.1838779472,3.693817017762));
#3038 = CARTESIAN_POINT('',(0.709865869375,-16.22963307118,
    4.861564202534));
#3039 = CARTESIAN_POINT('',(-2.048071839767,-16.27538819515,
    4.465888276482));
#3040 = CARTESIAN_POINT('',(-4.147345771389,-16.32114331913,
    2.63401983567));
#3041 = CARTESIAN_POINT('',(-4.912976004322,-16.36689844311,
    -4.487812054178E-02));
#3042 = CARTESIAN_POINT('',(-4.098282370339,-16.41265356709,
    -2.709502801401));
#3043 = CARTESIAN_POINT('',(-2.677417449896,-16.44315698307,
    -3.904625804268));
#3044 = CARTESIAN_POINT('',(-1.860712671014,-16.45840869106,
    -4.261247417962));
#3045 = DEFINITIONAL_REPRESENTATION('',(#3046),#3049);
#3046 = B_SPLINE_CURVE_WITH_KNOTS('',1,(#3047,#3048),.UNSPECIFIED.,.F.,
  .F.,(2,2),(0.,0.375292341855),.PIECEWISE_BEZIER_KNOTS.);
#3047 = CARTESIAN_POINT('',(0.24715610649,1.000004525795));
#3048 = CARTESIAN_POINT('',(0.99788721958,1.000004532714));
#3049 = ( GEOMETRIC_REPRESENTATION_CONTEXT(2) 
PARAMETRIC_REPRESENTATION_CONTEXT() REPRESENTATION_CONTEXT('2D SPACE',''
  ) );
#3050 = ORIENTED_EDGE('',*,*,#3051,.T.);
#3051 = EDGE_CURVE('',#2890,#1460,#3052,.T.);
#3052 = SURFACE_CURVE('',#3053,(#3118,#3124),.PCURVE_S1.);
#3053 = B_SPLINE_CURVE_WITH_KNOTS('',3,(#3054,#3055,#3056,#3057,#3058,
    #3059,#3060,#3061,#3062,#3063,#3064,#3065,#3066,#3067,#3068,#3069,
    #3070,#3071,#3072,#3073,#3074,#3075,#3076,#3077,#3078,#3079,#3080,
    #3081,#3082,#3083,#3084,#3085,#3086,#3087,#3088,#3089,#3090,#3091,
    #3092,#3093,#3094,#3095,#3096,#3097,#3098,#3099,#3100,#3101,#3102,
    #3103,#3104,#3105,#3106,#3107,#3108,#3109,#3110,#3111,#3112,#3113,
    #3114,#3115,#3116,#3117),.UNSPECIFIED.,.F.,.F.,(4,1,1,1,1,1,1,1,1,1,
    1,1,1,1,1,1,1,1,1,1,1,1,1,1,1,1,1,1,1,1,1,1,1,1,1,1,1,1,1,1,1,1,1,1,
    1,1,1,1,1,1,1,1,1,1,1,1,1,1,1,1,1,4),(0.,1.639344262295E-02,
    3.27868852459E-02,4.918032786885E-02,6.55737704918E-02,
    8.196721311475E-02,9.83606557377E-02,0.114754098361,0.131147540984,
    0.147540983607,0.163934426229,0.180327868852,0.196721311475,
    0.213114754098,0.229508196721,0.245901639344,0.262295081967,
    0.27868852459,0.295081967213,0.311475409836,0.327868852459,
    0.344262295082,0.360655737705,0.377049180328,0.393442622951,
    0.409836065574,0.426229508197,0.44262295082,0.459016393443,
    0.475409836066,0.491803278688,0.508196721311,0.524590163934,
    0.540983606557,0.55737704918,0.573770491803,0.590163934426,
    0.606557377049,0.622950819672,0.639344262295,0.655737704918,
    0.672131147541,0.688524590164,0.704918032787,0.72131147541,
    0.737704918033,0.754098360656,0.770491803279,0.786885245902,
    0.803278688525,0.819672131148,0.83606557377,0.852459016393,
    0.868852459016,0.885245901639,0.901639344262,0.918032786885,
    0.934426229508,0.950819672131,0.967213114754,0.983606557377,1.),
  .UNSPECIFIED.);
#3054 = CARTESIAN_POINT('',(-3.239407997938,-16.41569993709,
    -3.370718330025));
#3055 = CARTESIAN_POINT('',(-3.081017976728,-16.41943928169,
    -3.52293808002));
#3056 = CARTESIAN_POINT('',(-2.742745167708,-16.4269179709,
    -3.805011182753));
#3057 = CARTESIAN_POINT('',(-2.18091989811,-16.43813600472,
    -4.152631696433));
#3058 = CARTESIAN_POINT('',(-1.575826211903,-16.44935403854,
    -4.417865224211));
#3059 = CARTESIAN_POINT('',(-0.939468624313,-16.46057207236,
    -4.595449942818));
#3060 = CARTESIAN_POINT('',(-0.284472331715,-16.47179010618,
    -4.681862549974));
#3061 = CARTESIAN_POINT('',(0.376167795821,-16.48300814,-4.675388672929)
  );
#3062 = CARTESIAN_POINT('',(1.029344886649,-16.49422617381,
    -4.576156745028));
#3063 = CARTESIAN_POINT('',(1.662100141127,-16.50544420763,
    -4.386135494082));
#3064 = CARTESIAN_POINT('',(2.261879919443,-16.51666224145,
    -4.109094873735));
#3065 = CARTESIAN_POINT('',(2.816784804087,-16.52788027527,
    -3.750531271549));
#3066 = CARTESIAN_POINT('',(3.315805679337,-16.53909830909,
    -3.31755846192));
#3067 = CARTESIAN_POINT('',(3.749042148395,-16.5503163429,
    -2.818766471517));
#3068 = CARTESIAN_POINT('',(4.107898953691,-16.56153437672,
    -2.264051156147));
#3069 = CARTESIAN_POINT('',(4.385256503752,-16.57275241054,
    -1.664417870516));
#3070 = CARTESIAN_POINT('',(4.57561212336,-16.58397044436,
    -1.031763125891));
#3071 = CARTESIAN_POINT('',(4.675189224679,-16.59518847818,
    -0.378638567552));
#3072 = CARTESIAN_POINT('',(4.682012233408,-16.606406512,0.281998045393)
  );
#3073 = CARTESIAN_POINT('',(4.59594578348,-16.61762454581,0.937039917345
    ));
#3074 = CARTESIAN_POINT('',(4.418697402673,-16.62884257963,
    1.573491250373));
#3075 = CARTESIAN_POINT('',(4.153783635864,-16.64006061345,
    2.178725076235));
#3076 = CARTESIAN_POINT('',(3.806460278033,-16.65127864727,
    2.740733770935));
#3077 = CARTESIAN_POINT('',(3.383618101156,-16.66249668109,
    3.248367281715));
#3078 = CARTESIAN_POINT('',(2.893646143739,-16.6737147149,3.691554340141
    ));
#3079 = CARTESIAN_POINT('',(2.346265275272,-16.68493274872,4.06150227249
    ));
#3080 = CARTESIAN_POINT('',(1.75233533764,-16.69615078254,4.350871443268
    ));
#3081 = CARTESIAN_POINT('',(1.123639689714,-16.70736881636,
    4.553920870974));
#3082 = CARTESIAN_POINT('',(0.472651429701,-16.71858685018,
    4.666622127127));
#3083 = CARTESIAN_POINT('',(-0.18771406669,-16.729804884,4.686739258862)
  );
#3084 = CARTESIAN_POINT('',(-0.844355382713,-16.74102291781,
    4.613873149434));
#3085 = CARTESIAN_POINT('',(-1.48424498804,-16.75224095163,
    4.449469436558));
#3086 = CARTESIAN_POINT('',(-2.094687700326,-16.76345898545,
    4.196789831465));
#3087 = CARTESIAN_POINT('',(-2.663572553119,-16.77467701927,
    3.860847407715));
#3088 = CARTESIAN_POINT('',(-3.17961307313,-16.78589505309,
    3.448307143596));
#3089 = CARTESIAN_POINT('',(-3.632571199849,-16.7971130869,
    2.967353691324));
#3090 = CARTESIAN_POINT('',(-4.013460405031,-16.80833112072,
    2.427528996457));
#3091 = CARTESIAN_POINT('',(-4.314723982217,-16.81954915454,
    1.839542989078));
#3092 = CARTESIAN_POINT('',(-4.530384969111,-16.83076718836,
    1.215061102596));
#3093 = CARTESIAN_POINT('',(-4.656164728381,-16.84198522218,
    0.566472835688));
#3094 = CARTESIAN_POINT('',(-4.689567834306,-16.853203256,
    -9.335405094767E-02));
#3095 = CARTESIAN_POINT('',(-4.629931581138,-16.86442128981,
    -0.751328826392));
#3096 = CARTESIAN_POINT('',(-4.478439130944,-16.87563932363,
    -1.394397504953));
#3097 = CARTESIAN_POINT('',(-4.238096040092,-16.88685735745,
    -2.009801832605));
#3098 = CARTESIAN_POINT('',(-3.913670630085,-16.89807539127,
    -2.58533240621));
#3099 = CARTESIAN_POINT('',(-3.511599385751,-16.90929342509,
    -3.10957090374));
#3100 = CARTESIAN_POINT('',(-3.039859257675,-16.9205114589,
    -3.572116619725));
#3101 = CARTESIAN_POINT('',(-2.507809402337,-16.93172949272,
    -3.963792811555));
#3102 = CARTESIAN_POINT('',(-1.926005499767,-16.94294752654,
    -4.276828762793));
#3103 = CARTESIAN_POINT('',(-1.305990332612,-16.95416556036,
    -4.505013951423));
#3104 = CARTESIAN_POINT('',(-0.660064781425,-16.96538359418,
    -4.643821264402));
#3105 = CARTESIAN_POINT('',(-1.043779571024E-03,-16.976601628,
    -4.690496813975));
#3106 = CARTESIAN_POINT('',(0.657997930499,-16.98781966181,
    -4.64411457383));
#3107 = CARTESIAN_POINT('',(1.303985195489,-16.99903769563,
    -4.505594751115));
#3108 = CARTESIAN_POINT('',(1.924101857655,-17.01025572945,
    -4.277685529928));
#3109 = CARTESIAN_POINT('',(2.506045022822,-17.02147376327,
    -3.964908548038));
#3110 = CARTESIAN_POINT('',(3.038269145408,-17.03269179709,
    -3.573469190256));
#3111 = CARTESIAN_POINT('',(3.510215088036,-17.0439098309,
    -3.111133471875));
#3112 = CARTESIAN_POINT('',(3.912519610737,-17.05512786472,
    -2.587073978341));
#3113 = CARTESIAN_POINT('',(4.237201135526,-17.06634589854,
    -2.011687829736));
#3114 = CARTESIAN_POINT('',(4.477818093511,-17.07756393236,
    -1.396390609677));
#3115 = CARTESIAN_POINT('',(4.629596740345,-17.08878196618,
    -0.753389122619));
#3116 = CARTESIAN_POINT('',(4.669549448205,-17.09626065539,
    -0.314757745825));
#3117 = CARTESIAN_POINT('',(4.674019399249,-17.1,-9.512562011272E-02));
#3118 = PCURVE('',#1703,#3119);
#3119 = DEFINITIONAL_REPRESENTATION('',(#3120),#3123);
#3120 = B_SPLINE_CURVE_WITH_KNOTS('',1,(#3121,#3122),.UNSPECIFIED.,.F.,
  .F.,(2,2),(0.,1.),.PIECEWISE_BEZIER_KNOTS.);
#3121 = CARTESIAN_POINT('',(0.999694403111,-3.866064974924E-07));
#3122 = CARTESIAN_POINT('',(0.999817724403,0.486060101498));
#3123 = ( GEOMETRIC_REPRESENTATION_CONTEXT(2) 
PARAMETRIC_REPRESENTATION_CONTEXT() REPRESENTATION_CONTEXT('2D SPACE',''
  ) );
#3124 = PCURVE('',#1507,#3125);
#3125 = DEFINITIONAL_REPRESENTATION('',(#3126),#3129);
#3126 = B_SPLINE_CURVE_WITH_KNOTS('',1,(#3127,#3128),.UNSPECIFIED.,.F.,
  .F.,(2,2),(0.,1.),.PIECEWISE_BEZIER_KNOTS.);
#3127 = CARTESIAN_POINT('',(1.537033693495E-03,-5.782805262946E-07));
#3128 = CARTESIAN_POINT('',(1.535653946882E-03,0.486060780348));
#3129 = ( GEOMETRIC_REPRESENTATION_CONTEXT(2) 
PARAMETRIC_REPRESENTATION_CONTEXT() REPRESENTATION_CONTEXT('2D SPACE',''
  ) );
#3130 = ORIENTED_EDGE('',*,*,#1657,.F.);
#3131 = ADVANCED_FACE('',(#3132),#2904,.T.);
#3132 = FACE_BOUND('',#3133,.T.);
#3133 = EDGE_LOOP('',(#3134,#3135,#3252,#3523,#3789,#4060,#4326,#4597,
    #4730));
#3134 = ORIENTED_EDGE('',*,*,#2889,.F.);
#3135 = ORIENTED_EDGE('',*,*,#3136,.T.);
#3136 = EDGE_CURVE('',#2674,#3137,#3139,.T.);
#3137 = VERTEX_POINT('',#3138);
#3138 = CARTESIAN_POINT('',(-4.998964812729,-16.16235382907,
    0.101738886849));
#3139 = SURFACE_CURVE('',#3140,(#3150,#3201),.PCURVE_S1.);
#3140 = B_SPLINE_CURVE_WITH_KNOTS('',3,(#3141,#3142,#3143,#3144,#3145,
    #3146,#3147,#3148,#3149),.UNSPECIFIED.,.F.,.F.,(4,1,1,1,1,1,4),(0.,
    0.166666666667,0.333333333333,0.5,0.666666666667,0.833333333333,1.),
  .UNSPECIFIED.);
#3141 = CARTESIAN_POINT('',(-3.464616897728,-16.22805376616,
    -3.605056137146));
#3142 = CARTESIAN_POINT('',(-3.629884000913,-16.22440568477,
    -3.446227210065));
#3143 = CARTESIAN_POINT('',(-3.938628677362,-16.2171092798,
    -3.105846266464));
#3144 = CARTESIAN_POINT('',(-4.328216160721,-16.20613051551,
    -2.534620763198));
#3145 = CARTESIAN_POINT('',(-4.634183785158,-16.19521788518,
    -1.91917030302));
#3146 = CARTESIAN_POINT('',(-4.854761901608,-16.18419851159,
    -1.261165063055));
#3147 = CARTESIAN_POINT('',(-4.981407562351,-16.1732811558,
    -0.585324418289));
#3148 = CARTESIAN_POINT('',(-5.003618135692,-16.16599353545,
    -0.126903262439));
#3149 = CARTESIAN_POINT('',(-4.998964812729,-16.16235382907,
    0.101738886849));
#3150 = PCURVE('',#2904,#3151);
#3151 = DEFINITIONAL_REPRESENTATION('',(#3152),#3200);
#3152 = B_SPLINE_CURVE_WITH_KNOTS('',3,(#3153,#3154,#3155,#3156,#3157,
    #3158,#3159,#3160,#3161,#3162,#3163,#3164,#3165,#3166,#3167,#3168,
    #3169,#3170,#3171,#3172,#3173,#3174,#3175,#3176,#3177,#3178,#3179,
    #3180,#3181,#3182,#3183,#3184,#3185,#3186,#3187,#3188,#3189,#3190,
    #3191,#3192,#3193,#3194,#3195,#3196,#3197,#3198,#3199),
  .UNSPECIFIED.,.F.,.F.,(4,1,1,1,1,1,1,1,1,1,1,1,1,1,1,1,1,1,1,1,1,1,1,1
    ,1,1,1,1,1,1,1,1,1,1,1,1,1,1,1,1,1,1,1,1,4),(0.,2.272727272727E-02,
    4.545454545455E-02,6.818181818182E-02,9.090909090909E-02,
    0.113636363636,0.136363636364,0.159090909091,0.181818181818,
    0.204545454545,0.227272727273,0.25,0.272727272727,0.295454545455,
    0.318181818182,0.340909090909,0.363636363636,0.386363636364,
    0.409090909091,0.431818181818,0.454545454545,0.477272727273,0.5,
    0.522727272727,0.545454545455,0.568181818182,0.590909090909,
    0.613636363636,0.636363636364,0.659090909091,0.681818181818,
    0.704545454545,0.727272727273,0.75,0.772727272727,0.795454545455,
    0.818181818182,0.840909090909,0.863636363636,0.886363636364,
    0.909090909091,0.931818181818,0.954545454545,0.977272727273,1.),
  .QUASI_UNIFORM_KNOTS.);
#3153 = CARTESIAN_POINT('',(0.24715610649,1.000004525795));
#3154 = CARTESIAN_POINT('',(0.247206109442,0.999651255994));
#3155 = CARTESIAN_POINT('',(0.247317202717,0.998944679507));
#3156 = CARTESIAN_POINT('',(0.247512606741,0.997884638907));
#3157 = CARTESIAN_POINT('',(0.24773254756,0.996824356555));
#3158 = CARTESIAN_POINT('',(0.247971850472,0.99576376889));
#3159 = CARTESIAN_POINT('',(0.2482246753,0.994702814862));
#3160 = CARTESIAN_POINT('',(0.248484639452,0.993641433434));
#3161 = CARTESIAN_POINT('',(0.248744076522,0.992579574673));
#3162 = CARTESIAN_POINT('',(0.248996912418,0.9915171592));
#3163 = CARTESIAN_POINT('',(0.249222848598,0.990454300938));
#3164 = CARTESIAN_POINT('',(0.24939691141,0.989391214322));
#3165 = CARTESIAN_POINT('',(0.249498469412,0.988328103));
#3166 = CARTESIAN_POINT('',(0.24950683185,0.987265185556));
#3167 = CARTESIAN_POINT('',(0.249411466251,0.986202690981));
#3168 = CARTESIAN_POINT('',(0.249233937623,0.985140829029));
#3169 = CARTESIAN_POINT('',(0.248994204076,0.984079844799));
#3170 = CARTESIAN_POINT('',(0.248715940197,0.983019790236));
#3171 = CARTESIAN_POINT('',(0.248421028098,0.981960318899));
#3172 = CARTESIAN_POINT('',(0.248127542831,0.980901141683));
#3173 = CARTESIAN_POINT('',(0.247850104369,0.979841944745));
#3174 = CARTESIAN_POINT('',(0.247599773758,0.978782412913));
#3175 = CARTESIAN_POINT('',(0.247384013013,0.977722224764));
#3176 = CARTESIAN_POINT('',(0.247206834014,0.976661055383));
#3177 = CARTESIAN_POINT('',(0.247068112391,0.975598576603));
#3178 = CARTESIAN_POINT('',(0.246956898882,0.974535145743));
#3179 = CARTESIAN_POINT('',(0.246866916401,0.97347112217));
#3180 = CARTESIAN_POINT('',(0.246795909569,0.972406866133));
#3181 = CARTESIAN_POINT('',(0.246745746815,0.97134273574));
#3182 = CARTESIAN_POINT('',(0.246722607175,0.97027909284));
#3183 = CARTESIAN_POINT('',(0.246736058819,0.969216275192));
#3184 = CARTESIAN_POINT('',(0.246802469533,0.96815469465));
#3185 = CARTESIAN_POINT('',(0.246926466235,0.967094292757));
#3186 = CARTESIAN_POINT('',(0.247103185622,0.966034794258));
#3187 = CARTESIAN_POINT('',(0.24732693777,0.964975981476));
#3188 = CARTESIAN_POINT('',(0.247589115599,0.963917628027));
#3189 = CARTESIAN_POINT('',(0.247878777938,0.962859515406));
#3190 = CARTESIAN_POINT('',(0.248182628782,0.961801437124));
#3191 = CARTESIAN_POINT('',(0.248484729601,0.960743169782));
#3192 = CARTESIAN_POINT('',(0.248768005561,0.959684598808));
#3193 = CARTESIAN_POINT('',(0.249018119382,0.958625830184));
#3194 = CARTESIAN_POINT('',(0.249221372423,0.957566940329));
#3195 = CARTESIAN_POINT('',(0.249364586192,0.95650802174));
#3196 = CARTESIAN_POINT('',(0.249437203517,0.955449170002));
#3197 = CARTESIAN_POINT('',(0.249423337273,0.954390488524));
#3198 = CARTESIAN_POINT('',(0.249366502128,0.95368488299));
#3199 = CARTESIAN_POINT('',(0.249327227554,0.953332142928));
#3200 = ( GEOMETRIC_REPRESENTATION_CONTEXT(2) 
PARAMETRIC_REPRESENTATION_CONTEXT() REPRESENTATION_CONTEXT('2D SPACE',''
  ) );
#3201 = PCURVE('',#2551,#3202);
#3202 = DEFINITIONAL_REPRESENTATION('',(#3203),#3251);
#3203 = B_SPLINE_CURVE_WITH_KNOTS('',3,(#3204,#3205,#3206,#3207,#3208,
    #3209,#3210,#3211,#3212,#3213,#3214,#3215,#3216,#3217,#3218,#3219,
    #3220,#3221,#3222,#3223,#3224,#3225,#3226,#3227,#3228,#3229,#3230,
    #3231,#3232,#3233,#3234,#3235,#3236,#3237,#3238,#3239,#3240,#3241,
    #3242,#3243,#3244,#3245,#3246,#3247,#3248,#3249,#3250),
  .UNSPECIFIED.,.F.,.F.,(4,1,1,1,1,1,1,1,1,1,1,1,1,1,1,1,1,1,1,1,1,1,1,1
    ,1,1,1,1,1,1,1,1,1,1,1,1,1,1,1,1,1,1,1,1,4),(0.,2.272727272727E-02,
    4.545454545455E-02,6.818181818182E-02,9.090909090909E-02,
    0.113636363636,0.136363636364,0.159090909091,0.181818181818,
    0.204545454545,0.227272727273,0.25,0.272727272727,0.295454545455,
    0.318181818182,0.340909090909,0.363636363636,0.386363636364,
    0.409090909091,0.431818181818,0.454545454545,0.477272727273,0.5,
    0.522727272727,0.545454545455,0.568181818182,0.590909090909,
    0.613636363636,0.636363636364,0.659090909091,0.681818181818,
    0.704545454545,0.727272727273,0.75,0.772727272727,0.795454545455,
    0.818181818182,0.840909090909,0.863636363636,0.886363636364,
    0.909090909091,0.931818181818,0.954545454545,0.977272727273,1.),
  .QUASI_UNIFORM_KNOTS.);
#3204 = CARTESIAN_POINT('',(5.457575548359,1.064446233837));
#3205 = CARTESIAN_POINT('',(5.463826887278,1.064943699481));
#3206 = CARTESIAN_POINT('',(5.476329690093,1.065938635271));
#3207 = CARTESIAN_POINT('',(5.495085235716,1.067431137246));
#3208 = CARTESIAN_POINT('',(5.51384308104,1.068923822229));
#3209 = CARTESIAN_POINT('',(5.532604212948,1.070416775176));
#3210 = CARTESIAN_POINT('',(5.551369631612,1.071910080161));
#3211 = CARTESIAN_POINT('',(5.57014040985,1.073403824544));
#3212 = CARTESIAN_POINT('',(5.588917505668,1.074898083418));
#3213 = CARTESIAN_POINT('',(5.607702487096,1.076392977669));
#3214 = CARTESIAN_POINT('',(5.626493615508,1.077888356804));
#3215 = CARTESIAN_POINT('',(5.645287490359,1.07938394213));
#3216 = CARTESIAN_POINT('',(5.664081019086,1.080879485635));
#3217 = CARTESIAN_POINT('',(5.68287097407,1.082374732219));
#3218 = CARTESIAN_POINT('',(5.70165407099,1.08386942446));
#3219 = CARTESIAN_POINT('',(5.720427221826,1.085363321311));
#3220 = CARTESIAN_POINT('',(5.739186568246,1.086856118541));
#3221 = CARTESIAN_POINT('',(5.757931536878,1.088347773944));
#3222 = CARTESIAN_POINT('',(5.77666848302,1.089838799657));
#3223 = CARTESIAN_POINT('',(5.795402647135,1.091329614275));
#3224 = CARTESIAN_POINT('',(5.814139615813,1.092820661457));
#3225 = CARTESIAN_POINT('',(5.832884917762,1.094312378146));
#3226 = CARTESIAN_POINT('',(5.851644120133,1.095805203087));
#3227 = CARTESIAN_POINT('',(5.870422788278,1.097299574537));
#3228 = CARTESIAN_POINT('',(5.889226490955,1.098795930895));
#3229 = CARTESIAN_POINT('',(5.908048623005,1.100293742768));
#3230 = CARTESIAN_POINT('',(5.926882494259,1.101792480927));
#3231 = CARTESIAN_POINT('',(5.945721362271,1.103291615566));
#3232 = CARTESIAN_POINT('',(5.964558496927,1.104790619021));
#3233 = CARTESIAN_POINT('',(5.983387087828,1.106288955638));
#3234 = CARTESIAN_POINT('',(6.002200749368,1.107786119575));
#3235 = CARTESIAN_POINT('',(6.020991791695,1.109281493744));
#3236 = CARTESIAN_POINT('',(6.039760882387,1.110775120288));
#3237 = CARTESIAN_POINT('',(6.058512564964,1.112267352955));
#3238 = CARTESIAN_POINT('',(6.077250403832,1.113758470346));
#3239 = CARTESIAN_POINT('',(6.095978168081,1.115248770557));
#3240 = CARTESIAN_POINT('',(6.114699546273,1.116738548851));
#3241 = CARTESIAN_POINT('',(6.133418082278,1.118228092324));
#3242 = CARTESIAN_POINT('',(6.152137696515,1.119717723577));
#3243 = CARTESIAN_POINT('',(6.170860470236,1.121207616817));
#3244 = CARTESIAN_POINT('',(6.189584677958,1.122697632108));
#3245 = CARTESIAN_POINT('',(6.208309222966,1.12418768253));
#3246 = CARTESIAN_POINT('',(6.227032840441,1.125677666955));
#3247 = CARTESIAN_POINT('',(6.245754329644,1.127167488063));
#3248 = CARTESIAN_POINT('',(6.264472502317,1.128657047513));
#3249 = CARTESIAN_POINT('',(6.276948325406,1.12964984733));
#3250 = CARTESIAN_POINT('',(6.28318530718,1.130146170928));
#3251 = ( GEOMETRIC_REPRESENTATION_CONTEXT(2) 
PARAMETRIC_REPRESENTATION_CONTEXT() REPRESENTATION_CONTEXT('2D SPACE',''
  ) );
#3252 = ORIENTED_EDGE('',*,*,#3253,.T.);
#3253 = EDGE_CURVE('',#3137,#3254,#3256,.T.);
#3254 = VERTEX_POINT('',#3255);
#3255 = CARTESIAN_POINT('',(4.998964812729,-15.91235382907,
    -0.101738886849));
#3256 = SURFACE_CURVE('',#3257,(#3284,#3401),.PCURVE_S1.);
#3257 = B_SPLINE_CURVE_WITH_KNOTS('',3,(#3258,#3259,#3260,#3261,#3262,
    #3263,#3264,#3265,#3266,#3267,#3268,#3269,#3270,#3271,#3272,#3273,
    #3274,#3275,#3276,#3277,#3278,#3279,#3280,#3281,#3282,#3283),
  .UNSPECIFIED.,.F.,.F.,(4,1,1,1,1,1,1,1,1,1,1,1,1,1,1,1,1,1,1,1,1,1,1,4
    ),(0.,4.347826086957E-02,8.695652173913E-02,0.130434782609,
    0.173913043478,0.217391304348,0.260869565217,0.304347826087,
    0.347826086957,0.391304347826,0.434782608696,0.478260869565,
    0.521739130435,0.565217391304,0.608695652174,0.652173913044,
    0.695652173913,0.739130434783,0.782608695652,0.826086956522,
    0.869565217391,0.913043478261,0.95652173913,1.),.UNSPECIFIED.);
#3258 = CARTESIAN_POINT('',(-4.998964812729,-16.16235382907,
    0.101738886849));
#3259 = CARTESIAN_POINT('',(-4.994349605955,-16.15874393616,
    0.328508187952));
#3260 = CARTESIAN_POINT('',(-4.954254015802,-16.15150343801,
    0.782737103193));
#3261 = CARTESIAN_POINT('',(-4.80000018747,-16.14053876667,
    1.455869136403));
#3262 = CARTESIAN_POINT('',(-4.554685575873,-16.12959553246,
    2.099918929159));
#3263 = CARTESIAN_POINT('',(-4.229902755084,-16.11883352661,
    2.694807024702));
#3264 = CARTESIAN_POINT('',(-3.822308471051,-16.10792385568,
    3.247903913577));
#3265 = CARTESIAN_POINT('',(-3.338854131144,-16.09693426689,
    3.743251995024));
#3266 = CARTESIAN_POINT('',(-2.792664385424,-16.08596546249,
    4.166217175708));
#3267 = CARTESIAN_POINT('',(-2.203233456136,-16.07516698925,
    4.505412778026));
#3268 = CARTESIAN_POINT('',(-1.572994304097,-16.06435857858,
    4.76254357079));
#3269 = CARTESIAN_POINT('',(-0.905930047129,-16.0534253735,
    4.933332770379));
#3270 = CARTESIAN_POINT('',(-0.2228493122,-16.04251014244,5.010536992717
    ));
#3271 = CARTESIAN_POINT('',(0.456537193886,-16.03171949747,
    4.994542313504));
#3272 = CARTESIAN_POINT('',(1.129649244861,-16.02089424349,
    4.886550929707));
#3273 = CARTESIAN_POINT('',(1.781419319646,-16.01007815388,
    4.688502758846));
#3274 = CARTESIAN_POINT('',(2.403126321628,-15.99920951837,
    4.402215767319));
#3275 = CARTESIAN_POINT('',(2.976175887128,-15.98842002039,
    4.037026358006));
#3276 = CARTESIAN_POINT('',(3.499700561471,-15.97751790037,
    3.592832280001));
#3277 = CARTESIAN_POINT('',(3.954319092082,-15.96669549295,
    3.085004372504));
#3278 = CARTESIAN_POINT('',(4.33536913553,-15.95589483889,2.521594833004
    ));
#3279 = CARTESIAN_POINT('',(4.637530268121,-15.94506997565,
    1.910479829008));
#3280 = CARTESIAN_POINT('',(4.856137565803,-15.93411166361,
    1.255859233908));
#3281 = CARTESIAN_POINT('',(4.98221886346,-15.92316394779,0.577985302456
    ));
#3282 = CARTESIAN_POINT('',(5.003559504436,-15.91594767563,
    0.124022401475));
#3283 = CARTESIAN_POINT('',(4.998964812729,-15.91235382907,
    -0.101738886849));
#3284 = PCURVE('',#2904,#3285);
#3285 = DEFINITIONAL_REPRESENTATION('',(#3286),#3400);
#3286 = B_SPLINE_CURVE_WITH_KNOTS('',3,(#3287,#3288,#3289,#3290,#3291,
    #3292,#3293,#3294,#3295,#3296,#3297,#3298,#3299,#3300,#3301,#3302,
    #3303,#3304,#3305,#3306,#3307,#3308,#3309,#3310,#3311,#3312,#3313,
    #3314,#3315,#3316,#3317,#3318,#3319,#3320,#3321,#3322,#3323,#3324,
    #3325,#3326,#3327,#3328,#3329,#3330,#3331,#3332,#3333,#3334,#3335,
    #3336,#3337,#3338,#3339,#3340,#3341,#3342,#3343,#3344,#3345,#3346,
    #3347,#3348,#3349,#3350,#3351,#3352,#3353,#3354,#3355,#3356,#3357,
    #3358,#3359,#3360,#3361,#3362,#3363,#3364,#3365,#3366,#3367,#3368,
    #3369,#3370,#3371,#3372,#3373,#3374,#3375,#3376,#3377,#3378,#3379,
    #3380,#3381,#3382,#3383,#3384,#3385,#3386,#3387,#3388,#3389,#3390,
    #3391,#3392,#3393,#3394,#3395,#3396,#3397,#3398,#3399),
  .UNSPECIFIED.,.F.,.F.,(4,1,1,1,1,1,1,1,1,1,1,1,1,1,1,1,1,1,1,1,1,1,1,1
    ,1,1,1,1,1,1,1,1,1,1,1,1,1,1,1,1,1,1,1,1,1,1,1,1,1,1,1,1,1,1,1,1,1,1
    ,1,1,1,1,1,1,1,1,1,1,1,1,1,1,1,1,1,1,1,1,1,1,1,1,1,1,1,1,1,1,1,1,1,1
    ,1,1,1,1,1,1,1,1,1,1,1,1,1,1,1,1,1,1,4),(0.,9.090909090909E-03,
    1.818181818182E-02,2.727272727273E-02,3.636363636364E-02,
    4.545454545455E-02,5.454545454545E-02,6.363636363636E-02,
    7.272727272727E-02,8.181818181818E-02,9.090909090909E-02,1.E-01,
    0.109090909091,0.118181818182,0.127272727273,0.136363636364,
    0.145454545455,0.154545454545,0.163636363636,0.172727272727,
    0.181818181818,0.190909090909,0.2,0.209090909091,0.218181818182,
    0.227272727273,0.236363636364,0.245454545455,0.254545454545,
    0.263636363636,0.272727272727,0.281818181818,0.290909090909,0.3,
    0.309090909091,0.318181818182,0.327272727273,0.336363636364,
    0.345454545455,0.354545454545,0.363636363636,0.372727272727,
    0.381818181818,0.390909090909,0.4,0.409090909091,0.418181818182,
    0.427272727273,0.436363636364,0.445454545455,0.454545454545,
    0.463636363636,0.472727272727,0.481818181818,0.490909090909,0.5,
    0.509090909091,0.518181818182,0.527272727273,0.536363636364,
    0.545454545455,0.554545454545,0.563636363636,0.572727272727,
    0.581818181818,0.590909090909,0.6,0.609090909091,0.618181818182,
    0.627272727273,0.636363636364,0.645454545455,0.654545454545,
    0.663636363636,0.672727272727,0.681818181818,0.690909090909,0.7,
    0.709090909091,0.718181818182,0.727272727273,0.736363636364,
    0.745454545455,0.754545454545,0.763636363636,0.772727272727,
    0.781818181818,0.790909090909,0.8,0.809090909091,0.818181818182,
    0.827272727273,0.836363636364,0.845454545455,0.854545454545,
    0.863636363636,0.872727272727,0.881818181818,0.890909090909,0.9,
    0.909090909091,0.918181818182,0.927272727273,0.936363636364,
    0.945454545455,0.954545454545,0.963636363636,0.972727272727,
    0.981818181818,0.990909090909,1.),.QUASI_UNIFORM_KNOTS.);
#3287 = CARTESIAN_POINT('',(0.249327227554,0.953332142928));
#3288 = CARTESIAN_POINT('',(0.249269698335,0.952795700207));
#3289 = CARTESIAN_POINT('',(0.24910438417,0.951722221311));
#3290 = CARTESIAN_POINT('',(0.248754373257,0.950110011922));
#3291 = CARTESIAN_POINT('',(0.248352760761,0.948495613783));
#3292 = CARTESIAN_POINT('',(0.247943997789,0.94687878375));
#3293 = CARTESIAN_POINT('',(0.247571228419,0.945259172211));
#3294 = CARTESIAN_POINT('',(0.247261332627,0.943636649111));
#3295 = CARTESIAN_POINT('',(0.247008711095,0.942012116739));
#3296 = CARTESIAN_POINT('',(0.246829297752,0.940386328144));
#3297 = CARTESIAN_POINT('',(0.246747109447,0.938760054957));
#3298 = CARTESIAN_POINT('',(0.246815546567,0.937134007816));
#3299 = CARTESIAN_POINT('',(0.247032701508,0.935508965366));
#3300 = CARTESIAN_POINT('',(0.247321738617,0.933885869145));
#3301 = CARTESIAN_POINT('',(0.247640567561,0.932265720208));
#3302 = CARTESIAN_POINT('',(0.247960594061,0.930649449909));
#3303 = CARTESIAN_POINT('',(0.248270219716,0.929038461029));
#3304 = CARTESIAN_POINT('',(0.248592868134,0.927431646393));
#3305 = CARTESIAN_POINT('',(0.248928606403,0.925826627886));
#3306 = CARTESIAN_POINT('',(0.249236320337,0.924221345411));
#3307 = CARTESIAN_POINT('',(0.24944223497,0.922613754544));
#3308 = CARTESIAN_POINT('',(0.249421187957,0.921001688845));
#3309 = CARTESIAN_POINT('',(0.249201260075,0.91938550939));
#3310 = CARTESIAN_POINT('',(0.248838795983,0.917765842293));
#3311 = CARTESIAN_POINT('',(0.248394241115,0.916143169866));
#3312 = CARTESIAN_POINT('',(0.247939651215,0.914517926407));
#3313 = CARTESIAN_POINT('',(0.247546854666,0.912890491833));
#3314 = CARTESIAN_POINT('',(0.247210609389,0.911261522005));
#3315 = CARTESIAN_POINT('',(0.246943502343,0.909631643691));
#3316 = CARTESIAN_POINT('',(0.246765587873,0.908001475861));
#3317 = CARTESIAN_POINT('',(0.246717190975,0.906371590683));
#3318 = CARTESIAN_POINT('',(0.246813324078,0.904742625287));
#3319 = CARTESIAN_POINT('',(0.246995671158,0.90311546591));
#3320 = CARTESIAN_POINT('',(0.247236060882,0.901491025018));
#3321 = CARTESIAN_POINT('',(0.247517887253,0.899870177236));
#3322 = CARTESIAN_POINT('',(0.247845777157,0.898254106766));
#3323 = CARTESIAN_POINT('',(0.248224737185,0.896642621011));
#3324 = CARTESIAN_POINT('',(0.248629323747,0.895034290927));
#3325 = CARTESIAN_POINT('',(0.249015199685,0.893428000488));
#3326 = CARTESIAN_POINT('',(0.249319305702,0.891822624184));
#3327 = CARTESIAN_POINT('',(0.249452025453,0.890217065889));
#3328 = CARTESIAN_POINT('',(0.249361388428,0.888610645132));
#3329 = CARTESIAN_POINT('',(0.249115225248,0.887002783868));
#3330 = CARTESIAN_POINT('',(0.248779285095,0.885392806251));
#3331 = CARTESIAN_POINT('',(0.248404775003,0.883780008776));
#3332 = CARTESIAN_POINT('',(0.248030042684,0.882163580669));
#3333 = CARTESIAN_POINT('',(0.2476554286,0.880544423963));
#3334 = CARTESIAN_POINT('',(0.247299104257,0.878923487102));
#3335 = CARTESIAN_POINT('',(0.246994010634,0.877301667599));
#3336 = CARTESIAN_POINT('',(0.246794186409,0.875679843139));
#3337 = CARTESIAN_POINT('',(0.24674885911,0.874058798824));
#3338 = CARTESIAN_POINT('',(0.246810456791,0.872439090522));
#3339 = CARTESIAN_POINT('',(0.246953619816,0.87082134874));
#3340 = CARTESIAN_POINT('',(0.247161101162,0.869206171592));
#3341 = CARTESIAN_POINT('',(0.247428171619,0.867594368584));
#3342 = CARTESIAN_POINT('',(0.247761182633,0.86598595463));
#3343 = CARTESIAN_POINT('',(0.248152389169,0.864379660918));
#3344 = CARTESIAN_POINT('',(0.248574831857,0.86277447211));
#3345 = CARTESIAN_POINT('',(0.248984552383,0.861169387359));
#3346 = CARTESIAN_POINT('',(0.249317202663,0.859563287416));
#3347 = CARTESIAN_POINT('',(0.249502755865,0.857956046486));
#3348 = CARTESIAN_POINT('',(0.249464442984,0.85634817938));
#3349 = CARTESIAN_POINT('',(0.249228924106,0.854740087233));
#3350 = CARTESIAN_POINT('',(0.248864502597,0.853132141241));
#3351 = CARTESIAN_POINT('',(0.248439009104,0.851524718926));
#3352 = CARTESIAN_POINT('',(0.248004347303,0.849917552879));
#3353 = CARTESIAN_POINT('',(0.247601043891,0.848310230505));
#3354 = CARTESIAN_POINT('',(0.247263894436,0.84670234301));
#3355 = CARTESIAN_POINT('',(0.247021255012,0.845093436414));
#3356 = CARTESIAN_POINT('',(0.246890799615,0.843483080993));
#3357 = CARTESIAN_POINT('',(0.246838875887,0.841872071726));
#3358 = CARTESIAN_POINT('',(0.246848753677,0.840261191296));
#3359 = CARTESIAN_POINT('',(0.24691670477,0.83865120042));
#3360 = CARTESIAN_POINT('',(0.24705302859,0.837043006857));
#3361 = CARTESIAN_POINT('',(0.247282290339,0.835436924714));
#3362 = CARTESIAN_POINT('',(0.247613660117,0.833831461168));
#3363 = CARTESIAN_POINT('',(0.248033429697,0.832225367251));
#3364 = CARTESIAN_POINT('',(0.248505678062,0.830617422649));
#3365 = CARTESIAN_POINT('',(0.248975077348,0.829006141796));
#3366 = CARTESIAN_POINT('',(0.249352150699,0.827391498049));
#3367 = CARTESIAN_POINT('',(0.249554491496,0.825775080564));
#3368 = CARTESIAN_POINT('',(0.249512118472,0.824158215504));
#3369 = CARTESIAN_POINT('',(0.249247713724,0.822542281897));
#3370 = CARTESIAN_POINT('',(0.248886451146,0.82092878147));
#3371 = CARTESIAN_POINT('',(0.248488872354,0.819317816789));
#3372 = CARTESIAN_POINT('',(0.2480849593,0.817708924602));
#3373 = CARTESIAN_POINT('',(0.247703780598,0.81610176383));
#3374 = CARTESIAN_POINT('',(0.247366420456,0.814495948045));
#3375 = CARTESIAN_POINT('',(0.247087216922,0.812891093097));
#3376 = CARTESIAN_POINT('',(0.246883990527,0.811286832158));
#3377 = CARTESIAN_POINT('',(0.246769369891,0.809682793564));
#3378 = CARTESIAN_POINT('',(0.24674993879,0.808078596305));
#3379 = CARTESIAN_POINT('',(0.246825506654,0.806473868654));
#3380 = CARTESIAN_POINT('',(0.246992699862,0.804868192735));
#3381 = CARTESIAN_POINT('',(0.24725754834,0.803260796672));
#3382 = CARTESIAN_POINT('',(0.247611620181,0.8016509192));
#3383 = CARTESIAN_POINT('',(0.24803323391,0.800037833773));
#3384 = CARTESIAN_POINT('',(0.248490564126,0.798420658273));
#3385 = CARTESIAN_POINT('',(0.248924839977,0.796799199986));
#3386 = CARTESIAN_POINT('',(0.249260269635,0.795174638019));
#3387 = CARTESIAN_POINT('',(0.249447848052,0.793547953546));
#3388 = CARTESIAN_POINT('',(0.249438709611,0.791920207257));
#3389 = CARTESIAN_POINT('',(0.249266387566,0.79029248013));
#3390 = CARTESIAN_POINT('',(0.24899651281,0.788665662346));
#3391 = CARTESIAN_POINT('',(0.248633752163,0.787040529357));
#3392 = CARTESIAN_POINT('',(0.248214073253,0.78541787706));
#3393 = CARTESIAN_POINT('',(0.247780200383,0.783798444861));
#3394 = CARTESIAN_POINT('',(0.247395106219,0.782183069092));
#3395 = CARTESIAN_POINT('',(0.247087288469,0.780571612182));
#3396 = CARTESIAN_POINT('',(0.246868312649,0.77896370583));
#3397 = CARTESIAN_POINT('',(0.246747752003,0.77735905118));
#3398 = CARTESIAN_POINT('',(0.246734358501,0.77629125041));
#3399 = CARTESIAN_POINT('',(0.246745107353,0.775757792543));
#3400 = ( GEOMETRIC_REPRESENTATION_CONTEXT(2) 
PARAMETRIC_REPRESENTATION_CONTEXT() REPRESENTATION_CONTEXT('2D SPACE',''
  ) );
#3401 = PCURVE('',#3402,#3407);
#3402 = CYLINDRICAL_SURFACE('',#3403,5.);
#3403 = AXIS2_PLACEMENT_3D('',#3404,#3405,#3406);
#3404 = CARTESIAN_POINT('',(0.,-17.2925,0.));
#3405 = DIRECTION('',(0.,1.,0.));
#3406 = DIRECTION('',(-0.999792962546,0.,2.034777736978E-02));
#3407 = DEFINITIONAL_REPRESENTATION('',(#3408),#3522);
#3408 = B_SPLINE_CURVE_WITH_KNOTS('',3,(#3409,#3410,#3411,#3412,#3413,
    #3414,#3415,#3416,#3417,#3418,#3419,#3420,#3421,#3422,#3423,#3424,
    #3425,#3426,#3427,#3428,#3429,#3430,#3431,#3432,#3433,#3434,#3435,
    #3436,#3437,#3438,#3439,#3440,#3441,#3442,#3443,#3444,#3445,#3446,
    #3447,#3448,#3449,#3450,#3451,#3452,#3453,#3454,#3455,#3456,#3457,
    #3458,#3459,#3460,#3461,#3462,#3463,#3464,#3465,#3466,#3467,#3468,
    #3469,#3470,#3471,#3472,#3473,#3474,#3475,#3476,#3477,#3478,#3479,
    #3480,#3481,#3482,#3483,#3484,#3485,#3486,#3487,#3488,#3489,#3490,
    #3491,#3492,#3493,#3494,#3495,#3496,#3497,#3498,#3499,#3500,#3501,
    #3502,#3503,#3504,#3505,#3506,#3507,#3508,#3509,#3510,#3511,#3512,
    #3513,#3514,#3515,#3516,#3517,#3518,#3519,#3520,#3521),
  .UNSPECIFIED.,.F.,.F.,(4,1,1,1,1,1,1,1,1,1,1,1,1,1,1,1,1,1,1,1,1,1,1,1
    ,1,1,1,1,1,1,1,1,1,1,1,1,1,1,1,1,1,1,1,1,1,1,1,1,1,1,1,1,1,1,1,1,1,1
    ,1,1,1,1,1,1,1,1,1,1,1,1,1,1,1,1,1,1,1,1,1,1,1,1,1,1,1,1,1,1,1,1,1,1
    ,1,1,1,1,1,1,1,1,1,1,1,1,1,1,1,1,1,1,4),(0.,9.090909090909E-03,
    1.818181818182E-02,2.727272727273E-02,3.636363636364E-02,
    4.545454545455E-02,5.454545454545E-02,6.363636363636E-02,
    7.272727272727E-02,8.181818181818E-02,9.090909090909E-02,1.E-01,
    0.109090909091,0.118181818182,0.127272727273,0.136363636364,
    0.145454545455,0.154545454545,0.163636363636,0.172727272727,
    0.181818181818,0.190909090909,0.2,0.209090909091,0.218181818182,
    0.227272727273,0.236363636364,0.245454545455,0.254545454545,
    0.263636363636,0.272727272727,0.281818181818,0.290909090909,0.3,
    0.309090909091,0.318181818182,0.327272727273,0.336363636364,
    0.345454545455,0.354545454545,0.363636363636,0.372727272727,
    0.381818181818,0.390909090909,0.4,0.409090909091,0.418181818182,
    0.427272727273,0.436363636364,0.445454545455,0.454545454545,
    0.463636363636,0.472727272727,0.481818181818,0.490909090909,0.5,
    0.509090909091,0.518181818182,0.527272727273,0.536363636364,
    0.545454545455,0.554545454545,0.563636363636,0.572727272727,
    0.581818181818,0.590909090909,0.6,0.609090909091,0.618181818182,
    0.627272727273,0.636363636364,0.645454545455,0.654545454545,
    0.663636363636,0.672727272727,0.681818181818,0.690909090909,0.7,
    0.709090909091,0.718181818182,0.727272727273,0.736363636364,
    0.745454545455,0.754545454545,0.763636363636,0.772727272727,
    0.781818181818,0.790909090909,0.8,0.809090909091,0.818181818182,
    0.827272727273,0.836363636364,0.845454545455,0.854545454545,
    0.863636363636,0.872727272727,0.881818181818,0.890909090909,0.9,
    0.909090909091,0.918181818182,0.927272727273,0.936363636364,
    0.945454545455,0.954545454545,0.963636363636,0.972727272727,
    0.981818181818,0.990909090909,1.),.QUASI_UNIFORM_KNOTS.);
#3409 = CARTESIAN_POINT('',(0.,1.130146170928));
#3410 = CARTESIAN_POINT('',(9.485063427284E-03,1.130900966717));
#3411 = CARTESIAN_POINT('',(2.846664481223E-02,1.132411464009));
#3412 = CARTESIAN_POINT('',(5.69779691802E-02,1.134680307358));
#3413 = CARTESIAN_POINT('',(8.553282377496E-02,1.136952635253));
#3414 = CARTESIAN_POINT('',(0.114135824204,1.139228810803));
#3415 = CARTESIAN_POINT('',(0.142793054364,1.141509286348));
#3416 = CARTESIAN_POINT('',(0.171506306154,1.143794165642));
#3417 = CARTESIAN_POINT('',(0.200258794356,1.146082163585));
#3418 = CARTESIAN_POINT('',(0.229036089808,1.148372173462));
#3419 = CARTESIAN_POINT('',(0.25782324993,1.150663031485));
#3420 = CARTESIAN_POINT('',(0.286606299314,1.15295362377));
#3421 = CARTESIAN_POINT('',(0.315370103628,1.155242668027));
#3422 = CARTESIAN_POINT('',(0.344096790462,1.157528679547));
#3423 = CARTESIAN_POINT('',(0.372767583385,1.15981017214));
#3424 = CARTESIAN_POINT('',(0.40136519221,1.162085811125));
#3425 = CARTESIAN_POINT('',(0.429864320464,1.164353657268));
#3426 = CARTESIAN_POINT('',(0.458284460388,1.166615277191));
#3427 = CARTESIAN_POINT('',(0.486668044089,1.168874008622));
#3428 = CARTESIAN_POINT('',(0.515052424482,1.171132785022));
#3429 = CARTESIAN_POINT('',(0.543475267324,1.173394573799));
#3430 = CARTESIAN_POINT('',(0.57197722821,1.175662610837));
#3431 = CARTESIAN_POINT('',(0.600554298438,1.17793664015));
#3432 = CARTESIAN_POINT('',(0.629196977658,1.180215947583));
#3433 = CARTESIAN_POINT('',(0.657897698194,1.18249993802));
#3434 = CARTESIAN_POINT('',(0.686649154631,1.184787990317));
#3435 = CARTESIAN_POINT('',(0.715444505663,1.187079468203));
#3436 = CARTESIAN_POINT('',(0.744271664362,1.189373435871));
#3437 = CARTESIAN_POINT('',(0.77311869224,1.191668978854));
#3438 = CARTESIAN_POINT('',(0.801973515541,1.193965167558));
#3439 = CARTESIAN_POINT('',(0.830824693313,1.196261111561));
#3440 = CARTESIAN_POINT('',(0.859659565824,1.198555766294));
#3441 = CARTESIAN_POINT('',(0.888461119514,1.200847724118));
#3442 = CARTESIAN_POINT('',(0.917211940605,1.203135608204));
#3443 = CARTESIAN_POINT('',(0.945895454219,1.205418131242));
#3444 = CARTESIAN_POINT('',(0.974489856731,1.207693617041));
#3445 = CARTESIAN_POINT('',(1.002998046785,1.209962283598));
#3446 = CARTESIAN_POINT('',(1.031445210789,1.212226072501));
#3447 = CARTESIAN_POINT('',(1.059851458855,1.214486556865));
#3448 = CARTESIAN_POINT('',(1.088237610814,1.216745389917));
#3449 = CARTESIAN_POINT('',(1.11662455857,1.219004272916));
#3450 = CARTESIAN_POINT('',(1.145026588054,1.22126439343));
#3451 = CARTESIAN_POINT('',(1.173456275011,1.223526766288));
#3452 = CARTESIAN_POINT('',(1.201927145545,1.225792454836));
#3453 = CARTESIAN_POINT('',(1.230452632743,1.228062490479));
#3454 = CARTESIAN_POINT('',(1.259047525549,1.230337983863));
#3455 = CARTESIAN_POINT('',(1.287695859493,1.232617699615));
#3456 = CARTESIAN_POINT('',(1.316380398685,1.234900313253));
#3457 = CARTESIAN_POINT('',(1.345084440052,1.237184527784));
#3458 = CARTESIAN_POINT('',(1.373791341388,1.239469025176));
#3459 = CARTESIAN_POINT('',(1.402485919528,1.241752545799));
#3460 = CARTESIAN_POINT('',(1.431157029969,1.244034145181));
#3461 = CARTESIAN_POINT('',(1.459792177549,1.246312827117));
#3462 = CARTESIAN_POINT('',(1.48837951044,1.248587673496));
#3463 = CARTESIAN_POINT('',(1.516903588179,1.250857505557));
#3464 = CARTESIAN_POINT('',(1.545363268011,1.253122254641));
#3465 = CARTESIAN_POINT('',(1.573780438296,1.255383633913));
#3466 = CARTESIAN_POINT('',(1.602172882318,1.257643042834));
#3467 = CARTESIAN_POINT('',(1.630558576429,1.259901901844));
#3468 = CARTESIAN_POINT('',(1.658958121853,1.26216186117));
#3469 = CARTESIAN_POINT('',(1.687375134096,1.264423212478));
#3470 = CARTESIAN_POINT('',(1.715802658214,1.266685401409));
#3471 = CARTESIAN_POINT('',(1.744236067743,1.26894806404));
#3472 = CARTESIAN_POINT('',(1.772670475355,1.271210809567));
#3473 = CARTESIAN_POINT('',(1.801100243936,1.27347316427));
#3474 = CARTESIAN_POINT('',(1.829530579797,1.275735556556));
#3475 = CARTESIAN_POINT('',(1.857968777539,1.277998586483));
#3476 = CARTESIAN_POINT('',(1.886421655348,1.280262804993));
#3477 = CARTESIAN_POINT('',(1.914896497303,1.282528792908));
#3478 = CARTESIAN_POINT('',(1.943399902772,1.284797060512));
#3479 = CARTESIAN_POINT('',(1.971916641029,1.287066362308));
#3480 = CARTESIAN_POINT('',(2.000431565428,1.289335494647));
#3481 = CARTESIAN_POINT('',(2.028929876099,1.29160329512));
#3482 = CARTESIAN_POINT('',(2.057394214672,1.293868394502));
#3483 = CARTESIAN_POINT('',(2.085817861071,1.296130262089));
#3484 = CARTESIAN_POINT('',(2.114226296006,1.298390936658));
#3485 = CARTESIAN_POINT('',(2.142640971252,1.300652117438));
#3486 = CARTESIAN_POINT('',(2.171083191337,1.302915486273));
#3487 = CARTESIAN_POINT('',(2.199579383248,1.305183134082));
#3488 = CARTESIAN_POINT('',(2.228130705553,1.307455148785));
#3489 = CARTESIAN_POINT('',(2.25671034647,1.30972941542));
#3490 = CARTESIAN_POINT('',(2.285296862215,1.3120042555));
#3491 = CARTESIAN_POINT('',(2.313868423867,1.314277948859));
#3492 = CARTESIAN_POINT('',(2.342400281115,1.316548505579));
#3493 = CARTESIAN_POINT('',(2.370891767486,1.318815826678));
#3494 = CARTESIAN_POINT('',(2.399351659038,1.321080593088));
#3495 = CARTESIAN_POINT('',(2.427786061371,1.323343294478));
#3496 = CARTESIAN_POINT('',(2.456201460717,1.325604470161));
#3497 = CARTESIAN_POINT('',(2.484603959279,1.327864652137));
#3498 = CARTESIAN_POINT('',(2.512999077895,1.330124268539));
#3499 = CARTESIAN_POINT('',(2.541392231485,1.33238373638));
#3500 = CARTESIAN_POINT('',(2.569788884994,1.334643480476));
#3501 = CARTESIAN_POINT('',(2.598194298989,1.336903905478));
#3502 = CARTESIAN_POINT('',(2.626614583065,1.339165490176));
#3503 = CARTESIAN_POINT('',(2.65506220927,1.341429267419));
#3504 = CARTESIAN_POINT('',(2.68354965003,1.343696238212));
#3505 = CARTESIAN_POINT('',(2.712089026623,1.345967357206));
#3506 = CARTESIAN_POINT('',(2.740695552287,1.34824379631));
#3507 = CARTESIAN_POINT('',(2.769372682785,1.350525807325));
#3508 = CARTESIAN_POINT('',(2.798100146373,1.352811825836));
#3509 = CARTESIAN_POINT('',(2.826861771672,1.355100599438));
#3510 = CARTESIAN_POINT('',(2.855640677393,1.357390801661));
#3511 = CARTESIAN_POINT('',(2.884420323375,1.35968109028));
#3512 = CARTESIAN_POINT('',(2.913187011815,1.361970311878));
#3513 = CARTESIAN_POINT('',(2.94192835751,1.364257465032));
#3514 = CARTESIAN_POINT('',(2.970630966524,1.366541503373));
#3515 = CARTESIAN_POINT('',(2.999281879461,1.368821431867));
#3516 = CARTESIAN_POINT('',(3.027865937342,1.371096095087));
#3517 = CARTESIAN_POINT('',(3.056384869168,1.37336558632));
#3518 = CARTESIAN_POINT('',(3.084844221515,1.37563031226));
#3519 = CARTESIAN_POINT('',(3.11324812312,1.377890599376));
#3520 = CARTESIAN_POINT('',(3.132149747661,1.379394730283));
#3521 = CARTESIAN_POINT('',(3.14159265359,1.380146170928));
#3522 = ( GEOMETRIC_REPRESENTATION_CONTEXT(2) PARAMETRIC_REPRESENTATION_CONTEXT() REPRESENTATION_CONTEXT('2D SPACE',''
  ) );
#3523 = ORIENTED_EDGE('',*,*,#3524,.T.);
#3524 = EDGE_CURVE('',#3254,#3525,#3527,.T.);
#3525 = VERTEX_POINT('',#3526);
#3526 = CARTESIAN_POINT('',(-4.998964812729,-15.66235382907,
    0.101738886849));
#3527 = SURFACE_CURVE('',#3528,(#3555,#3672),.PCURVE_S1.);
#3528 = B_SPLINE_CURVE_WITH_KNOTS('',3,(#3529,#3530,#3531,#3532,#3533,
    #3534,#3535,#3536,#3537,#3538,#3539,#3540,#3541,#3542,#3543,#3544,
    #3545,#3546,#3547,#3548,#3549,#3550,#3551,#3552,#3553,#3554),
  .UNSPECIFIED.,.F.,.F.,(4,1,1,1,1,1,1,1,1,1,1,1,1,1,1,1,1,1,1,1,1,1,1,4
    ),(0.,4.347826086957E-02,8.695652173913E-02,0.130434782609,
    0.173913043478,0.217391304348,0.260869565217,0.304347826087,
    0.347826086957,0.391304347826,0.434782608696,0.478260869565,
    0.521739130435,0.565217391304,0.608695652174,0.652173913044,
    0.695652173913,0.739130434783,0.782608695652,0.826086956522,
    0.869565217391,0.913043478261,0.95652173913,1.),.UNSPECIFIED.);
#3529 = CARTESIAN_POINT('',(4.998964812729,-15.91235382907,
    -0.101738886849));
#3530 = CARTESIAN_POINT('',(4.99435135216,-15.908745302,-0.328422387738)
  );
#3531 = CARTESIAN_POINT('',(4.954289911006,-15.90150264272,
    -0.782796110775));
#3532 = CARTESIAN_POINT('',(4.799655511378,-15.89051746327,
    -1.457158991208));
#3533 = CARTESIAN_POINT('',(4.553523243679,-15.87954421862,
    -2.10295706517));
#3534 = CARTESIAN_POINT('',(4.225899583391,-15.86871806324,
    -2.700880410529));
#3535 = CARTESIAN_POINT('',(3.82277390202,-15.85794271257,
    -3.246752689484));
#3536 = CARTESIAN_POINT('',(3.343241397991,-15.8470294952,-3.73914110808
    ));
#3537 = CARTESIAN_POINT('',(2.800031151397,-15.83610728919,
    -4.161144783132));
#3538 = CARTESIAN_POINT('',(2.211627137906,-15.82531459359,
    -4.501420000684));
#3539 = CARTESIAN_POINT('',(1.580481847174,-15.81448470143,
    -4.759851594827));
#3540 = CARTESIAN_POINT('',(0.922442323172,-15.80369294111,
    -4.929932717319));
#3541 = CARTESIAN_POINT('',(0.242417702163,-15.79282078919,
    -5.009576259711));
#3542 = CARTESIAN_POINT('',(-0.436340341771,-15.7820413413,
    -4.996420185883));
#3543 = CARTESIAN_POINT('',(-1.113856381574,-15.77115217804,
    -4.890397707949));
#3544 = CARTESIAN_POINT('',(-1.768038248897,-15.76030438833,
    -4.693433547055));
#3545 = CARTESIAN_POINT('',(-2.38613190191,-15.74951535663,
    -4.411299156182));
#3546 = CARTESIAN_POINT('',(-2.961268990462,-15.73871407711,
    -4.048064178978));
#3547 = CARTESIAN_POINT('',(-3.48848399495,-15.72777064584,
    -3.604139607492));
#3548 = CARTESIAN_POINT('',(-3.950181337279,-15.71680815777,
    -3.090786323316));
#3549 = CARTESIAN_POINT('',(-4.332694032726,-15.70597823575,
    -2.526110700311));
#3550 = CARTESIAN_POINT('',(-4.635213851861,-15.69516627684,
    -1.916093256692));
#3551 = CARTESIAN_POINT('',(-4.855005113198,-15.68418891929,
    -1.260597548544));
#3552 = CARTESIAN_POINT('',(-4.982030284217,-15.67320495742,
    -0.580565905379));
#3553 = CARTESIAN_POINT('',(-5.003578120253,-15.66596223643,
    -0.124937094145));
#3554 = CARTESIAN_POINT('',(-4.998964812729,-15.66235382907,
    0.101738886849));
#3555 = PCURVE('',#2904,#3556);
#3556 = DEFINITIONAL_REPRESENTATION('',(#3557),#3671);
#3557 = B_SPLINE_CURVE_WITH_KNOTS('',3,(#3558,#3559,#3560,#3561,#3562,
    #3563,#3564,#3565,#3566,#3567,#3568,#3569,#3570,#3571,#3572,#3573,
    #3574,#3575,#3576,#3577,#3578,#3579,#3580,#3581,#3582,#3583,#3584,
    #3585,#3586,#3587,#3588,#3589,#3590,#3591,#3592,#3593,#3594,#3595,
    #3596,#3597,#3598,#3599,#3600,#3601,#3602,#3603,#3604,#3605,#3606,
    #3607,#3608,#3609,#3610,#3611,#3612,#3613,#3614,#3615,#3616,#3617,
    #3618,#3619,#3620,#3621,#3622,#3623,#3624,#3625,#3626,#3627,#3628,
    #3629,#3630,#3631,#3632,#3633,#3634,#3635,#3636,#3637,#3638,#3639,
    #3640,#3641,#3642,#3643,#3644,#3645,#3646,#3647,#3648,#3649,#3650,
    #3651,#3652,#3653,#3654,#3655,#3656,#3657,#3658,#3659,#3660,#3661,
    #3662,#3663,#3664,#3665,#3666,#3667,#3668,#3669,#3670),
  .UNSPECIFIED.,.F.,.F.,(4,1,1,1,1,1,1,1,1,1,1,1,1,1,1,1,1,1,1,1,1,1,1,1
    ,1,1,1,1,1,1,1,1,1,1,1,1,1,1,1,1,1,1,1,1,1,1,1,1,1,1,1,1,1,1,1,1,1,1
    ,1,1,1,1,1,1,1,1,1,1,1,1,1,1,1,1,1,1,1,1,1,1,1,1,1,1,1,1,1,1,1,1,1,1
    ,1,1,1,1,1,1,1,1,1,1,1,1,1,1,1,1,1,1,4),(0.,9.090909090909E-03,
    1.818181818182E-02,2.727272727273E-02,3.636363636364E-02,
    4.545454545455E-02,5.454545454545E-02,6.363636363636E-02,
    7.272727272727E-02,8.181818181818E-02,9.090909090909E-02,1.E-01,
    0.109090909091,0.118181818182,0.127272727273,0.136363636364,
    0.145454545455,0.154545454545,0.163636363636,0.172727272727,
    0.181818181818,0.190909090909,0.2,0.209090909091,0.218181818182,
    0.227272727273,0.236363636364,0.245454545455,0.254545454545,
    0.263636363636,0.272727272727,0.281818181818,0.290909090909,0.3,
    0.309090909091,0.318181818182,0.327272727273,0.336363636364,
    0.345454545455,0.354545454545,0.363636363636,0.372727272727,
    0.381818181818,0.390909090909,0.4,0.409090909091,0.418181818182,
    0.427272727273,0.436363636364,0.445454545455,0.454545454545,
    0.463636363636,0.472727272727,0.481818181818,0.490909090909,0.5,
    0.509090909091,0.518181818182,0.527272727273,0.536363636364,
    0.545454545455,0.554545454545,0.563636363636,0.572727272727,
    0.581818181818,0.590909090909,0.6,0.609090909091,0.618181818182,
    0.627272727273,0.636363636364,0.645454545455,0.654545454545,
    0.663636363636,0.672727272727,0.681818181818,0.690909090909,0.7,
    0.709090909091,0.718181818182,0.727272727273,0.736363636364,
    0.745454545455,0.754545454545,0.763636363636,0.772727272727,
    0.781818181818,0.790909090909,0.8,0.809090909091,0.818181818182,
    0.827272727273,0.836363636364,0.845454545455,0.854545454545,
    0.863636363636,0.872727272727,0.881818181818,0.890909090909,0.9,
    0.909090909091,0.918181818182,0.927272727273,0.936363636364,
    0.945454545455,0.954545454545,0.963636363636,0.972727272727,
    0.981818181818,0.990909090909,1.),.QUASI_UNIFORM_KNOTS.);
#3558 = CARTESIAN_POINT('',(0.246745107353,0.775757792543));
#3559 = CARTESIAN_POINT('',(0.24675505198,0.775222155771));
#3560 = CARTESIAN_POINT('',(0.246809190259,0.774150069451));
#3561 = CARTESIAN_POINT('',(0.246986986451,0.772539164787));
#3562 = CARTESIAN_POINT('',(0.24725767512,0.770925146404));
#3563 = CARTESIAN_POINT('',(0.247608942955,0.769307681662));
#3564 = CARTESIAN_POINT('',(0.248026309253,0.767686361516));
#3565 = CARTESIAN_POINT('',(0.248475909715,0.766061050624));
#3566 = CARTESIAN_POINT('',(0.248884975235,0.764432749171));
#3567 = CARTESIAN_POINT('',(0.249203422818,0.762802348573));
#3568 = CARTESIAN_POINT('',(0.249393919259,0.761170800988));
#3569 = CARTESIAN_POINT('',(0.249439868605,0.759539061693));
#3570 = CARTESIAN_POINT('',(0.249319361864,0.757908106719));
#3571 = CARTESIAN_POINT('',(0.249050710026,0.756278916028));
#3572 = CARTESIAN_POINT('',(0.248669193912,0.754652469199));
#3573 = CARTESIAN_POINT('',(0.248224351401,0.753029668065));
#3574 = CARTESIAN_POINT('',(0.247788246422,0.751411601575));
#3575 = CARTESIAN_POINT('',(0.247409504832,0.74979808162));
#3576 = CARTESIAN_POINT('',(0.247107109387,0.748188287457));
#3577 = CARTESIAN_POINT('',(0.246891720814,0.746581561579));
#3578 = CARTESIAN_POINT('',(0.246762535763,0.74497720416));
#3579 = CARTESIAN_POINT('',(0.246702750632,0.743374598522));
#3580 = CARTESIAN_POINT('',(0.246746822808,0.741772526688));
#3581 = CARTESIAN_POINT('',(0.24691569697,0.740169667877));
#3582 = CARTESIAN_POINT('',(0.247206174964,0.738564725574));
#3583 = CARTESIAN_POINT('',(0.247594278472,0.736956352832));
#3584 = CARTESIAN_POINT('',(0.248030624626,0.735343384248));
#3585 = CARTESIAN_POINT('',(0.248458213206,0.733726771337));
#3586 = CARTESIAN_POINT('',(0.248838066699,0.732107355926));
#3587 = CARTESIAN_POINT('',(0.249141972735,0.73048602618));
#3588 = CARTESIAN_POINT('',(0.249368716755,0.728863660412));
#3589 = CARTESIAN_POINT('',(0.249484302836,0.727241157486));
#3590 = CARTESIAN_POINT('',(0.249384997258,0.725619534086));
#3591 = CARTESIAN_POINT('',(0.249113061274,0.723999833818));
#3592 = CARTESIAN_POINT('',(0.248711659821,0.722383004567));
#3593 = CARTESIAN_POINT('',(0.248246101589,0.720770229957));
#3594 = CARTESIAN_POINT('',(0.247789599818,0.719161385346));
#3595 = CARTESIAN_POINT('',(0.247394643864,0.717555165276));
#3596 = CARTESIAN_POINT('',(0.247094480874,0.715950484112));
#3597 = CARTESIAN_POINT('',(0.246903315914,0.71434623205));
#3598 = CARTESIAN_POINT('',(0.246815354555,0.712741125014));
#3599 = CARTESIAN_POINT('',(0.246810295573,0.711135218974));
#3600 = CARTESIAN_POINT('',(0.2468753926,0.709529013254));
#3601 = CARTESIAN_POINT('',(0.247005431482,0.707922905316));
#3602 = CARTESIAN_POINT('',(0.247202255168,0.706317313207));
#3603 = CARTESIAN_POINT('',(0.247477044843,0.704712683353));
#3604 = CARTESIAN_POINT('',(0.24782733907,0.703108254598));
#3605 = CARTESIAN_POINT('',(0.248235680182,0.70150322301));
#3606 = CARTESIAN_POINT('',(0.248670954242,0.699896834884));
#3607 = CARTESIAN_POINT('',(0.249091275082,0.698288269107));
#3608 = CARTESIAN_POINT('',(0.249430626338,0.69667706231));
#3609 = CARTESIAN_POINT('',(0.24958619339,0.695064559192));
#3610 = CARTESIAN_POINT('',(0.24947938815,0.693452001914));
#3611 = CARTESIAN_POINT('',(0.249166006869,0.691840617326));
#3612 = CARTESIAN_POINT('',(0.248729502365,0.690231820577));
#3613 = CARTESIAN_POINT('',(0.24826289518,0.688625870701));
#3614 = CARTESIAN_POINT('',(0.24782882655,0.687021211484));
#3615 = CARTESIAN_POINT('',(0.247468210014,0.685416564518));
#3616 = CARTESIAN_POINT('',(0.247199062232,0.683810626876));
#3617 = CARTESIAN_POINT('',(0.247015471399,0.682201796205));
#3618 = CARTESIAN_POINT('',(0.246893992558,0.68059015154));
#3619 = CARTESIAN_POINT('',(0.24682663855,0.678976816438));
#3620 = CARTESIAN_POINT('',(0.246822605732,0.677362666405));
#3621 = CARTESIAN_POINT('',(0.246904458103,0.675748603397));
#3622 = CARTESIAN_POINT('',(0.247120819357,0.674135569107));
#3623 = CARTESIAN_POINT('',(0.247444548775,0.672523704024));
#3624 = CARTESIAN_POINT('',(0.247832714753,0.670913037931));
#3625 = CARTESIAN_POINT('',(0.248248513021,0.669303671814));
#3626 = CARTESIAN_POINT('',(0.248655876955,0.667695736693));
#3627 = CARTESIAN_POINT('',(0.249022334625,0.666089374881));
#3628 = CARTESIAN_POINT('',(0.249304047421,0.664484134376));
#3629 = CARTESIAN_POINT('',(0.249452533166,0.662879625533));
#3630 = CARTESIAN_POINT('',(0.249399244312,0.661275495904));
#3631 = CARTESIAN_POINT('',(0.249167737535,0.659671440317));
#3632 = CARTESIAN_POINT('',(0.248813961336,0.6580670141));
#3633 = CARTESIAN_POINT('',(0.248406479379,0.656461419734));
#3634 = CARTESIAN_POINT('',(0.247997215456,0.65485383831));
#3635 = CARTESIAN_POINT('',(0.247623997303,0.653243454222));
#3636 = CARTESIAN_POINT('',(0.247311798791,0.651629206309));
#3637 = CARTESIAN_POINT('',(0.247060712455,0.650010986152));
#3638 = CARTESIAN_POINT('',(0.246869329447,0.648389747976));
#3639 = CARTESIAN_POINT('',(0.246754286951,0.646766197777));
#3640 = CARTESIAN_POINT('',(0.246740431645,0.645141081193));
#3641 = CARTESIAN_POINT('',(0.246881629287,0.643515062092));
#3642 = CARTESIAN_POINT('',(0.247144264909,0.641888958784));
#3643 = CARTESIAN_POINT('',(0.247469564277,0.64026370137));
#3644 = CARTESIAN_POINT('',(0.24782578611,0.638640246008));
#3645 = CARTESIAN_POINT('',(0.248194426502,0.637019553228));
#3646 = CARTESIAN_POINT('',(0.248579754877,0.63540270794));
#3647 = CARTESIAN_POINT('',(0.248950439361,0.633789044665));
#3648 = CARTESIAN_POINT('',(0.249255484632,0.632177804528));
#3649 = CARTESIAN_POINT('',(0.249437656507,0.630568314843));
#3650 = CARTESIAN_POINT('',(0.24940913664,0.628959970065));
#3651 = CARTESIAN_POINT('',(0.249170046289,0.627352158792));
#3652 = CARTESIAN_POINT('',(0.248822984495,0.625743787204));
#3653 = CARTESIAN_POINT('',(0.248433122321,0.624133719658));
#3654 = CARTESIAN_POINT('',(0.24804965673,0.622520819472));
#3655 = CARTESIAN_POINT('',(0.247701836261,0.620903691844));
#3656 = CARTESIAN_POINT('',(0.247390119455,0.619281825941));
#3657 = CARTESIAN_POINT('',(0.247110210366,0.617656498405));
#3658 = CARTESIAN_POINT('',(0.246881354595,0.61602864966));
#3659 = CARTESIAN_POINT('',(0.246734790818,0.614399264274));
#3660 = CARTESIAN_POINT('',(0.246736089384,0.612769285552));
#3661 = CARTESIAN_POINT('',(0.24688160989,0.611139497674));
#3662 = CARTESIAN_POINT('',(0.247116578848,0.609510619245));
#3663 = CARTESIAN_POINT('',(0.247414707224,0.607883432898));
#3664 = CARTESIAN_POINT('',(0.247758092162,0.606258705118));
#3665 = CARTESIAN_POINT('',(0.248150831015,0.604637355135));
#3666 = CARTESIAN_POINT('',(0.248562484125,0.603019263912));
#3667 = CARTESIAN_POINT('',(0.248945747746,0.601404096806));
#3668 = CARTESIAN_POINT('',(0.249252211496,0.599791631476));
#3669 = CARTESIAN_POINT('',(0.249369186517,0.598718342839));
#3670 = CARTESIAN_POINT('',(0.249397082693,0.598182089828));
#3671 = ( GEOMETRIC_REPRESENTATION_CONTEXT(2) 
PARAMETRIC_REPRESENTATION_CONTEXT() REPRESENTATION_CONTEXT('2D SPACE',''
  ) );
#3672 = PCURVE('',#3402,#3673);
#3673 = DEFINITIONAL_REPRESENTATION('',(#3674),#3788);
#3674 = B_SPLINE_CURVE_WITH_KNOTS('',3,(#3675,#3676,#3677,#3678,#3679,
    #3680,#3681,#3682,#3683,#3684,#3685,#3686,#3687,#3688,#3689,#3690,
    #3691,#3692,#3693,#3694,#3695,#3696,#3697,#3698,#3699,#3700,#3701,
    #3702,#3703,#3704,#3705,#3706,#3707,#3708,#3709,#3710,#3711,#3712,
    #3713,#3714,#3715,#3716,#3717,#3718,#3719,#3720,#3721,#3722,#3723,
    #3724,#3725,#3726,#3727,#3728,#3729,#3730,#3731,#3732,#3733,#3734,
    #3735,#3736,#3737,#3738,#3739,#3740,#3741,#3742,#3743,#3744,#3745,
    #3746,#3747,#3748,#3749,#3750,#3751,#3752,#3753,#3754,#3755,#3756,
    #3757,#3758,#3759,#3760,#3761,#3762,#3763,#3764,#3765,#3766,#3767,
    #3768,#3769,#3770,#3771,#3772,#3773,#3774,#3775,#3776,#3777,#3778,
    #3779,#3780,#3781,#3782,#3783,#3784,#3785,#3786,#3787),
  .UNSPECIFIED.,.F.,.F.,(4,1,1,1,1,1,1,1,1,1,1,1,1,1,1,1,1,1,1,1,1,1,1,1
    ,1,1,1,1,1,1,1,1,1,1,1,1,1,1,1,1,1,1,1,1,1,1,1,1,1,1,1,1,1,1,1,1,1,1
    ,1,1,1,1,1,1,1,1,1,1,1,1,1,1,1,1,1,1,1,1,1,1,1,1,1,1,1,1,1,1,1,1,1,1
    ,1,1,1,1,1,1,1,1,1,1,1,1,1,1,1,1,1,1,4),(0.,9.090909090909E-03,
    1.818181818182E-02,2.727272727273E-02,3.636363636364E-02,
    4.545454545455E-02,5.454545454545E-02,6.363636363636E-02,
    7.272727272727E-02,8.181818181818E-02,9.090909090909E-02,1.E-01,
    0.109090909091,0.118181818182,0.127272727273,0.136363636364,
    0.145454545455,0.154545454545,0.163636363636,0.172727272727,
    0.181818181818,0.190909090909,0.2,0.209090909091,0.218181818182,
    0.227272727273,0.236363636364,0.245454545455,0.254545454545,
    0.263636363636,0.272727272727,0.281818181818,0.290909090909,0.3,
    0.309090909091,0.318181818182,0.327272727273,0.336363636364,
    0.345454545455,0.354545454545,0.363636363636,0.372727272727,
    0.381818181818,0.390909090909,0.4,0.409090909091,0.418181818182,
    0.427272727273,0.436363636364,0.445454545455,0.454545454545,
    0.463636363636,0.472727272727,0.481818181818,0.490909090909,0.5,
    0.509090909091,0.518181818182,0.527272727273,0.536363636364,
    0.545454545455,0.554545454545,0.563636363636,0.572727272727,
    0.581818181818,0.590909090909,0.6,0.609090909091,0.618181818182,
    0.627272727273,0.636363636364,0.645454545455,0.654545454545,
    0.663636363636,0.672727272727,0.681818181818,0.690909090909,0.7,
    0.709090909091,0.718181818182,0.727272727273,0.736363636364,
    0.745454545455,0.754545454545,0.763636363636,0.772727272727,
    0.781818181818,0.790909090909,0.8,0.809090909091,0.818181818182,
    0.827272727273,0.836363636364,0.845454545455,0.854545454545,
    0.863636363636,0.872727272727,0.881818181818,0.890909090909,0.9,
    0.909090909091,0.918181818182,0.927272727273,0.936363636364,
    0.945454545455,0.954545454545,0.963636363636,0.972727272727,
    0.981818181818,0.990909090909,1.),.QUASI_UNIFORM_KNOTS.);
#3675 = CARTESIAN_POINT('',(3.14159265359,1.380146170928));
#3676 = CARTESIAN_POINT('',(3.151074133853,1.380900681133));
#3677 = CARTESIAN_POINT('',(3.170051288387,1.382410821177));
#3678 = CARTESIAN_POINT('',(3.198564377673,1.384679793966));
#3679 = CARTESIAN_POINT('',(3.227129568314,1.386952940591));
#3680 = CARTESIAN_POINT('',(3.255751714759,1.389230646641));
#3681 = CARTESIAN_POINT('',(3.284437264728,1.39151339251));
#3682 = CARTESIAN_POINT('',(3.313188174975,1.393801288227));
#3683 = CARTESIAN_POINT('',(3.341986775468,1.396092969663));
#3684 = CARTESIAN_POINT('',(3.370817834268,1.398387259461));
#3685 = CARTESIAN_POINT('',(3.399665654517,1.400682929588));
#3686 = CARTESIAN_POINT('',(3.428515149411,1.402978767949));
#3687 = CARTESIAN_POINT('',(3.45735167143,1.405273547838));
#3688 = CARTESIAN_POINT('',(3.486160052516,1.407566036371));
#3689 = CARTESIAN_POINT('',(3.514924316711,1.409854982262));
#3690 = CARTESIAN_POINT('',(3.543629219032,1.412139210652));
#3691 = CARTESIAN_POINT('',(3.572255612943,1.414417259385));
#3692 = CARTESIAN_POINT('',(3.6008064954,1.416689325918));
#3693 = CARTESIAN_POINT('',(3.629295716709,1.418956450463));
#3694 = CARTESIAN_POINT('',(3.657733966741,1.421219466651));
#3695 = CARTESIAN_POINT('',(3.68613249342,1.423479280711));
#3696 = CARTESIAN_POINT('',(3.714500961126,1.425736715065));
#3697 = CARTESIAN_POINT('',(3.742859587551,1.427993410051));
#3698 = CARTESIAN_POINT('',(3.771230442583,1.43025111569));
#3699 = CARTESIAN_POINT('',(3.799635272754,1.43251153784));
#3700 = CARTESIAN_POINT('',(3.828096888706,1.434776451204));
#3701 = CARTESIAN_POINT('',(3.856635133632,1.437047397354));
#3702 = CARTESIAN_POINT('',(3.885232719449,1.439323061368));
#3703 = CARTESIAN_POINT('',(3.913874710232,1.441602302213));
#3704 = CARTESIAN_POINT('',(3.942545850627,1.443883930307));
#3705 = CARTESIAN_POINT('',(3.971231637951,1.446166776366));
#3706 = CARTESIAN_POINT('',(3.999917873559,1.448449635998));
#3707 = CARTESIAN_POINT('',(4.028589155419,1.450731239686));
#3708 = CARTESIAN_POINT('',(4.057229247825,1.45301030317));
#3709 = CARTESIAN_POINT('',(4.085822788846,1.455285636687));
#3710 = CARTESIAN_POINT('',(4.114349603272,1.457555687223));
#3711 = CARTESIAN_POINT('',(4.142812079594,1.459820656516));
#3712 = CARTESIAN_POINT('',(4.171233060007,1.462082337064));
#3713 = CARTESIAN_POINT('',(4.199631149496,1.464342195395));
#3714 = CARTESIAN_POINT('',(4.228025107515,1.466601716357));
#3715 = CARTESIAN_POINT('',(4.256436578691,1.468862637484));
#3716 = CARTESIAN_POINT('',(4.284863350416,1.47112477385));
#3717 = CARTESIAN_POINT('',(4.313295277087,1.473387313226));
#3718 = CARTESIAN_POINT('',(4.341724013908,1.475649597161));
#3719 = CARTESIAN_POINT('',(4.370140932289,1.47791094011));
#3720 = CARTESIAN_POINT('',(4.398537063336,1.480170611133));
#3721 = CARTESIAN_POINT('',(4.426925061507,1.482429638772));
#3722 = CARTESIAN_POINT('',(4.455318656313,1.484689127574));
#3723 = CARTESIAN_POINT('',(4.483731080865,1.486950131372));
#3724 = CARTESIAN_POINT('',(4.512177224961,1.489213831004));
#3725 = CARTESIAN_POINT('',(4.540666217831,1.491480935976));
#3726 = CARTESIAN_POINT('',(4.569175855516,1.493749657701));
#3727 = CARTESIAN_POINT('',(4.597686553414,1.496018449958));
#3728 = CARTESIAN_POINT('',(4.626178951541,1.498285792358));
#3729 = CARTESIAN_POINT('',(4.654629509241,1.500549818814));
#3730 = CARTESIAN_POINT('',(4.683034497468,1.502810225881));
#3731 = CARTESIAN_POINT('',(4.711421759848,1.50506922738));
#3732 = CARTESIAN_POINT('',(4.739813792137,1.507328599502));
#3733 = CARTESIAN_POINT('',(4.76823316075,1.509590125856));
#3734 = CARTESIAN_POINT('',(4.796707442319,1.511855998009));
#3735 = CARTESIAN_POINT('',(4.825234222073,1.514126039484));
#3736 = CARTESIAN_POINT('',(4.853792396588,1.516398599967));
#3737 = CARTESIAN_POINT('',(4.882365135215,1.518672363965));
#3738 = CARTESIAN_POINT('',(4.910935113394,1.520945956917));
#3739 = CARTESIAN_POINT('',(4.939484357834,1.523217905714));
#3740 = CARTESIAN_POINT('',(4.968009292325,1.525487879521));
#3741 = CARTESIAN_POINT('',(4.99650854358,1.527755763342));
#3742 = CARTESIAN_POINT('',(5.024979783231,1.530021388071));
#3743 = CARTESIAN_POINT('',(5.05342053724,1.532284591633));
#3744 = CARTESIAN_POINT('',(5.08182858779,1.534545238003));
#3745 = CARTESIAN_POINT('',(5.110212768898,1.536803997703));
#3746 = CARTESIAN_POINT('',(5.138581388348,1.539061512037));
#3747 = CARTESIAN_POINT('',(5.166942854697,1.541318439761));
#3748 = CARTESIAN_POINT('',(5.195304993525,1.543575399039));
#3749 = CARTESIAN_POINT('',(5.223677306691,1.545833162506));
#3750 = CARTESIAN_POINT('',(5.252074912812,1.548092966514));
#3751 = CARTESIAN_POINT('',(5.280512767854,1.55035600052));
#3752 = CARTESIAN_POINT('',(5.309005303594,1.552623395249));
#3753 = CARTESIAN_POINT('',(5.337570899193,1.554896563246));
#3754 = CARTESIAN_POINT('',(5.366210751941,1.55717559551));
#3755 = CARTESIAN_POINT('',(5.394906967672,1.55945912843));
#3756 = CARTESIAN_POINT('',(5.423645821298,1.561746102459));
#3757 = CARTESIAN_POINT('',(5.452412757188,1.564035367947));
#3758 = CARTESIAN_POINT('',(5.481194611126,1.566325831591));
#3759 = CARTESIAN_POINT('',(5.509975608819,1.568616177012));
#3760 = CARTESIAN_POINT('',(5.5387381589,1.570905003546));
#3761 = CARTESIAN_POINT('',(5.567464421416,1.573190921446));
#3762 = CARTESIAN_POINT('',(5.596136788758,1.575472574237));
#3763 = CARTESIAN_POINT('',(5.624735838531,1.577748461437));
#3764 = CARTESIAN_POINT('',(5.65327360077,1.580019477696));
#3765 = CARTESIAN_POINT('',(5.681764291778,1.582286710071));
#3766 = CARTESIAN_POINT('',(5.710221180769,1.584551199773));
#3767 = CARTESIAN_POINT('',(5.738657086755,1.586813980582));
#3768 = CARTESIAN_POINT('',(5.76708532847,1.58907616324));
#3769 = CARTESIAN_POINT('',(5.795526946996,1.591339460469));
#3770 = CARTESIAN_POINT('',(5.824003117283,1.593605554294));
#3771 = CARTESIAN_POINT('',(5.852534486659,1.595876060824));
#3772 = CARTESIAN_POINT('',(5.881145800168,1.598152890526));
#3773 = CARTESIAN_POINT('',(5.909845767937,1.600436710737));
#3774 = CARTESIAN_POINT('',(5.93861110248,1.602725735148));
#3775 = CARTESIAN_POINT('',(5.967424140949,1.605018599792));
#3776 = CARTESIAN_POINT('',(5.996266211962,1.60731383737));
#3777 = CARTESIAN_POINT('',(6.025119219235,1.609609971578));
#3778 = CARTESIAN_POINT('',(6.053967902655,1.611905718792));
#3779 = CARTESIAN_POINT('',(6.082798254299,1.614199952912));
#3780 = CARTESIAN_POINT('',(6.111595252516,1.616491500319));
#3781 = CARTESIAN_POINT('',(6.140344385526,1.61877924422));
#3782 = CARTESIAN_POINT('',(6.169028740522,1.621061888042));
#3783 = CARTESIAN_POINT('',(6.197650186042,1.623339536456));
#3784 = CARTESIAN_POINT('',(6.226214885431,1.625612645858));
#3785 = CARTESIAN_POINT('',(6.254727472842,1.627881582613));
#3786 = CARTESIAN_POINT('',(6.273704142754,1.629391685753));
#3787 = CARTESIAN_POINT('',(6.28318530718,1.630146170928));
#3788 = ( GEOMETRIC_REPRESENTATION_CONTEXT(2) 
PARAMETRIC_REPRESENTATION_CONTEXT() REPRESENTATION_CONTEXT('2D SPACE',''
  ) );
#3789 = ORIENTED_EDGE('',*,*,#3790,.T.);
#3790 = EDGE_CURVE('',#3525,#3791,#3793,.T.);
#3791 = VERTEX_POINT('',#3792);
#3792 = CARTESIAN_POINT('',(4.998964812729,-15.41235382907,
    -0.101738886849));
#3793 = SURFACE_CURVE('',#3794,(#3821,#3938),.PCURVE_S1.);
#3794 = B_SPLINE_CURVE_WITH_KNOTS('',3,(#3795,#3796,#3797,#3798,#3799,
    #3800,#3801,#3802,#3803,#3804,#3805,#3806,#3807,#3808,#3809,#3810,
    #3811,#3812,#3813,#3814,#3815,#3816,#3817,#3818,#3819,#3820),
  .UNSPECIFIED.,.F.,.F.,(4,1,1,1,1,1,1,1,1,1,1,1,1,1,1,1,1,1,1,1,1,1,1,4
    ),(0.,4.347826086957E-02,8.695652173913E-02,0.130434782609,
    0.173913043478,0.217391304348,0.260869565217,0.304347826087,
    0.347826086957,0.391304347826,0.434782608696,0.478260869565,
    0.521739130435,0.565217391304,0.608695652174,0.652173913044,
    0.695652173913,0.739130434783,0.782608695652,0.826086956522,
    0.869565217391,0.913043478261,0.95652173913,1.),.UNSPECIFIED.);
#3795 = CARTESIAN_POINT('',(-4.998964812729,-15.66235382907,
    0.101738886849));
#3796 = CARTESIAN_POINT('',(-4.994374998849,-15.65876379781,
    0.32726050199));
#3797 = CARTESIAN_POINT('',(-4.954601596159,-15.65155944577,
    0.779216524142));
#3798 = CARTESIAN_POINT('',(-4.802231538935,-15.64066880957,
    1.447976602586));
#3799 = CARTESIAN_POINT('',(-4.558298567709,-15.62972778385,
    2.092403649208));
#3800 = CARTESIAN_POINT('',(-4.232492105744,-15.61890891308,
    2.690832064641));
#3801 = CARTESIAN_POINT('',(-3.827905410117,-15.60806993028,
    3.240584906111));
#3802 = CARTESIAN_POINT('',(-3.354747141049,-15.59728017079,
    3.728318709384));
#3803 = CARTESIAN_POINT('',(-2.816557464773,-15.58642426664,
    4.149904879202));
#3804 = CARTESIAN_POINT('',(-2.229390651702,-15.5756283062,
    4.492720709416));
#3805 = CARTESIAN_POINT('',(-1.596095653447,-15.56474444667,
    4.754951319004));
#3806 = CARTESIAN_POINT('',(-0.932823483908,-15.55386044667,
    4.927981930291));
#3807 = CARTESIAN_POINT('',(-0.257601464271,-15.54306227473,
    5.008668027427));
#3808 = CARTESIAN_POINT('',(0.422349710695,-15.53226410401,
    4.997747992767));
#3809 = CARTESIAN_POINT('',(1.103437582957,-15.5213226031,4.893024452556
    ));
#3810 = CARTESIAN_POINT('',(1.765757329229,-15.51034556465,
    4.694731406375));
#3811 = CARTESIAN_POINT('',(2.389494988084,-15.49945535129,
    4.409568196781));
#3812 = CARTESIAN_POINT('',(2.963489920146,-15.48867055545,
    4.046441192762));
#3813 = CARTESIAN_POINT('',(3.492208341475,-15.47768965183,3.60066375871
    ));
#3814 = CARTESIAN_POINT('',(3.954668239519,-15.46669685487,
    3.085378110329));
#3815 = CARTESIAN_POINT('',(4.339045315716,-15.455780232,2.515368899268)
  );
#3816 = CARTESIAN_POINT('',(4.638391704666,-15.44502273313,
    1.907610108308));
#3817 = CARTESIAN_POINT('',(4.855533173869,-15.4341425414,1.257717839051
    ));
#3818 = CARTESIAN_POINT('',(4.981996327647,-15.4232006815,0.580294351798
    ));
#3819 = CARTESIAN_POINT('',(5.00358186864,-15.41596516832,0.125121272058
    ));
#3820 = CARTESIAN_POINT('',(4.998964812729,-15.41235382907,
    -0.101738886849));
#3821 = PCURVE('',#2904,#3822);
#3822 = DEFINITIONAL_REPRESENTATION('',(#3823),#3937);
#3823 = B_SPLINE_CURVE_WITH_KNOTS('',3,(#3824,#3825,#3826,#3827,#3828,
    #3829,#3830,#3831,#3832,#3833,#3834,#3835,#3836,#3837,#3838,#3839,
    #3840,#3841,#3842,#3843,#3844,#3845,#3846,#3847,#3848,#3849,#3850,
    #3851,#3852,#3853,#3854,#3855,#3856,#3857,#3858,#3859,#3860,#3861,
    #3862,#3863,#3864,#3865,#3866,#3867,#3868,#3869,#3870,#3871,#3872,
    #3873,#3874,#3875,#3876,#3877,#3878,#3879,#3880,#3881,#3882,#3883,
    #3884,#3885,#3886,#3887,#3888,#3889,#3890,#3891,#3892,#3893,#3894,
    #3895,#3896,#3897,#3898,#3899,#3900,#3901,#3902,#3903,#3904,#3905,
    #3906,#3907,#3908,#3909,#3910,#3911,#3912,#3913,#3914,#3915,#3916,
    #3917,#3918,#3919,#3920,#3921,#3922,#3923,#3924,#3925,#3926,#3927,
    #3928,#3929,#3930,#3931,#3932,#3933,#3934,#3935,#3936),
  .UNSPECIFIED.,.F.,.F.,(4,1,1,1,1,1,1,1,1,1,1,1,1,1,1,1,1,1,1,1,1,1,1,1
    ,1,1,1,1,1,1,1,1,1,1,1,1,1,1,1,1,1,1,1,1,1,1,1,1,1,1,1,1,1,1,1,1,1,1
    ,1,1,1,1,1,1,1,1,1,1,1,1,1,1,1,1,1,1,1,1,1,1,1,1,1,1,1,1,1,1,1,1,1,1
    ,1,1,1,1,1,1,1,1,1,1,1,1,1,1,1,1,1,1,4),(0.,9.090909090909E-03,
    1.818181818182E-02,2.727272727273E-02,3.636363636364E-02,
    4.545454545455E-02,5.454545454545E-02,6.363636363636E-02,
    7.272727272727E-02,8.181818181818E-02,9.090909090909E-02,1.E-01,
    0.109090909091,0.118181818182,0.127272727273,0.136363636364,
    0.145454545455,0.154545454545,0.163636363636,0.172727272727,
    0.181818181818,0.190909090909,0.2,0.209090909091,0.218181818182,
    0.227272727273,0.236363636364,0.245454545455,0.254545454545,
    0.263636363636,0.272727272727,0.281818181818,0.290909090909,0.3,
    0.309090909091,0.318181818182,0.327272727273,0.336363636364,
    0.345454545455,0.354545454545,0.363636363636,0.372727272727,
    0.381818181818,0.390909090909,0.4,0.409090909091,0.418181818182,
    0.427272727273,0.436363636364,0.445454545455,0.454545454545,
    0.463636363636,0.472727272727,0.481818181818,0.490909090909,0.5,
    0.509090909091,0.518181818182,0.527272727273,0.536363636364,
    0.545454545455,0.554545454545,0.563636363636,0.572727272727,
    0.581818181818,0.590909090909,0.6,0.609090909091,0.618181818182,
    0.627272727273,0.636363636364,0.645454545455,0.654545454545,
    0.663636363636,0.672727272727,0.681818181818,0.690909090909,0.7,
    0.709090909091,0.718181818182,0.727272727273,0.736363636364,
    0.745454545455,0.754545454545,0.763636363636,0.772727272727,
    0.781818181818,0.790909090909,0.8,0.809090909091,0.818181818182,
    0.827272727273,0.836363636364,0.845454545455,0.854545454545,
    0.863636363636,0.872727272727,0.881818181818,0.890909090909,0.9,
    0.909090909091,0.918181818182,0.927272727273,0.936363636364,
    0.945454545455,0.954545454545,0.963636363636,0.972727272727,
    0.981818181818,0.990909090909,1.),.QUASI_UNIFORM_KNOTS.);
#3824 = CARTESIAN_POINT('',(0.249397082693,0.598182089828));
#3825 = CARTESIAN_POINT('',(0.249427148555,0.597648568454));
#3826 = CARTESIAN_POINT('',(0.249415636478,0.596580762235));
#3827 = CARTESIAN_POINT('',(0.249229277965,0.594976794645));
#3828 = CARTESIAN_POINT('',(0.248918971193,0.593370617351));
#3829 = CARTESIAN_POINT('',(0.24853230434,0.591762221465));
#3830 = CARTESIAN_POINT('',(0.24811708886,0.590151535687));
#3831 = CARTESIAN_POINT('',(0.247714379693,0.588538524243));
#3832 = CARTESIAN_POINT('',(0.247345515475,0.586923453067));
#3833 = CARTESIAN_POINT('',(0.247039992608,0.585306509164));
#3834 = CARTESIAN_POINT('',(0.246827112801,0.583687886852));
#3835 = CARTESIAN_POINT('',(0.246751091422,0.582067638239));
#3836 = CARTESIAN_POINT('',(0.246808158154,0.580446249675));
#3837 = CARTESIAN_POINT('',(0.246942696885,0.578824844265));
#3838 = CARTESIAN_POINT('',(0.247131744392,0.577204471109));
#3839 = CARTESIAN_POINT('',(0.247365983507,0.575586153549));
#3840 = CARTESIAN_POINT('',(0.24766150008,0.57397119512));
#3841 = CARTESIAN_POINT('',(0.248023512833,0.572359283738));
#3842 = CARTESIAN_POINT('',(0.248428875314,0.570749310998));
#3843 = CARTESIAN_POINT('',(0.248841470766,0.569140389248));
#3844 = CARTESIAN_POINT('',(0.249207983422,0.567531646132));
#3845 = CARTESIAN_POINT('',(0.249462278545,0.565922160065));
#3846 = CARTESIAN_POINT('',(0.249514134757,0.564312340407));
#3847 = CARTESIAN_POINT('',(0.249341193477,0.562702815839));
#3848 = CARTESIAN_POINT('',(0.249009875259,0.56109413388));
#3849 = CARTESIAN_POINT('',(0.248579807251,0.559486836737));
#3850 = CARTESIAN_POINT('',(0.248123153412,0.557881324376));
#3851 = CARTESIAN_POINT('',(0.247692797159,0.556276807617));
#3852 = CARTESIAN_POINT('',(0.247328667919,0.55467252991));
#3853 = CARTESIAN_POINT('',(0.247056905286,0.553067728077));
#3854 = CARTESIAN_POINT('',(0.246893282208,0.551461497699));
#3855 = CARTESIAN_POINT('',(0.246828749767,0.549853449871));
#3856 = CARTESIAN_POINT('',(0.246834839776,0.548244486906));
#3857 = CARTESIAN_POINT('',(0.246901942748,0.546635331143));
#3858 = CARTESIAN_POINT('',(0.247031282922,0.545026700093));
#3859 = CARTESIAN_POINT('',(0.247241424726,0.543419521176));
#3860 = CARTESIAN_POINT('',(0.24754650412,0.54181361293));
#3861 = CARTESIAN_POINT('',(0.247931929035,0.540207800426));
#3862 = CARTESIAN_POINT('',(0.248368613371,0.538601129601));
#3863 = CARTESIAN_POINT('',(0.248810432517,0.536992664112));
#3864 = CARTESIAN_POINT('',(0.24919243503,0.535381322015));
#3865 = CARTESIAN_POINT('',(0.249443520129,0.533767403697));
#3866 = CARTESIAN_POINT('',(0.249498060632,0.532151685192));
#3867 = CARTESIAN_POINT('',(0.249327740267,0.530534867524));
#3868 = CARTESIAN_POINT('',(0.249021289741,0.528917642244));
#3869 = CARTESIAN_POINT('',(0.248668221291,0.527300617811));
#3870 = CARTESIAN_POINT('',(0.24828062233,0.525684373046));
#3871 = CARTESIAN_POINT('',(0.24787620621,0.524069487219));
#3872 = CARTESIAN_POINT('',(0.247483355856,0.522456512255));
#3873 = CARTESIAN_POINT('',(0.247140748513,0.520846037973));
#3874 = CARTESIAN_POINT('',(0.246892522209,0.519238427146));
#3875 = CARTESIAN_POINT('',(0.246751629251,0.517632934906));
#3876 = CARTESIAN_POINT('',(0.246721625564,0.516028943203));
#3877 = CARTESIAN_POINT('',(0.24679646649,0.514425801074));
#3878 = CARTESIAN_POINT('',(0.246954662571,0.512822918694));
#3879 = CARTESIAN_POINT('',(0.247186997051,0.511219555734));
#3880 = CARTESIAN_POINT('',(0.247505208015,0.5096147042));
#3881 = CARTESIAN_POINT('',(0.247897671422,0.508007382033));
#3882 = CARTESIAN_POINT('',(0.24833738372,0.506396658783));
#3883 = CARTESIAN_POINT('',(0.24878110866,0.504781384524));
#3884 = CARTESIAN_POINT('',(0.249159917519,0.503161680348));
#3885 = CARTESIAN_POINT('',(0.24940919854,0.501538476075));
#3886 = CARTESIAN_POINT('',(0.249478288685,0.499912543717));
#3887 = CARTESIAN_POINT('',(0.249332152329,0.498284734598));
#3888 = CARTESIAN_POINT('',(0.249077769667,0.496655826476));
#3889 = CARTESIAN_POINT('',(0.248737412464,0.495026669759));
#3890 = CARTESIAN_POINT('',(0.248332288834,0.493398129693));
#3891 = CARTESIAN_POINT('',(0.247902390635,0.491771039009));
#3892 = CARTESIAN_POINT('',(0.247501457867,0.490146211886));
#3893 = CARTESIAN_POINT('',(0.247195182251,0.488524395021));
#3894 = CARTESIAN_POINT('',(0.246974905299,0.486905575745));
#3895 = CARTESIAN_POINT('',(0.246833846583,0.485289800924));
#3896 = CARTESIAN_POINT('',(0.246767098499,0.483677089967));
#3897 = CARTESIAN_POINT('',(0.246765722401,0.482067632696));
#3898 = CARTESIAN_POINT('',(0.246843814014,0.480461043966));
#3899 = CARTESIAN_POINT('',(0.24705288309,0.478855106981));
#3900 = CARTESIAN_POINT('',(0.247399441065,0.477247821422));
#3901 = CARTESIAN_POINT('',(0.247858842915,0.475637224413));
#3902 = CARTESIAN_POINT('',(0.248368777312,0.474020989421));
#3903 = CARTESIAN_POINT('',(0.248840515048,0.47239865427));
#3904 = CARTESIAN_POINT('',(0.249206703058,0.470771805075));
#3905 = CARTESIAN_POINT('',(0.249421934302,0.469141634762));
#3906 = CARTESIAN_POINT('',(0.249458142535,0.467509438994));
#3907 = CARTESIAN_POINT('',(0.249324885133,0.465876559727));
#3908 = CARTESIAN_POINT('',(0.249072399598,0.464243843336));
#3909 = CARTESIAN_POINT('',(0.248722175482,0.462611921911));
#3910 = CARTESIAN_POINT('',(0.248317220512,0.460981452214));
#3911 = CARTESIAN_POINT('',(0.247907370854,0.459353048193));
#3912 = CARTESIAN_POINT('',(0.247558634802,0.457727297882));
#3913 = CARTESIAN_POINT('',(0.247265130116,0.456104648988));
#3914 = CARTESIAN_POINT('',(0.247022036002,0.454485569442));
#3915 = CARTESIAN_POINT('',(0.246834931066,0.452870524093));
#3916 = CARTESIAN_POINT('',(0.246715496442,0.451260070501));
#3917 = CARTESIAN_POINT('',(0.246691181943,0.449654471275));
#3918 = CARTESIAN_POINT('',(0.246807006809,0.448051653945));
#3919 = CARTESIAN_POINT('',(0.247069840186,0.446449725561));
#3920 = CARTESIAN_POINT('',(0.247457080718,0.444846809099));
#3921 = CARTESIAN_POINT('',(0.247908728303,0.443240851913));
#3922 = CARTESIAN_POINT('',(0.248352621976,0.44163073496));
#3923 = CARTESIAN_POINT('',(0.248755713009,0.44001712999));
#3924 = CARTESIAN_POINT('',(0.24908742532,0.438400402113));
#3925 = CARTESIAN_POINT('',(0.249321078756,0.436781028252));
#3926 = CARTESIAN_POINT('',(0.249452808266,0.435159376496));
#3927 = CARTESIAN_POINT('',(0.249405526073,0.433536269329));
#3928 = CARTESIAN_POINT('',(0.249180379464,0.43191288053));
#3929 = CARTESIAN_POINT('',(0.248821534002,0.430290291093));
#3930 = CARTESIAN_POINT('',(0.248383255556,0.428669528196));
#3931 = CARTESIAN_POINT('',(0.247946955778,0.427051722828));
#3932 = CARTESIAN_POINT('',(0.247552567053,0.425436752309));
#3933 = CARTESIAN_POINT('',(0.247219440631,0.423824184356));
#3934 = CARTESIAN_POINT('',(0.246964694578,0.422213662621));
#3935 = CARTESIAN_POINT('',(0.246852227377,0.421141095595));
#3936 = CARTESIAN_POINT('',(0.246812062283,0.420605029001));
#3937 = ( GEOMETRIC_REPRESENTATION_CONTEXT(2) 
PARAMETRIC_REPRESENTATION_CONTEXT() REPRESENTATION_CONTEXT('2D SPACE',''
  ) );
#3938 = PCURVE('',#3939,#3944);
#3939 = CYLINDRICAL_SURFACE('',#3940,5.);
#3940 = AXIS2_PLACEMENT_3D('',#3941,#3942,#3943);
#3941 = CARTESIAN_POINT('',(0.,-17.2925,0.));
#3942 = DIRECTION('',(0.,1.,0.));
#3943 = DIRECTION('',(-0.999792962546,0.,2.034777736978E-02));
#3944 = DEFINITIONAL_REPRESENTATION('',(#3945),#4059);
#3945 = B_SPLINE_CURVE_WITH_KNOTS('',3,(#3946,#3947,#3948,#3949,#3950,
    #3951,#3952,#3953,#3954,#3955,#3956,#3957,#3958,#3959,#3960,#3961,
    #3962,#3963,#3964,#3965,#3966,#3967,#3968,#3969,#3970,#3971,#3972,
    #3973,#3974,#3975,#3976,#3977,#3978,#3979,#3980,#3981,#3982,#3983,
    #3984,#3985,#3986,#3987,#3988,#3989,#3990,#3991,#3992,#3993,#3994,
    #3995,#3996,#3997,#3998,#3999,#4000,#4001,#4002,#4003,#4004,#4005,
    #4006,#4007,#4008,#4009,#4010,#4011,#4012,#4013,#4014,#4015,#4016,
    #4017,#4018,#4019,#4020,#4021,#4022,#4023,#4024,#4025,#4026,#4027,
    #4028,#4029,#4030,#4031,#4032,#4033,#4034,#4035,#4036,#4037,#4038,
    #4039,#4040,#4041,#4042,#4043,#4044,#4045,#4046,#4047,#4048,#4049,
    #4050,#4051,#4052,#4053,#4054,#4055,#4056,#4057,#4058),
  .UNSPECIFIED.,.F.,.F.,(4,1,1,1,1,1,1,1,1,1,1,1,1,1,1,1,1,1,1,1,1,1,1,1
    ,1,1,1,1,1,1,1,1,1,1,1,1,1,1,1,1,1,1,1,1,1,1,1,1,1,1,1,1,1,1,1,1,1,1
    ,1,1,1,1,1,1,1,1,1,1,1,1,1,1,1,1,1,1,1,1,1,1,1,1,1,1,1,1,1,1,1,1,1,1
    ,1,1,1,1,1,1,1,1,1,1,1,1,1,1,1,1,1,1,4),(0.,9.090909090909E-03,
    1.818181818182E-02,2.727272727273E-02,3.636363636364E-02,
    4.545454545455E-02,5.454545454545E-02,6.363636363636E-02,
    7.272727272727E-02,8.181818181818E-02,9.090909090909E-02,1.E-01,
    0.109090909091,0.118181818182,0.127272727273,0.136363636364,
    0.145454545455,0.154545454545,0.163636363636,0.172727272727,
    0.181818181818,0.190909090909,0.2,0.209090909091,0.218181818182,
    0.227272727273,0.236363636364,0.245454545455,0.254545454545,
    0.263636363636,0.272727272727,0.281818181818,0.290909090909,0.3,
    0.309090909091,0.318181818182,0.327272727273,0.336363636364,
    0.345454545455,0.354545454545,0.363636363636,0.372727272727,
    0.381818181818,0.390909090909,0.4,0.409090909091,0.418181818182,
    0.427272727273,0.436363636364,0.445454545455,0.454545454545,
    0.463636363636,0.472727272727,0.481818181818,0.490909090909,0.5,
    0.509090909091,0.518181818182,0.527272727273,0.536363636364,
    0.545454545455,0.554545454545,0.563636363636,0.572727272727,
    0.581818181818,0.590909090909,0.6,0.609090909091,0.618181818182,
    0.627272727273,0.636363636364,0.645454545455,0.654545454545,
    0.663636363636,0.672727272727,0.681818181818,0.690909090909,0.7,
    0.709090909091,0.718181818182,0.727272727273,0.736363636364,
    0.745454545455,0.754545454545,0.763636363636,0.772727272727,
    0.781818181818,0.790909090909,0.8,0.809090909091,0.818181818182,
    0.827272727273,0.836363636364,0.845454545455,0.854545454545,
    0.863636363636,0.872727272727,0.881818181818,0.890909090909,0.9,
    0.909090909091,0.918181818182,0.927272727273,0.936363636364,
    0.945454545455,0.954545454545,0.963636363636,0.972727272727,
    0.981818181818,0.990909090909,1.),.QUASI_UNIFORM_KNOTS.);
#3946 = CARTESIAN_POINT('',(0.,1.630146170928));
#3947 = CARTESIAN_POINT('',(9.432867366807E-03,1.630896813826));
#3948 = CARTESIAN_POINT('',(2.831198749071E-02,1.632399161588));
#3949 = CARTESIAN_POINT('',(5.667199831507E-02,1.634655971412));
#3950 = CARTESIAN_POINT('',(8.507447860748E-02,1.636916173535));
#3951 = CARTESIAN_POINT('',(0.113520691931,1.639179865662));
#3952 = CARTESIAN_POINT('',(0.142012500174,1.641447169311));
#3953 = CARTESIAN_POINT('',(0.170550619534,1.643718112948));
#3954 = CARTESIAN_POINT('',(0.199130011936,1.64599234883));
#3955 = CARTESIAN_POINT('',(0.227746660769,1.648269587068));
#3956 = CARTESIAN_POINT('',(0.256396130506,1.650549485584));
#3957 = CARTESIAN_POINT('',(0.285076280118,1.652831853195));
#3958 = CARTESIAN_POINT('',(0.31377719093,1.655115843022));
#3959 = CARTESIAN_POINT('',(0.342477664111,1.657399748997));
#3960 = CARTESIAN_POINT('',(0.371157825364,1.65968200779));
#3961 = CARTESIAN_POINT('',(0.399798377848,1.661961115159));
#3962 = CARTESIAN_POINT('',(0.428375269915,1.664235187772));
#3963 = CARTESIAN_POINT('',(0.456893348577,1.666504597837));
#3964 = CARTESIAN_POINT('',(0.485371927116,1.668770859894));
#3965 = CARTESIAN_POINT('',(0.513826844142,1.671035225462));
#3966 = CARTESIAN_POINT('',(0.542274176892,1.673298976909));
#3967 = CARTESIAN_POINT('',(0.570731450973,1.67556353623));
#3968 = CARTESIAN_POINT('',(0.599193344633,1.677828464222));
#3969 = CARTESIAN_POINT('',(0.627651292025,1.680093074187));
#3970 = CARTESIAN_POINT('',(0.656097532008,1.682356753544));
#3971 = CARTESIAN_POINT('',(0.684523687059,1.684618836448));
#3972 = CARTESIAN_POINT('',(0.712923291238,1.686878797102));
#3973 = CARTESIAN_POINT('',(0.741310409001,1.689137766623));
#3974 = CARTESIAN_POINT('',(0.769698112039,1.691396788832));
#3975 = CARTESIAN_POINT('',(0.798099247945,1.693656884976));
#3976 = CARTESIAN_POINT('',(0.826528893671,1.695919253884));
#3977 = CARTESIAN_POINT('',(0.854992813215,1.698184344415));
#3978 = CARTESIAN_POINT('',(0.883473788404,1.700450778556));
#3979 = CARTESIAN_POINT('',(0.911957708952,1.702717446923));
#3980 = CARTESIAN_POINT('',(0.94043056605,1.704983249432));
#3981 = CARTESIAN_POINT('',(0.968874733484,1.707246780175));
#3982 = CARTESIAN_POINT('',(0.997292407434,1.709508202875));
#3983 = CARTESIAN_POINT('',(1.025703643606,1.71176911005));
#3984 = CARTESIAN_POINT('',(1.054124923345,1.714030802773));
#3985 = CARTESIAN_POINT('',(1.082572827484,1.716294593042));
#3986 = CARTESIAN_POINT('',(1.111067001902,1.718562040601));
#3987 = CARTESIAN_POINT('',(1.139603226269,1.720832833625));
#3988 = CARTESIAN_POINT('',(1.168169512487,1.723106048745));
#3989 = CARTESIAN_POINT('',(1.196755980495,1.725380916153));
#3990 = CARTESIAN_POINT('',(1.225352519233,1.727656625115));
#3991 = CARTESIAN_POINT('',(1.253949704936,1.729932375031));
#3992 = CARTESIAN_POINT('',(1.282538098361,1.73220738002));
#3993 = CARTESIAN_POINT('',(1.31110769041,1.734480850462));
#3994 = CARTESIAN_POINT('',(1.339648475314,1.736752015553));
#3995 = CARTESIAN_POINT('',(1.368149377663,1.739020032979));
#3996 = CARTESIAN_POINT('',(1.396603031499,1.741284335905));
#3997 = CARTESIAN_POINT('',(1.425021487166,1.743545834575));
#3998 = CARTESIAN_POINT('',(1.453414426211,1.745805276924));
#3999 = CARTESIAN_POINT('',(1.481792061512,1.74806346836));
#4000 = CARTESIAN_POINT('',(1.510163549969,1.750321146698));
#4001 = CARTESIAN_POINT('',(1.538540789513,1.752579294152));
#4002 = CARTESIAN_POINT('',(1.566940558026,1.754839272659));
#4003 = CARTESIAN_POINT('',(1.595379421785,1.757102395073));
#4004 = CARTESIAN_POINT('',(1.623873350507,1.759369909405));
#4005 = CARTESIAN_POINT('',(1.652442592492,1.761643372127));
#4006 = CARTESIAN_POINT('',(1.681085407304,1.763922652989));
#4007 = CARTESIAN_POINT('',(1.709786339474,1.766206574173));
#4008 = CARTESIAN_POINT('',(1.738533358297,1.768494202593));
#4009 = CARTESIAN_POINT('',(1.767313876787,1.770784536258));
#4010 = CARTESIAN_POINT('',(1.796116425611,1.773076604058));
#4011 = CARTESIAN_POINT('',(1.824927490806,1.77536930519));
#4012 = CARTESIAN_POINT('',(1.853732669787,1.777661516054));
#4013 = CARTESIAN_POINT('',(1.882517528455,1.779952121266));
#4014 = CARTESIAN_POINT('',(1.91126744998,1.782239994684));
#4015 = CARTESIAN_POINT('',(1.939968587015,1.784524045056));
#4016 = CARTESIAN_POINT('',(1.968620272484,1.786804129786));
#4017 = CARTESIAN_POINT('',(1.997220553827,1.789080060604));
#4018 = CARTESIAN_POINT('',(2.0257678167,1.791351713436));
#4019 = CARTESIAN_POINT('',(2.054257370594,1.793618753099));
#4020 = CARTESIAN_POINT('',(2.082694704245,1.795881676602));
#4021 = CARTESIAN_POINT('',(2.11111779167,1.798143521273));
#4022 = CARTESIAN_POINT('',(2.139560961235,1.800406997074));
#4023 = CARTESIAN_POINT('',(2.168058118183,1.802674764736));
#4024 = CARTESIAN_POINT('',(2.196649913302,1.804950009276));
#4025 = CARTESIAN_POINT('',(2.225344404995,1.807233382059));
#4026 = CARTESIAN_POINT('',(2.254113897153,1.809522743999));
#4027 = CARTESIAN_POINT('',(2.282938238468,1.811816526991));
#4028 = CARTESIAN_POINT('',(2.31179609954,1.814113038846));
#4029 = CARTESIAN_POINT('',(2.340666166804,1.816410512721));
#4030 = CARTESIAN_POINT('',(2.369535867037,1.818707900361));
#4031 = CARTESIAN_POINT('',(2.398395589382,1.821004455294));
#4032 = CARTESIAN_POINT('',(2.427234629416,1.823299356605));
#4033 = CARTESIAN_POINT('',(2.456042436338,1.825591804158));
#4034 = CARTESIAN_POINT('',(2.484808401749,1.827880989129));
#4035 = CARTESIAN_POINT('',(2.513524045039,1.830166152289));
#4036 = CARTESIAN_POINT('',(2.542180200399,1.832446529794));
#4037 = CARTESIAN_POINT('',(2.57076751043,1.834721386627));
#4038 = CARTESIAN_POINT('',(2.599274823615,1.836989877108));
#4039 = CARTESIAN_POINT('',(2.627696137549,1.839251576779));
#4040 = CARTESIAN_POINT('',(2.656066793779,1.841509274144));
#4041 = CARTESIAN_POINT('',(2.684419072412,1.84376550415));
#4042 = CARTESIAN_POINT('',(2.712785140715,1.846022795449));
#4043 = CARTESIAN_POINT('',(2.741200510814,1.848283955434));
#4044 = CARTESIAN_POINT('',(2.769684464502,1.85055055094));
#4045 = CARTESIAN_POINT('',(2.798224953781,1.852821686207));
#4046 = CARTESIAN_POINT('',(2.826815830657,1.855096899726));
#4047 = CARTESIAN_POINT('',(2.85544953622,1.85737558624));
#4048 = CARTESIAN_POINT('',(2.884121036413,1.859657281242));
#4049 = CARTESIAN_POINT('',(2.912818146363,1.861940953677));
#4050 = CARTESIAN_POINT('',(2.941522571598,1.864225159156));
#4051 = CARTESIAN_POINT('',(2.970216793191,1.866508532044));
#4052 = CARTESIAN_POINT('',(2.998883594893,1.868789737982));
#4053 = CARTESIAN_POINT('',(3.027503300942,1.871067238748));
#4054 = CARTESIAN_POINT('',(3.056077948436,1.87334115814));
#4055 = CARTESIAN_POINT('',(3.084614660601,1.875612038481));
#4056 = CARTESIAN_POINT('',(3.113118916614,1.877880314959));
#4057 = CARTESIAN_POINT('',(3.132103790515,1.879391072721));
#4058 = CARTESIAN_POINT('',(3.14159265359,1.880146170928));
#4059 = ( GEOMETRIC_REPRESENTATION_CONTEXT(2) 
PARAMETRIC_REPRESENTATION_CONTEXT() REPRESENTATION_CONTEXT('2D SPACE',''
  ) );
#4060 = ORIENTED_EDGE('',*,*,#4061,.T.);
#4061 = EDGE_CURVE('',#3791,#4062,#4064,.T.);
#4062 = VERTEX_POINT('',#4063);
#4063 = CARTESIAN_POINT('',(-4.998964812729,-15.16235382907,
    0.101738886849));
#4064 = SURFACE_CURVE('',#4065,(#4092,#4209),.PCURVE_S1.);
#4065 = B_SPLINE_CURVE_WITH_KNOTS('',3,(#4066,#4067,#4068,#4069,#4070,
    #4071,#4072,#4073,#4074,#4075,#4076,#4077,#4078,#4079,#4080,#4081,
    #4082,#4083,#4084,#4085,#4086,#4087,#4088,#4089,#4090,#4091),
  .UNSPECIFIED.,.F.,.F.,(4,1,1,1,1,1,1,1,1,1,1,1,1,1,1,1,1,1,1,1,1,1,1,4
    ),(0.,4.347826086957E-02,8.695652173913E-02,0.130434782609,
    0.173913043478,0.217391304348,0.260869565217,0.304347826087,
    0.347826086957,0.391304347826,0.434782608696,0.478260869565,
    0.521739130435,0.565217391304,0.608695652174,0.652173913044,
    0.695652173913,0.739130434783,0.782608695652,0.826086956522,
    0.869565217391,0.913043478261,0.95652173913,1.),.UNSPECIFIED.);
#4066 = CARTESIAN_POINT('',(4.998964812729,-15.41235382907,
    -0.101738886849));
#4067 = CARTESIAN_POINT('',(4.994348830777,-15.40874332984,
    -0.328546276515));
#4068 = CARTESIAN_POINT('',(4.954124610191,-15.4015211877,
    -0.781586163156));
#4069 = CARTESIAN_POINT('',(4.802760073892,-15.39071275003,
    -1.445243377745));
#4070 = CARTESIAN_POINT('',(4.561269546778,-15.37984446811,
    -2.085675038461));
#4071 = CARTESIAN_POINT('',(4.236654836781,-15.36903185121,
    -2.684283069823));
#4072 = CARTESIAN_POINT('',(3.831912131952,-15.35816320031,
    -3.236286180015));
#4073 = CARTESIAN_POINT('',(3.353714525069,-15.34725636305,
    -3.729406266157));
#4074 = CARTESIAN_POINT('',(2.817677281995,-15.33644755134,
    -4.14895731411));
#4075 = CARTESIAN_POINT('',(2.230858659193,-15.32565352278,
    -4.492086213935));
#4076 = CARTESIAN_POINT('',(1.594960246496,-15.31472434469,
    -4.755531309387));
#4077 = CARTESIAN_POINT('',(0.925432694961,-15.30373997029,
    -4.929806900208));
#4078 = CARTESIAN_POINT('',(0.241534516638,-15.29280685643,
    -5.009610810619));
#4079 = CARTESIAN_POINT('',(-0.436777818537,-15.28203443006,
    -4.996455387206));
#4080 = CARTESIAN_POINT('',(-1.119322408411,-15.27106435955,
    -4.889512083684));
#4081 = CARTESIAN_POINT('',(-1.782291233858,-15.26006581636,
    -4.688594273103));
#4082 = CARTESIAN_POINT('',(-2.408017885733,-15.24912191262,
    -4.399628725407));
#4083 = CARTESIAN_POINT('',(-2.979702431456,-15.23834817234,
    -4.034191833783));
#4084 = CARTESIAN_POINT('',(-3.500725450268,-15.22749680144,
    -3.5919762805));
#4085 = CARTESIAN_POINT('',(-3.960066607472,-15.21655455814,
    -3.078232140566));
#4086 = CARTESIAN_POINT('',(-4.342426358364,-15.20567488889,
    -2.509646483275));
#4087 = CARTESIAN_POINT('',(-4.642265074951,-15.19486246483,
    -1.898283925701));
#4088 = CARTESIAN_POINT('',(-4.856828566852,-15.18404261913,
    -1.251541640722));
#4089 = CARTESIAN_POINT('',(-4.981911788069,-15.17318967257,
    -0.579590071074));
#4090 = CARTESIAN_POINT('',(-5.003582599604,-15.16596574006,
    -0.125157188172));
#4091 = CARTESIAN_POINT('',(-4.998964812729,-15.16235382907,
    0.101738886849));
#4092 = PCURVE('',#2904,#4093);
#4093 = DEFINITIONAL_REPRESENTATION('',(#4094),#4208);
#4094 = B_SPLINE_CURVE_WITH_KNOTS('',3,(#4095,#4096,#4097,#4098,#4099,
    #4100,#4101,#4102,#4103,#4104,#4105,#4106,#4107,#4108,#4109,#4110,
    #4111,#4112,#4113,#4114,#4115,#4116,#4117,#4118,#4119,#4120,#4121,
    #4122,#4123,#4124,#4125,#4126,#4127,#4128,#4129,#4130,#4131,#4132,
    #4133,#4134,#4135,#4136,#4137,#4138,#4139,#4140,#4141,#4142,#4143,
    #4144,#4145,#4146,#4147,#4148,#4149,#4150,#4151,#4152,#4153,#4154,
    #4155,#4156,#4157,#4158,#4159,#4160,#4161,#4162,#4163,#4164,#4165,
    #4166,#4167,#4168,#4169,#4170,#4171,#4172,#4173,#4174,#4175,#4176,
    #4177,#4178,#4179,#4180,#4181,#4182,#4183,#4184,#4185,#4186,#4187,
    #4188,#4189,#4190,#4191,#4192,#4193,#4194,#4195,#4196,#4197,#4198,
    #4199,#4200,#4201,#4202,#4203,#4204,#4205,#4206,#4207),
  .UNSPECIFIED.,.F.,.F.,(4,1,1,1,1,1,1,1,1,1,1,1,1,1,1,1,1,1,1,1,1,1,1,1
    ,1,1,1,1,1,1,1,1,1,1,1,1,1,1,1,1,1,1,1,1,1,1,1,1,1,1,1,1,1,1,1,1,1,1
    ,1,1,1,1,1,1,1,1,1,1,1,1,1,1,1,1,1,1,1,1,1,1,1,1,1,1,1,1,1,1,1,1,1,1
    ,1,1,1,1,1,1,1,1,1,1,1,1,1,1,1,1,1,1,4),(0.,9.090909090909E-03,
    1.818181818182E-02,2.727272727273E-02,3.636363636364E-02,
    4.545454545455E-02,5.454545454545E-02,6.363636363636E-02,
    7.272727272727E-02,8.181818181818E-02,9.090909090909E-02,1.E-01,
    0.109090909091,0.118181818182,0.127272727273,0.136363636364,
    0.145454545455,0.154545454545,0.163636363636,0.172727272727,
    0.181818181818,0.190909090909,0.2,0.209090909091,0.218181818182,
    0.227272727273,0.236363636364,0.245454545455,0.254545454545,
    0.263636363636,0.272727272727,0.281818181818,0.290909090909,0.3,
    0.309090909091,0.318181818182,0.327272727273,0.336363636364,
    0.345454545455,0.354545454545,0.363636363636,0.372727272727,
    0.381818181818,0.390909090909,0.4,0.409090909091,0.418181818182,
    0.427272727273,0.436363636364,0.445454545455,0.454545454545,
    0.463636363636,0.472727272727,0.481818181818,0.490909090909,0.5,
    0.509090909091,0.518181818182,0.527272727273,0.536363636364,
    0.545454545455,0.554545454545,0.563636363636,0.572727272727,
    0.581818181818,0.590909090909,0.6,0.609090909091,0.618181818182,
    0.627272727273,0.636363636364,0.645454545455,0.654545454545,
    0.663636363636,0.672727272727,0.681818181818,0.690909090909,0.7,
    0.709090909091,0.718181818182,0.727272727273,0.736363636364,
    0.745454545455,0.754545454545,0.763636363636,0.772727272727,
    0.781818181818,0.790909090909,0.8,0.809090909091,0.818181818182,
    0.827272727273,0.836363636364,0.845454545455,0.854545454545,
    0.863636363636,0.872727272727,0.881818181818,0.890909090909,0.9,
    0.909090909091,0.918181818182,0.927272727273,0.936363636364,
    0.945454545455,0.954545454545,0.963636363636,0.972727272727,
    0.981818181818,0.990909090909,1.),.QUASI_UNIFORM_KNOTS.);
#4095 = CARTESIAN_POINT('',(0.246812062283,0.420605029001));
#4096 = CARTESIAN_POINT('',(0.246771577354,0.420069088482));
#4097 = CARTESIAN_POINT('',(0.246732901475,0.41899720218));
#4098 = CARTESIAN_POINT('',(0.246785366286,0.417389457732));
#4099 = CARTESIAN_POINT('',(0.246931023712,0.415781897355));
#4100 = CARTESIAN_POINT('',(0.247155677179,0.414174626177));
#4101 = CARTESIAN_POINT('',(0.247447193087,0.412567801407));
#4102 = CARTESIAN_POINT('',(0.247796517869,0.410961426219));
#4103 = CARTESIAN_POINT('',(0.24818802092,0.409354866283));
#4104 = CARTESIAN_POINT('',(0.248596086899,0.407747573764));
#4105 = CARTESIAN_POINT('',(0.248984701641,0.406139038515));
#4106 = CARTESIAN_POINT('',(0.249311811054,0.404528629554));
#4107 = CARTESIAN_POINT('',(0.249509358061,0.402916413042));
#4108 = CARTESIAN_POINT('',(0.249477759898,0.40130340081));
#4109 = CARTESIAN_POINT('',(0.249239871629,0.399690470637));
#4110 = CARTESIAN_POINT('',(0.248862654699,0.398078447186));
#4111 = CARTESIAN_POINT('',(0.248424926014,0.396468293922));
#4112 = CARTESIAN_POINT('',(0.247989873729,0.394859773908));
#4113 = CARTESIAN_POINT('',(0.247593867286,0.393252040503));
#4114 = CARTESIAN_POINT('',(0.247263683374,0.391644363014));
#4115 = CARTESIAN_POINT('',(0.247012862943,0.390035978465));
#4116 = CARTESIAN_POINT('',(0.246840173397,0.388426056283));
#4117 = CARTESIAN_POINT('',(0.246750723784,0.386814583793));
#4118 = CARTESIAN_POINT('',(0.246754073731,0.385201641508));
#4119 = CARTESIAN_POINT('',(0.246859886113,0.383587271275));
#4120 = CARTESIAN_POINT('',(0.247081145424,0.381971491544));
#4121 = CARTESIAN_POINT('',(0.24742415156,0.380354362699));
#4122 = CARTESIAN_POINT('',(0.247821445797,0.378736739719));
#4123 = CARTESIAN_POINT('',(0.248226521267,0.37711948188));
#4124 = CARTESIAN_POINT('',(0.248605500505,0.375503458924));
#4125 = CARTESIAN_POINT('',(0.248944962202,0.373889685387));
#4126 = CARTESIAN_POINT('',(0.2492306597,0.372278692116));
#4127 = CARTESIAN_POINT('',(0.249408931489,0.370669825604));
#4128 = CARTESIAN_POINT('',(0.249406730972,0.36906268942));
#4129 = CARTESIAN_POINT('',(0.249223994769,0.36745686185));
#4130 = CARTESIAN_POINT('',(0.248902049466,0.365851968663));
#4131 = CARTESIAN_POINT('',(0.248493465951,0.364247333115));
#4132 = CARTESIAN_POINT('',(0.248068790231,0.362641983331));
#4133 = CARTESIAN_POINT('',(0.247674392805,0.361034942714));
#4134 = CARTESIAN_POINT('',(0.247341825495,0.35942523644));
#4135 = CARTESIAN_POINT('',(0.247084576305,0.357811669249));
#4136 = CARTESIAN_POINT('',(0.246898147326,0.356194383414));
#4137 = CARTESIAN_POINT('',(0.246785403012,0.354573945693));
#4138 = CARTESIAN_POINT('',(0.246758268685,0.352950788936));
#4139 = CARTESIAN_POINT('',(0.246836072966,0.351325353023));
#4140 = CARTESIAN_POINT('',(0.247048324734,0.349698028517));
#4141 = CARTESIAN_POINT('',(0.247351901367,0.348069440913));
#4142 = CARTESIAN_POINT('',(0.24771281028,0.346440251439));
#4143 = CARTESIAN_POINT('',(0.248108396466,0.344811134834));
#4144 = CARTESIAN_POINT('',(0.248532807569,0.343182782113));
#4145 = CARTESIAN_POINT('',(0.248973994512,0.341555878235));
#4146 = CARTESIAN_POINT('',(0.249329539361,0.339931105876));
#4147 = CARTESIAN_POINT('',(0.249524167151,0.338309256601));
#4148 = CARTESIAN_POINT('',(0.249480421692,0.336691103018));
#4149 = CARTESIAN_POINT('',(0.249200517907,0.335077796838));
#4150 = CARTESIAN_POINT('',(0.2487967042,0.333469056083));
#4151 = CARTESIAN_POINT('',(0.24837716278,0.331862287832));
#4152 = CARTESIAN_POINT('',(0.248003065134,0.330255233861));
#4153 = CARTESIAN_POINT('',(0.24769843951,0.32864562069));
#4154 = CARTESIAN_POINT('',(0.247439532926,0.327030720892));
#4155 = CARTESIAN_POINT('',(0.247198351805,0.32541035005));
#4156 = CARTESIAN_POINT('',(0.246982081544,0.323785883172));
#4157 = CARTESIAN_POINT('',(0.246813867498,0.322158297139));
#4158 = CARTESIAN_POINT('',(0.246732923184,0.320528615137));
#4159 = CARTESIAN_POINT('',(0.246808120001,0.318897827104));
#4160 = CARTESIAN_POINT('',(0.247013569377,0.317266457839));
#4161 = CARTESIAN_POINT('',(0.247311371285,0.315634977147));
#4162 = CARTESIAN_POINT('',(0.247677906286,0.314003897017));
#4163 = CARTESIAN_POINT('',(0.248098431107,0.312373740458));
#4164 = CARTESIAN_POINT('',(0.248564714545,0.310745045746));
#4165 = CARTESIAN_POINT('',(0.248991827798,0.309118518197));
#4166 = CARTESIAN_POINT('',(0.249309850577,0.307494944304));
#4167 = CARTESIAN_POINT('',(0.24946622484,0.305875125317));
#4168 = CARTESIAN_POINT('',(0.249408543208,0.304260090739));
#4169 = CARTESIAN_POINT('',(0.249168382774,0.302650221518));
#4170 = CARTESIAN_POINT('',(0.248845920418,0.301043748161));
#4171 = CARTESIAN_POINT('',(0.248493168168,0.299439154685));
#4172 = CARTESIAN_POINT('',(0.248141280728,0.297834874174));
#4173 = CARTESIAN_POINT('',(0.247783739957,0.296229164534));
#4174 = CARTESIAN_POINT('',(0.247425686397,0.294621158095));
#4175 = CARTESIAN_POINT('',(0.247109592648,0.293010923167));
#4176 = CARTESIAN_POINT('',(0.246869151561,0.29139827795));
#4177 = CARTESIAN_POINT('',(0.246735447511,0.28978309903));
#4178 = CARTESIAN_POINT('',(0.246746500603,0.288165058449));
#4179 = CARTESIAN_POINT('',(0.246873162577,0.286544760777));
#4180 = CARTESIAN_POINT('',(0.247074984491,0.284923219553));
#4181 = CARTESIAN_POINT('',(0.247335414968,0.28330136967));
#4182 = CARTESIAN_POINT('',(0.247651412373,0.281680162298));
#4183 = CARTESIAN_POINT('',(0.248043152967,0.280060595182));
#4184 = CARTESIAN_POINT('',(0.248464977345,0.278442704739));
#4185 = CARTESIAN_POINT('',(0.248864408578,0.276826499406));
#4186 = CARTESIAN_POINT('',(0.249191012157,0.275212049194));
#4187 = CARTESIAN_POINT('',(0.249397834639,0.273599483164));
#4188 = CARTESIAN_POINT('',(0.249430541963,0.271988905683));
#4189 = CARTESIAN_POINT('',(0.249271222312,0.270379923626));
#4190 = CARTESIAN_POINT('',(0.248987921629,0.268772163945));
#4191 = CARTESIAN_POINT('',(0.248625651557,0.267165213414));
#4192 = CARTESIAN_POINT('',(0.248225032657,0.265558603449));
#4193 = CARTESIAN_POINT('',(0.247819288058,0.263951967419));
#4194 = CARTESIAN_POINT('',(0.247441793615,0.262345168052));
#4195 = CARTESIAN_POINT('',(0.247122763736,0.260737995029));
#4196 = CARTESIAN_POINT('',(0.246887995233,0.25913024564));
#4197 = CARTESIAN_POINT('',(0.246764677463,0.257521623702));
#4198 = CARTESIAN_POINT('',(0.246751279954,0.255912164294));
#4199 = CARTESIAN_POINT('',(0.246831111557,0.254302168766));
#4200 = CARTESIAN_POINT('',(0.246997192559,0.25269188846));
#4201 = CARTESIAN_POINT('',(0.247244948072,0.251081580239));
#4202 = CARTESIAN_POINT('',(0.247579986904,0.249471545553));
#4203 = CARTESIAN_POINT('',(0.247974974042,0.247861700145));
#4204 = CARTESIAN_POINT('',(0.248390910322,0.246251890363));#4205 = CARTESIAN_POINT('',(0.248789274753,0.244642013307));
#4206 = CARTESIAN_POINT('',(0.249015479364,0.243568671343));
#4207 = CARTESIAN_POINT('',(0.249111965648,0.243031964645));
#4208 = ( GEOMETRIC_REPRESENTATION_CONTEXT(2) 
PARAMETRIC_REPRESENTATION_CONTEXT() REPRESENTATION_CONTEXT('2D SPACE',''
  ) );
#4209 = PCURVE('',#3939,#4210);
#4210 = DEFINITIONAL_REPRESENTATION('',(#4211),#4325);
#4211 = B_SPLINE_CURVE_WITH_KNOTS('',3,(#4212,#4213,#4214,#4215,#4216,
    #4217,#4218,#4219,#4220,#4221,#4222,#4223,#4224,#4225,#4226,#4227,
    #4228,#4229,#4230,#4231,#4232,#4233,#4234,#4235,#4236,#4237,#4238,
    #4239,#4240,#4241,#4242,#4243,#4244,#4245,#4246,#4247,#4248,#4249,
    #4250,#4251,#4252,#4253,#4254,#4255,#4256,#4257,#4258,#4259,#4260,
    #4261,#4262,#4263,#4264,#4265,#4266,#4267,#4268,#4269,#4270,#4271,
    #4272,#4273,#4274,#4275,#4276,#4277,#4278,#4279,#4280,#4281,#4282,
    #4283,#4284,#4285,#4286,#4287,#4288,#4289,#4290,#4291,#4292,#4293,
    #4294,#4295,#4296,#4297,#4298,#4299,#4300,#4301,#4302,#4303,#4304,
    #4305,#4306,#4307,#4308,#4309,#4310,#4311,#4312,#4313,#4314,#4315,
    #4316,#4317,#4318,#4319,#4320,#4321,#4322,#4323,#4324),
  .UNSPECIFIED.,.F.,.F.,(4,1,1,1,1,1,1,1,1,1,1,1,1,1,1,1,1,1,1,1,1,1,1,1
    ,1,1,1,1,1,1,1,1,1,1,1,1,1,1,1,1,1,1,1,1,1,1,1,1,1,1,1,1,1,1,1,1,1,1
    ,1,1,1,1,1,1,1,1,1,1,1,1,1,1,1,1,1,1,1,1,1,1,1,1,1,1,1,1,1,1,1,1,1,1
    ,1,1,1,1,1,1,1,1,1,1,1,1,1,1,1,1,1,1,4),(0.,9.090909090909E-03,
    1.818181818182E-02,2.727272727273E-02,3.636363636364E-02,
    4.545454545455E-02,5.454545454545E-02,6.363636363636E-02,
    7.272727272727E-02,8.181818181818E-02,9.090909090909E-02,1.E-01,
    0.109090909091,0.118181818182,0.127272727273,0.136363636364,
    0.145454545455,0.154545454545,0.163636363636,0.172727272727,
    0.181818181818,0.190909090909,0.2,0.209090909091,0.218181818182,
    0.227272727273,0.236363636364,0.245454545455,0.254545454545,
    0.263636363636,0.272727272727,0.281818181818,0.290909090909,0.3,
    0.309090909091,0.318181818182,0.327272727273,0.336363636364,
    0.345454545455,0.354545454545,0.363636363636,0.372727272727,
    0.381818181818,0.390909090909,0.4,0.409090909091,0.418181818182,
    0.427272727273,0.436363636364,0.445454545455,0.454545454545,
    0.463636363636,0.472727272727,0.481818181818,0.490909090909,0.5,
    0.509090909091,0.518181818182,0.527272727273,0.536363636364,
    0.545454545455,0.554545454545,0.563636363636,0.572727272727,
    0.581818181818,0.590909090909,0.6,0.609090909091,0.618181818182,
    0.627272727273,0.636363636364,0.645454545455,0.654545454545,
    0.663636363636,0.672727272727,0.681818181818,0.690909090909,0.7,
    0.709090909091,0.718181818182,0.727272727273,0.736363636364,
    0.745454545455,0.754545454545,0.763636363636,0.772727272727,
    0.781818181818,0.790909090909,0.8,0.809090909091,0.818181818182,
    0.827272727273,0.836363636364,0.845454545455,0.854545454545,
    0.863636363636,0.872727272727,0.881818181818,0.890909090909,0.9,
    0.909090909091,0.918181818182,0.927272727273,0.936363636364,
    0.945454545455,0.954545454545,0.963636363636,0.972727272727,
    0.981818181818,0.990909090909,1.),.QUASI_UNIFORM_KNOTS.);
#4212 = CARTESIAN_POINT('',(3.14159265359,1.880146170928));
#4213 = CARTESIAN_POINT('',(3.151079270817,1.880901093494));
#4214 = CARTESIAN_POINT('',(3.170053068807,1.882410988497));
#4215 = CARTESIAN_POINT('',(3.198512379725,1.884675723937));
#4216 = CARTESIAN_POINT('',(3.226967239506,1.886940090974));
#4217 = CARTESIAN_POINT('',(3.255414542473,1.889203844577));
#4218 = CARTESIAN_POINT('',(3.283850406291,1.891466679153));
#4219 = CARTESIAN_POINT('',(3.312273899088,1.893728525635));
#4220 = CARTESIAN_POINT('',(3.340695673099,1.895990247871));
#4221 = CARTESIAN_POINT('',(3.36912522728,1.898252606347));
#4222 = CARTESIAN_POINT('',(3.397571847091,1.900516336454));
#4223 = CARTESIAN_POINT('',(3.4260474892,1.902782377321));
#4224 = CARTESIAN_POINT('',(3.454552391381,1.90505072787));
#4225 = CARTESIAN_POINT('',(3.483070868003,1.907320142057));
#4226 = CARTESIAN_POINT('',(3.511589882776,1.909589600088));
#4227 = CARTESIAN_POINT('',(3.540096522341,1.91185809179));
#4228 = CARTESIAN_POINT('',(3.568574759512,1.914124342258));
#4229 = CARTESIAN_POINT('',(3.597029222824,1.916388702018));
#4230 = CARTESIAN_POINT('',(3.625474860965,1.918652347014));
#4231 = CARTESIAN_POINT('',(3.653924172977,1.920916261954));
#4232 = CARTESIAN_POINT('',(3.682389908344,1.92318145847));
#4233 = CARTESIAN_POINT('',(3.710885767039,1.925449031737));
#4234 = CARTESIAN_POINT('',(3.739410778437,1.927718937187));
#4235 = CARTESIAN_POINT('',(3.767962203357,1.929990981816));
#4236 = CARTESIAN_POINT('',(3.796537952123,1.932265005936));
#4237 = CARTESIAN_POINT('',(3.825136392608,1.934540862403));
#4238 = CARTESIAN_POINT('',(3.853755282755,1.936818319874));
#4239 = CARTESIAN_POINT('',(3.882378585395,1.939096084588));
#4240 = CARTESIAN_POINT('',(3.910990472549,1.941372915624));
#4241 = CARTESIAN_POINT('',(3.939575307217,1.943647599546));
#4242 = CARTESIAN_POINT('',(3.968115340079,1.945918760137));
#4243 = CARTESIAN_POINT('',(3.996601914123,1.948185701376));
#4244 = CARTESIAN_POINT('',(4.025047922954,1.950449394761));
#4245 = CARTESIAN_POINT('',(4.053462420776,1.952710540616));
#4246 = CARTESIAN_POINT('',(4.081855377697,1.954969931782));
#4247 = CARTESIAN_POINT('',(4.110235202495,1.957228262207));
#4248 = CARTESIAN_POINT('',(4.138614984862,1.959486615472));
#4249 = CARTESIAN_POINT('',(4.167012452623,1.961746417466));
#4250 = CARTESIAN_POINT('',(4.195444947795,1.964009037789));
#4251 = CARTESIAN_POINT('',(4.223929376615,1.966275795587));
#4252 = CARTESIAN_POINT('',(4.252486214939,1.968548268106));
#4253 = CARTESIAN_POINT('',(4.281111998037,1.970826202084));
#4254 = CARTESIAN_POINT('',(4.309795520163,1.97310874856));
#4255 = CARTESIAN_POINT('',(4.338527797881,1.975395208715));
#4256 = CARTESIAN_POINT('',(4.367299661874,1.977684841548));
#4257 = CARTESIAN_POINT('',(4.396102839546,1.97997692465));
#4258 = CARTESIAN_POINT('',(4.424925074162,1.982270491401));
#4259 = CARTESIAN_POINT('',(4.453753676493,1.984564567007));
#4260 = CARTESIAN_POINT('',(4.482576006677,1.986858178395));
#4261 = CARTESIAN_POINT('',(4.511379508011,1.989150353763));
#4262 = CARTESIAN_POINT('',(4.540152199919,1.991440114358));
#4263 = CARTESIAN_POINT('',(4.568882752825,1.993726464613));
#4264 = CARTESIAN_POINT('',(4.597558497461,1.996008379058));
#4265 = CARTESIAN_POINT('',(4.626167801921,1.998284953347));
#4266 = CARTESIAN_POINT('',(4.654692878276,2.00055482854));
#4267 = CARTESIAN_POINT('',(4.683140520442,2.002818599144));
#4268 = CARTESIAN_POINT('',(4.71155768412,2.005079991482));
#4269 = CARTESIAN_POINT('',(4.739984887136,2.007342195011));
#4270 = CARTESIAN_POINT('',(4.768462465858,2.009608379167));
#4271 = CARTESIAN_POINT('',(4.797038425268,2.011882330335));
#4272 = CARTESIAN_POINT('',(4.825715423972,2.014164299624));
#4273 = CARTESIAN_POINT('',(4.854468179682,2.016452337475));
#4274 = CARTESIAN_POINT('',(4.883278204822,2.018745001301));
#4275 = CARTESIAN_POINT('',(4.912126030501,2.021040732384));
#4276 = CARTESIAN_POINT('',(4.940992696459,2.023337929549));
#4277 = CARTESIAN_POINT('',(4.96986758449,2.025635721076));
#4278 = CARTESIAN_POINT('',(4.998741178953,2.027933376284));
#4279 = CARTESIAN_POINT('',(5.027603415962,2.03023012699));
#4280 = CARTESIAN_POINT('',(5.056444326962,2.032525218117));
#4281 = CARTESIAN_POINT('',(5.085254049607,2.034817879637));
#4282 = CARTESIAN_POINT('',(5.114020285523,2.03710705169));
#4283 = CARTESIAN_POINT('',(5.142729829554,2.039391666833));
#4284 = CARTESIAN_POINT('',(5.171369804983,2.041670718499));
#4285 = CARTESIAN_POINT('',(5.199923981188,2.043942964196));
#4286 = CARTESIAN_POINT('',(5.228388155375,2.046208103222));
#4287 = CARTESIAN_POINT('',(5.256795459153,2.048468725161));
#4288 = CARTESIAN_POINT('',(5.285173879119,2.050727022182));
#4289 = CARTESIAN_POINT('',(5.313551753963,2.052985226904));
#4290 = CARTESIAN_POINT('',(5.341960061068,2.055245807569));
#4291 = CARTESIAN_POINT('',(5.370413879766,2.057510014913));
#4292 = CARTESIAN_POINT('',(5.398911333796,2.059777746037));
#4293 = CARTESIAN_POINT('',(5.427454686626,2.062049192593));
#4294 = CARTESIAN_POINT('',(5.456044952933,2.064324417152));
#4295 = CARTESIAN_POINT('',(5.484686621501,2.066603704055));
#4296 = CARTESIAN_POINT('',(5.513367662739,2.068886066681));
#4297 = CARTESIAN_POINT('',(5.542068833791,2.071170003508));
#4298 = CARTESIAN_POINT('',(5.570772374507,2.073454134048));
#4299 = CARTESIAN_POINT('',(5.599460426086,2.075737065625));
#4300 = CARTESIAN_POINT('',(5.628114577269,2.078017333277));
#4301 = CARTESIAN_POINT('',(5.656733840445,2.080294808543));
#4302 = CARTESIAN_POINT('',(5.685318160968,2.082569470197));
#4303 = CARTESIAN_POINT('',(5.713866900815,2.084841274511));
#4304 = CARTESIAN_POINT('',(5.742378955638,2.087110161424));
#4305 = CARTESIAN_POINT('',(5.770854302641,2.089376160315));
#4306 = CARTESIAN_POINT('',(5.799302416349,2.091640000372));
#4307 = CARTESIAN_POINT('',(5.827731899306,2.093902353883));
#4308 = CARTESIAN_POINT('',(5.856151343876,2.0961638978));
#4309 = CARTESIAN_POINT('',(5.884569744535,2.098425347313));
#4310 = CARTESIAN_POINT('',(5.912993774908,2.100687241152));
#4311 = CARTESIAN_POINT('',(5.941425606292,2.102949764569));
#4312 = CARTESIAN_POINT('',(5.969868333259,2.105213170477));
#4313 = CARTESIAN_POINT('',(5.998324624318,2.107477670418));
#4314 = CARTESIAN_POINT('',(6.026798582314,2.109743573753));
#4315 = CARTESIAN_POINT('',(6.055288326437,2.112010714769));
#4316 = CARTESIAN_POINT('',(6.08378720674,2.11427857287));
#4317 = CARTESIAN_POINT('',(6.112289464379,2.1165467026));
#4318 = CARTESIAN_POINT('',(6.140789336392,2.11881465585));
#4319 = CARTESIAN_POINT('',(6.16928044193,2.121081919981));
#4320 = CARTESIAN_POINT('',(6.1977635033,2.123348536111));
#4321 = CARTESIAN_POINT('',(6.226240824194,2.125614685295));
#4322 = CARTESIAN_POINT('',(6.254714163016,2.127880512761));
#4323 = CARTESIAN_POINT('',(6.273694961702,2.129390953175));
#4324 = CARTESIAN_POINT('',(6.28318530718,2.130146170928));
#4325 = ( GEOMETRIC_REPRESENTATION_CONTEXT(2) 
PARAMETRIC_REPRESENTATION_CONTEXT() REPRESENTATION_CONTEXT('2D SPACE',''
  ) );
#4326 = ORIENTED_EDGE('',*,*,#4327,.T.);
#4327 = EDGE_CURVE('',#4062,#4328,#4330,.T.);
#4328 = VERTEX_POINT('',#4329);
#4329 = CARTESIAN_POINT('',(-4.774826776917,-15.1399999,1.483604600747)
  );
#4330 = SURFACE_CURVE('',#4331,(#4358,#4475),.PCURVE_S1.);
#4331 = B_SPLINE_CURVE_WITH_KNOTS('',3,(#4332,#4333,#4334,#4335,#4336,
    #4337,#4338,#4339,#4340,#4341,#4342,#4343,#4344,#4345,#4346,#4347,
    #4348,#4349,#4350,#4351,#4352,#4353,#4354,#4355,#4356,#4357),
  .UNSPECIFIED.,.F.,.F.,(4,1,1,1,1,1,1,1,1,1,1,1,1,1,1,1,1,1,1,1,1,1,1,4
    ),(0.,4.347826086957E-02,8.695652173913E-02,0.130434782609,
    0.173913043478,0.217391304348,0.260869565217,0.304347826087,
    0.347826086957,0.391304347826,0.434782608696,0.478260869565,
    0.521739130435,0.565217391304,0.608695652174,0.652173913044,
    0.695652173913,0.739130434783,0.782608695652,0.826086956522,
    0.869565217391,0.913043478261,0.95652173913,1.),.UNSPECIFIED.);
#4332 = CARTESIAN_POINT('',(-4.998964812729,-15.16235382907,
    0.101738886849));
#4333 = CARTESIAN_POINT('',(-4.99434752739,-15.15874231036,
    0.328610318752));
#4334 = CARTESIAN_POINT('',(-4.954293721151,-15.15151370741,
    0.782098630893));
#4335 = CARTESIAN_POINT('',(-4.800765098667,-15.14059705519,
    1.452253860749));
#4336 = CARTESIAN_POINT('',(-4.55933705588,-15.12977780864,
    2.089418637263));
#4337 = CARTESIAN_POINT('',(-4.235333664069,-15.11899172282,
    2.686434640618));
#4338 = CARTESIAN_POINT('',(-3.828922250459,-15.10808705159,
    3.240030814377));
#4339 = CARTESIAN_POINT('',(-3.346797929311,-15.09710324894,
    3.736161518648));
#4340 = CARTESIAN_POINT('',(-2.801970336673,-15.08614452818,
    4.159814619741));
#4341 = CARTESIAN_POINT('',(-2.214944704775,-15.07537265765,
    4.499863147377));
#4342 = CARTESIAN_POINT('',(-1.577333666254,-15.06442910067,
    4.761481035025));
#4343 = CARTESIAN_POINT('',(-0.906358641242,-15.05343206611,
    4.933381708561));
#4344 = CARTESIAN_POINT('',(-0.220529513708,-15.04247327223,
    5.010717703403));
#4345 = CARTESIAN_POINT('',(0.45869173319,-15.03168495971,4.994260852683
    ));
#4346 = CARTESIAN_POINT('',(1.131475495124,-15.02086526385,
    4.886325660074));
#4347 = CARTESIAN_POINT('',(1.789939190969,-15.00993489251,4.68552340037
    ));
#4348 = CARTESIAN_POINT('',(2.412656730302,-14.99903769524,
    4.397047023678));
#4349 = CARTESIAN_POINT('',(2.985271926769,-14.98823942038,
    4.030189296893));
#4350 = CARTESIAN_POINT('',(3.50485922253,-14.97740128864,3.587595086795
    ));
#4351 = CARTESIAN_POINT('',(3.958941118564,-14.96657881559,
    3.079285466893));
#4352 = CARTESIAN_POINT('',(4.340787091764,-14.95572541875,2.51239591326
    ));
#4353 = CARTESIAN_POINT('',(4.641265038358,-14.94491204753,
    1.901241387386));
#4354 = CARTESIAN_POINT('',(4.857785008635,-14.93399058461,
    1.248408377999));
#4355 = CARTESIAN_POINT('',(4.981989157195,-14.92316287713,
    0.577887369176));
#4356 = CARTESIAN_POINT('',(5.003565641587,-14.91595247595,
    0.124323951903));
#4357 = CARTESIAN_POINT('',(4.998964812729,-14.91235382907,
    -0.101738886849));
#4358 = PCURVE('',#2904,#4359);
#4359 = DEFINITIONAL_REPRESENTATION('',(#4360),#4474);
#4360 = B_SPLINE_CURVE_WITH_KNOTS('',3,(#4361,#4362,#4363,#4364,#4365,
    #4366,#4367,#4368,#4369,#4370,#4371,#4372,#4373,#4374,#4375,#4376,
    #4377,#4378,#4379,#4380,#4381,#4382,#4383,#4384,#4385,#4386,#4387,
    #4388,#4389,#4390,#4391,#4392,#4393,#4394,#4395,#4396,#4397,#4398,
    #4399,#4400,#4401,#4402,#4403,#4404,#4405,#4406,#4407,#4408,#4409,
    #4410,#4411,#4412,#4413,#4414,#4415,#4416,#4417,#4418,#4419,#4420,
    #4421,#4422,#4423,#4424,#4425,#4426,#4427,#4428,#4429,#4430,#4431,
    #4432,#4433,#4434,#4435,#4436,#4437,#4438,#4439,#4440,#4441,#4442,
    #4443,#4444,#4445,#4446,#4447,#4448,#4449,#4450,#4451,#4452,#4453,
    #4454,#4455,#4456,#4457,#4458,#4459,#4460,#4461,#4462,#4463,#4464,
    #4465,#4466,#4467,#4468,#4469,#4470,#4471,#4472,#4473),
  .UNSPECIFIED.,.F.,.F.,(4,1,1,1,1,1,1,1,1,1,1,1,1,1,1,1,1,1,1,1,1,1,1,1
    ,1,1,1,1,1,1,1,1,1,1,1,1,1,1,1,1,1,1,1,1,1,1,1,1,1,1,1,1,1,1,1,1,1,1
    ,1,1,1,1,1,1,1,1,1,1,1,1,1,1,1,1,1,1,1,1,1,1,1,1,1,1,1,1,1,1,1,1,1,1
    ,1,1,1,1,1,1,1,1,1,1,1,1,1,1,1,1,1,1,4),(0.,9.090909090909E-03,
    1.818181818182E-02,2.727272727273E-02,3.636363636364E-02,
    4.545454545455E-02,5.454545454545E-02,6.363636363636E-02,
    7.272727272727E-02,8.181818181818E-02,9.090909090909E-02,1.E-01,
    0.109090909091,0.118181818182,0.127272727273,0.136363636364,
    0.145454545455,0.154545454545,0.163636363636,0.172727272727,
    0.181818181818,0.190909090909,0.2,0.209090909091,0.218181818182,
    0.227272727273,0.236363636364,0.245454545455,0.254545454545,
    0.263636363636,0.272727272727,0.281818181818,0.290909090909,0.3,
    0.309090909091,0.318181818182,0.327272727273,0.336363636364,
    0.345454545455,0.354545454545,0.363636363636,0.372727272727,
    0.381818181818,0.390909090909,0.4,0.409090909091,0.418181818182,
    0.427272727273,0.436363636364,0.445454545455,0.454545454545,
    0.463636363636,0.472727272727,0.481818181818,0.490909090909,0.5,
    0.509090909091,0.518181818182,0.527272727273,0.536363636364,
    0.545454545455,0.554545454545,0.563636363636,0.572727272727,
    0.581818181818,0.590909090909,0.6,0.609090909091,0.618181818182,
    0.627272727273,0.636363636364,0.645454545455,0.654545454545,
    0.663636363636,0.672727272727,0.681818181818,0.690909090909,0.7,
    0.709090909091,0.718181818182,0.727272727273,0.736363636364,
    0.745454545455,0.754545454545,0.763636363636,0.772727272727,
    0.781818181818,0.790909090909,0.8,0.809090909091,0.818181818182,
    0.827272727273,0.836363636364,0.845454545455,0.854545454545,
    0.863636363636,0.872727272727,0.881818181818,0.890909090909,0.9,
    0.909090909091,0.918181818182,0.927272727273,0.936363636364,
    0.945454545455,0.954545454545,0.963636363636,0.972727272727,
    0.981818181818,0.990909090909,1.),.QUASI_UNIFORM_KNOTS.);
#4361 = CARTESIAN_POINT('',(0.249111965648,0.243031964645));
#4362 = CARTESIAN_POINT('',(0.249210856065,0.242495320388));
#4363 = CARTESIAN_POINT('',(0.249360040639,0.241421773939));
#4364 = CARTESIAN_POINT('',(0.249427524676,0.23981045609));
#4365 = CARTESIAN_POINT('',(0.249294689537,0.238197914948));
#4366 = CARTESIAN_POINT('',(0.249034836927,0.236583927996));
#4367 = CARTESIAN_POINT('',(0.248708694802,0.234968124696));
#4368 = CARTESIAN_POINT('',(0.248357696433,0.233350426276));
#4369 = CARTESIAN_POINT('',(0.247972647615,0.231732094128));
#4370 = CARTESIAN_POINT('',(0.24757412816,0.230114221961));
#4371 = CARTESIAN_POINT('',(0.247197330252,0.228497880361));
#4372 = CARTESIAN_POINT('',(0.24690527253,0.226884279343));
#4373 = CARTESIAN_POINT('',(0.246742790843,0.225273794063));
#4374 = CARTESIAN_POINT('',(0.246702180307,0.223665737456));
#4375 = CARTESIAN_POINT('',(0.246775591064,0.222059656886));
#4376 = CARTESIAN_POINT('',(0.246946552385,0.220455041243));
#4377 = CARTESIAN_POINT('',(0.247185293496,0.218851499496));
#4378 = CARTESIAN_POINT('',(0.247490961025,0.217248193912));
#4379 = CARTESIAN_POINT('',(0.247864775587,0.21564405228));
#4380 = CARTESIAN_POINT('',(0.248285682092,0.214038055277));
#4381 = CARTESIAN_POINT('',(0.248716586878,0.212429210018));
#4382 = CARTESIAN_POINT('',(0.249100500004,0.21081644153));
#4383 = CARTESIAN_POINT('',(0.249374157127,0.209199959513));
#4384 = CARTESIAN_POINT('',(0.249482258804,0.207580162434));
#4385 = CARTESIAN_POINT('',(0.249369422118,0.20595743946));
#4386 = CARTESIAN_POINT('',(0.249104771944,0.204332158985));
#4387 = CARTESIAN_POINT('',(0.24876257569,0.20270464736));
#4388 = CARTESIAN_POINT('',(0.248360251016,0.20107568333));
#4389 = CARTESIAN_POINT('',(0.247934053013,0.199445986697));
#4390 = CARTESIAN_POINT('',(0.247528738706,0.197816255945));
#4391 = CARTESIAN_POINT('',(0.247211941817,0.196187119811));
#4392 = CARTESIAN_POINT('',(0.247020078845,0.194559268517));
#4393 = CARTESIAN_POINT('',(0.246901343836,0.1929336659));
#4394 = CARTESIAN_POINT('',(0.246837211277,0.191311303302));
#4395 = CARTESIAN_POINT('',(0.246823073639,0.189693087778));
#4396 = CARTESIAN_POINT('',(0.246868671393,0.188080387783));
#4397 = CARTESIAN_POINT('',(0.247022614173,0.186472428704));
#4398 = CARTESIAN_POINT('',(0.247320583582,0.184866475011));
#4399 = CARTESIAN_POINT('',(0.247750857482,0.183260190409));
#4400 = CARTESIAN_POINT('',(0.248264993274,0.181651251117));
#4401 = CARTESIAN_POINT('',(0.248763584513,0.180037014148));
#4402 = CARTESIAN_POINT('',(0.249166923622,0.178417600818));
#4403 = CARTESIAN_POINT('',(0.249425115339,0.176794039635));
#4404 = CARTESIAN_POINT('',(0.249500058808,0.175167149248));
#4405 = CARTESIAN_POINT('',(0.249359657036,0.173537823294));
#4406 = CARTESIAN_POINT('',(0.249106006956,0.171906896837));
#4407 = CARTESIAN_POINT('',(0.2487633024,0.170275064605));
#4408 = CARTESIAN_POINT('',(0.248361038008,0.168642999094));
#4409 = CARTESIAN_POINT('',(0.247940959169,0.167011344337));
#4410 = CARTESIAN_POINT('',(0.247559771388,0.165380700983));
#4411 = CARTESIAN_POINT('',(0.247267833076,0.163751662225));
#4412 = CARTESIAN_POINT('',(0.247037803577,0.162125007581));
#4413 = CARTESIAN_POINT('',(0.246866008877,0.160501538342));
#4414 = CARTESIAN_POINT('',(0.246759801865,0.158882010704));
#4415 = CARTESIAN_POINT('',(0.246742478614,0.157267425616));
#4416 = CARTESIAN_POINT('',(0.246846716808,0.155657763979));
#4417 = CARTESIAN_POINT('',(0.247080393651,0.154051371023));
#4418 = CARTESIAN_POINT('',(0.247427161854,0.15244691098));
#4419 = CARTESIAN_POINT('',(0.24785010209,0.150843025003));
#4420 = CARTESIAN_POINT('',(0.248279436634,0.149238310514));
#4421 = CARTESIAN_POINT('',(0.248676087922,0.147631983307));
#4422 = CARTESIAN_POINT('',(0.249024001392,0.146023631101));
#4423 = CARTESIAN_POINT('',(0.249290172797,0.144412756556));
#4424 = CARTESIAN_POINT('',(0.249436737598,0.142798940091));
#4425 = CARTESIAN_POINT('',(0.249407589512,0.141181626216));
#4426 = CARTESIAN_POINT('',(0.249205419228,0.139561694319));
#4427 = CARTESIAN_POINT('',(0.248865982505,0.137940256409));
#4428 = CARTESIAN_POINT('',(0.248439320861,0.136318313729));
#4429 = CARTESIAN_POINT('',(0.247994678685,0.134696843392));
#4430 = CARTESIAN_POINT('',(0.247614438227,0.133076736511));
#4431 = CARTESIAN_POINT('',(0.247291545598,0.131458337193));
#4432 = CARTESIAN_POINT('',(0.247028022175,0.129842027584));
#4433 = CARTESIAN_POINT('',(0.246831983942,0.12822816428));
#4434 = CARTESIAN_POINT('',(0.24671789868,0.126617206173));
#4435 = CARTESIAN_POINT('',(0.246709314676,0.125009224253));
#4436 = CARTESIAN_POINT('',(0.24682377562,0.123403100106));
#4437 = CARTESIAN_POINT('',(0.247060731794,0.121797879558));
#4438 = CARTESIAN_POINT('',(0.247403843975,0.120192615318));
#4439 = CARTESIAN_POINT('',(0.247820762336,0.118586235814));
#4440 = CARTESIAN_POINT('',(0.248262129287,0.116978405723));
#4441 = CARTESIAN_POINT('',(0.248679700752,0.115369603535));
#4442 = CARTESIAN_POINT('',(0.249032851383,0.113760179098));
#4443 = CARTESIAN_POINT('',(0.24928478989,0.112150529569));
#4444 = CARTESIAN_POINT('',(0.249414287135,0.110541144719));
#4445 = CARTESIAN_POINT('',(0.249363646449,0.108932020603));
#4446 = CARTESIAN_POINT('',(0.24915228168,0.107322961632));
#4447 = CARTESIAN_POINT('',(0.24884248064,0.10571377799));
#4448 = CARTESIAN_POINT('',(0.248480579392,0.104104239705));
#4449 = CARTESIAN_POINT('',(0.248112882682,0.102494038105));
#4450 = CARTESIAN_POINT('',(0.247746350668,0.10088356822));
#4451 = CARTESIAN_POINT('',(0.247393523875,9.927328074354E-02));
#4452 = CARTESIAN_POINT('',(0.247075177929,9.766358543312E-02));
#4453 = CARTESIAN_POINT('',(0.246818802407,9.605492710302E-02));
#4454 = CARTESIAN_POINT('',(0.246660928078,9.44475546482E-02));
#4455 = CARTESIAN_POINT('',(0.246633060968,9.284036183232E-02));
#4456 = CARTESIAN_POINT('',(0.246748289184,9.123232684094E-02));
#4457 = CARTESIAN_POINT('',(0.247001848485,8.962244860927E-02));
#4458 = CARTESIAN_POINT('',(0.247375778055,8.800951774588E-02));
#4459 = CARTESIAN_POINT('',(0.247816817898,8.639323705706E-02));
#4460 = CARTESIAN_POINT('',(0.248251462011,8.477512629124E-02));
#4461 = CARTESIAN_POINT('',(0.24863663158,8.315644751505E-02));
#4462 = CARTESIAN_POINT('',(0.248947614792,8.153850170513E-02));
#4463 = CARTESIAN_POINT('',(0.249192979589,7.992282606264E-02));
#4464 = CARTESIAN_POINT('',(0.249356288132,7.830971246149E-02));
#4465 = CARTESIAN_POINT('',(0.249362535284,7.669855777767E-02));
#4466 = CARTESIAN_POINT('',(0.249205587005,7.508901354175E-02));
#4467 = CARTESIAN_POINT('',(0.248938848641,7.348067021475E-02));
#4468 = CARTESIAN_POINT('',(0.248592243822,7.187303509767E-02));
#4469 = CARTESIAN_POINT('',(0.248198176089,7.026618789024E-02));
#4470 = CARTESIAN_POINT('',(0.247792557928,6.866033624195E-02));
#4471 = CARTESIAN_POINT('',(0.247413746139,6.705562851407E-02));
#4472 = CARTESIAN_POINT('',(0.247206957014,6.598666945321E-02));
#4473 = CARTESIAN_POINT('',(0.247121805759,6.545242341706E-02));
#4474 = ( GEOMETRIC_REPRESENTATION_CONTEXT(2) 
PARAMETRIC_REPRESENTATION_CONTEXT() REPRESENTATION_CONTEXT('2D SPACE',''
  ) );
#4475 = PCURVE('',#4476,#4481);
#4476 = CYLINDRICAL_SURFACE('',#4477,5.);
#4477 = AXIS2_PLACEMENT_3D('',#4478,#4479,#4480);
#4478 = CARTESIAN_POINT('',(0.,-17.2925,0.));
#4479 = DIRECTION('',(0.,1.,0.));
#4480 = DIRECTION('',(-0.999792962546,0.,2.034777736978E-02));
#4481 = DEFINITIONAL_REPRESENTATION('',(#4482),#4596);
#4482 = B_SPLINE_CURVE_WITH_KNOTS('',3,(#4483,#4484,#4485,#4486,#4487,
    #4488,#4489,#4490,#4491,#4492,#4493,#4494,#4495,#4496,#4497,#4498,
    #4499,#4500,#4501,#4502,#4503,#4504,#4505,#4506,#4507,#4508,#4509,
    #4510,#4511,#4512,#4513,#4514,#4515,#4516,#4517,#4518,#4519,#4520,
    #4521,#4522,#4523,#4524,#4525,#4526,#4527,#4528,#4529,#4530,#4531,
    #4532,#4533,#4534,#4535,#4536,#4537,#4538,#4539,#4540,#4541,#4542,
    #4543,#4544,#4545,#4546,#4547,#4548,#4549,#4550,#4551,#4552,#4553,
    #4554,#4555,#4556,#4557,#4558,#4559,#4560,#4561,#4562,#4563,#4564,
    #4565,#4566,#4567,#4568,#4569,#4570,#4571,#4572,#4573,#4574,#4575,
    #4576,#4577,#4578,#4579,#4580,#4581,#4582,#4583,#4584,#4585,#4586,
    #4587,#4588,#4589,#4590,#4591,#4592,#4593,#4594,#4595),
  .UNSPECIFIED.,.F.,.F.,(4,1,1,1,1,1,1,1,1,1,1,1,1,1,1,1,1,1,1,1,1,1,1,1
    ,1,1,1,1,1,1,1,1,1,1,1,1,1,1,1,1,1,1,1,1,1,1,1,1,1,1,1,1,1,1,1,1,1,1
    ,1,1,1,1,1,1,1,1,1,1,1,1,1,1,1,1,1,1,1,1,1,1,1,1,1,1,1,1,1,1,1,1,1,1
    ,1,1,1,1,1,1,1,1,1,1,1,1,1,1,1,1,1,1,4),(0.,9.090909090909E-03,
    1.818181818182E-02,2.727272727273E-02,3.636363636364E-02,
    4.545454545455E-02,5.454545454545E-02,6.363636363636E-02,
    7.272727272727E-02,8.181818181818E-02,9.090909090909E-02,1.E-01,
    0.109090909091,0.118181818182,0.127272727273,0.136363636364,
    0.145454545455,0.154545454545,0.163636363636,0.172727272727,
    0.181818181818,0.190909090909,0.2,0.209090909091,0.218181818182,
    0.227272727273,0.236363636364,0.245454545455,0.254545454545,
    0.263636363636,0.272727272727,0.281818181818,0.290909090909,0.3,
    0.309090909091,0.318181818182,0.327272727273,0.336363636364,
    0.345454545455,0.354545454545,0.363636363636,0.372727272727,
    0.381818181818,0.390909090909,0.4,0.409090909091,0.418181818182,
    0.427272727273,0.436363636364,0.445454545455,0.454545454545,
    0.463636363636,0.472727272727,0.481818181818,0.490909090909,0.5,
    0.509090909091,0.518181818182,0.527272727273,0.536363636364,
    0.545454545455,0.554545454545,0.563636363636,0.572727272727,
    0.581818181818,0.590909090909,0.6,0.609090909091,0.618181818182,
    0.627272727273,0.636363636364,0.645454545455,0.654545454545,
    0.663636363636,0.672727272727,0.681818181818,0.690909090909,0.7,
    0.709090909091,0.718181818182,0.727272727273,0.736363636364,
    0.745454545455,0.754545454545,0.763636363636,0.772727272727,
    0.781818181818,0.790909090909,0.8,0.809090909091,0.818181818182,
    0.827272727273,0.836363636364,0.845454545455,0.854545454545,
    0.863636363636,0.872727272727,0.881818181818,0.890909090909,0.9,
    0.909090909091,0.918181818182,0.927272727273,0.936363636364,
    0.945454545455,0.954545454545,0.963636363636,0.972727272727,
    0.981818181818,0.990909090909,1.),.QUASI_UNIFORM_KNOTS.);
#4483 = CARTESIAN_POINT('',(0.,2.130146170928));
#4484 = CARTESIAN_POINT('',(9.489334463014E-03,2.130901306657));
#4485 = CARTESIAN_POINT('',(2.847119306433E-02,2.132411821696));
#4486 = CARTESIAN_POINT('',(5.695978399947E-02,2.134678844166));
#4487 = CARTESIAN_POINT('',(8.54704350875E-02,2.13694764512));
#4488 = CARTESIAN_POINT('',(0.114009322555,2.139218720217));
#4489 = CARTESIAN_POINT('',(0.142584410648,2.141492687356));
#4490 = CARTESIAN_POINT('',(0.171197949123,2.143769686968));
#4491 = CARTESIAN_POINT('',(0.19982796229,2.146047969083));
#4492 = CARTESIAN_POINT('',(0.22845492593,2.148326005736));
#4493 = CARTESIAN_POINT('',(0.257059301013,2.150602271417));
#4494 = CARTESIAN_POINT('',(0.285618732227,2.152875008794));
#4495 = CARTESIAN_POINT('',(0.314125422296,2.155143562226));
#4496 = CARTESIAN_POINT('',(0.34259027807,2.157408749452));
#4497 = CARTESIAN_POINT('',(0.371019995151,2.159671090276));
#4498 = CARTESIAN_POINT('',(0.399422323842,2.161931211419));
#4499 = CARTESIAN_POINT('',(0.427802986476,2.164189609861));
#4500 = CARTESIAN_POINT('',(0.456175749858,2.166447416514));
#4501 = CARTESIAN_POINT('',(0.484558758537,2.168706076135));
#4502 = CARTESIAN_POINT('',(0.512969537742,2.170966968016));
#4503 = CARTESIAN_POINT('',(0.541425533565,2.173231453126));
#4504 = CARTESIAN_POINT('',(0.569946112583,2.175501031191));
#4505 = CARTESIAN_POINT('',(0.598528484734,2.177775516015));
#4506 = CARTESIAN_POINT('',(0.62716713804,2.180054501887));
#4507 = CARTESIAN_POINT('',(0.655857565457,2.182337637776));
#4508 = CARTESIAN_POINT('',(0.684595626718,2.18462456957));
#4509 = CARTESIAN_POINT('',(0.713377105775,2.186914900407));
#4510 = CARTESIAN_POINT('',(0.742189213124,2.189207648832));
#4511 = CARTESIAN_POINT('',(0.771019594601,2.19150187228));
#4512 = CARTESIAN_POINT('',(0.799855758304,2.193796606625));
#4513 = CARTESIAN_POINT('',(0.828685998669,2.1960909351));
#4514 = CARTESIAN_POINT('',(0.857497206996,2.198383758226));
#4515 = CARTESIAN_POINT('',(0.886271247871,2.200673551811));
#4516 = CARTESIAN_POINT('',(0.914989302475,2.202958816637));
#4517 = CARTESIAN_POINT('',(0.943633957928,2.205238201183));
#4518 = CARTESIAN_POINT('',(0.97217964092,2.207509738164));
#4519 = CARTESIAN_POINT('',(1.000638789052,2.209774451157));
#4520 = CARTESIAN_POINT('',(1.029058724549,2.21203607445));
#4521 = CARTESIAN_POINT('',(1.057479957592,2.214297791837));
#4522 = CARTESIAN_POINT('',(1.085943087314,2.216562798694));
#4523 = CARTESIAN_POINT('',(1.11449474827,2.218834794551));
#4524 = CARTESIAN_POINT('',(1.143133112442,2.22111369098));
#4525 = CARTESIAN_POINT('',(1.171840865822,2.223398162399));
#4526 = CARTESIAN_POINT('',(1.200605032775,2.225687193472));
#4527 = CARTESIAN_POINT('',(1.229412155243,2.227979687663));
#4528 = CARTESIAN_POINT('',(1.258249877009,2.230274562999));
#4529 = CARTESIAN_POINT('',(1.287107552802,2.232570972371));
#4530 = CARTESIAN_POINT('',(1.315974287444,2.234868080595));
#4531 = CARTESIAN_POINT('',(1.344839076681,2.237165044981));
#4532 = CARTESIAN_POINT('',(1.373691157637,2.239461040961));
#4533 = CARTESIAN_POINT('',(1.402519474171,2.241755177034));
#4534 = CARTESIAN_POINT('',(1.431309393752,2.244046219846));
#4535 = CARTESIAN_POINT('',(1.460045621176,2.24633295007));
#4536 = CARTESIAN_POINT('',(1.488713485888,2.248614225302));
#4537 = CARTESIAN_POINT('',(1.517293899569,2.250888581414));
#4538 = CARTESIAN_POINT('',(1.545785841924,2.253155947245));
#4539 = CARTESIAN_POINT('',(1.574217360066,2.255418494889));
#4540 = CARTESIAN_POINT('',(1.602611030159,2.257677990107));
#4541 = CARTESIAN_POINT('',(1.630990075484,2.259936269534));
#4542 = CARTESIAN_POINT('',(1.659378806823,2.262195292639));
#4543 = CARTESIAN_POINT('',(1.687790937581,2.264456203989));
#4544 = CARTESIAN_POINT('',(1.716234034492,2.266719631039));
#4545 = CARTESIAN_POINT('',(1.744717720791,2.268986335511));
#4546 = CARTESIAN_POINT('',(1.773250841602,2.271256992033));
#4547 = CARTESIAN_POINT('',(1.801845451699,2.273532489352));
#4548 = CARTESIAN_POINT('',(1.830488486515,2.275811796914));
#4549 = CARTESIAN_POINT('',(1.859161953895,2.278093526057));
#4550 = CARTESIAN_POINT('',(1.887849170986,2.280376382932));
#4551 = CARTESIAN_POINT('',(1.916533268013,2.282659041813));
#4552 = CARTESIAN_POINT('',(1.945198371202,2.284940209723));
#4553 = CARTESIAN_POINT('',(1.97383793047,2.287219305509));
#4554 = CARTESIAN_POINT('',(2.002444372807,2.28949571582));
#4555 = CARTESIAN_POINT('',(2.031010314619,2.291768869082));
#4556 = CARTESIAN_POINT('',(2.059526384756,2.294038058806));
#4557 = CARTESIAN_POINT('',(2.087989985902,2.296303109583));
#4558 = CARTESIAN_POINT('',(2.116419576971,2.298565471561));
#4559 = CARTESIAN_POINT('',(2.144830791951,2.300826376297));
#4560 = CARTESIAN_POINT('',(2.173239292595,2.303087059113));
#4561 = CARTESIAN_POINT('',(2.201663159019,2.305348958858));
#4562 = CARTESIAN_POINT('',(2.230107737552,2.307612502214));
#4563 = CARTESIAN_POINT('',(2.258564346292,2.309877000719));
#4564 = CARTESIAN_POINT('',(2.28702702782,2.312141988894));
#4565 = CARTESIAN_POINT('',(2.315489521208,2.314406972233));
#4566 = CARTESIAN_POINT('',(2.343944507016,2.316671349342));
#4567 = CARTESIAN_POINT('',(2.372394154283,2.318935289613));
#4568 = CARTESIAN_POINT('',(2.400844413449,2.321199279628));
#4569 = CARTESIAN_POINT('',(2.42930036746,2.323463732284));
#4570 = CARTESIAN_POINT('',(2.457767179416,2.325729064341));
#4571 = CARTESIAN_POINT('',(2.486250831973,2.327995750798));
#4572 = CARTESIAN_POINT('',(2.514744392731,2.330263212053));
#4573 = CARTESIAN_POINT('',(2.543239506325,2.33253077774));
#4574 = CARTESIAN_POINT('',(2.571728179762,2.334797818233));
#4575 = CARTESIAN_POINT('',(2.600201519866,2.337063631007));
#4576 = CARTESIAN_POINT('',(2.628653902826,2.339327768838));
#4577 = CARTESIAN_POINT('',(2.657103590275,2.341591711222));
#4578 = CARTESIAN_POINT('',(2.685567333849,2.343856794551));
#4579 = CARTESIAN_POINT('',(2.714061570386,2.346124317623));
#4580 = CARTESIAN_POINT('',(2.742606542913,2.348395872716));
#4581 = CARTESIAN_POINT('',(2.771206559589,2.350671781164));
#4582 = CARTESIAN_POINT('',(2.799834070691,2.352949860024));
#4583 = CARTESIAN_POINT('',(2.828466443162,2.355228336327));
#4584 = CARTESIAN_POINT('',(2.857080804062,2.357505414088));
#4585 = CARTESIAN_POINT('',(2.885650621051,2.359778979406));
#4586 = CARTESIAN_POINT('',(2.914171996945,2.362048681016));
#4587 = CARTESIAN_POINT('',(2.942657580187,2.364315500728));
#4588 = CARTESIAN_POINT('',(2.971116067752,2.366580127855));
#4589 = CARTESIAN_POINT('',(2.999556558096,2.36884330162));
#4590 = CARTESIAN_POINT('',(3.027988953284,2.371105854098));
#4591 = CARTESIAN_POINT('',(3.056412454636,2.373367719034));
#4592 = CARTESIAN_POINT('',(3.084823474536,2.375628601459));
#4593 = CARTESIAN_POINT('',(3.113219066211,2.377888264967));
#4594 = CARTESIAN_POINT('',(3.132137171426,2.379393726581));
#4595 = CARTESIAN_POINT('',(3.14159265359,2.380146170928));
#4596 = ( GEOMETRIC_REPRESENTATION_CONTEXT(2) 
PARAMETRIC_REPRESENTATION_CONTEXT() REPRESENTATION_CONTEXT('2D SPACE',''
  ) );
#4597 = ORIENTED_EDGE('',*,*,#4598,.F.);
#4598 = EDGE_CURVE('',#4599,#4328,#4601,.T.);
#4599 = VERTEX_POINT('',#4600);
#4600 = CARTESIAN_POINT('',(4.141701495938,-15.1399999,2.168360411782));
#4601 = SURFACE_CURVE('',#4602,(#4641,#4683),.PCURVE_S1.);
#4602 = B_SPLINE_CURVE_WITH_KNOTS('',5,(#4603,#4604,#4605,#4606,#4607,
    #4608,#4609,#4610,#4611,#4612,#4613,#4614,#4615,#4616,#4617,#4618,
    #4619,#4620,#4621,#4622,#4623,#4624,#4625,#4626,#4627,#4628,#4629,
    #4630,#4631,#4632,#4633,#4634,#4635,#4636,#4637,#4638,#4639,#4640),
  .UNSPECIFIED.,.F.,.F.,(6,4,4,4,4,4,4,4,4,6),(0.,0.1145192277,
    0.24471190282,0.354272250647,0.486636370289,0.597001499283,
    0.731527417231,0.844704382405,0.981402089648,1.),.UNSPECIFIED.);
#4603 = CARTESIAN_POINT('',(4.126829510232,-15.1399999,2.195396266051));
#4604 = CARTESIAN_POINT('',(4.01086590884,-15.1399999,2.429855620387));
#4605 = CARTESIAN_POINT('',(3.878748195162,-15.1399999,2.65631298372));
#4606 = CARTESIAN_POINT('',(3.731226585498,-15.1399999,2.873339394895));
#4607 = CARTESIAN_POINT('',(3.569039348407,-15.1399999,3.079392934462));
#4608 = CARTESIAN_POINT('',(3.192915450608,-15.1399999,3.492876942948));
#4609 = CARTESIAN_POINT('',(2.974968345523,-15.1399999,3.696591471489));
#4610 = CARTESIAN_POINT('',(2.741460973678,-15.1399999,3.88269685237));
#4611 = CARTESIAN_POINT('',(2.494596020479,-15.1399999,4.050052310317));
#4612 = CARTESIAN_POINT('',(2.019022374258,-15.1399999,4.321629330711));
#4613 = CARTESIAN_POINT('',(1.793659931253,-15.1399999,4.431639461585));
#4614 = CARTESIAN_POINT('',(1.561450798244,-15.1399999,4.526880633471));
#4615 = CARTESIAN_POINT('',(1.323635001593,-15.1399999,4.606595906746));
#4616 = CARTESIAN_POINT('',(0.789057423737,-15.1399999,4.746704747148));
#4617 = CARTESIAN_POINT('',(0.490382269123,-15.1399999,4.799616447439));
#4618 = CARTESIAN_POINT('',(0.188198944571,-15.1399999,4.828900597982));
#4619 = CARTESIAN_POINT('',(-0.114983904034,-15.1399999,4.834801082096)
  );
#4620 = CARTESIAN_POINT('',(-0.668558969513,-15.1399999,4.802968990621)
  );
#4621 = CARTESIAN_POINT('',(-0.919323327834,-15.1399999,4.772326798749)
  );
#4622 = CARTESIAN_POINT('',(-1.167796468273,-15.1399999,4.725595547692)
  );
#4623 = CARTESIAN_POINT('',(-1.412542057276,-15.1399999,4.662814478514)
  );
#4624 = CARTESIAN_POINT('',(-1.944013835707,-15.1399999,4.488119111035)
  );
#4625 = CARTESIAN_POINT('',(-2.228145991311,-15.1399999,4.368461285372)
  );
#4626 = CARTESIAN_POINT('',(-2.502230732601,-15.1399999,4.226694365807)
  );
#4627 = CARTESIAN_POINT('',(-2.764262121098,-15.1399999,4.064415160604)
  );
#4628 = CARTESIAN_POINT('',(-3.221048158563,-15.1399999,3.73038695915));
#4629 = CARTESIAN_POINT('',(-3.419857454869,-15.1399999,3.564244467105)
  );
#4630 = CARTESIAN_POINT('',(-3.607627449445,-15.1399999,3.385417401881)
  );
#4631 = CARTESIAN_POINT('',(-3.783121460119,-15.1399999,3.194755461936)
  );
#4632 = CARTESIAN_POINT('',(-4.140702804663,-15.1399999,2.74975517201));
#4633 = CARTESIAN_POINT('',(-4.316545054049,-15.1399999,2.49045963763));
#4634 = CARTESIAN_POINT('',(-4.471588510817,-15.1399999,2.217892296301)
  );
#4635 = CARTESIAN_POINT('',(-4.605004824804,-15.1399999,1.934521267722)
  );
#4636 = CARTESIAN_POINT('',(-4.731029647764,-15.1399999,1.602856889569)
  );
#4637 = CARTESIAN_POINT('',(-4.745705794634,-15.1399999,1.56297913373));
#4638 = CARTESIAN_POINT('',(-4.759963378676,-15.1399999,1.522948937589)
  );
#4639 = CARTESIAN_POINT('',(-4.773800162248,-15.1399999,1.48277211815));
#4640 = CARTESIAN_POINT('',(-4.787213884592,-15.1399999,1.442454494458)
  );
#4641 = PCURVE('',#2904,#4642);
#4642 = DEFINITIONAL_REPRESENTATION('',(#4643),#4682);
#4643 = B_SPLINE_CURVE_WITH_KNOTS('',5,(#4644,#4645,#4646,#4647,#4648,
    #4649,#4650,#4651,#4652,#4653,#4654,#4655,#4656,#4657,#4658,#4659,
    #4660,#4661,#4662,#4663,#4664,#4665,#4666,#4667,#4668,#4669,#4670,
    #4671,#4672,#4673,#4674,#4675,#4676,#4677,#4678,#4679,#4680,#4681),
  .UNSPECIFIED.,.F.,.F.,(6,4,4,4,4,4,4,4,4,6),(0.,0.1145192277,
    0.24471190282,0.354272250647,0.486636370289,0.597001499283,
    0.731527417231,0.844704382405,0.981402089648,1.),.UNSPECIFIED.);
#4644 = CARTESIAN_POINT('',(0.997900910929,9.423923478131E-02));
#4645 = CARTESIAN_POINT('',(0.980106771086,9.739904233187E-02));
#4646 = CARTESIAN_POINT('',(0.96235004508,0.100552206093));
#4647 = CARTESIAN_POINT('',(0.944622744859,0.103700144548));
#4648 = CARTESIAN_POINT('',(0.926923738749,0.106843058656));
#4649 = CARTESIAN_POINT('',(0.889174671708,0.11354637717));
#4650 = CARTESIAN_POINT('',(0.869138236382,0.117104362001));
#4651 = CARTESIAN_POINT('',(0.849157640781,0.120652431051));
#4652 = CARTESIAN_POINT('',(0.829231311263,0.124190863761));
#4653 = CARTESIAN_POINT('',(0.792614079499,0.130693195789));
#4654 = CARTESIAN_POINT('',(0.775912641612,0.133658965981));
#4655 = CARTESIAN_POINT('',(0.759236494939,0.136620245067));
#4656 = CARTESIAN_POINT('',(0.742584996551,0.139577147216));
#4657 = CARTESIAN_POINT('',(0.705880815321,0.146094919359));
#4658 = CARTESIAN_POINT('',(0.685845206296,0.149652757459));
#4659 = CARTESIAN_POINT('',(0.665864661432,0.153200817499));
#4660 = CARTESIAN_POINT('',(0.64593756247,0.156739386843));
#4661 = CARTESIAN_POINT('',(0.609471058845,0.16321495321));
#4662 = CARTESIAN_POINT('',(0.592920772335,0.166153882585));
#4663 = CARTESIAN_POINT('',(0.576394850601,0.169088485366));
#4664 = CARTESIAN_POINT('',(0.559892661536,0.172018873802));
#4665 = CARTESIAN_POINT('',(0.523338225758,0.178510054786));
#4666 = CARTESIAN_POINT('',(0.503303223374,0.182067785161));
#4667 = CARTESIAN_POINT('',(0.483322569519,0.185615864555));
#4668 = CARTESIAN_POINT('',(0.463394762448,0.189154559642));
#4669 = CARTESIAN_POINT('',(0.426776646632,0.195657048656));
#4670 = CARTESIAN_POINT('',(0.410076196921,0.198622643373));
#4671 = CARTESIAN_POINT('',(0.393400047434,0.201583922958));
#4672 = CARTESIAN_POINT('',(0.376747554572,0.204541001702));
#4673 = CARTESIAN_POINT('',(0.340044239908,0.211058619964));
#4674 = CARTESIAN_POINT('',(0.320009995115,0.214616215809));
#4675 = CARTESIAN_POINT('',(0.300029401828,0.218164284448));
#4676 = CARTESIAN_POINT('',(0.280100890647,0.221703104568));
#4677 = CARTESIAN_POINT('',(0.257506507092,0.225715318948));
#4678 = CARTESIAN_POINT('',(0.254801415834,0.22619567753));
#4679 = CARTESIAN_POINT('',(0.252097075844,0.226675902705));
#4680 = CARTESIAN_POINT('',(0.249393469929,0.227155997526));
#4681 = CARTESIAN_POINT('',(0.246690581943,0.227635964861));
#4682 = ( GEOMETRIC_REPRESENTATION_CONTEXT(2) 
PARAMETRIC_REPRESENTATION_CONTEXT() REPRESENTATION_CONTEXT('2D SPACE',''
  ) );
#4683 = PCURVE('',#4684,#4689);
#4684 = PLANE('',#4685);
#4685 = AXIS2_PLACEMENT_3D('',#4686,#4687,#4688);
#4686 = CARTESIAN_POINT('',(0.,-15.1399999,0.));
#4687 = DIRECTION('',(0.,1.,0.));
#4688 = DIRECTION('',(0.,-0.,1.));
#4689 = DEFINITIONAL_REPRESENTATION('',(#4690),#4729);
#4690 = B_SPLINE_CURVE_WITH_KNOTS('',5,(#4691,#4692,#4693,#4694,#4695,
    #4696,#4697,#4698,#4699,#4700,#4701,#4702,#4703,#4704,#4705,#4706,
    #4707,#4708,#4709,#4710,#4711,#4712,#4713,#4714,#4715,#4716,#4717,
    #4718,#4719,#4720,#4721,#4722,#4723,#4724,#4725,#4726,#4727,#4728),
  .UNSPECIFIED.,.F.,.F.,(6,4,4,4,4,4,4,4,4,6),(0.,0.1145192277,
    0.24471190282,0.354272250647,0.486636370289,0.597001499283,
    0.731527417231,0.844704382405,0.981402089648,1.),.UNSPECIFIED.);
#4691 = CARTESIAN_POINT('',(2.195396266051,4.126829510232));
#4692 = CARTESIAN_POINT('',(2.429855620387,4.01086590884));
#4693 = CARTESIAN_POINT('',(2.65631298372,3.878748195162));
#4694 = CARTESIAN_POINT('',(2.873339394895,3.731226585498));
#4695 = CARTESIAN_POINT('',(3.079392934462,3.569039348407));
#4696 = CARTESIAN_POINT('',(3.492876942948,3.192915450608));
#4697 = CARTESIAN_POINT('',(3.696591471489,2.974968345523));
#4698 = CARTESIAN_POINT('',(3.88269685237,2.741460973678));
#4699 = CARTESIAN_POINT('',(4.050052310317,2.494596020479));
#4700 = CARTESIAN_POINT('',(4.321629330711,2.019022374258));
#4701 = CARTESIAN_POINT('',(4.431639461585,1.793659931253));
#4702 = CARTESIAN_POINT('',(4.526880633471,1.561450798244));
#4703 = CARTESIAN_POINT('',(4.606595906746,1.323635001593));
#4704 = CARTESIAN_POINT('',(4.746704747148,0.789057423737));
#4705 = CARTESIAN_POINT('',(4.799616447439,0.490382269123));
#4706 = CARTESIAN_POINT('',(4.828900597982,0.188198944571));
#4707 = CARTESIAN_POINT('',(4.834801082096,-0.114983904034));
#4708 = CARTESIAN_POINT('',(4.802968990621,-0.668558969513));
#4709 = CARTESIAN_POINT('',(4.772326798749,-0.919323327834));
#4710 = CARTESIAN_POINT('',(4.725595547692,-1.167796468273));
#4711 = CARTESIAN_POINT('',(4.662814478514,-1.412542057276));
#4712 = CARTESIAN_POINT('',(4.488119111035,-1.944013835707));
#4713 = CARTESIAN_POINT('',(4.368461285372,-2.228145991311));
#4714 = CARTESIAN_POINT('',(4.226694365807,-2.502230732601));
#4715 = CARTESIAN_POINT('',(4.064415160604,-2.764262121098));
#4716 = CARTESIAN_POINT('',(3.73038695915,-3.221048158563));
#4717 = CARTESIAN_POINT('',(3.564244467105,-3.419857454869));
#4718 = CARTESIAN_POINT('',(3.385417401881,-3.607627449445));
#4719 = CARTESIAN_POINT('',(3.194755461936,-3.783121460119));
#4720 = CARTESIAN_POINT('',(2.74975517201,-4.140702804663));
#4721 = CARTESIAN_POINT('',(2.49045963763,-4.316545054049));
#4722 = CARTESIAN_POINT('',(2.217892296301,-4.471588510817));
#4723 = CARTESIAN_POINT('',(1.934521267722,-4.605004824804));
#4724 = CARTESIAN_POINT('',(1.602856889569,-4.731029647764));
#4725 = CARTESIAN_POINT('',(1.56297913373,-4.745705794634));
#4726 = CARTESIAN_POINT('',(1.522948937589,-4.759963378676));
#4727 = CARTESIAN_POINT('',(1.48277211815,-4.773800162248));
#4728 = CARTESIAN_POINT('',(1.442454494458,-4.787213884592));
#4729 = ( GEOMETRIC_REPRESENTATION_CONTEXT(2) 
PARAMETRIC_REPRESENTATION_CONTEXT() REPRESENTATION_CONTEXT('2D SPACE',''
  ) );
#4730 = ORIENTED_EDGE('',*,*,#4731,.T.);
#4731 = EDGE_CURVE('',#4599,#2890,#4732,.T.);
#4732 = SURFACE_CURVE('',#4733,(#4862,#4868),.PCURVE_S1.);
#4733 = B_SPLINE_CURVE_WITH_KNOTS('',3,(#4734,#4735,#4736,#4737,#4738,
    #4739,#4740,#4741,#4742,#4743,#4744,#4745,#4746,#4747,#4748,#4749,
    #4750,#4751,#4752,#4753,#4754,#4755,#4756,#4757,#4758,#4759,#4760,
    #4761,#4762,#4763,#4764,#4765,#4766,#4767,#4768,#4769,#4770,#4771,
    #4772,#4773,#4774,#4775,#4776,#4777,#4778,#4779,#4780,#4781,#4782,
    #4783,#4784,#4785,#4786,#4787,#4788,#4789,#4790,#4791,#4792,#4793,
    #4794,#4795,#4796,#4797,#4798,#4799,#4800,#4801,#4802,#4803,#4804,
    #4805,#4806,#4807,#4808,#4809,#4810,#4811,#4812,#4813,#4814,#4815,
    #4816,#4817,#4818,#4819,#4820,#4821,#4822,#4823,#4824,#4825,#4826,
    #4827,#4828,#4829,#4830,#4831,#4832,#4833,#4834,#4835,#4836,#4837,
    #4838,#4839,#4840,#4841,#4842,#4843,#4844,#4845,#4846,#4847,#4848,
    #4849,#4850,#4851,#4852,#4853,#4854,#4855,#4856,#4857,#4858,#4859,
    #4860,#4861),.UNSPECIFIED.,.F.,.F.,(4,1,1,1,1,1,1,1,1,1,1,1,1,1,1,1,
    1,1,1,1,1,1,1,1,1,1,1,1,1,1,1,1,1,1,1,1,1,1,1,1,1,1,1,1,1,1,1,1,1,1,
    1,1,1,1,1,1,1,1,1,1,1,1,1,1,1,1,1,1,1,1,1,1,1,1,1,1,1,1,1,1,1,1,1,1,
    1,1,1,1,1,1,1,1,1,1,1,1,1,1,1,1,1,1,1,1,1,1,1,1,1,1,1,1,1,1,1,1,1,1,
    1,1,1,1,1,1,1,4),(0.,8.E-03,1.6E-02,2.4E-02,3.2E-02,4.E-02,4.8E-02,
    5.6E-02,6.4E-02,7.2E-02,8.E-02,8.8E-02,9.6E-02,0.104,0.112,0.12,
    0.128,0.136,0.144,0.152,0.16,0.168,0.176,0.184,0.192,0.2,0.208,0.216
    ,0.224,0.232,0.24,0.248,0.256,0.264,0.272,0.28,0.288,0.296,0.304,
    0.312,0.32,0.328,0.336,0.344,0.352,0.36,0.368,0.376,0.384,0.392,0.4,
    0.408,0.416,0.424,0.432,0.44,0.448,0.456,0.464,0.472,0.48,0.488,
    0.496,0.504,0.512,0.52,0.528,0.536,0.544,0.552,0.56,0.568,0.576,
    0.584,0.592,0.6,0.608,0.616,0.624,0.632,0.64,0.648,0.656,0.664,0.672
    ,0.68,0.688,0.696,0.704,0.712,0.72,0.728,0.736,0.744,0.752,0.76,
    0.768,0.776,0.784,0.792,0.8,0.808,0.816,0.824,0.832,0.84,0.848,0.856
    ,0.864,0.872,0.88,0.888,0.896,0.904,0.912,0.92,0.928,0.936,0.944,
    0.952,0.96,0.968,0.976,0.984,0.992,1.),.QUASI_UNIFORM_KNOTS.);
#4734 = CARTESIAN_POINT('',(1.787988926479,-15.00784996854,
    -4.319560375346));
#4735 = CARTESIAN_POINT('',(1.991775008827,-15.01160423512,
    -4.235207518354));
#4736 = CARTESIAN_POINT('',(2.387386981658,-15.01911276829,
    -4.037611922124));
#4737 = CARTESIAN_POINT('',(2.933063151301,-15.03037556804,
    -3.660473691698));
#4738 = CARTESIAN_POINT('',(3.420083476633,-15.04163836779,-3.2101333128
    ));
#4739 = CARTESIAN_POINT('',(3.838708936496,-15.05290116753,-2.6955965313
    ));
#4740 = CARTESIAN_POINT('',(4.180567728369,-15.06416396728,
    -2.12715312046));
#4741 = CARTESIAN_POINT('',(4.43882337828,-15.07542676703,
    -1.516170819931));
#4742 = CARTESIAN_POINT('',(4.608311271905,-15.08668956678,
    -0.874868079838));
#4743 = CARTESIAN_POINT('',(4.685641986275,-15.09795236653,
    -0.216069695245));
#4744 = CARTESIAN_POINT('',(4.669269058302,-15.10921516628,
    0.447049659076));
#4745 = CARTESIAN_POINT('',(4.559519914567,-15.12047796602,
    1.101228897748));
#4746 = CARTESIAN_POINT('',(4.358589322473,-15.13174076577,
    1.733385720079));
#4747 = CARTESIAN_POINT('',(4.070495499464,-15.14300356552,
    2.330878230494));
#4748 = CARTESIAN_POINT('',(3.700999756495,-15.15426636527,
    2.881757751611));
#4749 = CARTESIAN_POINT('',(3.257491283138,-15.16552916502,
    3.375007774337));
#4750 = CARTESIAN_POINT('',(2.74883937829,-15.17679196477,3.800764266422
    ));
#4751 = CARTESIAN_POINT('',(2.185216081609,-15.18805476451,4.15051293375
    ));
#4752 = CARTESIAN_POINT('',(1.577892752686,-15.19931756426,
    4.417259489499));
#4753 = CARTESIAN_POINT('',(0.939014665976,-15.21058036401,
    4.595669526155));
#4754 = CARTESIAN_POINT('',(0.28135812915,-15.22184316376,4.682175193189
    ));
#4755 = CARTESIAN_POINT('',(-0.381925017977,-15.23310596351,
    4.675046547062));
#4756 = CARTESIAN_POINT('',(-1.03757041443,-15.24436876326,
    4.574426146704));
#4757 = CARTESIAN_POINT('',(-1.672466439256,-15.255631563,4.382326202614
    ));
#4758 = CARTESIAN_POINT('',(-2.273916418202,-15.26689436275,
    4.102588336597));
#4759 = CARTESIAN_POINT('',(-2.829892532285,-15.2781571625,
    3.740806756873));
#4760 = CARTESIAN_POINT('',(-3.329276350556,-15.28941996225,
    3.304216384891));
#4761 = CARTESIAN_POINT('',(-3.762081176896,-15.300682762,2.8015481711)
  );
#4762 = CARTESIAN_POINT('',(-4.119651764337,-15.31194556175,
    2.242854493084));
#4763 = CARTESIAN_POINT('',(-4.39483740301,-15.32320836149,
    1.639308127734));
#4764 = CARTESIAN_POINT('',(-4.582134920307,-15.33447116124,
    1.00297881765));
#4765 = CARTESIAN_POINT('',(-4.677798733531,-15.34573396099,
    0.346591899972));
#4766 = CARTESIAN_POINT('',(-4.679915754197,-15.35699676074,
    -0.316726175375));
#4767 = CARTESIAN_POINT('',(-4.588443646048,-15.36825956049,
    -0.97371034892));
#4768 = CARTESIAN_POINT('',(-4.405211671694,-15.37952236024,
    -1.611222226796));
#4769 = CARTESIAN_POINT('',(-4.133884110955,-15.39078515999,
    -2.216512822825));
#4770 = CARTESIAN_POINT('',(-3.779886982451,-15.40204795973,
    -2.77747751322));
#4771 = CARTESIAN_POINT('',(-3.350299533889,-15.41331075948,
    -3.282898105298));
#4772 = CARTESIAN_POINT('',(-2.853712670997,-15.42457355923,
    -3.722667179314));
#4773 = CARTESIAN_POINT('',(-2.300057156274,-15.43583635898,
    -4.087990217016));
#4774 = CARTESIAN_POINT('',(-1.700405013239,-15.44709915873,
    -4.371561474748));
#4775 = CARTESIAN_POINT('',(-1.066748107686,-15.45836195848,
    -4.567710083981));
#4776 = CARTESIAN_POINT('',(-0.411758333914,-15.46962475822,
    -4.672513457552));
#4777 = CARTESIAN_POINT('',(0.251465798291,-15.48088755797,
    -4.68387573371));
#4778 = CARTESIAN_POINT('',(0.909661108136,-15.49215035772,
    -4.601569689236));
#4779 = CARTESIAN_POINT('',(1.549664981403,-15.50341315747,
    -4.427241283459));
#4780 = CARTESIAN_POINT('',(2.158678596901,-15.51467595722,
    -4.164376742303));
#4781 = CARTESIAN_POINT('',(2.724522877759,-15.52593875697,
    -3.818232840611));
#4782 = CARTESIAN_POINT('',(3.235882049064,-15.53720155671,
    -3.395731776966));
#4783 = CARTESIAN_POINT('',(3.682529931143,-15.54846435646,
    -2.905322743309));
#4784 = CARTESIAN_POINT('',(4.055534443086,-15.55972715621,
    -2.356812957682));
#4785 = CARTESIAN_POINT('',(4.347436226829,-15.57098995596,
    -1.76117153912));
#4786 = CARTESIAN_POINT('',(4.552397819675,-15.58225275571,
    -1.130310146803));
#4787 = CARTESIAN_POINT('',(4.66632039209,-15.59351555546,-0.47684477025
    ));
#4788 = CARTESIAN_POINT('',(4.686925716245,-15.6047783552,0.186156565702
    ));
#4789 = CARTESIAN_POINT('',(4.613801726103,-15.61604115495,0.84543513575
    ));
#4790 = CARTESIAN_POINT('',(4.448410757931,-15.6273039547,1.487806662598
    ));
#4791 = CARTESIAN_POINT('',(4.194060306445,-15.63856675445,2.10042497663
    ));
#4792 = CARTESIAN_POINT('',(3.855836881406,-15.6498295542,2.671038914081
    ));
#4793 = CARTESIAN_POINT('',(3.440504287413,-15.66109235395,
    3.188237316268));
#4794 = CARTESIAN_POINT('',(2.956368361082,-15.67235515369,
    3.641677230363));
#4795 = CARTESIAN_POINT('',(2.413110870624,-15.68361795344,
    4.022290748147));
#4796 = CARTESIAN_POINT('',(1.82159589948,-15.69488075319,4.322466346375
    ));
#4797 = CARTESIAN_POINT('',(1.193652585982,-15.70614355294,
    4.536201102302));
#4798 = CARTESIAN_POINT('',(0.5418385638,-15.71740635269,4.659220740352)
  );
#4799 = CARTESIAN_POINT('',(-0.120811166075,-15.72866915244,
    4.689065109241));
#4800 = CARTESIAN_POINT('',(-0.781044909771,-15.73993195218,
    4.625137380173));
#4801 = CARTESIAN_POINT('',(-1.425659288395,-15.75119475193,
    4.468715982244));
#4802 = CARTESIAN_POINT('',(-2.041763279696,-15.76245755168,
    4.222929036372));
#4803 = CARTESIAN_POINT('',(-2.617036013207,-15.77372035143,
    3.892691799016));
#4804 = CARTESIAN_POINT('',(-3.139973163469,-15.78498315118,
    3.484608366696));
#4805 = CARTESIAN_POINT('',(-3.600117013956,-15.79624595093,
    3.006839607025));
#4806 = CARTESIAN_POINT('',(-3.988265590882,-15.80750875067,
    2.468939957379));
#4807 = CARTESIAN_POINT('',(-4.296656684608,-15.81877155042,1.8816663549
    ));
#4808 = CARTESIAN_POINT('',(-4.519123078607,-15.83003435017,
    1.256763118871));
#4809 = CARTESIAN_POINT('',(-4.65121588168,-15.84129714992,
    0.606727087381));
#4810 = CARTESIAN_POINT('',(-4.690293497052,-15.85255994967,
    -5.544229490362E-02));
#4811 = CARTESIAN_POINT('',(-4.635574449122,-15.86382274942,
    -0.716502940119));
#4812 = CARTESIAN_POINT('',(-4.48815301144,-15.87508554916,
    -1.363234932964));
#4813 = CARTESIAN_POINT('',(-4.250977323384,-15.88634834891,
    -1.982704903063));
#4814 = CARTESIAN_POINT('',(-3.928790433159,-15.89761114866,
    -2.562524666977));
#4815 = CARTESIAN_POINT('',(-3.528035446146,-15.90887394841,
    -3.091098967566));
#4816 = CARTESIAN_POINT('',(-3.056726675438,-15.92013674816,
    -3.557857356362));
#4817 = CARTESIAN_POINT('',(-2.524289371309,-15.93139954791,
    -3.953465581796));
#4818 = CARTESIAN_POINT('',(-1.941371234716,-15.94266234765,
    -4.270012255904));
#4819 = CARTESIAN_POINT('',(-1.319629484171,-15.9539251474,
    -4.501167066557));
#4820 = CARTESIAN_POINT('',(-0.671497734261,-15.96518794715,
    -4.642307371279));
#4821 = CARTESIAN_POINT('',(-9.937347757754E-03,-15.9764507469,
    -4.690610641022));
#4822 = CARTESIAN_POINT('',(0.651821766195,-15.98771354665,
    -4.645110905206));
#4823 = CARTESIAN_POINT('',(1.300545724293,-15.9989763464,
    -4.506718069236));
#4824 = CARTESIAN_POINT('',(1.923261320763,-16.01023914615,
    -4.278199718177));
#4825 = CARTESIAN_POINT('',(2.507515466014,-16.02150194589,
    -3.964125770489));
#4826 = CARTESIAN_POINT('',(3.041624223979,-16.03276474564,
    -3.570777088626));
#4827 = CARTESIAN_POINT('',(3.514906467909,-16.04402754539,
    -3.106019874116));
#4828 = CARTESIAN_POINT('',(3.917897481937,-16.05529034514,
    -2.579148358971));
#4829 = CARTESIAN_POINT('',(4.242538236819,-16.06655314489,
    -2.000698939291));
#4830 = CARTESIAN_POINT('',(4.482336554699,-16.07781594464,
    -1.382239468023));
#4831 = CARTESIAN_POINT('',(4.632496939922,-16.08907874438,
    -0.736137920612));
#4832 = CARTESIAN_POINT('',(4.690016479537,-16.10034154413,
    -7.531505976232E-02));
#4833 = CARTESIAN_POINT('',(4.653744895655,-16.11160434388,
    0.587013954445));
#4834 = CARTESIAN_POINT('',(4.524407548758,-16.12286714363,
    1.237603841821));
#4835 = CARTESIAN_POINT('',(4.304590931905,-16.13412994338,1.86344408167
    ));
#4836 = CARTESIAN_POINT('',(3.998690945952,-16.14539274313,
    2.452019097664));
#4837 = CARTESIAN_POINT('',(3.612824990164,-16.15665554287,
    2.991558544806));
#4838 = CARTESIAN_POINT('',(3.154709626234,-16.16791834262,
    3.471272693221));
#4839 = CARTESIAN_POINT('',(2.6335062622,-16.17918114237,3.881568201578)
  );
#4840 = CARTESIAN_POINT('',(2.059637942266,-16.19044394212,
    4.214239965086));
#4841 = CARTESIAN_POINT('',(1.444580906378,-16.20170674187,
    4.462635201479));
#4842 = CARTESIAN_POINT('',(0.800635087949,-16.21296954162,
    4.621786493608));
#4843 = CARTESIAN_POINT('',(0.140678139338,-16.22423234136,4.68851112803
    ));
#4844 = CARTESIAN_POINT('',(-0.52209209592,-16.23549514111,
    4.661474743032));
#4845 = CARTESIAN_POINT('',(-1.174421514082,-16.24675794086,
    4.541218013244));
#4846 = CARTESIAN_POINT('',(-1.803264807249,-16.25802074061,
    4.330145837208));
#4847 = CARTESIAN_POINT('',(-2.396046343924,-16.26928354036,
    4.032479244128));
#4848 = CARTESIAN_POINT('',(-2.940911656951,-16.28054634011,
    3.654170981572));
#4849 = CARTESIAN_POINT('',(-3.426964509593,-16.29180913985,
    3.202786472204));
#4850 = CARTESIAN_POINT('',(-3.844484798879,-16.3030719396,
    2.687352520186));
#4851 = CARTESIAN_POINT('',(-4.185122938571,-16.31433473935,
    2.118176792798));
#4852 = CARTESIAN_POINT('',(-4.44206683455,-16.3255975391,1.506641687375
    ));
#4853 = CARTESIAN_POINT('',(-4.610178113132,-16.33686033885,
    0.864976705518));
#4854 = CARTESIAN_POINT('',(-4.686094879195,-16.3481231386,    0.206013887776));
#4855 = CARTESIAN_POINT('',(-4.66829894471,-16.35938593834,
    -0.457068804644));
#4856 = CARTESIAN_POINT('',(-4.55714619988,-16.37064873809,
    -1.111011013271));
#4857 = CARTESIAN_POINT('',(-4.354859457363,-16.38191153784,
    -1.742735200685));
#4858 = CARTESIAN_POINT('',(-4.065484144714,-16.39317433759,
    -2.339608036875));
#4859 = CARTESIAN_POINT('',(-3.694806865116,-16.40443713734,
    -2.88969355873));
#4860 = CARTESIAN_POINT('',(-3.398430079697,-16.4119456705,
    -3.217891142149));
#4861 = CARTESIAN_POINT('',(-3.239407997938,-16.41569993709,
    -3.370718330025));
#4862 = PCURVE('',#2904,#4863);
#4863 = DEFINITIONAL_REPRESENTATION('',(#4864),#4867);
#4864 = B_SPLINE_CURVE_WITH_KNOTS('',1,(#4865,#4866),.UNSPECIFIED.,.F.,
  .F.,(2,2),(0.,1.),.PIECEWISE_BEZIER_KNOTS.);
#4865 = CARTESIAN_POINT('',(0.997899710929,-4.316033931434E-06));
#4866 = CARTESIAN_POINT('',(0.99788721958,1.000004532714));
#4867 = ( GEOMETRIC_REPRESENTATION_CONTEXT(2) 
PARAMETRIC_REPRESENTATION_CONTEXT() REPRESENTATION_CONTEXT('2D SPACE',''
  ) );
#4868 = PCURVE('',#4869,#5010);
#4869 = B_SPLINE_SURFACE_WITH_KNOTS('',3,3,(
    (#4870,#4871,#4872,#4873,#4874,#4875,#4876,#4877,#4878,#4879,#4880
      ,#4881,#4882,#4883,#4884,#4885,#4886,#4887,#4888,#4889,#4890,#4891
      ,#4892,#4893,#4894,#4895,#4896,#4897,#4898,#4899,#4900,#4901,#4902
      ,#4903,#4904)
    ,(#4905,#4906,#4907,#4908,#4909,#4910,#4911,#4912,#4913,#4914,#4915
      ,#4916,#4917,#4918,#4919,#4920,#4921,#4922,#4923,#4924,#4925,#4926
      ,#4927,#4928,#4929,#4930,#4931,#4932,#4933,#4934,#4935,#4936,#4937
      ,#4938,#4939)
    ,(#4940,#4941,#4942,#4943,#4944,#4945,#4946,#4947,#4948,#4949,#4950
      ,#4951,#4952,#4953,#4954,#4955,#4956,#4957,#4958,#4959,#4960,#4961
      ,#4962,#4963,#4964,#4965,#4966,#4967,#4968,#4969,#4970,#4971,#4972
      ,#4973,#4974)
    ,(#4975,#4976,#4977,#4978,#4979,#4980,#4981,#4982,#4983,#4984,#4985
      ,#4986,#4987,#4988,#4989,#4990,#4991,#4992,#4993,#4994,#4995,#4996
      ,#4997,#4998,#4999,#5000,#5001,#5002,#5003,#5004,#5005,#5006,#5007
      ,#5008,#5009
    )),.UNSPECIFIED.,.F.,.F.,.F.,(4,4),(4,1,1,1,1,1,1,1,1,1,1,1,1,1,1,1,
    1,1,1,1,1,1,1,1,1,1,1,1,1,1,1,1,4),(-5.820701842855E-02,
    0.808791702139),(-2.E-02,1.25E-02,4.5E-02,7.75E-02,0.11,0.1425,0.175
    ,0.2075,0.24,0.2725,0.305,0.3375,0.37,0.4025,0.435,0.4675,0.5,0.5325
    ,0.565,0.5975,0.63,0.6625,0.695,0.7275,0.76,0.7925,0.825,0.8575,0.89
    ,0.9225,0.955,0.9875,1.02),.UNSPECIFIED.);
#4870 = CARTESIAN_POINT('',(0.179550462146,-14.96514121456,
    -4.646314973471));
#4871 = CARTESIAN_POINT('',(1.070056755451,-14.98039292256,
    -4.611902580549));
#4872 = CARTESIAN_POINT('',(2.828783943569,-15.01089633854,
    -4.016877545861));
#4873 = CARTESIAN_POINT('',(4.558650697403,-15.05665146252,
    -1.832498590398));
#4874 = CARTESIAN_POINT('',(4.822107836431,-15.1024065865,0.94117663379)
  );
#4875 = CARTESIAN_POINT('',(3.534933954691,-15.14816171047,
    3.412183801444));
#4876 = CARTESIAN_POINT('',(1.110935248194,-15.19391683445,4.78586866955
    ));
#4877 = CARTESIAN_POINT('',(-1.670320510964,-15.23967195843,
    4.620470522575));
#4878 = CARTESIAN_POINT('',(-3.914421408277,-15.28542708241,
    2.969179231277));
#4879 = CARTESIAN_POINT('',(-4.899686407617,-15.33118220638,
    0.363032214867));
#4880 = CARTESIAN_POINT('',(-4.309265697,-15.37693733036,-2.359862018981
    ));
#4881 = CARTESIAN_POINT('',(-2.333031968852,-15.42269245434,
    -4.323850293194));
#4882 = CARTESIAN_POINT('',(0.393479454554,-15.46844757832,
    -4.89733534216));
#4883 = CARTESIAN_POINT('',(2.993452167908,-15.5142027023,
    -3.895890611162));
#4884 = CARTESIAN_POINT('',(4.63076322178,-15.55995782627,
    -1.641569833548));
#4885 = CARTESIAN_POINT('',(4.778871190525,-15.60571295025,
    1.140661947902));
#4886 = CARTESIAN_POINT('',(3.390146162044,-15.65146807423,
    3.556069253388));
#4887 = CARTESIAN_POINT('',(0.911187001006,-15.69722319821,
    4.827883364802));
#4888 = CARTESIAN_POINT('',(-1.860799988971,-15.74297832218,
    4.547102696879));
#4889 = CARTESIAN_POINT('',(-4.034373941619,-15.78873344616,2.8040232585
    ));
#4890 = CARTESIAN_POINT('',(-4.910537114721,-15.83448857014,
    0.159200438306));
#4891 = CARTESIAN_POINT('',(-4.207524961688,-15.88024369412,
    -2.536819511212));
#4892 = CARTESIAN_POINT('',(-2.151418543698,-15.92599881809,
    -4.417025898109));
#4893 = CARTESIAN_POINT('',(0.59656067531,-15.97175394207,
    -4.876764797108));
#4894 = CARTESIAN_POINT('',(3.152692479346,-16.01750906605,
    -3.768189184031));
#4895 = CARTESIAN_POINT('',(4.694952636369,-16.06326419003,
    -1.44780489855));
#4896 = CARTESIAN_POINT('',(4.727367225288,-16.10901931401,
    1.338177636301));
#4897 = CARTESIAN_POINT('',(3.239511429,-16.15477443798,3.693817017762)
  );
#4898 = CARTESIAN_POINT('',(0.709865869375,-16.20052956196,
    4.861564202534));
#4899 = CARTESIAN_POINT('',(-2.048071839767,-16.24628468594,
    4.465888276482));
#4900 = CARTESIAN_POINT('',(-4.147345771389,-16.29203980992,
    2.63401983567));
#4901 = CARTESIAN_POINT('',(-4.912976004322,-16.33779493389,
    -4.487812054179E-02));
#4902 = CARTESIAN_POINT('',(-4.098282370339,-16.38355005787,
    -2.709502801401));
#4903 = CARTESIAN_POINT('',(-2.677417449896,-16.41405347386,
    -3.904625804268));
#4904 = CARTESIAN_POINT('',(-1.860712671014,-16.42930518185,
    -4.261247417962));
#4905 = CARTESIAN_POINT('',(0.184382737656,-15.03739110794,
    -4.771362126154));
#4906 = CARTESIAN_POINT('',(1.09885539507,-15.05264281594,
    -4.736023585999));
#4907 = CARTESIAN_POINT('',(2.904915540267,-15.08314623192,
    -4.124984530138));
#4908 = CARTESIAN_POINT('',(4.681338524862,-15.1289013559,
    -1.881816971164));
#4909 = CARTESIAN_POINT('',(4.951886135646,-15.17465647988,
    0.966506698346));
#4910 = CARTESIAN_POINT('',(3.630070300048,-15.22041160385,
    3.504016548736));
#4911 = CARTESIAN_POINT('',(1.140834058411,-15.26616672783,4.91467165722
    ));
#4912 = CARTESIAN_POINT('',(-1.71527416244,-15.31192185181,
    4.744822118668));
#4913 = CARTESIAN_POINT('',(-4.019770971166,-15.35767697579,
    3.049089312878));
#4914 = CARTESIAN_POINT('',(-5.031552593574,-15.40343209977,
    0.372802569451));
#4915 = CARTESIAN_POINT('',(-4.425241778828,-15.44918722374,
    -2.423373431333));
#4916 = CARTESIAN_POINT('',(-2.395821298995,-15.49494234772,
    -4.440218893015));
#4917 = CARTESIAN_POINT('',(0.404069241453,-15.5406974717,
    -5.029138253449));
#4918 = CARTESIAN_POINT('',(3.074015511638,-15.58645259568,
    -4.000741451208));
#4919 = CARTESIAN_POINT('',(4.755391827231,-15.63220771965,
    -1.685749712611));
#4920 = CARTESIAN_POINT('',(4.90748585372,-15.67796284363,1.171360798405
    ));
#4921 = CARTESIAN_POINT('',(3.481385806184,-15.72371796761,
    3.651774417032));
#4922 = CARTESIAN_POINT('',(0.93570994891,-15.76947309159,4.957817101903
    ));
#4923 = CARTESIAN_POINT('',(-1.910880050624,-15.81522821556,
    4.669479730817));
#4924 = CARTESIAN_POINT('',(-4.1429518097,-15.86098333954,2.879488466204
    ));
#4925 = CARTESIAN_POINT('',(-5.042695327808,-15.90673846352,
    0.163485029779));
#4926 = CARTESIAN_POINT('',(-4.320762875885,-15.9524935875,
    -2.605093413984));
#4927 = CARTESIAN_POINT('',(-2.209320077419,-15.99824871148,
    -4.535902150587));
#4928 = CARTESIAN_POINT('',(0.612616025469,-16.04400383545,
    -5.008014089432));
#4929 = CARTESIAN_POINT('',(3.237541487663,-16.08975895943,
    -3.869603171442));
#4930 = CARTESIAN_POINT('',(4.821308783662,-16.13551408341,
    -1.48676994531));
#4931 = CARTESIAN_POINT('',(4.854595752536,-16.18126920739,
    1.374192263841));
#4932 = CARTESIAN_POINT('',(3.326697012111,-16.22702433136,
    3.793229413013));
#4933 = CARTESIAN_POINT('',(0.728970623628,-16.27277945534,
    4.992404398383));
#4934 = CARTESIAN_POINT('',(-2.103191984121,-16.31853457932,
    4.586079571381));
#4935 = CARTESIAN_POINT('',(-4.258964071669,-16.3642897033,
    2.704909709138));
#4936 = CARTESIAN_POINT('',(-5.045199855706,-16.41004482728,
    -4.608593387849E-02));
#4937 = CARTESIAN_POINT('',(-4.208580218037,-16.45579995125,
    -2.782424162186));
#4938 = CARTESIAN_POINT('',(-2.749475291554,-16.48630336724,
    -4.009711736217));
#4939 = CARTESIAN_POINT('',(-1.910790382663,-16.50155507523,
    -4.375931174774));
#4940 = CARTESIAN_POINT('',(0.189215013165,-15.10964100132,
    -4.896409278836));
#4941 = CARTESIAN_POINT('',(1.127654034689,-15.12489270932,
    -4.86014459145));
#4942 = CARTESIAN_POINT('',(2.981047136966,-15.1553961253,
    -4.233091514415));
#4943 = CARTESIAN_POINT('',(4.80402635232,-15.20115124928,
    -1.931135351931));
#4944 = CARTESIAN_POINT('',(5.081664434861,-15.24690637326,
    0.991836762902));
#4945 = CARTESIAN_POINT('',(3.725206645405,-15.29266149723,
    3.595849296028));
#4946 = CARTESIAN_POINT('',(1.170732868628,-15.33841662121,5.04347464489
    ));
#4947 = CARTESIAN_POINT('',(-1.760227813915,-15.38417174519,
    4.86917371476));
#4948 = CARTESIAN_POINT('',(-4.125120534056,-15.42992686917,
    3.128999394479));
#4949 = CARTESIAN_POINT('',(-5.163418779532,-15.47568199315,
    0.382572924035));
#4950 = CARTESIAN_POINT('',(-4.541217860656,-15.52143711712,
    -2.486884843685));
#4951 = CARTESIAN_POINT('',(-2.458610629139,-15.5671922411,
    -4.556587492835));
#4952 = CARTESIAN_POINT('',(0.414659028351,-15.61294736508,
    -5.160941164737));
#4953 = CARTESIAN_POINT('',(3.154578855369,-15.65870248906,
    -4.105592291254));
#4954 = CARTESIAN_POINT('',(4.880020432682,-15.70445761303,
    -1.729929591673));
#4955 = CARTESIAN_POINT('',(5.036100516915,-15.75021273701,
    1.202059648907));
#4956 = CARTESIAN_POINT('',(3.572625450323,-15.79596786099,
    3.747479580676));
#4957 = CARTESIAN_POINT('',(0.960232896813,-15.84172298497,
    5.087750839004));
#4958 = CARTESIAN_POINT('',(-1.960960112278,-15.88747810895,
    4.791856764756));
#4959 = CARTESIAN_POINT('',(-4.251529677782,-15.93323323292,
    2.954953673908));
#4960 = CARTESIAN_POINT('',(-5.174853540896,-15.9789883569,
    0.167769621252));
#4961 = CARTESIAN_POINT('',(-4.434000790082,-16.02474348088,
    -2.673367316755));
#4962 = CARTESIAN_POINT('',(-2.267221611141,-16.07049860486,
    -4.654778403066));
#4963 = CARTESIAN_POINT('',(0.628671375628,-16.11625372883,
    -5.139263381755));
#4964 = CARTESIAN_POINT('',(3.322390495979,-16.16200885281,
    -3.971017158854));
#4965 = CARTESIAN_POINT('',(4.947664930955,-16.20776397679,
    -1.52573499207));
#4966 = CARTESIAN_POINT('',(4.981824279784,-16.25351910077,
    1.410206891381));
#4967 = CARTESIAN_POINT('',(3.413882595222,-16.29927422474,
    3.892641808263));
#4968 = CARTESIAN_POINT('',(0.748075377882,-16.34502934872,
    5.123244594233));
#4969 = CARTESIAN_POINT('',(-2.158312128475,-16.3907844727,4.70627086628
    ));
#4970 = CARTESIAN_POINT('',(-4.370582371948,-16.43653959668,
    2.775799582605));
#4971 = CARTESIAN_POINT('',(-5.17742370709,-16.48229472066,
    -4.729374721519E-02));
#4972 = CARTESIAN_POINT('',(-4.318878065735,-16.52804984463,
    -2.85534552297));
#4973 = CARTESIAN_POINT('',(-2.821533133211,-16.55855326062,
    -4.114797668165));
#4974 = CARTESIAN_POINT('',(-1.960868094311,-16.57380496861,
    -4.490614931586));
#4975 = CARTESIAN_POINT('',(0.194047288674,-15.1818908947,
    -5.021456431518));
#4976 = CARTESIAN_POINT('',(1.156452674308,-15.1971426027,-4.9842655969)
  );
#4977 = CARTESIAN_POINT('',(3.057178733665,-15.22764601868,
    -4.341198498692));
#4978 = CARTESIAN_POINT('',(4.926714179779,-15.27340114266,
    -1.980453732698));
#4979 = CARTESIAN_POINT('',(5.211442734075,-15.31915626664,
    1.017166827459));
#4980 = CARTESIAN_POINT('',(3.820342990762,-15.36491139062,
    3.687682043321));
#4981 = CARTESIAN_POINT('',(1.200631678846,-15.41066651459,5.17227763256
    ));
#4982 = CARTESIAN_POINT('',(-1.805181465391,-15.45642163857,
    4.993525310853));
#4983 = CARTESIAN_POINT('',(-4.230470096946,-15.50217676255,
    3.20890947608));
#4984 = CARTESIAN_POINT('',(-5.295284965489,-15.54793188653,
    0.392343278619));
#4985 = CARTESIAN_POINT('',(-4.657193942483,-15.5936870105,
    -2.550396256037));
#4986 = CARTESIAN_POINT('',(-2.521399959283,-15.63944213448,
    -4.672956092656));
#4987 = CARTESIAN_POINT('',(0.425248815249,-15.68519725846,
    -5.292744076026));
#4988 = CARTESIAN_POINT('',(3.235142199099,-15.73095238244,-4.2104431313
    ));
#4989 = CARTESIAN_POINT('',(5.004649038133,-15.77670750641,
    -1.774109470736));
#4990 = CARTESIAN_POINT('',(5.16471518011,-15.82246263039,1.23275849941)
  );
#4991 = CARTESIAN_POINT('',(3.663865094463,-15.86821775437,3.84318474432
    ));
#4992 = CARTESIAN_POINT('',(0.984755844716,-15.91397287835,
    5.217684576104));
#4993 = CARTESIAN_POINT('',(-2.011040173931,-15.95972800233,
    4.914233798695));
#4994 = CARTESIAN_POINT('',(-4.360107545864,-16.0054831263,
    3.030418881612));
#4995 = CARTESIAN_POINT('',(-5.307011753984,-16.05123825028,
    0.172054212725));
#4996 = CARTESIAN_POINT('',(-4.547238704279,-16.09699337426,
    -2.741641219527));
#4997 = CARTESIAN_POINT('',(-2.325123144862,-16.14274849824,
    -4.773654655545));
#4998 = CARTESIAN_POINT('',(0.644726725788,-16.18850362221,
    -5.270512674078));
#4999 = CARTESIAN_POINT('',(3.407239504296,-16.23425874619,
    -4.072431146266));
#5000 = CARTESIAN_POINT('',(5.074021078247,-16.28001387017,
    -1.56470003883));
#5001 = CARTESIAN_POINT('',(5.109052807032,-16.32576899415,
    1.446221518921));
#5002 = CARTESIAN_POINT('',(3.501068178332,-16.37152411813,
    3.992054203513));
#5003 = CARTESIAN_POINT('',(0.767180132135,-16.4172792421,5.254084790083
    ));
#5004 = CARTESIAN_POINT('',(-2.213432272829,-16.46303436608,
    4.826462161179));
#5005 = CARTESIAN_POINT('',(-4.482200672227,-16.50878949006,
    2.846689456072));
#5006 = CARTESIAN_POINT('',(-5.309647558474,-16.55454461404,
    -4.850156055189E-02));
#5007 = CARTESIAN_POINT('',(-4.429175913432,-16.60029973801,
    -2.928266883755));
#5008 = CARTESIAN_POINT('',(-2.893590974869,-16.630803154,
    -4.219883600113));
#5009 = CARTESIAN_POINT('',(-2.01094580596,-16.64605486199,
    -4.605298688399));
#5010 = DEFINITIONAL_REPRESENTATION('',(#5011),#5014);
#5011 = B_SPLINE_CURVE_WITH_KNOTS('',1,(#5012,#5013),.UNSPECIFIED.,.F.,
  .F.,(2,2),(0.,1.),.PIECEWISE_BEZIER_KNOTS.);
#5012 = CARTESIAN_POINT('',(2.112780420522E-03,-4.532714216276E-06));
#5013 = CARTESIAN_POINT('',(2.100289071243E-03,1.000004316034));
#5014 = ( GEOMETRIC_REPRESENTATION_CONTEXT(2) 
PARAMETRIC_REPRESENTATION_CONTEXT() REPRESENTATION_CONTEXT('2D SPACE',''
  ) );
#5015 = ADVANCED_FACE('',(#5016),#3402,.F.);
#5016 = FACE_BOUND('',#5017,.F.);
#5017 = EDGE_LOOP('',(#5018,#5019,#5020,#5043,#5508));
#5018 = ORIENTED_EDGE('',*,*,#3253,.T.);
#5019 = ORIENTED_EDGE('',*,*,#3524,.T.);
#5020 = ORIENTED_EDGE('',*,*,#5021,.F.);
#5021 = EDGE_CURVE('',#5022,#3525,#5024,.T.);
#5022 = VERTEX_POINT('',#5023);
#5023 = CARTESIAN_POINT('',(-4.998964812729,-15.53764617092,
    0.101738886849));
#5024 = SURFACE_CURVE('',#5025,(#5029,#5036),.PCURVE_S1.);
#5025 = LINE('',#5026,#5027);
#5026 = CARTESIAN_POINT('',(-4.998964812729,-15.53764617092,
    0.101738886849));
#5027 = VECTOR('',#5028,1.);
#5028 = DIRECTION('',(0.,-1.,0.));
#5029 = PCURVE('',#3402,#5030);
#5030 = DEFINITIONAL_REPRESENTATION('',(#5031),#5035);
#5031 = LINE('',#5032,#5033);
#5032 = CARTESIAN_POINT('',(6.28318530718,1.754853829072));
#5033 = VECTOR('',#5034,1.);
#5034 = DIRECTION('',(0.,-1.));
#5035 = ( GEOMETRIC_REPRESENTATION_CONTEXT(2) 
PARAMETRIC_REPRESENTATION_CONTEXT() REPRESENTATION_CONTEXT('2D SPACE',''
  ) );
#5036 = PCURVE('',#3939,#5037);
#5037 = DEFINITIONAL_REPRESENTATION('',(#5038),#5042);
#5038 = LINE('',#5039,#5040);
#5039 = CARTESIAN_POINT('',(0.,1.754853829072));
#5040 = VECTOR('',#5041,1.);
#5041 = DIRECTION('',(0.,-1.));
#5042 = ( GEOMETRIC_REPRESENTATION_CONTEXT(2) 
PARAMETRIC_REPRESENTATION_CONTEXT() REPRESENTATION_CONTEXT('2D SPACE',''
  ) );
#5043 = ORIENTED_EDGE('',*,*,#5044,.T.);
#5044 = EDGE_CURVE('',#5022,#5045,#5047,.T.);
#5045 = VERTEX_POINT('',#5046);
#5046 = CARTESIAN_POINT('',(-4.998964812729,-16.03764617092,
    0.101738886849));
#5047 = SURFACE_CURVE('',#5048,(#5098,#5303),.PCURVE_S1.);
#5048 = B_SPLINE_CURVE_WITH_KNOTS('',3,(#5049,#5050,#5051,#5052,#5053,
    #5054,#5055,#5056,#5057,#5058,#5059,#5060,#5061,#5062,#5063,#5064,
    #5065,#5066,#5067,#5068,#5069,#5070,#5071,#5072,#5073,#5074,#5075,
    #5076,#5077,#5078,#5079,#5080,#5081,#5082,#5083,#5084,#5085,#5086,
    #5087,#5088,#5089,#5090,#5091,#5092,#5093,#5094,#5095,#5096,#5097),
  .UNSPECIFIED.,.F.,.F.,(4,1,1,1,1,1,1,1,1,1,1,1,1,1,1,1,1,1,1,1,1,1,1,1
    ,1,1,1,1,1,1,1,1,1,1,1,1,1,1,1,1,1,1,1,1,1,1,4),(0.,
    4.347826086957E-02,8.695652173913E-02,0.130434782609,0.173913043478,
    0.217391304348,0.260869565217,0.304347826087,0.347826086957,
    0.391304347826,0.434782608696,0.478260869565,0.521739130435,
    0.565217391304,0.608695652174,0.652173913044,0.695652173913,
    0.739130434783,0.782608695652,0.826086956522,0.869565217391,
    0.913043478261,0.95652173913,1.,1.043452791366,1.086905582732,
    1.130358374098,1.173811165464,1.21726395683,1.260716748197,
    1.304169539563,1.347622330929,1.391075122295,1.434527913661,
    1.477980705027,1.521433496393,1.564886287759,1.608339079125,
    1.651791870491,1.695244661857,1.738697453224,1.78215024459,
    1.825603035956,1.869055827322,1.912508618688,1.955961410054,
    1.99941420142),.UNSPECIFIED.);
#5049 = CARTESIAN_POINT('',(-4.998964812729,-15.53764617092,
    0.101738886849));
#5050 = CARTESIAN_POINT('',(-5.003585879816,-15.54126064761,
    -0.125318362158));
#5051 = CARTESIAN_POINT('',(-4.981880434416,-15.54848960022,
    -0.580068045691));
#5052 = CARTESIAN_POINT('',(-4.856599117063,-15.55935056623,
    -1.252498095641));
#5053 = CARTESIAN_POINT('',(-4.641777102402,-15.57017645114,
    -1.899556538096));
#5054 = CARTESIAN_POINT('',(-4.341329587436,-15.58100284812,
    -2.511613277872));
#5055 = CARTESIAN_POINT('',(-3.959391225996,-15.5918592279,
    -3.078689002767));
#5056 = CARTESIAN_POINT('',(-3.505367709331,-15.60268233083,
    -3.587096544684));
#5057 = CARTESIAN_POINT('',(-2.986243145127,-15.61351200729,
    -4.029404007263));
#5058 = CARTESIAN_POINT('',(-2.41428285608,-15.62430111524,
    -4.396225994179));
#5059 = CARTESIAN_POINT('',(-1.788729553097,-15.63524892817,
    -4.686155331256));
#5060 = CARTESIAN_POINT('',(-1.125526850608,-15.6462558181,
    -4.888116178166));
#5061 = CARTESIAN_POINT('',(-0.442566949251,-15.65723459381,
    -4.995970287656));
#5062 = CARTESIAN_POINT('',(0.236244355146,-15.6680151527,
    -5.009883338962));
#5063 = CARTESIAN_POINT('',(0.920626461627,-15.67895467759,
    -4.930726781549));
#5064 = CARTESIAN_POINT('',(1.59079745928,-15.68994690796,
    -4.756951557653));
#5065 = CARTESIAN_POINT('',(2.2274129285,-15.70088464803,-4.493822225795
    ));
#5066 = CARTESIAN_POINT('',(2.814903815649,-15.71168647922,
    -4.150865289437));
#5067 = CARTESIAN_POINT('',(3.351570491973,-15.72250267136,
    -3.73136125104));
#5068 = CARTESIAN_POINT('',(3.830360289564,-15.73341696519,
    -3.238158108723));
#5069 = CARTESIAN_POINT('',(4.235646120884,-15.74429374327,
    -2.685915945401));
#5070 = CARTESIAN_POINT('',(4.560684153448,-15.75511373446,
    -2.087006486749));
#5071 = CARTESIAN_POINT('',(4.802504299601,-15.76598983915,
    -1.446170391677));
#5072 = CARTESIAN_POINT('',(4.954070593366,-15.77680585907,
    -0.782067009823));
#5073 = CARTESIAN_POINT('',(5.014424402253,-15.78764113056,
    -0.102379039468));
#5074 = CARTESIAN_POINT('',(4.98200161192,-15.79849182037,0.580218629993
    ));
#5075 = CARTESIAN_POINT('',(4.855568133783,-15.80943246016,
    1.257569123614));
#5076 = CARTESIAN_POINT('',(4.638474564807,-15.82031149181,
    1.907400010481));
#5077 = CARTESIAN_POINT('',(4.33919307667,-15.83106780054,2.515106819352
    ));
#5078 = CARTESIAN_POINT('',(3.954900722602,-15.84198312486,
    3.085074088424));
#5079 = CARTESIAN_POINT('',(3.492536130798,-15.85297469531,3.60034091913
    ));
#5080 = CARTESIAN_POINT('',(2.96391822572,-15.86395443853,4.046123742825
    ));
#5081 = CARTESIAN_POINT('',(2.390020454136,-15.8747381798,4.40927939899)
  );
#5082 = CARTESIAN_POINT('',(1.76640011482,-15.88562698667,4.694485313647
    ));
#5083 = CARTESIAN_POINT('',(1.104183528429,-15.89660280171,
    4.892852888881));
#5084 = CARTESIAN_POINT('',(0.423179895489,-15.90754322351,
    4.997674575453));
#5085 = CARTESIAN_POINT('',(-0.256698878266,-15.91834027638,
    5.008711394448));
#5086 = CARTESIAN_POINT('',(-0.931859525323,-15.92913724335,
    4.928159346486));
#5087 = CARTESIAN_POINT('',(-1.59508267526,-15.94001982217,
    4.755291259531));
#5088 = CARTESIAN_POINT('',(-2.22838157093,-15.95090291415,4.49320521071
    ));
#5089 = CARTESIAN_POINT('',(-2.81552906777,-15.96169654226,
    4.150640581563));
#5090 = CARTESIAN_POINT('',(-3.354840863993,-15.97257377838,
    3.728304729291));
#5091 = CARTESIAN_POINT('',(-3.828205726621,-15.98336971465,
    3.240222831563));
#5092 = CARTESIAN_POINT('',(-4.232634852376,-15.99420563943,
    2.690595557994));
#5093 = CARTESIAN_POINT('',(-4.558395039349,-16.00502385363,
    2.09218954016));
#5094 = CARTESIAN_POINT('',(-4.802270991862,-16.01596354097,
    1.447831063666));
#5095 = CARTESIAN_POINT('',(-4.954610187804,-16.02685298982,0.7791412426
    ));
#5096 = CARTESIAN_POINT('',(-4.994375506007,-16.03405653636,
    0.327235582639));
#5097 = CARTESIAN_POINT('',(-4.998964812729,-16.03764617092,
    0.101738886849));
#5098 = PCURVE('',#3402,#5099);
#5099 = DEFINITIONAL_REPRESENTATION('',(#5100),#5302);
#5100 = B_SPLINE_CURVE_WITH_KNOTS('',3,(#5101,#5102,#5103,#5104,#5105,
    #5106,#5107,#5108,#5109,#5110,#5111,#5112,#5113,#5114,#5115,#5116,
    #5117,#5118,#5119,#5120,#5121,#5122,#5123,#5124,#5125,#5126,#5127,
    #5128,#5129,#5130,#5131,#5132,#5133,#5134,#5135,#5136,#5137,#5138,
    #5139,#5140,#5141,#5142,#5143,#5144,#5145,#5146,#5147,#5148,#5149,
    #5150,#5151,#5152,#5153,#5154,#5155,#5156,#5157,#5158,#5159,#5160,
    #5161,#5162,#5163,#5164,#5165,#5166,#5167,#5168,#5169,#5170,#5171,
    #5172,#5173,#5174,#5175,#5176,#5177,#5178,#5179,#5180,#5181,#5182,
    #5183,#5184,#5185,#5186,#5187,#5188,#5189,#5190,#5191,#5192,#5193,
    #5194,#5195,#5196,#5197,#5198,#5199,#5200,#5201,#5202,#5203,#5204,
    #5205,#5206,#5207,#5208,#5209,#5210,#5211,#5212,#5213,#5214,#5215,
    #5216,#5217,#5218,#5219,#5220,#5221,#5222,#5223,#5224,#5225,#5226,
    #5227,#5228,#5229,#5230,#5231,#5232,#5233,#5234,#5235,#5236,#5237,
    #5238,#5239,#5240,#5241,#5242,#5243,#5244,#5245,#5246,#5247,#5248,
    #5249,#5250,#5251,#5252,#5253,#5254,#5255,#5256,#5257,#5258,#5259,
    #5260,#5261,#5262,#5263,#5264,#5265,#5266,#5267,#5268,#5269,#5270,
    #5271,#5272,#5273,#5274,#5275,#5276,#5277,#5278,#5279,#5280,#5281,
    #5282,#5283,#5284,#5285,#5286,#5287,#5288,#5289,#5290,#5291,#5292,
    #5293,#5294,#5295,#5296,#5297,#5298,#5299,#5300,#5301),
  .UNSPECIFIED.,.F.,.F.,(4,1,1,1,1,1,1,1,1,1,1,1,1,1,1,1,1,1,1,1,1,1,1,1
    ,1,1,1,1,1,1,1,1,1,1,1,1,1,1,1,1,1,1,1,1,1,1,1,1,1,1,1,1,1,1,1,1,1,1
    ,1,1,1,1,1,1,1,1,1,1,1,1,1,1,1,1,1,1,1,1,1,1,1,1,1,1,1,1,1,1,1,1,1,1
    ,1,1,1,1,1,1,1,1,1,1,1,1,1,1,1,1,1,1,1,1,1,1,1,1,1,1,1,1,1,1,1,1,1,1
    ,1,1,1,1,1,1,1,1,1,1,1,1,1,1,1,1,1,1,1,1,1,1,1,1,1,1,1,1,1,1,1,1,1,1
    ,1,1,1,1,1,1,1,1,1,1,1,1,1,1,1,1,1,1,1,1,1,1,1,1,1,1,1,1,1,1,1,1,1,1
    ,1,1,1,1,4),(0.,1.009805152232E-02,2.019610304465E-02,
    3.029415456697E-02,4.03922060893E-02,5.049025761162E-02,
    6.058830913395E-02,7.068636065627E-02,8.078441217859E-02,
    9.088246370092E-02,0.100980515223,0.111078566746,0.121176618268,
    0.13127466979,0.141372721313,0.151470772835,0.161568824357,
    0.17166687588,0.181764927402,0.191862978924,0.201961030446,
    0.212059081969,0.222157133491,0.232255185013,0.242353236536,
    0.252451288058,0.26254933958,0.272647391103,0.282745442625,
    0.292843494147,0.30294154567,0.313039597192,0.323137648714,
    0.333235700237,0.343333751759,0.353431803281,0.363529854804,
    0.373627906326,0.383725957848,0.393824009371,0.403922060893,
    0.414020112415,0.424118163938,0.43421621546,0.444314266982,
    0.454412318505,0.464510370027,0.474608421549,0.484706473072,
    0.494804524594,0.504902576116,0.515000627639,0.525098679161,
    0.535196730683,0.545294782206,0.555392833728,0.56549088525,
    0.575588936772,0.585686988295,0.595785039817,0.605883091339,
    0.615981142862,0.626079194384,0.636177245906,0.646275297429,
    0.656373348951,0.666471400473,0.676569451996,0.686667503518,
    0.69676555504,0.706863606563,0.716961658085,0.727059709607,
    0.73715776113,0.747255812652,0.757353864174,0.767451915697,
    0.777549967219,0.787648018741,0.797746070264,0.807844121786,
    0.817942173308,0.828040224831,0.838138276353,0.848236327875,
    0.858334379398,0.86843243092,0.878530482442,0.888628533965,
    0.898726585487,0.908824637009,0.918922688532,0.929020740054,
    0.939118791576,0.949216843098,0.959314894621,0.969412946143,
    0.979510997665,0.989609049188,0.99970710071,1.009805152232,
    1.019903203755,1.030001255277,1.040099306799,1.050197358322,
    1.060295409844,1.070393461366,1.080491512889,1.090589564411,
    1.100687615933,1.110785667456,1.120883718978,1.1309817705,
    1.141079822023,1.151177873545,1.161275925067,1.17137397659,
    1.181472028112,1.191570079634,1.201668131157,1.211766182679,
    1.221864234201,1.231962285724,1.242060337246,1.252158388768,
    1.262256440291,1.272354491813,1.282452543335,1.292550594858,
    1.30264864638,1.312746697902,1.322844749424,1.332942800947,
    1.343040852469,1.353138903991,1.363236955514,1.373335007036,
    1.383433058558,1.393531110081,1.403629161603,1.413727213125,
    1.423825264648,1.43392331617,1.444021367692,1.454119419215,
    1.464217470737,1.474315522259,1.484413573782,1.494511625304,
    1.504609676826,1.514707728349,1.524805779871,1.534903831393,
    1.545001882916,1.555099934438,1.56519798596,1.575296037483,
    1.585394089005,1.595492140527,1.60559019205,1.615688243572,
    1.625786295094,1.635884346617,1.645982398139,1.656080449661,
    1.666178501183,1.676276552706,1.686374604228,1.69647265575,
    1.706570707273,1.716668758795,1.726766810317,1.73686486184,
    1.746962913362,1.757060964884,1.767159016407,1.777257067929,
    1.787355119451,1.797453170974,1.807551222496,1.817649274018,
    1.827747325541,1.837845377063,1.847943428585,1.858041480108,
    1.86813953163,1.878237583152,1.888335634675,1.898433686197,
    1.908531737719,1.918629789242,1.928727840764,1.938825892286,
    1.948923943809,1.959021995331,1.969120046853,1.979218098376,
    1.989316149898,1.99941420142),.QUASI_UNIFORM_KNOTS.);
#5101 = CARTESIAN_POINT('',(6.28318530718,1.754853829072));
#5102 = CARTESIAN_POINT('',(6.272636077843,1.754014348121));
#5103 = CARTESIAN_POINT('',(6.251537557861,1.752335386011));
#5104 = CARTESIAN_POINT('',(6.219886991951,1.749816724716));
#5105 = CARTESIAN_POINT('',(6.188230949568,1.747297618864));
#5106 = CARTESIAN_POINT('',(6.156567049998,1.74477787322));
#5107 = CARTESIAN_POINT('',(6.12489123762,1.74225717671));
#5108 = CARTESIAN_POINT('',(6.093208463043,1.739735944714));
#5109 = CARTESIAN_POINT('',(6.061527926505,1.7372149012));
#5110 = CARTESIAN_POINT('',(6.029857638512,1.734694665163));
#5111 = CARTESIAN_POINT('',(5.998207290286,1.732175991992));
#5112 = CARTESIAN_POINT('',(5.966579798348,1.729659131531));
#5113 = CARTESIAN_POINT('',(5.934967765377,1.727143518968));
#5114 = CARTESIAN_POINT('',(5.903365959344,1.724628740502));
#5115 = CARTESIAN_POINT('',(5.871768736236,1.722114340601));
#5116 = CARTESIAN_POINT('',(5.840170719733,1.719599879674));
#5117 = CARTESIAN_POINT('',(5.808567533018,1.717084993409));
#5118 = CARTESIAN_POINT('',(5.776954556522,1.714569304204));
#5119 = CARTESIAN_POINT('',(5.745327497674,1.712052471446));
#5120 = CARTESIAN_POINT('',(5.713680088562,1.709534019859));
#5121 = CARTESIAN_POINT('',(5.682019211427,1.707014522004));
#5122 = CARTESIAN_POINT('',(5.650355723148,1.704494834275));
#5123 = CARTESIAN_POINT('',(5.618699192923,1.701975701015));
#5124 = CARTESIAN_POINT('',(5.587061299025,1.699458043717));
#5125 = CARTESIAN_POINT('',(5.555444295835,1.696942051527));
#5126 = CARTESIAN_POINT('',(5.523840245368,1.69442708918));
#5127 = CARTESIAN_POINT('',(5.492243549324,1.691912703215));
#5128 = CARTESIAN_POINT('',(5.460647493572,1.689398347168));
#5129 = CARTESIAN_POINT('',(5.429047586622,1.686883669798));
#5130 = CARTESIAN_POINT('',(5.397451737466,1.684369341169));
#5131 = CARTESIAN_POINT('',(5.365867268523,1.681855944514));
#5132 = CARTESIAN_POINT('',(5.334301132076,1.679344020532));
#5133 = CARTESIAN_POINT('',(5.302763470487,1.676834366883));
#5134 = CARTESIAN_POINT('',(5.271227610228,1.67432482723));
#5135 = CARTESIAN_POINT('',(5.239660695383,1.671812789711));
#5136 = CARTESIAN_POINT('',(5.208032652177,1.669295886955));
#5137 = CARTESIAN_POINT('',(5.176306432913,1.666771220821));
#5138 = CARTESIAN_POINT('',(5.144477560914,1.664238412383));
#5139 = CARTESIAN_POINT('',(5.112566914035,1.661699058018));
#5140 = CARTESIAN_POINT('',(5.080589224156,1.659154310525));
#5141 = CARTESIAN_POINT('',(5.048560014624,1.656605451416));
#5142 = CARTESIAN_POINT('',(5.016493344541,1.654053688504));
#5143 = CARTESIAN_POINT('',(4.984403470621,1.651500101404));
#5144 = CARTESIAN_POINT('',(4.95230475136,1.648945783916));
#5145 = CARTESIAN_POINT('',(4.920211506805,1.646391835432));
#5146 = CARTESIAN_POINT('',(4.888137046845,1.643839318796));
#5147 = CARTESIAN_POINT('',(4.856105845276,1.64129031103));
#5148 = CARTESIAN_POINT('',(4.824145186441,1.638747004926));
#5149 = CARTESIAN_POINT('',(4.792279963711,1.636211338805));
#5150 = CARTESIAN_POINT('',(4.760547047305,1.633686153294));
#5151 = CARTESIAN_POINT('',(4.728918666256,1.631169216274));
#5152 = CARTESIAN_POINT('',(4.697331018436,1.628655507753));
#5153 = CARTESIAN_POINT('',(4.665730335967,1.626140802805));
#5154 = CARTESIAN_POINT('',(4.634054240826,1.623620171512));
#5155 = CARTESIAN_POINT('',(4.602269528442,1.621090922659));
#5156 = CARTESIAN_POINT('',(4.57040174541,1.61855500304));
#5157 = CARTESIAN_POINT('',(4.538465957667,1.616013579029));
#5158 = CARTESIAN_POINT('',(4.506479074843,1.613468025991));
#5159 = CARTESIAN_POINT('',(4.474456055001,1.610919663748));
#5160 = CARTESIAN_POINT('',(4.442413795289,1.608369838003));
#5161 = CARTESIAN_POINT('',(4.410369719366,1.605819893293));
#5162 = CARTESIAN_POINT('',(4.378341173807,1.603271163724));
#5163 = CARTESIAN_POINT('',(4.346345974799,1.600725026297));
#5164 = CARTESIAN_POINT('',(4.314396962886,1.598182575582));
#5165 = CARTESIAN_POINT('',(4.282506518259,1.595644830573));
#5166 = CARTESIAN_POINT('',(4.250686930678,1.593112747981));
#5167 = CARTESIAN_POINT('',(4.21895501082,1.590587602241));
#5168 = CARTESIAN_POINT('',(4.187309080764,1.588069250414));
#5169 = CARTESIAN_POINT('',(4.155720689641,1.585555497542));
#5170 = CARTESIAN_POINT('',(4.124166950316,1.58304454908));
#5171 = CARTESIAN_POINT('',(4.09262369749,1.580534482302));
#5172 = CARTESIAN_POINT('',(4.061068796355,1.578023487913));
#5173 = CARTESIAN_POINT('',(4.029490278332,1.575510567326));
#5174 = CARTESIAN_POINT('',(3.9978746485,1.572994642266));
#5175 = CARTESIAN_POINT('',(3.966209233271,1.570474729587));
#5176 = CARTESIAN_POINT('',(3.934476954598,1.567949545315));
#5177 = CARTESIAN_POINT('',(3.902693655654,1.565420345411));
#5178 = CARTESIAN_POINT('',(3.870882872944,1.562888951962));
#5179 = CARTESIAN_POINT('',(3.839065562239,1.560356994604));
#5180 = CARTESIAN_POINT('',(3.807265123746,1.557826327135));
#5181 = CARTESIAN_POINT('',(3.775492913348,1.555297918007));
#5182 = CARTESIAN_POINT('',(3.743749661963,1.552771867442));
#5183 = CARTESIAN_POINT('',(3.712038732754,1.550248437976));
#5184 = CARTESIAN_POINT('',(3.680364289516,1.547727927866));
#5185 = CARTESIAN_POINT('',(3.648726637697,1.545210318186));
#5186 = CARTESIAN_POINT('',(3.617106317727,1.542694056301));
#5187 = CARTESIAN_POINT('',(3.585485796643,1.540177753777));
#5188 = CARTESIAN_POINT('',(3.553847531471,1.537660030208));
#5189 = CARTESIAN_POINT('',(3.52217142254,1.535139308868));
#5190 = CARTESIAN_POINT('',(3.490472493976,1.532616798893));
#5191 = CARTESIAN_POINT('',(3.458770330568,1.530094038711));
#5192 = CARTESIAN_POINT('',(3.427082446792,1.527572396111));
#5193 = CARTESIAN_POINT('',(3.395430585111,1.525053596187));
#5194 = CARTESIAN_POINT('',(3.363814128011,1.522537616766));
#5195 = CARTESIAN_POINT('',(3.332217268448,1.520023214019));
#5196 = CARTESIAN_POINT('',(3.300628110784,1.517509443186));
#5197 = CARTESIAN_POINT('',(3.26903300751,1.51499520431));
#5198 = CARTESIAN_POINT('',(3.237422657057,1.512479741759));
#5199 = CARTESIAN_POINT('',(3.205798939465,1.50996321006));
#5200 = CARTESIAN_POINT('',(3.174162144215,1.507445629552));
#5201 = CARTESIAN_POINT('',(3.14251284569,1.504927051602));
#5202 = CARTESIAN_POINT('',(3.110851491593,1.502407537645));
#5203 = CARTESIAN_POINT('',(3.079167068597,1.499886177507));
#5204 = CARTESIAN_POINT('',(3.047447623054,1.497362008549));
#5205 = CARTESIAN_POINT('',(3.015682306354,1.494834178175));
#5206 = CARTESIAN_POINT('',(2.983854920377,1.492301446068));
#5207 = CARTESIAN_POINT('',(2.95197866141,1.489764866177));
#5208 = CARTESIAN_POINT('',(2.920081117732,1.487226579618));
#5209 = CARTESIAN_POINT('',(2.888186073946,1.484688435434));
#5210 = CARTESIAN_POINT('',(2.856319393546,1.482152468695));
#5211 = CARTESIAN_POINT('',(2.824499291946,1.479620206029));
#5212 = CARTESIAN_POINT('',(2.792732802803,1.477092294025));
#5213 = CARTESIAN_POINT('',(2.761029847362,1.474569519514));
#5214 = CARTESIAN_POINT('',(2.729401218055,1.472052690695));
#5215 = CARTESIAN_POINT('',(2.697855325004,1.469542389042));
#5216 = CARTESIAN_POINT('',(2.666345964057,1.467034935508));
#5217 = CARTESIAN_POINT('',(2.63482834044,1.464526803349));
#5218 = CARTESIAN_POINT('',(2.603258772698,1.462014562899));
#5219 = CARTESIAN_POINT('',(2.571586849077,1.459494243872));
#5220 = CARTESIAN_POINT('',(2.539814537676,1.456965938886));
#5221 = CARTESIAN_POINT('',(2.507958582338,1.454430922595));
#5222 = CARTESIAN_POINT('',(2.476031388849,1.451890172212));
#5223 = CARTESIAN_POINT('',(2.44404511291,1.449344737005));
#5224 = CARTESIAN_POINT('',(2.412012341762,1.446795681746));
#5225 = CARTESIAN_POINT('',(2.379947920425,1.444244117254));
#5226 = CARTESIAN_POINT('',(2.34786640068,1.441691156905));
#5227 = CARTESIAN_POINT('',(2.315781632657,1.43913786854));
#5228 = CARTESIAN_POINT('',(2.283708809514,1.436585503865));
#5229 = CARTESIAN_POINT('',(2.251676674049,1.434036453772));
#5230 = CARTESIAN_POINT('',(2.219714486495,1.431493037602));
#5231 = CARTESIAN_POINT('',(2.187850592461,1.428957455966));
#5232 = CARTESIAN_POINT('',(2.156120613243,1.426432455946));
#5233 = CARTESIAN_POINT('',(2.124485773982,1.423914985519));
#5234 = CARTESIAN_POINT('',(2.092895072646,1.421401049018));
#5235 = CARTESIAN_POINT('',(2.061302559168,1.418887030712));
#5236 = CARTESIAN_POINT('',(2.029655317594,1.41636871797));
#5237 = CARTESIAN_POINT('',(1.997934809565,1.413844558833));
#5238 = CARTESIAN_POINT('',(1.966149269653,1.411315151735));
#5239 = CARTESIAN_POINT('',(1.934300586389,1.408780640633));
#5240 = CARTESIAN_POINT('',(1.902390288304,1.406241211038));
#5241 = CARTESIAN_POINT('',(1.870423296658,1.403697355567));
#5242 = CARTESIAN_POINT('',(1.838421109064,1.401150737809));
#5243 = CARTESIAN_POINT('',(1.806403203362,1.398602860351));
#5244 = CARTESIAN_POINT('',(1.774389473206,1.39605526642));
#5245 = CARTESIAN_POINT('',(1.742399194638,1.393509497683));
#5246 = CARTESIAN_POINT('',(1.710448346495,1.390966910973));
#5247 = CARTESIAN_POINT('',(1.678554157935,1.388428883597));
#5248 = CARTESIAN_POINT('',(1.646732959174,1.385896680407));
#5249 = CARTESIAN_POINT('',(1.615006990202,1.38337199555));
#5250 = CARTESIAN_POINT('',(1.583366800965,1.380854103221));
#5251 = CARTESIAN_POINT('',(1.551785865082,1.378340954704));
#5252 = CARTESIAN_POINT('',(1.520242350367,1.375830831842));
#5253 = CARTESIAN_POINT('',(1.488712997191,1.373321866371));
#5254 = CARTESIAN_POINT('',(1.457178731124,1.370812486811));
#5255 = CARTESIAN_POINT('',(1.425627194475,1.368301692495));
#5256 = CARTESIAN_POINT('',(1.394044549481,1.36578839075));
#5257 = CARTESIAN_POINT('',(1.36241676145,1.36327149966));
#5258 = CARTESIAN_POINT('',(1.33073010172,1.360749986344));
#5259 = CARTESIAN_POINT('',(1.298999110686,1.358224959042));
#5260 = CARTESIAN_POINT('',(1.267237672841,1.355697474698));
#5261 = CARTESIAN_POINT('',(1.235459583783,1.353168605463));
#5262 = CARTESIAN_POINT('',(1.203677938928,1.350639413957));
#5263 = CARTESIAN_POINT('',(1.171905664423,1.348111009313));
#5264 = CARTESIAN_POINT('',(1.140156977019,1.345584545536));
#5265 = CARTESIAN_POINT('',(1.108445321592,1.343061071758));
#5266 = CARTESIAN_POINT('',(1.076789147759,1.340542012967));
#5267 = CARTESIAN_POINT('',(1.045186034832,1.338027142717));
#5268 = CARTESIAN_POINT('',(1.013604152689,1.335513929111));
#5269 = CARTESIAN_POINT('',(0.982017547414,1.33300032202));
#5270 = CARTESIAN_POINT('',(0.950397084205,1.330484021065));
#5271 = CARTESIAN_POINT('',(0.918720274042,1.327963252721));
#5272 = CARTESIAN_POINT('',(0.887016221284,1.325440340905));
#5273 = CARTESIAN_POINT('',(0.855310654792,1.322917306631));
#5274 = CARTESIAN_POINT('',(0.823629148472,1.320396159947));
#5275 = CARTESIAN_POINT('',(0.792001130732,1.317879257668));
#5276 = CARTESIAN_POINT('',(0.760413884561,1.315365610756));
#5277 = CARTESIAN_POINT('',(0.72884628047,1.312853544615));
#5278 = CARTESIAN_POINT('',(0.69728041796,1.310341634789));
#5279 = CARTESIAN_POINT('',(0.665694491213,1.307828120345));
#5280 = CARTESIAN_POINT('',(0.634084066444,1.305312643731));
#5281 = CARTESIAN_POINT('',(0.602460971801,1.302796157863));
#5282 = CARTESIAN_POINT('',(0.570833264982,1.300279297938));
#5283 = CARTESIAN_POINT('',(0.539211502416,1.297762915155));
#5284 = CARTESIAN_POINT('',(0.507599010852,1.295247290764));
#5285 = CARTESIAN_POINT('',(0.475971582905,1.292730461449));
#5286 = CARTESIAN_POINT('',(0.444307819324,1.290210725765));
#5287 = CARTESIAN_POINT('',(0.412585992841,1.287686371885));
#5288 = CARTESIAN_POINT('',(0.38078136325,1.285155467647));
#5289 = CARTESIAN_POINT('',(0.348917994983,1.282619905782));
#5290 = CARTESIAN_POINT('',(0.317024584176,1.280081923289));
#5291 = CARTESIAN_POINT('',(0.285127732248,1.277543606887));
#5292 = CARTESIAN_POINT('',(0.253256640992,1.275007303063));
#5293 = CARTESIAN_POINT('',(0.221423814012,1.272474084241));
#5294 = CARTESIAN_POINT('',(0.189632560074,1.269944233165));
#5295 = CARTESIAN_POINT('',(0.157888851395,1.267418204136));
#5296 = CARTESIAN_POINT('',(0.126199142442,1.264896449264));
#5297 = CARTESIAN_POINT('',(9.456720378874E-02,1.262379242069));
#5298 = CARTESIAN_POINT('',(6.298977010585E-02,1.25986638092));
#5299 = CARTESIAN_POINT('',(3.146516147681E-02,1.257357740094));
#5300 = CARTESIAN_POINT('',(1.048288245863E-02,1.255688028986));
#5301 = CARTESIAN_POINT('',(-8.881784197001E-16,1.254853829072));
#5302 = ( GEOMETRIC_REPRESENTATION_CONTEXT(2) 
PARAMETRIC_REPRESENTATION_CONTEXT() REPRESENTATION_CONTEXT('2D SPACE',''
  ) );
#5303 = PCURVE('',#4869,#5304);
#5304 = DEFINITIONAL_REPRESENTATION('',(#5305),#5507);
#5305 = B_SPLINE_CURVE_WITH_KNOTS('',3,(#5306,#5307,#5308,#5309,#5310,
    #5311,#5312,#5313,#5314,#5315,#5316,#5317,#5318,#5319,#5320,#5321,
    #5322,#5323,#5324,#5325,#5326,#5327,#5328,#5329,#5330,#5331,#5332,
    #5333,#5334,#5335,#5336,#5337,#5338,#5339,#5340,#5341,#5342,#5343,
    #5344,#5345,#5346,#5347,#5348,#5349,#5350,#5351,#5352,#5353,#5354,
    #5355,#5356,#5357,#5358,#5359,#5360,#5361,#5362,#5363,#5364,#5365,
    #5366,#5367,#5368,#5369,#5370,#5371,#5372,#5373,#5374,#5375,#5376,
    #5377,#5378,#5379,#5380,#5381,#5382,#5383,#5384,#5385,#5386,#5387,
    #5388,#5389,#5390,#5391,#5392,#5393,#5394,#5395,#5396,#5397,#5398,
    #5399,#5400,#5401,#5402,#5403,#5404,#5405,#5406,#5407,#5408,#5409,
    #5410,#5411,#5412,#5413,#5414,#5415,#5416,#5417,#5418,#5419,#5420,
    #5421,#5422,#5423,#5424,#5425,#5426,#5427,#5428,#5429,#5430,#5431,
    #5432,#5433,#5434,#5435,#5436,#5437,#5438,#5439,#5440,#5441,#5442,
    #5443,#5444,#5445,#5446,#5447,#5448,#5449,#5450,#5451,#5452,#5453,
    #5454,#5455,#5456,#5457,#5458,#5459,#5460,#5461,#5462,#5463,#5464,
    #5465,#5466,#5467,#5468,#5469,#5470,#5471,#5472,#5473,#5474,#5475,
    #5476,#5477,#5478,#5479,#5480,#5481,#5482,#5483,#5484,#5485,#5486,
    #5487,#5488,#5489,#5490,#5491,#5492,#5493,#5494,#5495,#5496,#5497,
    #5498,#5499,#5500,#5501,#5502,#5503,#5504,#5505,#5506),
  .UNSPECIFIED.,.F.,.F.,(4,1,1,1,1,1,1,1,1,1,1,1,1,1,1,1,1,1,1,1,1,1,1,1
    ,1,1,1,1,1,1,1,1,1,1,1,1,1,1,1,1,1,1,1,1,1,1,1,1,1,1,1,1,1,1,1,1,1,1
    ,1,1,1,1,1,1,1,1,1,1,1,1,1,1,1,1,1,1,1,1,1,1,1,1,1,1,1,1,1,1,1,1,1,1
    ,1,1,1,1,1,1,1,1,1,1,1,1,1,1,1,1,1,1,1,1,1,1,1,1,1,1,1,1,1,1,1,1,1,1
    ,1,1,1,1,1,1,1,1,1,1,1,1,1,1,1,1,1,1,1,1,1,1,1,1,1,1,1,1,1,1,1,1,1,1
    ,1,1,1,1,1,1,1,1,1,1,1,1,1,1,1,1,1,1,1,1,1,1,1,1,1,1,1,1,1,1,1,1,1,1
    ,1,1,1,1,4),(0.,1.009805152232E-02,2.019610304465E-02,
    3.029415456697E-02,4.03922060893E-02,5.049025761162E-02,
    6.058830913395E-02,7.068636065627E-02,8.078441217859E-02,
    9.088246370092E-02,0.100980515223,0.111078566746,0.121176618268,
    0.13127466979,0.141372721313,0.151470772835,0.161568824357,
    0.17166687588,0.181764927402,0.191862978924,0.201961030446,
    0.212059081969,0.222157133491,0.232255185013,0.242353236536,
    0.252451288058,0.26254933958,0.272647391103,0.282745442625,
    0.292843494147,0.30294154567,0.313039597192,0.323137648714,
    0.333235700237,0.343333751759,0.353431803281,0.363529854804,
    0.373627906326,0.383725957848,0.393824009371,0.403922060893,
    0.414020112415,0.424118163938,0.43421621546,0.444314266982,
    0.454412318505,0.464510370027,0.474608421549,0.484706473072,
    0.494804524594,0.504902576116,0.515000627639,0.525098679161,
    0.535196730683,0.545294782206,0.555392833728,0.56549088525,
    0.575588936772,0.585686988295,0.595785039817,0.605883091339,
    0.615981142862,0.626079194384,0.636177245906,0.646275297429,
    0.656373348951,0.666471400473,0.676569451996,0.686667503518,
    0.69676555504,0.706863606563,0.716961658085,0.727059709607,
    0.73715776113,0.747255812652,0.757353864174,0.767451915697,
    0.777549967219,0.787648018741,0.797746070264,0.807844121786,
    0.817942173308,0.828040224831,0.838138276353,0.848236327875,
    0.858334379398,0.86843243092,0.878530482442,0.888628533965,
    0.898726585487,0.908824637009,0.918922688532,0.929020740054,
    0.939118791576,0.949216843098,0.959314894621,0.969412946143,
    0.979510997665,0.989609049188,0.99970710071,1.009805152232,
    1.019903203755,1.030001255277,1.040099306799,1.050197358322,
    1.060295409844,1.070393461366,1.080491512889,1.090589564411,
    1.100687615933,1.110785667456,1.120883718978,1.1309817705,
    1.141079822023,1.151177873545,1.161275925067,1.17137397659,
    1.181472028112,1.191570079634,1.201668131157,1.211766182679,
    1.221864234201,1.231962285724,1.242060337246,1.252158388768,
    1.262256440291,1.272354491813,1.282452543335,1.292550594858,
    1.30264864638,1.312746697902,1.322844749424,1.332942800947,
    1.343040852469,1.353138903991,1.363236955514,1.373335007036,
    1.383433058558,1.393531110081,1.403629161603,1.413727213125,
    1.423825264648,1.43392331617,1.444021367692,1.454119419215,
    1.464217470737,1.474315522259,1.484413573782,1.494511625304,
    1.504609676826,1.514707728349,1.524805779871,1.534903831393,
    1.545001882916,1.555099934438,1.56519798596,1.575296037483,
    1.585394089005,1.595492140527,1.60559019205,1.615688243572,
    1.625786295094,1.635884346617,1.645982398139,1.656080449661,
    1.666178501183,1.676276552706,1.686374604228,1.69647265575,
    1.706570707273,1.716668758795,1.726766810317,1.73686486184,
    1.746962913362,1.757060964884,1.767159016407,1.777257067929,
    1.787355119451,1.797453170974,1.807551222496,1.817649274018,
    1.827747325541,1.837845377063,1.847943428585,1.858041480108,
    1.86813953163,1.878237583152,1.888335634675,1.898433686197,
    1.908531737719,1.918629789242,1.928727840764,1.938825892286,
    1.948923943809,1.959021995331,1.969120046853,1.979218098376,
    1.989316149898,1.99941420142),.QUASI_UNIFORM_KNOTS.);
#5306 = CARTESIAN_POINT('',(0.750883042762,0.243031937531));
#5307 = CARTESIAN_POINT('',(0.750989515183,0.243628518562));
#5308 = CARTESIAN_POINT('',(0.751243856022,0.244821581987));
#5309 = CARTESIAN_POINT('',(0.751693833311,0.246611006734));
#5310 = CARTESIAN_POINT('',(0.752154974394,0.24840037527));
#5311 = CARTESIAN_POINT('',(0.752575507999,0.250189841462));
#5312 = CARTESIAN_POINT('',(0.752899808227,0.251979682286));
#5313 = CARTESIAN_POINT('',(0.753119811743,0.253769690395));
#5314 = CARTESIAN_POINT('',(0.753237905224,0.255559435928));
#5315 = CARTESIAN_POINT('',(0.753245311254,0.257348567476));
#5316 = CARTESIAN_POINT('',(0.753121480191,0.259136641908));
#5317 = CARTESIAN_POINT('',(0.752859675156,0.260923593083));
#5318 = CARTESIAN_POINT('',(0.752493930313,0.262709923349));
#5319 = CARTESIAN_POINT('',(0.752059208327,0.264495993114));
#5320 = CARTESIAN_POINT('',(0.751598884145,0.266282158807));
#5321 = CARTESIAN_POINT('',(0.751161992242,0.268068727361));
#5322 = CARTESIAN_POINT('',(0.75080611859,0.269855907101));
#5323 = CARTESIAN_POINT('',(0.750587126708,0.271643871865));
#5324 = CARTESIAN_POINT('',(0.750587099394,0.273432717175));
#5325 = CARTESIAN_POINT('',(0.75078636152,0.275222602782));
#5326 = CARTESIAN_POINT('',(0.751126465373,0.277013000711));
#5327 = CARTESIAN_POINT('',(0.751568721967,0.278803215128));
#5328 = CARTESIAN_POINT('',(0.752055529954,0.280592672956));
#5329 = CARTESIAN_POINT('',(0.752515099768,0.282380724965));
#5330 = CARTESIAN_POINT('',(0.752889391426,0.284167288368));
#5331 = CARTESIAN_POINT('',(0.753153124004,0.28595288114));
#5332 = CARTESIAN_POINT('',(0.753284025335,0.287737907643));
#5333 = CARTESIAN_POINT('',(0.753266518955,0.289522846408));
#5334 = CARTESIAN_POINT('',(0.753101432496,0.291308053815));
#5335 = CARTESIAN_POINT('',(0.752835206067,0.293093180546));
#5336 = CARTESIAN_POINT('',(0.752502058523,0.294877900152));
#5337 = CARTESIAN_POINT('',(0.752130734978,0.29666188886));
#5338 = CARTESIAN_POINT('',(0.751742333038,0.298444616734));
#5339 = CARTESIAN_POINT('',(0.751336488352,0.300227602945));
#5340 = CARTESIAN_POINT('',(0.750946318109,0.302012676213));
#5341 = CARTESIAN_POINT('',(0.750635176623,0.303801460247));
#5342 = CARTESIAN_POINT('',(0.750518167168,0.305595916538));
#5343 = CARTESIAN_POINT('',(0.750673605323,0.307396099636));
#5344 = CARTESIAN_POINT('',(0.751027320882,0.309200672961));
#5345 = CARTESIAN_POINT('',(0.751508876211,0.311008710259));
#5346 = CARTESIAN_POINT('',(0.752015309674,0.312819292671));
#5347 = CARTESIAN_POINT('',(0.752459095656,0.31463162906));
#5348 = CARTESIAN_POINT('',(0.752838280985,0.316444950896));
#5349 = CARTESIAN_POINT('',(0.753121053488,0.31825851552));
#5350 = CARTESIAN_POINT('',(0.753266058741,0.320071604819));
#5351 = CARTESIAN_POINT('',(0.75321076065,0.321883572078));
#5352 = CARTESIAN_POINT('',(0.753034854969,0.323693138459));
#5353 = CARTESIAN_POINT('',(0.752798629282,0.325498863696));
#5354 = CARTESIAN_POINT('',(0.752531550852,0.327299431609));
#5355 = CARTESIAN_POINT('',(0.752238559442,0.329092829247));
#5356 = CARTESIAN_POINT('',(0.751871075846,0.330880671064));
#5357 = CARTESIAN_POINT('',(0.751421062539,0.332666574797));
#5358 = CARTESIAN_POINT('',(0.750946032359,0.334453550946));
#5359 = CARTESIAN_POINT('',(0.750567711292,0.336245048938));
#5360 = CARTESIAN_POINT('',(0.750453655407,0.338042812496));
#5361 = CARTESIAN_POINT('',(0.750647105164,0.339845199227));
#5362 = CARTESIAN_POINT('',(0.751043774587,0.34165120005));
#5363 = CARTESIAN_POINT('',(0.751536358818,0.343459766118));
#5364 = CARTESIAN_POINT('',(0.751996806435,0.345270010881));
#5365 = CARTESIAN_POINT('',(0.752427159221,0.347080977951));
#5366 = CARTESIAN_POINT('',(0.752805854446,0.348891720383));
#5367 = CARTESIAN_POINT('',(0.753097717383,0.350701326468));
#5368 = CARTESIAN_POINT('',(0.753234318426,0.352508881222));
#5369 = CARTESIAN_POINT('',(0.753228349835,0.354313760126));
#5370 = CARTESIAN_POINT('',(0.753115585994,0.356115368388));
#5371 = CARTESIAN_POINT('',(0.752911025273,0.357913113695));
#5372 = CARTESIAN_POINT('',(0.752617361197,0.359706137048));
#5373 = CARTESIAN_POINT('',(0.752229597288,0.361494604913));
#5374 = CARTESIAN_POINT('',(0.751772960381,0.363280169878));
#5375 = CARTESIAN_POINT('',(0.751297831707,0.365064137434));
#5376 = CARTESIAN_POINT('',(0.750883050417,0.366847845765));
#5377 = CARTESIAN_POINT('',(0.750623097103,0.368632471544));
#5378 = CARTESIAN_POINT('',(0.750569152456,0.370418566317));
#5379 = CARTESIAN_POINT('',(0.750750354671,0.372206702471));
#5380 = CARTESIAN_POINT('',(0.751067645723,0.373997438853));
#5381 = CARTESIAN_POINT('',(0.75144899951,0.375791645245));
#5382 = CARTESIAN_POINT('',(0.751880324336,0.377588375728));
#5383 = CARTESIAN_POINT('',(0.752334420319,0.379386295637));
#5384 = CARTESIAN_POINT('',(0.752760905932,0.381184255331));
#5385 = CARTESIAN_POINT('',(0.753072224535,0.382980999201));
#5386 = CARTESIAN_POINT('',(0.753228984209,0.384775971926));
#5387 = CARTESIAN_POINT('',(0.753258453681,0.386569229059));
#5388 = CARTESIAN_POINT('',(0.753171329044,0.388360684038));
#5389 = CARTESIAN_POINT('',(0.752981289518,0.390150202989));
#5390 = CARTESIAN_POINT('',(0.75269332519,0.391937860726));
#5391 = CARTESIAN_POINT('',(0.752307304541,0.393724832261));
#5392 = CARTESIAN_POINT('',(0.751846298558,0.395512159378));
#5393 = CARTESIAN_POINT('',(0.751352549429,0.397300853017));
#5394 = CARTESIAN_POINT('',(0.750887758345,0.399092030251));
#5395 = CARTESIAN_POINT('',(0.750561759731,0.400884773192));
#5396 = CARTESIAN_POINT('',(0.750469222673,0.402677853982));
#5397 = CARTESIAN_POINT('',(0.750669561874,0.40447009347));
#5398 = CARTESIAN_POINT('',(0.751035149147,0.406260095193));
#5399 = CARTESIAN_POINT('',(0.751472082056,0.40804779484));
#5400 = CARTESIAN_POINT('',(0.751924678927,0.409834035005));
#5401 = CARTESIAN_POINT('',(0.752345773898,0.411619481322));
#5402 = CARTESIAN_POINT('',(0.752703392751,0.413404934097));
#5403 = CARTESIAN_POINT('',(0.752980450352,0.415190976628));
#5404 = CARTESIAN_POINT('',(0.753165716755,0.416977582527));
#5405 = CARTESIAN_POINT('',(0.753247316098,0.418764830524));
#5406 = CARTESIAN_POINT('',(0.753214510667,0.420552790881));
#5407 = CARTESIAN_POINT('',(0.753056343936,0.422341541161));
#5408 = CARTESIAN_POINT('',(0.752773955487,0.424131798582));
#5409 = CARTESIAN_POINT('',(0.752382376156,0.425924318408));
#5410 = CARTESIAN_POINT('',(0.751912087566,0.427719770857));
#5411 = CARTESIAN_POINT('',(0.751400338025,0.429519098709));
#5412 = CARTESIAN_POINT('',(0.750943389204,0.431321542755));
#5413 = CARTESIAN_POINT('',(0.75063401691,0.433125481991));
#5414 = CARTESIAN_POINT('',(0.750533775224,0.434929458856));
#5415 = CARTESIAN_POINT('',(0.750666191429,0.436731829019));
#5416 = CARTESIAN_POINT('',(0.750926710473,0.438531382647));
#5417 = CARTESIAN_POINT('',(0.751307065865,0.440327609826));
#5418 = CARTESIAN_POINT('',(0.751769484376,0.442119891317));
#5419 = CARTESIAN_POINT('',(0.752272766422,0.443907606574));
#5420 = CARTESIAN_POINT('',(0.752756371931,0.445690309421));
#5421 = CARTESIAN_POINT('',(0.753114087981,0.447470671727));
#5422 = CARTESIAN_POINT('',(0.753296358692,0.449251303636));
#5423 = CARTESIAN_POINT('',(0.753298423697,0.45103476489));
#5424 = CARTESIAN_POINT('',(0.753174295417,0.452824001485));
#5425 = CARTESIAN_POINT('',(0.752967076215,0.454619003722));
#5426 = CARTESIAN_POINT('',(0.752690539243,0.456418923619));
#5427 = CARTESIAN_POINT('',(0.75235312857,0.458223145099));
#5428 = CARTESIAN_POINT('',(0.751936297797,0.460031045435));
#5429 = CARTESIAN_POINT('',(0.751471205978,0.46184194488));
#5430 = CARTESIAN_POINT('',(0.751047491478,0.463654994745));
#5431 = CARTESIAN_POINT('',(0.750726320758,0.465469316006));
#5432 = CARTESIAN_POINT('',(0.750545974202,0.467284017318));
#5433 = CARTESIAN_POINT('',(0.75056433808,0.469098059425));
#5434 = CARTESIAN_POINT('',(0.750807835495,0.470909622581));
#5435 = CARTESIAN_POINT('',(0.751234299114,0.472716934647));
#5436 = CARTESIAN_POINT('',(0.751779060678,0.47451833215));
#5437 = CARTESIAN_POINT('',(0.752339141927,0.476311792886));
#5438 = CARTESIAN_POINT('',(0.752798096806,0.478099540008));
#5439 = CARTESIAN_POINT('',(0.753096916935,0.479884513408));
#5440 = CARTESIAN_POINT('',(0.753224916578,0.481669386487));
#5441 = CARTESIAN_POINT('',(0.753238114599,0.483457238081));
#5442 = CARTESIAN_POINT('',(0.75317418455,0.485249215007));
#5443 = CARTESIAN_POINT('',(0.753017246852,0.487044956669));
#5444 = CARTESIAN_POINT('',(0.752762738442,0.488844455237));
#5445 = CARTESIAN_POINT('',(0.752394244193,0.49064771054));
#5446 = CARTESIAN_POINT('',(0.7519252261,0.492454508113));
#5447 = CARTESIAN_POINT('',(0.751452664634,0.494263663048));
#5448 = CARTESIAN_POINT('',(0.751037041113,0.496074067326));
#5449 = CARTESIAN_POINT('',(0.750723472614,0.497884542422));
#5450 = CARTESIAN_POINT('',(0.750522694782,0.49969389395));
#5451 = CARTESIAN_POINT('',(0.750576457907,0.501501039283));
#5452 = CARTESIAN_POINT('',(0.750858926396,0.503304811807));#5453 = CARTESIAN_POINT('',(0.751295421859,0.505104170439));
#5454 = CARTESIAN_POINT('',(0.751794714258,0.506897796179));
#5455 = CARTESIAN_POINT('',(0.752269805562,0.508686210587));
#5456 = CARTESIAN_POINT('',(0.752670817527,0.510470937033));
#5457 = CARTESIAN_POINT('',(0.75296970887,0.512253262671));
#5458 = CARTESIAN_POINT('',(0.753170702382,0.514034576579));
#5459 = CARTESIAN_POINT('',(0.75327725958,0.515816047237));
#5460 = CARTESIAN_POINT('',(0.753255906299,0.517598474352));
#5461 = CARTESIAN_POINT('',(0.753097807538,0.519382742175));
#5462 = CARTESIAN_POINT('',(0.752806999439,0.521169740588));
#5463 = CARTESIAN_POINT('',(0.752407551643,0.522960329368));
#5464 = CARTESIAN_POINT('',(0.75196260848,0.524753749409));
#5465 = CARTESIAN_POINT('',(0.751517145296,0.526549250815));
#5466 = CARTESIAN_POINT('',(0.75110634462,0.528346052543));
#5467 = CARTESIAN_POINT('',(0.750735469033,0.530143369548));
#5468 = CARTESIAN_POINT('',(0.750499468886,0.531940372238));
#5469 = CARTESIAN_POINT('',(0.750536219467,0.533736091819));
#5470 = CARTESIAN_POINT('',(0.750824015484,0.535529573408));
#5471 = CARTESIAN_POINT('',(0.751271668605,0.537319648683));
#5472 = CARTESIAN_POINT('',(0.751777982606,0.53910638607));
#5473 = CARTESIAN_POINT('',(0.752251638299,0.540891563956));
#5474 = CARTESIAN_POINT('',(0.752636009168,0.542676665538));
#5475 = CARTESIAN_POINT('',(0.752901245644,0.544463384051));
#5476 = CARTESIAN_POINT('',(0.753055810971,0.546253060018));
#5477 = CARTESIAN_POINT('',(0.753140357521,0.548044136349));
#5478 = CARTESIAN_POINT('',(0.753161384711,0.549835260044));
#5479 = CARTESIAN_POINT('',(0.753102631139,0.551625091031));
#5480 = CARTESIAN_POINT('',(0.752911491588,0.553412067597));
#5481 = CARTESIAN_POINT('',(0.752581228291,0.555196993866));
#5482 = CARTESIAN_POINT('',(0.752140185667,0.556981128309));
#5483 = CARTESIAN_POINT('',(0.751634560035,0.558765519903));
#5484 = CARTESIAN_POINT('',(0.751131392438,0.560551404305));
#5485 = CARTESIAN_POINT('',(0.750722498477,0.562338992875));
#5486 = CARTESIAN_POINT('',(0.750491257904,0.564127528901));
#5487 = CARTESIAN_POINT('',(0.75052893329,0.565916409331));
#5488 = CARTESIAN_POINT('',(0.750818116396,0.567704841928));
#5489 = CARTESIAN_POINT('',(0.751236512134,0.569492502963));
#5490 = CARTESIAN_POINT('',(0.751697957726,0.571280681908));
#5491 = CARTESIAN_POINT('',(0.752135309561,0.573070555763));
#5492 = CARTESIAN_POINT('',(0.752505794773,0.574863359695));
#5493 = CARTESIAN_POINT('',(0.752791122876,0.57666053155));
#5494 = CARTESIAN_POINT('',(0.753017741332,0.578460777069));
#5495 = CARTESIAN_POINT('',(0.753181725,0.580262563419));
#5496 = CARTESIAN_POINT('',(0.753255628974,0.582064490372));
#5497 = CARTESIAN_POINT('',(0.753164468352,0.583865017321));
#5498 = CARTESIAN_POINT('',(0.752908860861,0.585663539351));
#5499 = CARTESIAN_POINT('',(0.752547277866,0.58745995649));
#5500 = CARTESIAN_POINT('',(0.752119429846,0.58925399949));
#5501 = CARTESIAN_POINT('',(0.751660372457,0.591045344679));
#5502 = CARTESIAN_POINT('',(0.751208743157,0.592833785906));
#5503 = CARTESIAN_POINT('',(0.750831381681,0.594619471019));
#5504 = CARTESIAN_POINT('',(0.750593094917,0.596402416625));
#5505 = CARTESIAN_POINT('',(0.750569244772,0.597589179888));
#5506 = CARTESIAN_POINT('',(0.750601709671,0.598182088239));
#5507 = ( GEOMETRIC_REPRESENTATION_CONTEXT(2) 
PARAMETRIC_REPRESENTATION_CONTEXT() REPRESENTATION_CONTEXT('2D SPACE',''
  ) );
#5508 = ORIENTED_EDGE('',*,*,#5509,.T.);
#5509 = EDGE_CURVE('',#5045,#3137,#5510,.T.);
#5510 = SURFACE_CURVE('',#5511,(#5515,#5522),.PCURVE_S1.);
#5511 = LINE('',#5512,#5513);
#5512 = CARTESIAN_POINT('',(-4.998964812729,-16.03764617092,
    0.101738886849));
#5513 = VECTOR('',#5514,1.);
#5514 = DIRECTION('',(0.,-1.,0.));
#5515 = PCURVE('',#3402,#5516);
#5516 = DEFINITIONAL_REPRESENTATION('',(#5517),#5521);
#5517 = LINE('',#5518,#5519);
#5518 = CARTESIAN_POINT('',(0.,1.254853829072));
#5519 = VECTOR('',#5520,1.);
#5520 = DIRECTION('',(0.,-1.));
#5521 = ( GEOMETRIC_REPRESENTATION_CONTEXT(2) 
PARAMETRIC_REPRESENTATION_CONTEXT() REPRESENTATION_CONTEXT('2D SPACE',''
  ) );
#5522 = PCURVE('',#2551,#5523);
#5523 = DEFINITIONAL_REPRESENTATION('',(#5524),#5528);
#5524 = LINE('',#5525,#5526);
#5525 = CARTESIAN_POINT('',(6.28318530718,1.254853829072));
#5526 = VECTOR('',#5527,1.);
#5527 = DIRECTION('',(0.,-1.));
#5528 = ( GEOMETRIC_REPRESENTATION_CONTEXT(2) 
PARAMETRIC_REPRESENTATION_CONTEXT() REPRESENTATION_CONTEXT('2D SPACE',''
  ) );
#5529 = ADVANCED_FACE('',(#5530),#3939,.F.);
#5530 = FACE_BOUND('',#5531,.F.);
#5531 = EDGE_LOOP('',(#5532,#5533,#5534,#5557,#5581,#5828,#5948,#6212));
#5532 = ORIENTED_EDGE('',*,*,#3790,.T.);
#5533 = ORIENTED_EDGE('',*,*,#4061,.T.);
#5534 = ORIENTED_EDGE('',*,*,#5535,.F.);
#5535 = EDGE_CURVE('',#5536,#4062,#5538,.T.);
#5536 = VERTEX_POINT('',#5537);
#5537 = CARTESIAN_POINT('',(-4.998964812729,-15.1399999,0.101738886849)
  );
#5538 = SURFACE_CURVE('',#5539,(#5543,#5550),.PCURVE_S1.);
#5539 = LINE('',#5540,#5541);
#5540 = CARTESIAN_POINT('',(-4.998964812729,-15.03764617092,
    0.101738886849));
#5541 = VECTOR('',#5542,1.);
#5542 = DIRECTION('',(0.,-1.,0.));
#5543 = PCURVE('',#3939,#5544);
#5544 = DEFINITIONAL_REPRESENTATION('',(#5545),#5549);
#5545 = LINE('',#5546,#5547);
#5546 = CARTESIAN_POINT('',(6.28318530718,2.254853829072));
#5547 = VECTOR('',#5548,1.);
#5548 = DIRECTION('',(0.,-1.));
#5549 = ( GEOMETRIC_REPRESENTATION_CONTEXT(2) 
PARAMETRIC_REPRESENTATION_CONTEXT() REPRESENTATION_CONTEXT('2D SPACE',''
  ) );
#5550 = PCURVE('',#4476,#5551);
#5551 = DEFINITIONAL_REPRESENTATION('',(#5552),#5556);
#5552 = LINE('',#5553,#5554);
#5553 = CARTESIAN_POINT('',(0.,2.254853829072));
#5554 = VECTOR('',#5555,1.);
#5555 = DIRECTION('',(0.,-1.));
#5556 = ( GEOMETRIC_REPRESENTATION_CONTEXT(2) 
PARAMETRIC_REPRESENTATION_CONTEXT() REPRESENTATION_CONTEXT('2D SPACE',''
  ) );
#5557 = ORIENTED_EDGE('',*,*,#5558,.F.);
#5558 = EDGE_CURVE('',#5559,#5536,#5561,.T.);
#5559 = VERTEX_POINT('',#5560);
#5560 = CARTESIAN_POINT('',(-1.50113555229,-15.1399999,-4.76933850896));
#5561 = SURFACE_CURVE('',#5562,(#5567,#5574),.PCURVE_S1.);
#5562 = CIRCLE('',#5563,5.);
#5563 = AXIS2_PLACEMENT_3D('',#5564,#5565,#5566);
#5564 = CARTESIAN_POINT('',(0.,-15.1399999,0.));
#5565 = DIRECTION('',(0.,1.,0.));
#5566 = DIRECTION('',(-0.999792962546,0.,2.034777736978E-02));
#5567 = PCURVE('',#3939,#5568);
#5568 = DEFINITIONAL_REPRESENTATION('',(#5569),#5573);
#5569 = LINE('',#5570,#5571);
#5570 = CARTESIAN_POINT('',(0.,2.1525001));
#5571 = VECTOR('',#5572,1.);
#5572 = DIRECTION('',(1.,0.));
#5573 = ( GEOMETRIC_REPRESENTATION_CONTEXT(2) 
PARAMETRIC_REPRESENTATION_CONTEXT() REPRESENTATION_CONTEXT('2D SPACE',''
  ) );
#5574 = PCURVE('',#4684,#5575);
#5575 = DEFINITIONAL_REPRESENTATION('',(#5576),#5580);
#5576 = CIRCLE('',#5577,5.);
#5577 = AXIS2_PLACEMENT_2D('',#5578,#5579);
#5578 = CARTESIAN_POINT('',(0.,0.));
#5579 = DIRECTION('',(2.034777736978E-02,-0.999792962546));
#5580 = ( GEOMETRIC_REPRESENTATION_CONTEXT(2) 
PARAMETRIC_REPRESENTATION_CONTEXT() REPRESENTATION_CONTEXT('2D SPACE',''
  ) );
#5581 = ORIENTED_EDGE('',*,*,#5582,.T.);
#5582 = EDGE_CURVE('',#5559,#5583,#5585,.T.);
#5583 = VERTEX_POINT('',#5584);
#5584 = CARTESIAN_POINT('',(1.912292817569,-15.19549613947,
    -4.619863220905));
#5585 = SURFACE_CURVE('',#5586,(#5605,#5678),.PCURVE_S1.);
#5586 = B_SPLINE_CURVE_WITH_KNOTS('',3,(#5587,#5588,#5589,#5590,#5591,
    #5592,#5593,#5594,#5595,#5596,#5597,#5598,#5599,#5600,#5601,#5602,
    #5603,#5604),.UNSPECIFIED.,.F.,.F.,(4,1,1,1,1,1,1,1,1,1,1,1,1,1,1,4)
  ,(0.,6.666666666667E-02,0.133333333333,0.2,0.266666666667,
    0.333333333333,0.4,0.466666666667,0.533333333333,0.6,0.666666666667,
    0.733333333333,0.8,0.866666666667,0.933333333333,1.),.UNSPECIFIED.);
#5587 = CARTESIAN_POINT('',(-4.998964812729,-15.03764617092,
    0.101738886849));
#5588 = CARTESIAN_POINT('',(-5.003423451521,-15.04113360048,
    -0.117337408585));
#5589 = CARTESIAN_POINT('',(-4.983600356638,-15.04813594294,
    -0.557824522635));
#5590 = CARTESIAN_POINT('',(-4.865234224512,-15.05875973108,
    -1.216272618178));
#5591 = CARTESIAN_POINT('',(-4.659685206837,-15.06939032032,
    -1.85336392387));
#5592 = CARTESIAN_POINT('',(-4.374718651391,-15.07990223555,
    -2.450814877018));
#5593 = CARTESIAN_POINT('',(-4.01580923929,-15.09036043073,
    -3.002926518379));
#5594 = CARTESIAN_POINT('',(-3.586443574665,-15.10085043813,
    -3.504900786754));
#5595 = CARTESIAN_POINT('',(-3.090452316639,-15.11142451956,
    -3.949121621365));
#5596 = CARTESIAN_POINT('',(-2.544968836276,-15.12190552357,
    -4.32065226689));
#5597 = CARTESIAN_POINT('',(-1.954147964696,-15.13241070746,
    -4.618130856157));
#5598 = CARTESIAN_POINT('',(-1.329510552385,-15.14291151098,
    -4.835049967891));
#5599 = CARTESIAN_POINT('',(-0.682875029848,-15.15339474654,
    -4.967729107639));
#5600 = CARTESIAN_POINT('',(-2.53476354087E-02,-15.16386332575,
    -5.014425183516));
#5601 = CARTESIAN_POINT('',(0.636433396525,-15.17439216291,
    -4.974205916886));
#5602 = CARTESIAN_POINT('',(1.291257046429,-15.18498966244,
    -4.845622248947));
#5603 = CARTESIAN_POINT('',(1.709194693517,-15.19199775988,
    -4.703931312387));
#5604 = CARTESIAN_POINT('',(1.912292817569,-15.19549613947,
    -4.619863220905));
#5605 = PCURVE('',#3939,#5606);
#5606 = DEFINITIONAL_REPRESENTATION('',(#5607),#5677);
#5607 = B_SPLINE_CURVE_WITH_KNOTS('',3,(#5608,#5609,#5610,#5611,#5612,
    #5613,#5614,#5615,#5616,#5617,#5618,#5619,#5620,#5621,#5622,#5623,
    #5624,#5625,#5626,#5627,#5628,#5629,#5630,#5631,#5632,#5633,#5634,
    #5635,#5636,#5637,#5638,#5639,#5640,#5641,#5642,#5643,#5644,#5645,
    #5646,#5647,#5648,#5649,#5650,#5651,#5652,#5653,#5654,#5655,#5656,
    #5657,#5658,#5659,#5660,#5661,#5662,#5663,#5664,#5665,#5666,#5667,
    #5668,#5669,#5670,#5671,#5672,#5673,#5674,#5675,#5676),
  .UNSPECIFIED.,.F.,.F.,(4,1,1,1,1,1,1,1,1,1,1,1,1,1,1,1,1,1,1,1,1,1,1,1
    ,1,1,1,1,1,1,1,1,1,1,1,1,1,1,1,1,1,1,1,1,1,1,1,1,1,1,1,1,1,1,1,1,1,1
    ,1,1,1,1,1,1,1,1,4),(0.,1.515151515152E-02,3.030303030303E-02,
    4.545454545455E-02,6.060606060606E-02,7.575757575758E-02,
    9.090909090909E-02,0.106060606061,0.121212121212,0.136363636364,
    0.151515151515,0.166666666667,0.181818181818,0.19696969697,
    0.212121212121,0.227272727273,0.242424242424,0.257575757576,
    0.272727272727,0.287878787879,0.30303030303,0.318181818182,
    0.333333333333,0.348484848485,0.363636363636,0.378787878788,
    0.393939393939,0.409090909091,0.424242424242,0.439393939394,
    0.454545454545,0.469696969697,0.484848484848,0.5,0.515151515152,
    0.530303030303,0.545454545455,0.560606060606,0.575757575758,
    0.590909090909,0.606060606061,0.621212121212,0.636363636364,
    0.651515151515,0.666666666667,0.681818181818,0.69696969697,
    0.712121212121,0.727272727273,0.742424242424,0.757575757576,
    0.772727272727,0.787878787879,0.80303030303,0.818181818182,
    0.833333333333,0.848484848485,0.863636363636,0.878787878788,
    0.893939393939,0.909090909091,0.924242424242,0.939393939394,
    0.954545454545,0.969696969697,0.984848484848,1.),
  .QUASI_UNIFORM_KNOTS.);
#5608 = CARTESIAN_POINT('',(6.28318530718,2.254853829072));
#5609 = CARTESIAN_POINT('',(6.273225198763,2.254061231445));
#5610 = CARTESIAN_POINT('',(6.253287027769,2.252474616078));
#5611 = CARTESIAN_POINT('',(6.223320675955,2.250089993322));
#5612 = CARTESIAN_POINT('',(6.193289910098,2.247700212842));
#5613 = CARTESIAN_POINT('',(6.163189712023,2.245304881891));
#5614 = CARTESIAN_POINT('',(6.133011342565,2.242903365277));
#5615 = CARTESIAN_POINT('',(6.102762932857,2.240496315973));
#5616 = CARTESIAN_POINT('',(6.072463839075,2.238085217174));
#5617 = CARTESIAN_POINT('',(6.042130682226,2.235671362032));
#5618 = CARTESIAN_POINT('',(6.011780263037,2.233256087333));
#5619 = CARTESIAN_POINT('',(5.981428808387,2.230840746484));
#5620 = CARTESIAN_POINT('',(5.951094492303,2.22842682173));
#5621 = CARTESIAN_POINT('',(5.92079618909,2.226015796487));
#5622 = CARTESIAN_POINT('',(5.890552255971,2.223609092784));
#5623 = CARTESIAN_POINT('',(5.860384271208,2.221208377026));
#5624 = CARTESIAN_POINT('',(5.830286654606,2.21881325492));
#5625 = CARTESIAN_POINT('',(5.800248209436,2.216422871452));
#5626 = CARTESIAN_POINT('',(5.770259588038,2.214036483767));
#5627 = CARTESIAN_POINT('',(5.7403118667,2.211653343217));
#5628 = CARTESIAN_POINT('',(5.710394675044,2.209272596705));
#5629 = CARTESIAN_POINT('',(5.680494684065,2.206893213691));
#5630 = CARTESIAN_POINT('',(5.650599159403,2.204514197076));
#5631 = CARTESIAN_POINT('',(5.620695268368,2.20213454127));
#5632 = CARTESIAN_POINT('',(5.59077029354,2.199753241204));
#5633 = CARTESIAN_POINT('',(5.560817265691,2.197369688786));
#5634 = CARTESIAN_POINT('',(5.530828518111,2.194983249782));
#5635 = CARTESIAN_POINT('',(5.500797274987,2.192593388113));
#5636 = CARTESIAN_POINT('',(5.470711679681,2.19019920123));
#5637 = CARTESIAN_POINT('',(5.440584329454,2.187801736024));
#5638 = CARTESIAN_POINT('',(5.41044454597,2.185403312361));
#5639 = CARTESIAN_POINT('',(5.380317607843,2.183005909322));
#5640 = CARTESIAN_POINT('',(5.350232059748,2.180611768511));
#5641 = CARTESIAN_POINT('',(5.320206692409,2.178222394587));
#5642 = CARTESIAN_POINT('',(5.290220071585,2.175836115819));
#5643 = CARTESIAN_POINT('',(5.260255576247,2.173451624919));
#5644 = CARTESIAN_POINT('',(5.230296134714,2.171067563663));
#5645 = CARTESIAN_POINT('',(5.200323003534,2.168682413132));
#5646 = CARTESIAN_POINT('',(5.170336999324,2.166296224559));
#5647 = CARTESIAN_POINT('',(5.140343369163,2.163909406688));
#5648 = CARTESIAN_POINT('',(5.110346086723,2.161522271282));
#5649 = CARTESIAN_POINT('',(5.080349409702,2.159135174208));
#5650 = CARTESIAN_POINT('',(5.050356261624,2.15674838034));
#5651 = CARTESIAN_POINT('',(5.020368354946,2.154362025437));
#5652 = CARTESIAN_POINT('',(4.990387849578,2.151976269449));
#5653 = CARTESIAN_POINT('',(4.960416888806,2.149591265696));
#5654 = CARTESIAN_POINT('',(4.930457547777,2.147207169825));
#5655 = CARTESIAN_POINT('',(4.900509109507,2.144823945811));
#5656 = CARTESIAN_POINT('',(4.870571196027,2.14244156602));
#5657 = CARTESIAN_POINT('',(4.840643142639,2.140059971937));
#5658 = CARTESIAN_POINT('',(4.810725754211,2.137679220168));
#5659 = CARTESIAN_POINT('',(4.780812053215,2.135298755152));
#5660 = CARTESIAN_POINT('',(4.750889979991,2.132917622987));
#5661 = CARTESIAN_POINT('',(4.720948729564,2.130534972289));
#5662 = CARTESIAN_POINT('',(4.690976568526,2.128149885849));
#5663 = CARTESIAN_POINT('',(4.660964019969,2.125761613489));
#5664 = CARTESIAN_POINT('',(4.630911381206,2.123370126933));
#5665 = CARTESIAN_POINT('',(4.60081728427,2.120975297728));
#5666 = CARTESIAN_POINT('',(4.570681033389,2.118577075992));
#5667 = CARTESIAN_POINT('',(4.540498645662,2.116175197737));
#5668 = CARTESIAN_POINT('',(4.510288473556,2.113771153048));
#5669 = CARTESIAN_POINT('',(4.480074715664,2.111366844778));
#5670 = CARTESIAN_POINT('',(4.449879534284,2.108964004398));
#5671 = CARTESIAN_POINT('',(4.419728649763,2.106564651381));
#5672 = CARTESIAN_POINT('',(4.389632826068,2.104169670299));
#5673 = CARTESIAN_POINT('',(4.359580755788,2.101778199466));
#5674 = CARTESIAN_POINT('',(4.329565723094,2.099389705692));
#5675 = CARTESIAN_POINT('',(4.309575477393,2.097798946797));
#5676 = CARTESIAN_POINT('',(4.299584100974,2.097003860527));
#5677 = ( GEOMETRIC_REPRESENTATION_CONTEXT(2) 
PARAMETRIC_REPRESENTATION_CONTEXT() REPRESENTATION_CONTEXT('2D SPACE',''
  ) );
#5678 = PCURVE('',#5679,#5756);
#5679 = B_SPLINE_SURFACE_WITH_KNOTS('',3,3,(
    (#5680,#5681,#5682,#5683,#5684,#5685,#5686,#5687,#5688,#5689,#5690
      ,#5691,#5692,#5693,#5694,#5695,#5696,#5697,#5698)
    ,(#5699,#5700,#5701,#5702,#5703,#5704,#5705,#5706,#5707,#5708,#5709
      ,#5710,#5711,#5712,#5713,#5714,#5715,#5716,#5717)
    ,(#5718,#5719,#5720,#5721,#5722,#5723,#5724,#5725,#5726,#5727,#5728
      ,#5729,#5730,#5731,#5732,#5733,#5734,#5735,#5736)
    ,(#5737,#5738,#5739,#5740,#5741,#5742,#5743,#5744,#5745,#5746,#5747
      ,#5748,#5749,#5750,#5751,#5752,#5753,#5754,#5755
  )),.UNSPECIFIED.,.F.,.F.,.F.,(4,4),(4,1,1,1,1,1,1,1,1,1,1,1,1,1,1,1,4)
  ,(-5.820701842855E-02,0.808791702139),(0.568557676007,0.596051549595,
    0.623545423183,0.651039296771,0.678533170358,0.706027043946,
    0.733520917534,0.761014791122,0.788508664709,0.816002538297,
    0.843496411885,0.870990285473,0.898484159061,0.925978032648,
    0.953471906236,0.980965779824,1.008459653412),.UNSPECIFIED.);
#5680 = CARTESIAN_POINT('',(-3.801711508777,-14.38589215167,
    -2.677213253589));
#5681 = CARTESIAN_POINT('',(-3.367637399629,-14.39879456803,
    -3.293609625525));
#5682 = CARTESIAN_POINT('',(-2.194192232365,-14.42459940074,
    -4.310386708215));
#5683 = CARTESIAN_POINT('',(7.532569442795E-02,-14.4633066498,
    -4.83621597753));
#5684 = CARTESIAN_POINT('',(2.327271012906,-14.50201389887,
    -4.240065044041));
#5685 = CARTESIAN_POINT('',(4.039394736915,-14.54072114793,
    -2.660400107286));
#5686 = CARTESIAN_POINT('',(4.814508148027,-14.579428397,-0.46360203733)
  );
#5687 = CARTESIAN_POINT('',(4.472820176449,-14.61813564607,
    1.840733327494));
#5688 = CARTESIAN_POINT('',(3.093588467998,-14.65684289513,3.71808145589
    ));
#5689 = CARTESIAN_POINT('',(0.996748832715,-14.6955501442,4.732960047231
    ));
#5690 = CARTESIAN_POINT('',(-1.331302852154,-14.73425739326,
    4.649951831773));
#5691 = CARTESIAN_POINT('',(-3.35053743009,-14.77296464233,
    3.488311689537));
#5692 = CARTESIAN_POINT('',(-4.592559715528,-14.81167189139,
    1.517501504366));
#5693 = CARTESIAN_POINT('',(-4.769266093978,-14.85037914046,
    -0.805319499514));
#5694 = CARTESIAN_POINT('',(-3.839653165672,-14.88908638953,
    -2.941327168568));
#5695 = CARTESIAN_POINT('',(-2.01941007513,-14.92779363859,
    -4.39507018033));
#5696 = CARTESIAN_POINT('',(0.269416123258,-14.96650088766,
    -4.82921609368));
#5697 = CARTESIAN_POINT('',(1.75326797856,-14.99230572037,
    -4.372058715992));
#5698 = CARTESIAN_POINT('',(2.399071073688,-15.00520813672,
    -3.983081619118));
#5699 = CARTESIAN_POINT('',(-3.904027688848,-14.45814204505,
    -2.749265599673));
#5700 = CARTESIAN_POINT('',(-3.458271261193,-14.47104446141,
    -3.382251163619));
#5701 = CARTESIAN_POINT('',(-2.253244942451,-14.49684929412,
    -4.426392960029));
#5702 = CARTESIAN_POINT('',(7.735294907293E-02,-14.53555654318,
    -4.966373971812));
#5703 = CARTESIAN_POINT('',(2.389905297354,-14.57426379225,
    -4.354178715622));
#5704 = CARTESIAN_POINT('',(4.148107730609,-14.61297104131,
    -2.731999957988));
#5705 = CARTESIAN_POINT('',(4.944081915392,-14.65167829038,
    -0.476079046546));
#5706 = CARTESIAN_POINT('',(4.593198030882,-14.69038553945,
    1.890273331296));
#5707 = CARTESIAN_POINT('',(3.176846798891,-14.72909278851,
    3.818146884548));
#5708 = CARTESIAN_POINT('',(1.02357452236,-14.76780003758,4.860339095153
    ));
#5709 = CARTESIAN_POINT('',(-1.367132457329,-14.80650728664,
    4.77509686391));
#5710 = CARTESIAN_POINT('',(-3.440711076944,-14.84521453571,
    3.582193281064));
#5711 = CARTESIAN_POINT('',(-4.716160142797,-14.88392178478,
    1.558342309045));
#5712 = CARTESIAN_POINT('',(-4.897622253395,-14.92262903384,
    -0.826993215349));
#5713 = CARTESIAN_POINT('',(-3.942990476723,-14.96133628291,
    -3.020487662343));
#5714 = CARTESIAN_POINT('',(-2.073758839997,-15.00004353197,
    -4.513355534428));
#5715 = CARTESIAN_POINT('',(0.276666970283,-15.03875078104,
    -4.959185698764));
#5716 = CARTESIAN_POINT('',(1.800454010902,-15.06455561375,
    -4.489724758203));
#5717 = CARTESIAN_POINT('',(2.463637726736,-15.0774580301,
    -4.090279047234));
#5718 = CARTESIAN_POINT('',(-4.006343868919,-14.53039193843,
    -2.821317945757));
#5719 = CARTESIAN_POINT('',(-3.548905122757,-14.54329435479,
    -3.470892701713));
#5720 = CARTESIAN_POINT('',(-2.312297652537,-14.5690991875,
    -4.542399211843));
#5721 = CARTESIAN_POINT('',(7.938020371791E-02,-14.60780643656,
    -5.096531966093));
#5722 = CARTESIAN_POINT('',(2.452539581802,-14.64651368563,
    -4.468292387203));
#5723 = CARTESIAN_POINT('',(4.256820724303,-14.6852209347,
    -2.803599808689));
#5724 = CARTESIAN_POINT('',(5.073655682757,-14.72392818376,
    -0.488556055762));
#5725 = CARTESIAN_POINT('',(4.713575885314,-14.76263543283,
    1.939813335098));
#5726 = CARTESIAN_POINT('',(3.260105129783,-14.80134268189,
    3.918212313205));
#5727 = CARTESIAN_POINT('',(1.050400212005,-14.84004993096,
    4.987718143074));
#5728 = CARTESIAN_POINT('',(-1.402962062504,-14.87875718002,
    4.900241896046));
#5729 = CARTESIAN_POINT('',(-3.530884723797,-14.91746442909,
    3.676074872591));
#5730 = CARTESIAN_POINT('',(-4.839760570067,-14.95617167816,
    1.599183113725));
#5731 = CARTESIAN_POINT('',(-5.025978412812,-14.99487892722,
    -0.848666931184));
#5732 = CARTESIAN_POINT('',(-4.046327787774,-15.03358617629,
    -3.099648156118));
#5733 = CARTESIAN_POINT('',(-2.128107604864,-15.07229342535,
    -4.631640888526));
#5734 = CARTESIAN_POINT('',(0.283917817307,-15.11100067442,
    -5.089155303849));
#5735 = CARTESIAN_POINT('',(1.847640043244,-15.13680550713,
    -4.607390800415));
#5736 = CARTESIAN_POINT('',(2.528204379785,-15.14970792348,
    -4.197476475349));
#5737 = CARTESIAN_POINT('',(-4.10866004899,-14.60264183181,
    -2.893370291841));
#5738 = CARTESIAN_POINT('',(-3.639538984322,-14.61554424817,
    -3.559534239808));
#5739 = CARTESIAN_POINT('',(-2.371350362622,-14.64134908088,
    -4.658405463658));
#5740 = CARTESIAN_POINT('',(8.140745836289E-02,-14.68005632994,
    -5.226689960374));
#5741 = CARTESIAN_POINT('',(2.51517386625,-14.71876357901,
    -4.582406058784));
#5742 = CARTESIAN_POINT('',(4.365533717997,-14.75747082808,
    -2.87519965939));
#5743 = CARTESIAN_POINT('',(5.203229450122,-14.79617807714,
    -0.501033064978));
#5744 = CARTESIAN_POINT('',(4.833953739747,-14.83488532621,1.9893533389)
  );
#5745 = CARTESIAN_POINT('',(3.343363460676,-14.87359257527,
    4.018277741863));
#5746 = CARTESIAN_POINT('',(1.07722590165,-14.91229982434,5.115097190996
    ));
#5747 = CARTESIAN_POINT('',(-1.43879166768,-14.9510070734,5.025386928183
    ));
#5748 = CARTESIAN_POINT('',(-3.621058370651,-14.98971432247,
    3.769956464118));
#5749 = CARTESIAN_POINT('',(-4.963360997336,-15.02842157154,
    1.640023918405));
#5750 = CARTESIAN_POINT('',(-5.154334572229,-15.0671288206,
    -0.870340647019));
#5751 = CARTESIAN_POINT('',(-4.149665098825,-15.10583606967,
    -3.178808649894));
#5752 = CARTESIAN_POINT('',(-2.182456369732,-15.14454331873,
    -4.749926242625));
#5753 = CARTESIAN_POINT('',(0.291168664332,-15.1832505678,
    -5.219124908934));
#5754 = CARTESIAN_POINT('',(1.894826075585,-15.20905540051,
    -4.725056842626));
#5755 = CARTESIAN_POINT('',(2.592771032834,-15.22195781686,
    -4.304673903465));
#5756 = DEFINITIONAL_REPRESENTATION('',(#5757),#5827);
#5757 = B_SPLINE_CURVE_WITH_KNOTS('',3,(#5758,#5759,#5760,#5761,#5762,
    #5763,#5764,#5765,#5766,#5767,#5768,#5769,#5770,#5771,#5772,#5773,
    #5774,#5775,#5776,#5777,#5778,#5779,#5780,#5781,#5782,#5783,#5784,
    #5785,#5786,#5787,#5788,#5789,#5790,#5791,#5792,#5793,#5794,#5795,
    #5796,#5797,#5798,#5799,#5800,#5801,#5802,#5803,#5804,#5805,#5806,
    #5807,#5808,#5809,#5810,#5811,#5812,#5813,#5814,#5815,#5816,#5817,
    #5818,#5819,#5820,#5821,#5822,#5823,#5824,#5825,#5826),
  .UNSPECIFIED.,.F.,.F.,(4,1,1,1,1,1,1,1,1,1,1,1,1,1,1,1,1,1,1,1,1,1,1,1
    ,1,1,1,1,1,1,1,1,1,1,1,1,1,1,1,1,1,1,1,1,1,1,1,1,1,1,1,1,1,1,1,1,1,1
    ,1,1,1,1,1,1,1,1,4),(0.,1.515151515152E-02,3.030303030303E-02,
    4.545454545455E-02,6.060606060606E-02,7.575757575758E-02,
    9.090909090909E-02,0.106060606061,0.121212121212,0.136363636364,
    0.151515151515,0.166666666667,0.181818181818,0.19696969697,
    0.212121212121,0.227272727273,0.242424242424,0.257575757576,
    0.272727272727,0.287878787879,0.30303030303,0.318181818182,
    0.333333333333,0.348484848485,0.363636363636,0.378787878788,
    0.393939393939,0.409090909091,0.424242424242,0.439393939394,
    0.454545454545,0.469696969697,0.484848484848,0.5,0.515151515152,
    0.530303030303,0.545454545455,0.560606060606,0.575757575758,
    0.590909090909,0.606060606061,0.621212121212,0.636363636364,
    0.651515151515,0.666666666667,0.681818181818,0.69696969697,
    0.712121212121,0.727272727273,0.742424242424,0.757575757576,
    0.772727272727,0.787878787879,0.80303030303,0.818181818182,
    0.833333333333,0.848484848485,0.863636363636,0.878787878788,
    0.893939393939,0.909090909091,0.924242424242,0.939393939394,
    0.954545454545,0.969696969697,0.984848484848,1.),
  .QUASI_UNIFORM_KNOTS.);
#5758 = CARTESIAN_POINT('',(0.751786295327,0.887877826417));
#5759 = CARTESIAN_POINT('',(0.751739104192,0.888440690168));
#5760 = CARTESIAN_POINT('',(0.751622214436,0.889567474493));
#5761 = CARTESIAN_POINT('',(0.751399579755,0.891261144713));
#5762 = CARTESIAN_POINT('',(0.751146944006,0.89295864481));
#5763 = CARTESIAN_POINT('',(0.750891838175,0.894660265824));
#5764 = CARTESIAN_POINT('',(0.750661949089,0.896366482896));
#5765 = CARTESIAN_POINT('',(0.750525748232,0.898076782291));
#5766 = CARTESIAN_POINT('',(0.750573815531,0.899789969089));
#5767 = CARTESIAN_POINT('',(0.750768658002,0.901504987298));
#5768 = CARTESIAN_POINT('',(0.751018281473,0.90322081942));
#5769 = CARTESIAN_POINT('',(0.751246191912,0.904936516199));
#5770 = CARTESIAN_POINT('',(0.751473973721,0.906651045906));
#5771 = CARTESIAN_POINT('',(0.751689942746,0.908363364744));
#5772 = CARTESIAN_POINT('',(0.751869041154,0.910072478538));
#5773 = CARTESIAN_POINT('',(0.751959065463,0.911777225598));
#5774 = CARTESIAN_POINT('',(0.751945752054,0.913477983878));
#5775 = CARTESIAN_POINT('',(0.751838365871,0.91517544832));
#5776 = CARTESIAN_POINT('',(0.751653068152,0.916870204238));
#5777 = CARTESIAN_POINT('',(0.751419900702,0.91856280213));
#5778 = CARTESIAN_POINT('',(0.751166166519,0.920253858756));
#5779 = CARTESIAN_POINT('',(0.750912673929,0.921944137581));
#5780 = CARTESIAN_POINT('',(0.750698353019,0.923634341349));
#5781 = CARTESIAN_POINT('',(0.750569947102,0.925325147172));
#5782 = CARTESIAN_POINT('',(0.750603073831,0.927017184419));
#5783 = CARTESIAN_POINT('',(0.750770555565,0.92871073237));
#5784 = CARTESIAN_POINT('',(0.750999538203,0.930406151544));
#5785 = CARTESIAN_POINT('',(0.751238973043,0.93210378711));
#5786 = CARTESIAN_POINT('',(0.751431015738,0.93380430226));
#5787 = CARTESIAN_POINT('',(0.751586680792,0.935507000302));
#5788 = CARTESIAN_POINT('',(0.751732160169,0.93721025943));
#5789 = CARTESIAN_POINT('',(0.751857870672,0.938912703031));
#5790 = CARTESIAN_POINT('',(0.751927966545,0.940612779802));
#5791 = CARTESIAN_POINT('',(0.751888778943,0.942309492604));
#5792 = CARTESIAN_POINT('',(0.751742215392,0.944004111099));
#5793 = CARTESIAN_POINT('',(0.751505294075,0.945697623354));
#5794 = CARTESIAN_POINT('',(0.751213565017,0.947391027874));
#5795 = CARTESIAN_POINT('',(0.750922727675,0.949085397292));
#5796 = CARTESIAN_POINT('',(0.750687697518,0.950780673236));
#5797 = CARTESIAN_POINT('',(0.750551078109,0.952476516195));
#5798 = CARTESIAN_POINT('',(0.750565880648,0.954172620616));
#5799 = CARTESIAN_POINT('',(0.75071800706,0.955868628917));
#5800 = CARTESIAN_POINT('',(0.750932953687,0.957564294533));
#5801 = CARTESIAN_POINT('',(0.751188898813,0.959259477073));
#5802 = CARTESIAN_POINT('',(0.751449960582,0.960954043341));
#5803 = CARTESIAN_POINT('',(0.751681298215,0.962647888018));
#5804 = CARTESIAN_POINT('',(0.75184516485,0.96434093084));
#5805 = CARTESIAN_POINT('',(0.751938001204,0.966033263119));
#5806 = CARTESIAN_POINT('',(0.751957580969,0.967724966609));
#5807 = CARTESIAN_POINT('',(0.751903049118,0.969416143198));
#5808 = CARTESIAN_POINT('',(0.751773837214,0.97110681004));
#5809 = CARTESIAN_POINT('',(0.751574772933,0.972797416561));
#5810 = CARTESIAN_POINT('',(0.751324305106,0.974488686178));
#5811 = CARTESIAN_POINT('',(0.751052203972,0.976181252823));
#5812 = CARTESIAN_POINT('',(0.750801020215,0.977875778814));
#5813 = CARTESIAN_POINT('',(0.750622158208,0.979572768581));
#5814 = CARTESIAN_POINT('',(0.750567503488,0.981272139999));
#5815 = CARTESIAN_POINT('',(0.750668408229,0.982973857728));
#5816 = CARTESIAN_POINT('',(0.750851688479,0.984677857349));
#5817 = CARTESIAN_POINT('',(0.751047132521,0.986384304495));
#5818 = CARTESIAN_POINT('',(0.751260340815,0.988092130106));
#5819 = CARTESIAN_POINT('',(0.751490988464,0.989799963954));
#5820 = CARTESIAN_POINT('',(0.751712259943,0.991506575142));
#5821 = CARTESIAN_POINT('',(0.751866872703,0.993210550179));
#5822 = CARTESIAN_POINT('',(0.751910034877,0.99491133108));
#5823 = CARTESIAN_POINT('',(0.75185658019,0.996609608644));
#5824 = CARTESIAN_POINT('',(0.751719674665,0.998305814158));
#5825 = CARTESIAN_POINT('',(0.751590563862,0.999435541211));
#5826 = CARTESIAN_POINT('',(0.751520352701,1.000000210538));
#5827 = ( GEOMETRIC_REPRESENTATION_CONTEXT(2) 
PARAMETRIC_REPRESENTATION_CONTEXT() REPRESENTATION_CONTEXT('2D SPACE',''
  ) );
#5828 = ORIENTED_EDGE('',*,*,#5829,.T.);
#5829 = EDGE_CURVE('',#5583,#5830,#5832,.T.);
#5830 = VERTEX_POINT('',#5831);
#5831 = CARTESIAN_POINT('',(4.998964812729,-15.28764617092,
    -0.101738886849));
#5832 = SURFACE_CURVE('',#5833,(#5846,#5897),.PCURVE_S1.);
#5833 = B_SPLINE_CURVE_WITH_KNOTS('',3,(#5834,#5835,#5836,#5837,#5838,
    #5839,#5840,#5841,#5842,#5843,#5844,#5845),.UNSPECIFIED.,.F.,.F.,(4,
    1,1,1,1,1,1,1,1,4),(0.,0.111111111111,0.222222222222,0.333333333333,
    0.444444444444,0.555555555556,0.666666666667,0.777777777778,
    0.888888888889,1.),.UNSPECIFIED.);
#5834 = CARTESIAN_POINT('',(1.912292817569,-15.19549613947,
    -4.619863220905));
#5835 = CARTESIAN_POINT('',(2.107846443955,-15.19886456455,
    -4.538918011641));
#5836 = CARTESIAN_POINT('',(2.490231872743,-15.20562850896,
    -4.351484006249));
#5837 = CARTESIAN_POINT('',(3.027061105461,-15.21584581683,
    -3.997013016612));
#5838 = CARTESIAN_POINT('',(3.51861657496,-15.22616419046,
    -3.572196318667));
#5839 = CARTESIAN_POINT('',(3.950714999656,-15.23648117676,
    -3.087154001818));
#5840 = CARTESIAN_POINT('',(4.31206067154,-15.24666211242,
    -2.557713515789));
#5841 = CARTESIAN_POINT('',(4.603250298695,-15.25683714803,
    -1.987091187364));
#5842 = CARTESIAN_POINT('',(4.821624188642,-15.26714604629,
    -1.375844449081));
#5843 = CARTESIAN_POINT('',(4.958748371044,-15.27745438715,
    -0.74143916411));
#5844 = CARTESIAN_POINT('',(4.9946314113,-15.28425669872,-0.314661614193
    ));
#5845 = CARTESIAN_POINT('',(4.998964812729,-15.28764617092,
    -0.101738886849));
#5846 = PCURVE('',#3939,#5847);
#5847 = DEFINITIONAL_REPRESENTATION('',(#5848),#5896);
#5848 = B_SPLINE_CURVE_WITH_KNOTS('',3,(#5849,#5850,#5851,#5852,#5853,
    #5854,#5855,#5856,#5857,#5858,#5859,#5860,#5861,#5862,#5863,#5864,
    #5865,#5866,#5867,#5868,#5869,#5870,#5871,#5872,#5873,#5874,#5875,
    #5876,#5877,#5878,#5879,#5880,#5881,#5882,#5883,#5884,#5885,#5886,
    #5887,#5888,#5889,#5890,#5891,#5892,#5893,#5894,#5895),
  .UNSPECIFIED.,.F.,.F.,(4,1,1,1,1,1,1,1,1,1,1,1,1,1,1,1,1,1,1,1,1,1,1,1
    ,1,1,1,1,1,1,1,1,1,1,1,1,1,1,1,1,1,1,1,1,4),(0.,2.272727272727E-02,
    4.545454545455E-02,6.818181818182E-02,9.090909090909E-02,
    0.113636363636,0.136363636364,0.159090909091,0.181818181818,
    0.204545454545,0.227272727273,0.25,0.272727272727,0.295454545455,
    0.318181818182,0.340909090909,0.363636363636,0.386363636364,
    0.409090909091,0.431818181818,0.454545454545,0.477272727273,0.5,
    0.522727272727,0.545454545455,0.568181818182,0.590909090909,
    0.613636363636,0.636363636364,0.659090909091,0.681818181818,
    0.704545454545,0.727272727273,0.75,0.772727272727,0.795454545455,
    0.818181818182,0.840909090909,0.863636363636,0.886363636364,
    0.909090909091,0.931818181818,0.954545454545,0.977272727273,1.),
  .QUASI_UNIFORM_KNOTS.);
#5849 = CARTESIAN_POINT('',(4.299584100974,2.097003860527));
#5850 = CARTESIAN_POINT('',(4.290925915636,2.096314864488));
#5851 = CARTESIAN_POINT('',(4.273595251326,2.094935738838));
#5852 = CARTESIAN_POINT('',(4.247557549282,2.092863734116));
#5853 = CARTESIAN_POINT('',(4.221479364327,2.090788498345));
#5854 = CARTESIAN_POINT('',(4.195361753408,2.088710114169));
#5855 = CARTESIAN_POINT('',(4.169205708033,2.086628673719));
#5856 = CARTESIAN_POINT('',(4.143011630448,2.084544233268));
#5857 = CARTESIAN_POINT('',(4.116776488269,2.082456520414));
#5858 = CARTESIAN_POINT('',(4.090497262506,2.080365282593));
#5859 = CARTESIAN_POINT('',(4.064170904804,2.078270278743));
#5860 = CARTESIAN_POINT('',(4.037793254487,2.076171201958));
#5861 = CARTESIAN_POINT('',(4.011363410258,2.074068009617));
#5862 = CARTESIAN_POINT('',(3.98489412872,2.071961682667));
#5863 = CARTESIAN_POINT('',(3.958396383199,2.069853068641));
#5864 = CARTESIAN_POINT('',(3.931881538344,2.067743057184));
#5865 = CARTESIAN_POINT('',(3.905360241158,2.065632502915));
#5866 = CARTESIAN_POINT('',(3.878844026275,2.06352236865));
#5867 = CARTESIAN_POINT('',(3.85234736494,2.061413831999));
#5868 = CARTESIAN_POINT('',(3.825884973621,2.059308052685));
#5869 = CARTESIAN_POINT('',(3.799470992767,2.057206128852));
#5870 = CARTESIAN_POINT('',(3.773123103473,2.055109422846));
#5871 = CARTESIAN_POINT('',(3.74684336272,2.053018102833));
#5872 = CARTESIAN_POINT('',(3.720614123136,2.050930815446));
#5873 = CARTESIAN_POINT('',(3.694421928242,2.048846511651));
#5874 = CARTESIAN_POINT('',(3.668252477041,2.046764058021));
#5875 = CARTESIAN_POINT('',(3.642092227261,2.04468235437));
#5876 = CARTESIAN_POINT('',(3.615927092939,2.042600237829));
#5877 = CARTESIAN_POINT('',(3.589742211376,2.040516509816));
#5878 = CARTESIAN_POINT('',(3.563522247557,2.038429958262));
#5879 = CARTESIAN_POINT('',(3.537252704896,2.036339453533));
#5880 = CARTESIAN_POINT('',(3.51091478489,2.034243549746));
#5881 = CARTESIAN_POINT('',(3.484514010869,2.032142678817));
#5882 = CARTESIAN_POINT('',(3.458067489242,2.030038159906));
#5883 = CARTESIAN_POINT('',(3.431589448012,2.02793109971));
#5884 = CARTESIAN_POINT('',(3.405094518275,2.025822654433));
#5885 = CARTESIAN_POINT('',(3.378597015831,2.023713994721));
#5886 = CARTESIAN_POINT('',(3.352108249298,2.021606062727));
#5887 = CARTESIAN_POINT('',(3.325639216303,2.019499737476));
#5888 = CARTESIAN_POINT('',(3.29920144938,2.017395919934));
#5889 = CARTESIAN_POINT('',(3.272806274636,2.015295483597));
#5890 = CARTESIAN_POINT('',(3.246466176461,2.013199389905));
#5891 = CARTESIAN_POINT('',(3.220178191417,2.011107440004));
#5892 = CARTESIAN_POINT('',(3.19393799109,2.0090193103));
#5893 = CARTESIAN_POINT('',(3.167741910468,2.006934710195));
#5894 = CARTESIAN_POINT('',(3.150304949631,2.005547130205));
#5895 = CARTESIAN_POINT('',(3.14159265359,2.004853829072));
#5896 = ( GEOMETRIC_REPRESENTATION_CONTEXT(2) 
PARAMETRIC_REPRESENTATION_CONTEXT() REPRESENTATION_CONTEXT('2D SPACE',''
  ) );
#5897 = PCURVE('',#4869,#5898);
#5898 = DEFINITIONAL_REPRESENTATION('',(#5899),#5947);
#5899 = B_SPLINE_CURVE_WITH_KNOTS('',3,(#5900,#5901,#5902,#5903,#5904,
    #5905,#5906,#5907,#5908,#5909,#5910,#5911,#5912,#5913,#5914,#5915,
    #5916,#5917,#5918,#5919,#5920,#5921,#5922,#5923,#5924,#5925,#5926,
    #5927,#5928,#5929,#5930,#5931,#5932,#5933,#5934,#5935,#5936,#5937,
    #5938,#5939,#5940,#5941,#5942,#5943,#5944,#5945,#5946),
  .UNSPECIFIED.,.F.,.F.,(4,1,1,1,1,1,1,1,1,1,1,1,1,1,1,1,1,1,1,1,1,1,1,1
    ,1,1,1,1,1,1,1,1,1,1,1,1,1,1,1,1,1,1,1,1,4),(0.,2.272727272727E-02,
    4.545454545455E-02,6.818181818182E-02,9.090909090909E-02,
    0.113636363636,0.136363636364,0.159090909091,0.181818181818,
    0.204545454545,0.227272727273,0.25,0.272727272727,0.295454545455,
    0.318181818182,0.340909090909,0.363636363636,0.386363636364,
    0.409090909091,0.431818181818,0.454545454545,0.477272727273,0.5,
    0.522727272727,0.545454545455,0.568181818182,0.590909090909,
    0.613636363636,0.636363636364,0.659090909091,0.681818181818,
    0.704545454545,0.727272727273,0.75,0.772727272727,0.795454545455,
    0.818181818182,0.840909090909,0.863636363636,0.886363636364,
    0.909090909091,0.931818181818,0.954545454545,0.977272727273,1.),
  .QUASI_UNIFORM_KNOTS.);
#5900 = CARTESIAN_POINT('',(0.75284389351,-4.525795252937E-06));
#5901 = CARTESIAN_POINT('',(0.752774505108,4.847569073065E-04));
#5902 = CARTESIAN_POINT('',(0.752607951468,1.464189164411E-03));
#5903 = CARTESIAN_POINT('',(0.752298994374,2.935895378869E-03));
#5904 = CARTESIAN_POINT('',(0.751955340959,4.410118665696E-03));
#5905 = CARTESIAN_POINT('',(0.751600628989,5.886811370933E-03));
#5906 = CARTESIAN_POINT('',(0.751257795713,7.365915050491E-03));
#5907 = CARTESIAN_POINT('',(0.750949920578,8.847385788269E-03));
#5908 = CARTESIAN_POINT('',(0.750712910992,1.033135170458E-02));
#5909 = CARTESIAN_POINT('',(0.750581233375,1.18179162545E-02));
#5910 = CARTESIAN_POINT('',(0.750604588536,1.330715349933E-02));
#5911 = CARTESIAN_POINT('',(0.750773862666,1.479918435291E-02));
#5912 = CARTESIAN_POINT('',(0.751041143546,1.629397842358E-02));
#5913 = CARTESIAN_POINT('',(0.751392357483,1.77907581595E-02));
#5914 = CARTESIAN_POINT('',(0.751794073728,1.928887324172E-02));
#5915 = CARTESIAN_POINT('',(0.752206377939,2.07876742798E-02));
#5916 = CARTESIAN_POINT('',(0.752570315478,2.228657328669E-02));
#5917 = CARTESIAN_POINT('',(0.752851522244,2.378494772968E-02));
#5918 = CARTESIAN_POINT('',(0.753076058537,2.528201998532E-02));
#5919 = CARTESIAN_POINT('',(0.753244983463,2.677701021637E-02));
#5920 = CARTESIAN_POINT('',(0.753350892294,2.826917846279E-02));
#5921 = CARTESIAN_POINT('',(0.753369845765,2.975758893135E-02));
#5922 = CARTESIAN_POINT('',(0.753279071064,3.124218829355E-02));
#5923 = CARTESIAN_POINT('',(0.753082281221,3.272403209034E-02));
#5924 = CARTESIAN_POINT('',(0.752794632168,3.420393305635E-02));
#5925 = CARTESIAN_POINT('',(0.752442860573,3.56827430288E-02));
#5926 = CARTESIAN_POINT('',(0.75207460498,3.716125940705E-02));
#5927 = CARTESIAN_POINT('',(0.751708829114,3.864029815748E-02));
#5928 = CARTESIAN_POINT('',(0.751345523732,4.012070377223E-02));
#5929 = CARTESIAN_POINT('',(0.751005318757,4.160332758883E-02));
#5930 = CARTESIAN_POINT('',(0.750722175786,4.308895056401E-02));
#5931 = CARTESIAN_POINT('',(0.750539836495,4.457857166882E-02));
#5932 = CARTESIAN_POINT('',(0.750539617917,4.607178038932E-02));
#5933 = CARTESIAN_POINT('',(0.750717783381,4.756749553635E-02));
#5934 = CARTESIAN_POINT('',(0.751024057742,4.90648317161E-02));
#5935 = CARTESIAN_POINT('',(0.75140408282,5.05629082728E-02));
#5936 = CARTESIAN_POINT('',(0.751776876278,5.206088906717E-02));
#5937 = CARTESIAN_POINT('',(0.752131778831,5.355812705519E-02));
#5938 = CARTESIAN_POINT('',(0.752469444149,5.505401161021E-02));
#5939 = CARTESIAN_POINT('',(0.752774884343,5.654791884659E-02));
#5940 = CARTESIAN_POINT('',(0.753025587384,5.803924981127E-02));
#5941 = CARTESIAN_POINT('',(0.753185387347,5.952735024927E-02));
#5942 = CARTESIAN_POINT('',(0.753248018917,6.101244332444E-02));
#5943 = CARTESIAN_POINT('',(0.753216202914,6.249483157265E-02));
#5944 = CARTESIAN_POINT('',(0.753095192344,6.39747803628E-02));
#5945 = CARTESIAN_POINT('',(0.752962225018,6.495995315179E-02));
#5946 = CARTESIAN_POINT('',(0.75288419835,6.545221699268E-02));
#5947 = ( GEOMETRIC_REPRESENTATION_CONTEXT(2) 
PARAMETRIC_REPRESENTATION_CONTEXT() REPRESENTATION_CONTEXT('2D SPACE',''
  ) );
#5948 = ORIENTED_EDGE('',*,*,#5949,.T.);
#5949 = EDGE_CURVE('',#5830,#5022,#5950,.T.);
#5950 = SURFACE_CURVE('',#5951,(#5978,#6095),.PCURVE_S1.);
#5951 = B_SPLINE_CURVE_WITH_KNOTS('',3,(#5952,#5953,#5954,#5955,#5956,
    #5957,#5958,#5959,#5960,#5961,#5962,#5963,#5964,#5965,#5966,#5967,
    #5968,#5969,#5970,#5971,#5972,#5973,#5974,#5975,#5976,#5977),
  .UNSPECIFIED.,.F.,.F.,(4,1,1,1,1,1,1,1,1,1,1,1,1,1,1,1,1,1,1,1,1,1,1,4
    ),(0.,4.347826086957E-02,8.695652173913E-02,0.130434782609,
    0.173913043478,0.217391304348,0.260869565217,0.304347826087,
    0.347826086957,0.391304347826,0.434782608696,0.478260869565,
    0.521739130435,0.565217391304,0.608695652174,0.652173913044,
    0.695652173913,0.739130434783,0.782608695652,0.826086956522,
    0.869565217391,0.913043478261,0.95652173913,1.),.UNSPECIFIED.);
#5952 = CARTESIAN_POINT('',(4.998964812729,-15.28764617092,
    -0.101738886849));
#5953 = CARTESIAN_POINT('',(5.003565641587,-15.2912448178,0.124323951903
    ));
#5954 = CARTESIAN_POINT('',(4.981989157195,-15.29845521899,
    0.577887369176));
#5955 = CARTESIAN_POINT('',(4.857785008635,-15.30928292646,
    1.248408377999));
#5956 = CARTESIAN_POINT('',(4.641265038358,-15.32020438939,
    1.901241387386));
#5957 = CARTESIAN_POINT('',(4.340787091764,-15.33101776061,2.51239591326
    ));
#5958 = CARTESIAN_POINT('',(3.958941118564,-15.34187115744,
    3.079285466893));
#5959 = CARTESIAN_POINT('',(3.50485922253,-15.35269363049,3.587595086795
    ));
#5960 = CARTESIAN_POINT('',(2.985271926769,-15.36353176223,
    4.030189296893));
#5961 = CARTESIAN_POINT('',(2.412656730302,-15.37433003709,
    4.397047023678));
#5962 = CARTESIAN_POINT('',(1.789939190969,-15.38522723436,4.68552340037
    ));
#5963 = CARTESIAN_POINT('',(1.131475495124,-15.3961576057,4.886325660074
    ));
#5964 = CARTESIAN_POINT('',(0.45869173319,-15.40697730156,4.994260852683
    ));
#5965 = CARTESIAN_POINT('',(-0.220529513708,-15.41776561408,
    5.010717703403));
#5966 = CARTESIAN_POINT('',(-0.906358641242,-15.42872440797,
    4.933381708561));
#5967 = CARTESIAN_POINT('',(-1.577333666254,-15.43972144252,
    4.761481035025));
#5968 = CARTESIAN_POINT('',(-2.214944704775,-15.4506649995,
    4.499863147377));
#5969 = CARTESIAN_POINT('',(-2.801970336673,-15.46143687004,
    4.159814619741));
#5970 = CARTESIAN_POINT('',(-3.346797929311,-15.47239559079,
    3.736161518648));
#5971 = CARTESIAN_POINT('',(-3.828922250459,-15.48337939345,
    3.240030814377));
#5972 = CARTESIAN_POINT('',(-4.235333664069,-15.49428406467,
    2.686434640618));
#5973 = CARTESIAN_POINT('',(-4.55933705588,-15.50507015049,
    2.089418637263));
#5974 = CARTESIAN_POINT('',(-4.800765098667,-15.51588939704,
    1.452253860749));
#5975 = CARTESIAN_POINT('',(-4.954293721151,-15.52680604927,
    0.782098630893));
#5976 = CARTESIAN_POINT('',(-4.99434752739,-15.53403465222,
    0.328610318752));
#5977 = CARTESIAN_POINT('',(-4.998964812729,-15.53764617092,
    0.101738886849));
#5978 = PCURVE('',#3939,#5979);
#5979 = DEFINITIONAL_REPRESENTATION('',(#5980),#6094);
#5980 = B_SPLINE_CURVE_WITH_KNOTS('',3,(#5981,#5982,#5983,#5984,#5985,
    #5986,#5987,#5988,#5989,#5990,#5991,#5992,#5993,#5994,#5995,#5996,
    #5997,#5998,#5999,#6000,#6001,#6002,#6003,#6004,#6005,#6006,#6007,
    #6008,#6009,#6010,#6011,#6012,#6013,#6014,#6015,#6016,#6017,#6018,
    #6019,#6020,#6021,#6022,#6023,#6024,#6025,#6026,#6027,#6028,#6029,
    #6030,#6031,#6032,#6033,#6034,#6035,#6036,#6037,#6038,#6039,#6040,
    #6041,#6042,#6043,#6044,#6045,#6046,#6047,#6048,#6049,#6050,#6051,
    #6052,#6053,#6054,#6055,#6056,#6057,#6058,#6059,#6060,#6061,#6062,
    #6063,#6064,#6065,#6066,#6067,#6068,#6069,#6070,#6071,#6072,#6073,
    #6074,#6075,#6076,#6077,#6078,#6079,#6080,#6081,#6082,#6083,#6084,
    #6085,#6086,#6087,#6088,#6089,#6090,#6091,#6092,#6093),
  .UNSPECIFIED.,.F.,.F.,(4,1,1,1,1,1,1,1,1,1,1,1,1,1,1,1,1,1,1,1,1,1,1,1
    ,1,1,1,1,1,1,1,1,1,1,1,1,1,1,1,1,1,1,1,1,1,1,1,1,1,1,1,1,1,1,1,1,1,1
    ,1,1,1,1,1,1,1,1,1,1,1,1,1,1,1,1,1,1,1,1,1,1,1,1,1,1,1,1,1,1,1,1,1,1
    ,1,1,1,1,1,1,1,1,1,1,1,1,1,1,1,1,1,1,4),(0.,9.090909090909E-03,
    1.818181818182E-02,2.727272727273E-02,3.636363636364E-02,
    4.545454545455E-02,5.454545454545E-02,6.363636363636E-02,
    7.272727272727E-02,8.181818181818E-02,9.090909090909E-02,1.E-01,
    0.109090909091,0.118181818182,0.127272727273,0.136363636364,
    0.145454545455,0.154545454545,0.163636363636,0.172727272727,
    0.181818181818,0.190909090909,0.2,0.209090909091,0.218181818182,
    0.227272727273,0.236363636364,0.245454545455,0.254545454545,
    0.263636363636,0.272727272727,0.281818181818,0.290909090909,0.3,
    0.309090909091,0.318181818182,0.327272727273,0.336363636364,
    0.345454545455,0.354545454545,0.363636363636,0.372727272727,
    0.381818181818,0.390909090909,0.4,0.409090909091,0.418181818182,
    0.427272727273,0.436363636364,0.445454545455,0.454545454545,
    0.463636363636,0.472727272727,0.481818181818,0.490909090909,0.5,
    0.509090909091,0.518181818182,0.527272727273,0.536363636364,
    0.545454545455,0.554545454545,0.563636363636,0.572727272727,
    0.581818181818,0.590909090909,0.6,0.609090909091,0.618181818182,
    0.627272727273,0.636363636364,0.645454545455,0.654545454545,
    0.663636363636,0.672727272727,0.681818181818,0.690909090909,0.7,
    0.709090909091,0.718181818182,0.727272727273,0.736363636364,
    0.745454545455,0.754545454545,0.763636363636,0.772727272727,
    0.781818181818,0.790909090909,0.8,0.809090909091,0.818181818182,
    0.827272727273,0.836363636364,0.845454545455,0.854545454545,
    0.863636363636,0.872727272727,0.881818181818,0.890909090909,0.9,
    0.909090909091,0.918181818182,0.927272727273,0.936363636364,
    0.945454545455,0.954545454545,0.963636363636,0.972727272727,
    0.981818181818,0.990909090909,1.),.QUASI_UNIFORM_KNOTS.);
#5981 = CARTESIAN_POINT('',(3.14159265359,2.004853829072));
#5982 = CARTESIAN_POINT('',(3.132137171426,2.004101384725));
#5983 = CARTESIAN_POINT('',(3.113219066211,2.002595923112));
#5984 = CARTESIAN_POINT('',(3.084823474536,2.000336259604));
#5985 = CARTESIAN_POINT('',(3.056412454636,1.998075377179));
#5986 = CARTESIAN_POINT('',(3.027988953284,1.995813512243));
#5987 = CARTESIAN_POINT('',(2.999556558096,1.993550959765));
#5988 = CARTESIAN_POINT('',(2.971116067752,1.991287786));
#5989 = CARTESIAN_POINT('',(2.942657580187,1.989023158873));
#5990 = CARTESIAN_POINT('',(2.914171996945,1.986756339161));
#5991 = CARTESIAN_POINT('',(2.885650621051,1.984486637551));
#5992 = CARTESIAN_POINT('',(2.857080804062,1.982213072233));
#5993 = CARTESIAN_POINT('',(2.828466443162,1.979935994472));
#5994 = CARTESIAN_POINT('',(2.799834070691,1.977657518169));
#5995 = CARTESIAN_POINT('',(2.771206559589,1.975379439309));
#5996 = CARTESIAN_POINT('',(2.742606542913,1.973103530861));
#5997 = CARTESIAN_POINT('',(2.714061570386,1.970831975768));
#5998 = CARTESIAN_POINT('',(2.685567333849,1.968564452696));
#5999 = CARTESIAN_POINT('',(2.657103590275,1.966299369367));
#6000 = CARTESIAN_POINT('',(2.628653902826,1.964035426983));
#6001 = CARTESIAN_POINT('',(2.600201519866,1.961771289152));
#6002 = CARTESIAN_POINT('',(2.571728179762,1.959505476378));
#6003 = CARTESIAN_POINT('',(2.543239506325,1.957238435885));
#6004 = CARTESIAN_POINT('',(2.514744392731,1.954970870198));
#6005 = CARTESIAN_POINT('',(2.486250831973,1.952703408943));
#6006 = CARTESIAN_POINT('',(2.457767179416,1.950436722486));
#6007 = CARTESIAN_POINT('',(2.42930036746,1.948171390429));
#6008 = CARTESIAN_POINT('',(2.400844413449,1.945906937773));
#6009 = CARTESIAN_POINT('',(2.372394154283,1.943642947758));
#6010 = CARTESIAN_POINT('',(2.343944507016,1.941379007487));
#6011 = CARTESIAN_POINT('',(2.315489521208,1.939114630378));
#6012 = CARTESIAN_POINT('',(2.28702702782,1.936849647039));
#6013 = CARTESIAN_POINT('',(2.258564346292,1.934584658864));
#6014 = CARTESIAN_POINT('',(2.230107737552,1.932320160359));
#6015 = CARTESIAN_POINT('',(2.201663159019,1.930056617003));
#6016 = CARTESIAN_POINT('',(2.173239292595,1.927794717258));
#6017 = CARTESIAN_POINT('',(2.144830791951,1.925534034442));
#6018 = CARTESIAN_POINT('',(2.116419576971,1.923273129706));
#6019 = CARTESIAN_POINT('',(2.087989985902,1.921010767728));
#6020 = CARTESIAN_POINT('',(2.059526384756,1.918745716951));
#6021 = CARTESIAN_POINT('',(2.031010314619,1.916476527227));
#6022 = CARTESIAN_POINT('',(2.002444372807,1.914203373965));
#6023 = CARTESIAN_POINT('',(1.97383793047,1.911926963654));
#6024 = CARTESIAN_POINT('',(1.945198371202,1.909647867868));
#6025 = CARTESIAN_POINT('',(1.916533268013,1.907366699958));
#6026 = CARTESIAN_POINT('',(1.887849170986,1.905084041077));
#6027 = CARTESIAN_POINT('',(1.859161953895,1.902801184202));
#6028 = CARTESIAN_POINT('',(1.830488486515,1.900519455059));
#6029 = CARTESIAN_POINT('',(1.801845451699,1.898240147497));
#6030 = CARTESIAN_POINT('',(1.773250841602,1.895964650178));
#6031 = CARTESIAN_POINT('',(1.744717720791,1.893693993656));
#6032 = CARTESIAN_POINT('',(1.716234034492,1.891427289184));
#6033 = CARTESIAN_POINT('',(1.687790937581,1.889163862134));
#6034 = CARTESIAN_POINT('',(1.659378806823,1.886902950784));
#6035 = CARTESIAN_POINT('',(1.630990075484,1.884643927679));
#6036 = CARTESIAN_POINT('',(1.602611030159,1.882385648252));
#6037 = CARTESIAN_POINT('',(1.574217360066,1.880126153034));
#6038 = CARTESIAN_POINT('',(1.545785841924,1.87786360539));
#6039 = CARTESIAN_POINT('',(1.517293899569,1.875596239559));
#6040 = CARTESIAN_POINT('',(1.488713485888,1.873321883447));
#6041 = CARTESIAN_POINT('',(1.460045621176,1.871040608215));
#6042 = CARTESIAN_POINT('',(1.431309393752,1.868753877991));
#6043 = CARTESIAN_POINT('',(1.402519474171,1.866462835179));
#6044 = CARTESIAN_POINT('',(1.373691157637,1.864168699106));
#6045 = CARTESIAN_POINT('',(1.344839076681,1.861872703126));
#6046 = CARTESIAN_POINT('',(1.315974287444,1.85957573874));
#6047 = CARTESIAN_POINT('',(1.287107552802,1.857278630516));
#6048 = CARTESIAN_POINT('',(1.258249877009,1.854982221144));
#6049 = CARTESIAN_POINT('',(1.229412155243,1.852687345808));
#6050 = CARTESIAN_POINT('',(1.200605032775,1.850394851617));
#6051 = CARTESIAN_POINT('',(1.171840865822,1.848105820544));
#6052 = CARTESIAN_POINT('',(1.143133112442,1.845821349125));
#6053 = CARTESIAN_POINT('',(1.11449474827,1.843542452696));
#6054 = CARTESIAN_POINT('',(1.085943087314,1.841270456839));
#6055 = CARTESIAN_POINT('',(1.057479957592,1.839005449982));
#6056 = CARTESIAN_POINT('',(1.029058724549,1.836743732595));
#6057 = CARTESIAN_POINT('',(1.000638789052,1.834482109302));
#6058 = CARTESIAN_POINT('',(0.97217964092,1.832217396309));
#6059 = CARTESIAN_POINT('',(0.943633957928,1.829945859328));
#6060 = CARTESIAN_POINT('',(0.914989302475,1.827666474782));
#6061 = CARTESIAN_POINT('',(0.886271247871,1.825381209956));
#6062 = CARTESIAN_POINT('',(0.857497206996,1.823091416371));
#6063 = CARTESIAN_POINT('',(0.828685998669,1.820798593245));
#6064 = CARTESIAN_POINT('',(0.799855758304,1.81850426477));
#6065 = CARTESIAN_POINT('',(0.771019594601,1.816209530425));
#6066 = CARTESIAN_POINT('',(0.742189213124,1.813915306977));
#6067 = CARTESIAN_POINT('',(0.713377105775,1.811622558552));
#6068 = CARTESIAN_POINT('',(0.684595626718,1.809332227715));
#6069 = CARTESIAN_POINT('',(0.655857565457,1.807045295921));
#6070 = CARTESIAN_POINT('',(0.62716713804,1.804762160032));
#6071 = CARTESIAN_POINT('',(0.598528484734,1.80248317416));
#6072 = CARTESIAN_POINT('',(0.569946112583,1.800208689336));
#6073 = CARTESIAN_POINT('',(0.541425533565,1.797939111271));
#6074 = CARTESIAN_POINT('',(0.512969537742,1.795674626161));
#6075 = CARTESIAN_POINT('',(0.484558758537,1.79341373428));
#6076 = CARTESIAN_POINT('',(0.456175749858,1.791155074659));
#6077 = CARTESIAN_POINT('',(0.427802986476,1.788897268006));
#6078 = CARTESIAN_POINT('',(0.399422323842,1.786638869564));
#6079 = CARTESIAN_POINT('',(0.371019995151,1.784378748421));
#6080 = CARTESIAN_POINT('',(0.34259027807,1.782116407597));
#6081 = CARTESIAN_POINT('',(0.314125422296,1.779851220371));
#6082 = CARTESIAN_POINT('',(0.285618732227,1.777582666939));
#6083 = CARTESIAN_POINT('',(0.257059301013,1.775309929562));
#6084 = CARTESIAN_POINT('',(0.228454925931,1.773033663881));
#6085 = CARTESIAN_POINT('',(0.19982796229,1.770755627228));
#6086 = CARTESIAN_POINT('',(0.171197949123,1.768477345113));
#6087 = CARTESIAN_POINT('',(0.142584410648,1.7662003455));
#6088 = CARTESIAN_POINT('',(0.114009322555,1.763926378362));
#6089 = CARTESIAN_POINT('',(8.547043508748E-02,1.761655303264));
#6090 = CARTESIAN_POINT('',(5.695978399945E-02,1.75938650231));
#6091 = CARTESIAN_POINT('',(2.847119306432E-02,1.75711947984));
#6092 = CARTESIAN_POINT('',(9.489334463007E-03,1.755608964801));
#6093 = CARTESIAN_POINT('',(0.,1.754853829072));
#6094 = ( GEOMETRIC_REPRESENTATION_CONTEXT(2) 
PARAMETRIC_REPRESENTATION_CONTEXT() REPRESENTATION_CONTEXT('2D SPACE',''
  ) );
#6095 = PCURVE('',#4869,#6096);
#6096 = DEFINITIONAL_REPRESENTATION('',(#6097),#6211);
#6097 = B_SPLINE_CURVE_WITH_KNOTS('',3,(#6098,#6099,#6100,#6101,#6102,
    #6103,#6104,#6105,#6106,#6107,#6108,#6109,#6110,#6111,#6112,#6113,
    #6114,#6115,#6116,#6117,#6118,#6119,#6120,#6121,#6122,#6123,#6124,
    #6125,#6126,#6127,#6128,#6129,#6130,#6131,#6132,#6133,#6134,#6135,
    #6136,#6137,#6138,#6139,#6140,#6141,#6142,#6143,#6144,#6145,#6146,
    #6147,#6148,#6149,#6150,#6151,#6152,#6153,#6154,#6155,#6156,#6157,
    #6158,#6159,#6160,#6161,#6162,#6163,#6164,#6165,#6166,#6167,#6168,
    #6169,#6170,#6171,#6172,#6173,#6174,#6175,#6176,#6177,#6178,#6179,
    #6180,#6181,#6182,#6183,#6184,#6185,#6186,#6187,#6188,#6189,#6190,
    #6191,#6192,#6193,#6194,#6195,#6196,#6197,#6198,#6199,#6200,#6201,
    #6202,#6203,#6204,#6205,#6206,#6207,#6208,#6209,#6210),
  .UNSPECIFIED.,.F.,.F.,(4,1,1,1,1,1,1,1,1,1,1,1,1,1,1,1,1,1,1,1,1,1,1,1
    ,1,1,1,1,1,1,1,1,1,1,1,1,1,1,1,1,1,1,1,1,1,1,1,1,1,1,1,1,1,1,1,1,1,1
    ,1,1,1,1,1,1,1,1,1,1,1,1,1,1,1,1,1,1,1,1,1,1,1,1,1,1,1,1,1,1,1,1,1,1
    ,1,1,1,1,1,1,1,1,1,1,1,1,1,1,1,1,1,1,4),(0.,9.090909090909E-03,
    1.818181818182E-02,2.727272727273E-02,3.636363636364E-02,
    4.545454545455E-02,5.454545454545E-02,6.363636363636E-02,
    7.272727272727E-02,8.181818181818E-02,9.090909090909E-02,1.E-01,
    0.109090909091,0.118181818182,0.127272727273,0.136363636364,
    0.145454545455,0.154545454545,0.163636363636,0.172727272727,
    0.181818181818,0.190909090909,0.2,0.209090909091,0.218181818182,
    0.227272727273,0.236363636364,0.245454545455,0.254545454545,
    0.263636363636,0.272727272727,0.281818181818,0.290909090909,0.3,
    0.309090909091,0.318181818182,0.327272727273,0.336363636364,
    0.345454545455,0.354545454545,0.363636363636,0.372727272727,
    0.381818181818,0.390909090909,0.4,0.409090909091,0.418181818182,
    0.427272727273,0.436363636364,0.445454545455,0.454545454545,
    0.463636363636,0.472727272727,0.481818181818,0.490909090909,0.5,
    0.509090909091,0.518181818182,0.527272727273,0.536363636364,
    0.545454545455,0.554545454545,0.563636363636,0.572727272727,
    0.581818181818,0.590909090909,0.6,0.609090909091,0.618181818182,
    0.627272727273,0.636363636364,0.645454545455,0.654545454545,
    0.663636363636,0.672727272727,0.681818181818,0.690909090909,0.7,
    0.709090909091,0.718181818182,0.727272727273,0.736363636364,
    0.745454545455,0.754545454545,0.763636363636,0.772727272727,
    0.781818181818,0.790909090909,0.8,0.809090909091,0.818181818182,
    0.827272727273,0.836363636364,0.845454545455,0.854545454545,    0.863636363636,0.872727272727,0.881818181818,0.890909090909,0.9,
    0.909090909091,0.918181818182,0.927272727273,0.936363636364,
    0.945454545455,0.954545454545,0.963636363636,0.972727272727,
    0.981818181818,0.990909090909,1.),.QUASI_UNIFORM_KNOTS.);
#6098 = CARTESIAN_POINT('',(0.75288419835,6.545221699268E-02));
#6099 = CARTESIAN_POINT('',(0.752799651205,6.598647063266E-02));
#6100 = CARTESIAN_POINT('',(0.752593893929,6.705544818748E-02));
#6101 = CARTESIAN_POINT('',(0.752215983372,6.866018986577E-02));
#6102 = CARTESIAN_POINT('',(0.751810474438,7.026607794034E-02));
#6103 = CARTESIAN_POINT('',(0.751415676539,7.187296061089E-02));
#6104 = CARTESIAN_POINT('',(0.751067504571,7.348062699464E-02));
#6105 = CARTESIAN_POINT('',(0.75079846072,7.508899445677E-02));
#6106 = CARTESIAN_POINT('',(0.750638750492,7.669855296776E-02));
#6107 = CARTESIAN_POINT('',(0.750642109508,7.830970721805E-02));
#6108 = CARTESIAN_POINT('',(0.750802795246,7.992280621346E-02));
#6109 = CARTESIAN_POINT('',(0.751046057312,8.153845984447E-02));
#6110 = CARTESIAN_POINT('',(0.751355576276,8.315637772952E-02));
#6111 = CARTESIAN_POINT('',(0.7517400231,8.477502190633E-02));
#6112 = CARTESIAN_POINT('',(0.752174756857,8.639309362551E-02));
#6113 = CARTESIAN_POINT('',(0.752616704155,8.800933469021E-02));
#6114 = CARTESIAN_POINT('',(0.752992265584,8.962223194663E-02));
#6115 = CARTESIAN_POINT('',(0.753247980319,9.123208735903E-02));
#6116 = CARTESIAN_POINT('',(0.753365662212,9.284011192209E-02));
#6117 = CARTESIAN_POINT('',(0.75334032183,9.4447307128E-02));
#6118 = CARTESIAN_POINT('',(0.753184840863,9.605469362608E-02));
#6119 = CARTESIAN_POINT('',(0.752930570632,9.766337484084E-02));
#6120 = CARTESIAN_POINT('',(0.752613851492,9.927309862082E-02));
#6121 = CARTESIAN_POINT('',(0.752262023888,0.100883417705));
#6122 = CARTESIAN_POINT('',(0.751895761664,0.10249392049));
#6123 = CARTESIAN_POINT('',(0.751527537045,0.104104155163));
#6124 = CARTESIAN_POINT('',(0.751164266473,0.105713726075));
#6125 = CARTESIAN_POINT('',(0.750852344782,0.107322937716));
#6126 = CARTESIAN_POINT('',(0.750638302116,0.10893201586));
#6127 = CARTESIAN_POINT('',(0.750584724933,0.110541144673));
#6128 = CARTESIAN_POINT('',(0.750711446476,0.11215051797));
#6129 = CARTESIAN_POINT('',(0.750961087508,0.1137601449));
#6130 = CARTESIAN_POINT('',(0.751312592977,0.115369537619));
#6131 = CARTESIAN_POINT('',(0.751729298656,0.116978302294));
#6132 = CARTESIAN_POINT('',(0.752170631603,0.118586092735));
#6133 = CARTESIAN_POINT('',(0.752588315286,0.120192434787));
#6134 = CARTESIAN_POINT('',(0.752932897104,0.121797668194));
#6135 = CARTESIAN_POINT('',(0.753171883542,0.123402867422));
#6136 = CARTESIAN_POINT('',(0.753288734754,0.125008981217));
#6137 = CARTESIAN_POINT('',(0.7532826743,0.126616963802));
#6138 = CARTESIAN_POINT('',(0.753170995942,0.128227932026));
#6139 = CARTESIAN_POINT('',(0.752977097372,0.129841812798));
#6140 = CARTESIAN_POINT('',(0.752715325564,0.131458145945));
#6141 = CARTESIAN_POINT('',(0.75239365756,0.133076574165));
#6142 = CARTESIAN_POINT('',(0.75201396434,0.134696715155));
#6143 = CARTESIAN_POINT('',(0.751568998673,0.136318225468));
#6144 = CARTESIAN_POINT('',(0.751141080764,0.137940206593));
#6145 = CARTESIAN_POINT('',(0.750799567818,0.139561675168));
#6146 = CARTESIAN_POINT('',(0.750594741298,0.141181625411));
#6147 = CARTESIAN_POINT('',(0.750562713998,0.142798942048));
#6148 = CARTESIAN_POINT('',(0.750706586161,0.144412745421));
#6149 = CARTESIAN_POINT('',(0.750970454807,0.146023596086));
#6150 = CARTESIAN_POINT('',(0.751316619366,0.147631917049));
#6151 = CARTESIAN_POINT('',(0.751712196974,0.14923820863));
#6152 = CARTESIAN_POINT('',(0.752141227831,0.150842884558));
#6153 = CARTESIAN_POINT('',(0.752564713638,0.152446732547));
#6154 = CARTESIAN_POINT('',(0.752912840275,0.154051161433));
#6155 = CARTESIAN_POINT('',(0.753148531042,0.155657533366));
#6156 = CARTESIAN_POINT('',(0.753255205074,0.15726718557));
#6157 = CARTESIAN_POINT('',(0.753240422199,0.158881772112));
#6158 = CARTESIAN_POINT('',(0.75313666494,0.160501309161));
#6159 = CARTESIAN_POINT('',(0.752967120064,0.162124793688));
#6160 = CARTESIAN_POINT('',(0.752738984037,0.163751468856));
#6161 = CARTESIAN_POINT('',(0.752448398725,0.165380533725));
#6162 = CARTESIAN_POINT('',(0.752067747198,0.16701121127));
#6163 = CARTESIAN_POINT('',(0.751647283569,0.168642903793));
#6164 = CARTESIAN_POINT('',(0.751243766301,0.170275005549));
#6165 = CARTESIAN_POINT('',(0.750899077654,0.17190686873));
#6166 = CARTESIAN_POINT('',(0.750642941378,0.173537818158));
#6167 = CARTESIAN_POINT('',(0.750499817095,0.175167156889));
#6168 = CARTESIAN_POINT('',(0.750571997574,0.176794040637));
#6169 = CARTESIAN_POINT('',(0.750827698878,0.178417578663));
#6170 = CARTESIAN_POINT('',(0.7512290894,0.180036955762));
#6171 = CARTESIAN_POINT('',(0.751726514946,0.181651147935));
#6172 = CARTESIAN_POINT('',(0.752240427436,0.183260041041));
#6173 = CARTESIAN_POINT('',(0.752671369934,0.184866286995));
#6174 = CARTESIAN_POINT('',(0.752970743182,0.186472213918));
#6175 = CARTESIAN_POINT('',(0.753126611795,0.188080159139));
#6176 = CARTESIAN_POINT('',(0.753174425115,0.189692854977));
#6177 = CARTESIAN_POINT('',(0.753162662239,0.191311071677));
#6178 = CARTESIAN_POINT('',(0.753100981382,0.19293343991));
#6179 = CARTESIAN_POINT('',(0.752984623306,0.194559053045));
#6180 = CARTESIAN_POINT('',(0.752794850912,0.196186921424));
#6181 = CARTESIAN_POINT('',(0.752479514446,0.197816085896));
#6182 = CARTESIAN_POINT('',(0.752074779335,0.199445853004));
#6183 = CARTESIAN_POINT('',(0.751648227347,0.201075587952));
#6184 = CARTESIAN_POINT('',(0.751244663086,0.202704588229));
#6185 = CARTESIAN_POINT('',(0.750900491215,0.204332130758));
#6186 = CARTESIAN_POINT('',(0.75063336361,0.205957435194));
#6187 = CARTESIAN_POINT('',(0.750517683408,0.207580168469));
#6188 = CARTESIAN_POINT('',(0.750622907974,0.209199955929));
#6189 = CARTESIAN_POINT('',(0.750894035678,0.210816413399));
#6190 = CARTESIAN_POINT('',(0.751276071074,0.212429147405));
#6191 = CARTESIAN_POINT('',(0.751705963019,0.214037953951));
#6192 = CARTESIAN_POINT('',(0.752126691037,0.215643913144));
#6193 = CARTESIAN_POINT('',(0.752501086036,0.2172480212));
#6194 = CARTESIAN_POINT('',(0.752807980133,0.218851299323));
#6195 = CARTESIAN_POINT('',(0.7530484643,0.220454819601));
#6196 = CARTESIAN_POINT('',(0.753221586982,0.222059419832));
#6197 = CARTESIAN_POINT('',(0.753297464759,0.223665493716));
#6198 = CARTESIAN_POINT('',(0.753259436158,0.225273553841));
#6199 = CARTESIAN_POINT('',(0.753099412111,0.226884053564));
#6200 = CARTESIAN_POINT('',(0.752809384474,0.22849768067));
#6201 = CARTESIAN_POINT('',(0.752433938512,0.230114056006));
#6202 = CARTESIAN_POINT('',(0.752035994432,0.231731963921));
#6203 = CARTESIAN_POINT('',(0.751650714534,0.233350330676));
#6204 = CARTESIAN_POINT('',(0.751298707411,0.23496806071));
#6205 = CARTESIAN_POINT('',(0.750970831503,0.236583893452));
#6206 = CARTESIAN_POINT('',(0.75070858717,0.238197903927));
#6207 = CARTESIAN_POINT('',(0.750572903981,0.239810457174));
#6208 = CARTESIAN_POINT('',(0.75063745376,0.241421769068));
#6209 = CARTESIAN_POINT('',(0.750784900138,0.24249530215));
#6210 = CARTESIAN_POINT('',(0.750883042762,0.243031937531));
#6211 = ( GEOMETRIC_REPRESENTATION_CONTEXT(2) 
PARAMETRIC_REPRESENTATION_CONTEXT() REPRESENTATION_CONTEXT('2D SPACE',''
  ) );
#6212 = ORIENTED_EDGE('',*,*,#5021,.T.);
#6213 = ADVANCED_FACE('',(#6214),#5679,.T.);
#6214 = FACE_BOUND('',#6215,.T.);
#6215 = EDGE_LOOP('',(#6216,#6284,#6285));
#6216 = ORIENTED_EDGE('',*,*,#6217,.F.);
#6217 = EDGE_CURVE('',#5559,#6218,#6220,.T.);
#6218 = VERTEX_POINT('',#6219);
#6219 = CARTESIAN_POINT('',(1.875530018343,-15.1399999,-4.531048839301)
  );
#6220 = SURFACE_CURVE('',#6221,(#6240,#6262),.PCURVE_S1.);
#6221 = B_SPLINE_CURVE_WITH_KNOTS('',5,(#6222,#6223,#6224,#6225,#6226,
    #6227,#6228,#6229,#6230,#6231,#6232,#6233,#6234,#6235,#6236,#6237,
    #6238,#6239),.UNSPECIFIED.,.F.,.F.,(6,4,4,4,6),(0.,0.137723755396,
    0.522980353773,0.830167867586,1.),.UNSPECIFIED.);
#6222 = CARTESIAN_POINT('',(-1.521843702578,-15.1399999,-4.762928401905)
  );
#6223 = CARTESIAN_POINT('',(-1.429836961347,-15.1399999,-4.789458541648)
  );
#6224 = CARTESIAN_POINT('',(-1.337196909761,-15.1399999,-4.813791181803)
  );
#6225 = CARTESIAN_POINT('',(-1.243995401866,-15.1399999,-4.83591354756)
  );
#6226 = CARTESIAN_POINT('',(-1.150303694106,-15.1399999,-4.855812667133)
  );
#6227 = CARTESIAN_POINT('',(-0.792933725215,-15.1399999,-4.922883503909)
  );
#6228 = CARTESIAN_POINT('',(-0.52640487859,-15.1399999,-4.954789252223)
  );
#6229 = CARTESIAN_POINT('',(-0.258119490449,-15.1399999,-4.968912418171)
  );
#6230 = CARTESIAN_POINT('',(1.032226421595E-02,-15.1399999,
    -4.964910460523));
#6231 = CARTESIAN_POINT('',(0.490048569241,-15.1399999,-4.924592751194)
  );
#6232 = CARTESIAN_POINT('',(0.70187785628,-15.1399999,-4.894992472602));
#6233 = CARTESIAN_POINT('',(0.911884579955,-15.1399999,-4.853926294025)
  );
#6234 = CARTESIAN_POINT('',(1.119269131331,-15.1399999,-4.801655755187)
  );
#6235 = CARTESIAN_POINT('',(1.436034623972,-15.1399999,-4.703460076998)
  );
#6236 = CARTESIAN_POINT('',(1.547772401954,-15.1399999,-4.665148722352)
  );
#6237 = CARTESIAN_POINT('',(1.658338580548,-15.1399999,-4.623527316256)
  );
#6238 = CARTESIAN_POINT('',(1.767599297467,-15.1399999,-4.578636697191)
  );
#6239 = CARTESIAN_POINT('',(1.87541896558,-15.1399999,-4.530517604925));
#6240 = PCURVE('',#5679,#6241);
#6241 = DEFINITIONAL_REPRESENTATION('',(#6242),#6261);
#6242 = B_SPLINE_CURVE_WITH_KNOTS('',5,(#6243,#6244,#6245,#6246,#6247,
    #6248,#6249,#6250,#6251,#6252,#6253,#6254,#6255,#6256,#6257,#6258,
    #6259,#6260),.UNSPECIFIED.,.F.,.F.,(6,4,4,4,6),(0.,0.137723755396,
    0.522980353773,0.830167867586,1.),.UNSPECIFIED.);
#6243 = CARTESIAN_POINT('',(0.751958180969,0.960336957037));
#6244 = CARTESIAN_POINT('',(0.745865110662,0.961418938506));
#6245 = CARTESIAN_POINT('',(0.739768436488,0.962501559934));
#6246 = CARTESIAN_POINT('',(0.733668077943,0.963584835617));
#6247 = CARTESIAN_POINT('',(0.727563909646,0.96466878782));
#6248 = CARTESIAN_POINT('',(0.704369352136,0.968787578534));
#6249 = CARTESIAN_POINT('',(0.687252607415,0.971827097145));
#6250 = CARTESIAN_POINT('',(0.670099741171,0.974873030061));
#6251 = CARTESIAN_POINT('',(0.652909803007,0.977925546052));
#6252 = CARTESIAN_POINT('',(0.621953504103,0.983422633738));
#6253 = CARTESIAN_POINT('',(0.608200227033,0.985864882091));
#6254 = CARTESIAN_POINT('',(0.594428853891,0.988310343868));
#6255 = CARTESIAN_POINT('',(0.580639377177,0.9907590204));
#6256 = CARTESIAN_POINT('',(0.55919475957,0.994567064241));
#6257 = CARTESIAN_POINT('',(0.551553781185,0.995923916632));
#6258 = CARTESIAN_POINT('',(0.543906420163,0.997281902425));
#6259 = CARTESIAN_POINT('',(0.536252467214,0.998641058784));
#6260 = CARTESIAN_POINT('',(0.528591782516,1.000001410538));
#6261 = ( GEOMETRIC_REPRESENTATION_CONTEXT(2) 
PARAMETRIC_REPRESENTATION_CONTEXT() REPRESENTATION_CONTEXT('2D SPACE',''
  ) );
#6262 = PCURVE('',#4684,#6263);
#6263 = DEFINITIONAL_REPRESENTATION('',(#6264),#6283);
#6264 = B_SPLINE_CURVE_WITH_KNOTS('',5,(#6265,#6266,#6267,#6268,#6269,
    #6270,#6271,#6272,#6273,#6274,#6275,#6276,#6277,#6278,#6279,#6280,
    #6281,#6282),.UNSPECIFIED.,.F.,.F.,(6,4,4,4,6),(0.,0.137723755396,
    0.522980353773,0.830167867586,1.),.UNSPECIFIED.);
#6265 = CARTESIAN_POINT('',(-4.762928401905,-1.521843702578));
#6266 = CARTESIAN_POINT('',(-4.789458541648,-1.429836961347));
#6267 = CARTESIAN_POINT('',(-4.813791181803,-1.337196909761));
#6268 = CARTESIAN_POINT('',(-4.83591354756,-1.243995401866));
#6269 = CARTESIAN_POINT('',(-4.855812667133,-1.150303694106));
#6270 = CARTESIAN_POINT('',(-4.922883503909,-0.792933725215));
#6271 = CARTESIAN_POINT('',(-4.954789252223,-0.52640487859));
#6272 = CARTESIAN_POINT('',(-4.968912418171,-0.258119490449));
#6273 = CARTESIAN_POINT('',(-4.964910460523,1.032226421595E-02));
#6274 = CARTESIAN_POINT('',(-4.924592751194,0.490048569241));
#6275 = CARTESIAN_POINT('',(-4.894992472602,0.70187785628));
#6276 = CARTESIAN_POINT('',(-4.853926294025,0.911884579955));
#6277 = CARTESIAN_POINT('',(-4.801655755187,1.119269131331));
#6278 = CARTESIAN_POINT('',(-4.703460076998,1.436034623972));
#6279 = CARTESIAN_POINT('',(-4.665148722352,1.547772401954));
#6280 = CARTESIAN_POINT('',(-4.623527316256,1.658338580548));
#6281 = CARTESIAN_POINT('',(-4.578636697191,1.767599297467));
#6282 = CARTESIAN_POINT('',(-4.530517604925,1.87541896558));
#6283 = ( GEOMETRIC_REPRESENTATION_CONTEXT(2) 
PARAMETRIC_REPRESENTATION_CONTEXT() REPRESENTATION_CONTEXT('2D SPACE',''
  ) );
#6284 = ORIENTED_EDGE('',*,*,#5582,.T.);
#6285 = ORIENTED_EDGE('',*,*,#6286,.F.);
#6286 = EDGE_CURVE('',#6218,#5583,#6287,.T.);
#6287 = SURFACE_CURVE('',#6288,(#6292,#6298),.PCURVE_S1.);
#6288 = LINE('',#6289,#6290);
#6289 = CARTESIAN_POINT('',(1.787988926479,-15.00784996854,
    -4.319560375346));
#6290 = VECTOR('',#6291,1.);
#6291 = DIRECTION('',(0.331218831898,-0.5,-0.800183782263));
#6292 = PCURVE('',#5679,#6293);
#6293 = DEFINITIONAL_REPRESENTATION('',(#6294),#6297);
#6294 = B_SPLINE_CURVE_WITH_KNOTS('',1,(#6295,#6296),.UNSPECIFIED.,.F.,
  .F.,(2,2),(0.,0.375292341855),.PIECEWISE_BEZIER_KNOTS.);
#6295 = CARTESIAN_POINT('',(8.748333252139E-04,1.000000207607));
#6296 = CARTESIAN_POINT('',(0.751520352701,1.000000210538));
#6297 = ( GEOMETRIC_REPRESENTATION_CONTEXT(2) 
PARAMETRIC_REPRESENTATION_CONTEXT() REPRESENTATION_CONTEXT('2D SPACE',''
  ) );
#6298 = PCURVE('',#4869,#6299);
#6299 = DEFINITIONAL_REPRESENTATION('',(#6300),#6303);
#6300 = B_SPLINE_CURVE_WITH_KNOTS('',1,(#6301,#6302),.UNSPECIFIED.,.F.,
  .F.,(2,2),(0.,0.375292341855),.PIECEWISE_BEZIER_KNOTS.);
#6301 = CARTESIAN_POINT('',(2.112780420521E-03,-4.532714216277E-06));
#6302 = CARTESIAN_POINT('',(0.75284389351,-4.525795262555E-06));
#6303 = ( GEOMETRIC_REPRESENTATION_CONTEXT(2) 
PARAMETRIC_REPRESENTATION_CONTEXT() REPRESENTATION_CONTEXT('2D SPACE',''
  ) );
#6304 = ADVANCED_FACE('',(#6305),#4476,.F.);
#6305 = FACE_BOUND('',#6306,.F.);
#6306 = EDGE_LOOP('',(#6307,#6329,#6330));
#6307 = ORIENTED_EDGE('',*,*,#6308,.F.);
#6308 = EDGE_CURVE('',#5536,#4328,#6309,.T.);
#6309 = SURFACE_CURVE('',#6310,(#6315,#6322),.PCURVE_S1.);
#6310 = CIRCLE('',#6311,5.);
#6311 = AXIS2_PLACEMENT_3D('',#6312,#6313,#6314);
#6312 = CARTESIAN_POINT('',(0.,-15.1399999,0.));
#6313 = DIRECTION('',(0.,1.,0.));
#6314 = DIRECTION('',(-0.999792962546,0.,2.034777736978E-02));
#6315 = PCURVE('',#4476,#6316);
#6316 = DEFINITIONAL_REPRESENTATION('',(#6317),#6321);
#6317 = LINE('',#6318,#6319);
#6318 = CARTESIAN_POINT('',(0.,2.1525001));
#6319 = VECTOR('',#6320,1.);
#6320 = DIRECTION('',(1.,0.));
#6321 = ( GEOMETRIC_REPRESENTATION_CONTEXT(2) 
PARAMETRIC_REPRESENTATION_CONTEXT() REPRESENTATION_CONTEXT('2D SPACE',''
  ) );
#6322 = PCURVE('',#4684,#6323);
#6323 = DEFINITIONAL_REPRESENTATION('',(#6324),#6328);
#6324 = CIRCLE('',#6325,5.);
#6325 = AXIS2_PLACEMENT_2D('',#6326,#6327);
#6326 = CARTESIAN_POINT('',(0.,0.));
#6327 = DIRECTION('',(2.034777736978E-02,-0.999792962546));
#6328 = ( GEOMETRIC_REPRESENTATION_CONTEXT(2) 
PARAMETRIC_REPRESENTATION_CONTEXT() REPRESENTATION_CONTEXT('2D SPACE',''
  ) );
#6329 = ORIENTED_EDGE('',*,*,#5535,.T.);
#6330 = ORIENTED_EDGE('',*,*,#4327,.T.);
#6331 = ADVANCED_FACE('',(#6332),#4684,.F.);
#6332 = FACE_BOUND('',#6333,.F.);
#6333 = EDGE_LOOP('',(#6334,#6606,#6708,#6709,#6710,#6711));
#6334 = ORIENTED_EDGE('',*,*,#6335,.F.);
#6335 = EDGE_CURVE('',#6336,#4599,#6338,.T.);
#6336 = VERTEX_POINT('',#6337);
#6337 = CARTESIAN_POINT('',(4.550834465798,-15.1199999,1.070238613916));
#6338 = SURFACE_CURVE('',#6339,(#6468,#6600),.PCURVE_S1.);
#6339 = B_SPLINE_CURVE_WITH_KNOTS('',3,(#6340,#6341,#6342,#6343,#6344,
    #6345,#6346,#6347,#6348,#6349,#6350,#6351,#6352,#6353,#6354,#6355,
    #6356,#6357,#6358,#6359,#6360,#6361,#6362,#6363,#6364,#6365,#6366,
    #6367,#6368,#6369,#6370,#6371,#6372,#6373,#6374,#6375,#6376,#6377,
    #6378,#6379,#6380,#6381,#6382,#6383,#6384,#6385,#6386,#6387,#6388,
    #6389,#6390,#6391,#6392,#6393,#6394,#6395,#6396,#6397,#6398,#6399,
    #6400,#6401,#6402,#6403,#6404,#6405,#6406,#6407,#6408,#6409,#6410,
    #6411,#6412,#6413,#6414,#6415,#6416,#6417,#6418,#6419,#6420,#6421,
    #6422,#6423,#6424,#6425,#6426,#6427,#6428,#6429,#6430,#6431,#6432,
    #6433,#6434,#6435,#6436,#6437,#6438,#6439,#6440,#6441,#6442,#6443,
    #6444,#6445,#6446,#6447,#6448,#6449,#6450,#6451,#6452,#6453,#6454,
    #6455,#6456,#6457,#6458,#6459,#6460,#6461,#6462,#6463,#6464,#6465,
    #6466,#6467),.UNSPECIFIED.,.F.,.F.,(4,1,1,1,1,1,1,1,1,1,1,1,1,1,1,1,
    1,1,1,1,1,1,1,1,1,1,1,1,1,1,1,1,1,1,1,1,1,1,1,1,1,1,1,1,1,1,1,1,1,1,
    1,1,1,1,1,1,1,1,1,1,1,1,1,1,1,1,1,1,1,1,1,1,1,1,1,1,1,1,1,1,1,1,1,1,
    1,1,1,1,1,1,1,1,1,1,1,1,1,1,1,1,1,1,1,1,1,1,1,1,1,1,1,1,1,1,1,1,1,1,
    1,1,1,1,1,1,1,4),(0.,8.E-03,1.6E-02,2.4E-02,3.2E-02,4.E-02,4.8E-02,
    5.6E-02,6.4E-02,7.2E-02,8.E-02,8.8E-02,9.6E-02,0.104,0.112,0.12,
    0.128,0.136,0.144,0.152,0.16,0.168,0.176,0.184,0.192,0.2,0.208,0.216
    ,0.224,0.232,0.24,0.248,0.256,0.264,0.272,0.28,0.288,0.296,0.304,
    0.312,0.32,0.328,0.336,0.344,0.352,0.36,0.368,0.376,0.384,0.392,0.4,
    0.408,0.416,0.424,0.432,0.44,0.448,0.456,0.464,0.472,0.48,0.488,
    0.496,0.504,0.512,0.52,0.528,0.536,0.544,0.552,0.56,0.568,0.576,
    0.584,0.592,0.6,0.608,0.616,0.624,0.632,0.64,0.648,0.656,0.664,0.672
    ,0.68,0.688,0.696,0.704,0.712,0.72,0.728,0.736,0.744,0.752,0.76,
    0.768,0.776,0.784,0.792,0.8,0.808,0.816,0.824,0.832,0.84,0.848,0.856
    ,0.864,0.872,0.88,0.888,0.896,0.904,0.912,0.92,0.928,0.936,0.944,
    0.952,0.96,0.968,0.976,0.984,0.992,1.),.QUASI_UNIFORM_KNOTS.);
#6340 = CARTESIAN_POINT('',(1.787988926479,-15.00784996854,
    -4.319560375346));
#6341 = CARTESIAN_POINT('',(1.991775008827,-15.01160423512,
    -4.235207518354));
#6342 = CARTESIAN_POINT('',(2.387386981658,-15.01911276829,
    -4.037611922124));
#6343 = CARTESIAN_POINT('',(2.933063151301,-15.03037556804,
    -3.660473691698));
#6344 = CARTESIAN_POINT('',(3.420083476633,-15.04163836779,-3.2101333128
    ));
#6345 = CARTESIAN_POINT('',(3.838708936496,-15.05290116753,-2.6955965313
    ));
#6346 = CARTESIAN_POINT('',(4.180567728369,-15.06416396728,
    -2.12715312046));
#6347 = CARTESIAN_POINT('',(4.43882337828,-15.07542676703,
    -1.516170819931));
#6348 = CARTESIAN_POINT('',(4.608311271905,-15.08668956678,
    -0.874868079838));
#6349 = CARTESIAN_POINT('',(4.685641986275,-15.09795236653,
    -0.216069695245));
#6350 = CARTESIAN_POINT('',(4.669269058302,-15.10921516628,
    0.447049659076));
#6351 = CARTESIAN_POINT('',(4.559519914567,-15.12047796602,
    1.101228897748));
#6352 = CARTESIAN_POINT('',(4.358589322473,-15.13174076577,
    1.733385720079));
#6353 = CARTESIAN_POINT('',(4.070495499464,-15.14300356552,
    2.330878230494));
#6354 = CARTESIAN_POINT('',(3.700999756495,-15.15426636527,
    2.881757751611));
#6355 = CARTESIAN_POINT('',(3.257491283138,-15.16552916502,
    3.375007774337));
#6356 = CARTESIAN_POINT('',(2.74883937829,-15.17679196477,3.800764266422
    ));
#6357 = CARTESIAN_POINT('',(2.185216081609,-15.18805476451,4.15051293375
    ));
#6358 = CARTESIAN_POINT('',(1.577892752686,-15.19931756426,
    4.417259489499));
#6359 = CARTESIAN_POINT('',(0.939014665976,-15.21058036401,
    4.595669526155));
#6360 = CARTESIAN_POINT('',(0.28135812915,-15.22184316376,4.682175193189
    ));
#6361 = CARTESIAN_POINT('',(-0.381925017977,-15.23310596351,
    4.675046547062));
#6362 = CARTESIAN_POINT('',(-1.03757041443,-15.24436876326,
    4.574426146704));
#6363 = CARTESIAN_POINT('',(-1.672466439256,-15.255631563,4.382326202614
    ));
#6364 = CARTESIAN_POINT('',(-2.273916418202,-15.26689436275,
    4.102588336597));
#6365 = CARTESIAN_POINT('',(-2.829892532285,-15.2781571625,
    3.740806756873));
#6366 = CARTESIAN_POINT('',(-3.329276350556,-15.28941996225,
    3.304216384891));
#6367 = CARTESIAN_POINT('',(-3.762081176896,-15.300682762,2.8015481711)
  );
#6368 = CARTESIAN_POINT('',(-4.119651764337,-15.31194556175,
    2.242854493084));
#6369 = CARTESIAN_POINT('',(-4.39483740301,-15.32320836149,
    1.639308127734));
#6370 = CARTESIAN_POINT('',(-4.582134920307,-15.33447116124,
    1.00297881765));
#6371 = CARTESIAN_POINT('',(-4.677798733531,-15.34573396099,
    0.346591899972));
#6372 = CARTESIAN_POINT('',(-4.679915754197,-15.35699676074,
    -0.316726175375));
#6373 = CARTESIAN_POINT('',(-4.588443646048,-15.36825956049,
    -0.97371034892));
#6374 = CARTESIAN_POINT('',(-4.405211671694,-15.37952236024,
    -1.611222226796));
#6375 = CARTESIAN_POINT('',(-4.133884110955,-15.39078515999,
    -2.216512822825));
#6376 = CARTESIAN_POINT('',(-3.779886982451,-15.40204795973,
    -2.77747751322));
#6377 = CARTESIAN_POINT('',(-3.350299533889,-15.41331075948,
    -3.282898105298));
#6378 = CARTESIAN_POINT('',(-2.853712670997,-15.42457355923,
    -3.722667179314));
#6379 = CARTESIAN_POINT('',(-2.300057156274,-15.43583635898,
    -4.087990217016));
#6380 = CARTESIAN_POINT('',(-1.700405013239,-15.44709915873,
    -4.371561474748));
#6381 = CARTESIAN_POINT('',(-1.066748107686,-15.45836195848,
    -4.567710083981));
#6382 = CARTESIAN_POINT('',(-0.411758333914,-15.46962475822,
    -4.672513457552));
#6383 = CARTESIAN_POINT('',(0.251465798291,-15.48088755797,
    -4.68387573371));
#6384 = CARTESIAN_POINT('',(0.909661108136,-15.49215035772,
    -4.601569689236));
#6385 = CARTESIAN_POINT('',(1.549664981403,-15.50341315747,
    -4.427241283459));
#6386 = CARTESIAN_POINT('',(2.158678596901,-15.51467595722,
    -4.164376742303));
#6387 = CARTESIAN_POINT('',(2.724522877759,-15.52593875697,
    -3.818232840611));
#6388 = CARTESIAN_POINT('',(3.235882049064,-15.53720155671,
    -3.395731776966));
#6389 = CARTESIAN_POINT('',(3.682529931143,-15.54846435646,
    -2.905322743309));
#6390 = CARTESIAN_POINT('',(4.055534443086,-15.55972715621,
    -2.356812957682));
#6391 = CARTESIAN_POINT('',(4.347436226829,-15.57098995596,
    -1.76117153912));
#6392 = CARTESIAN_POINT('',(4.552397819675,-15.58225275571,
    -1.130310146803));
#6393 = CARTESIAN_POINT('',(4.66632039209,-15.59351555546,-0.47684477025
    ));
#6394 = CARTESIAN_POINT('',(4.686925716245,-15.6047783552,0.186156565702
    ));
#6395 = CARTESIAN_POINT('',(4.613801726103,-15.61604115495,0.84543513575
    ));
#6396 = CARTESIAN_POINT('',(4.448410757931,-15.6273039547,1.487806662598
    ));
#6397 = CARTESIAN_POINT('',(4.194060306445,-15.63856675445,2.10042497663
    ));
#6398 = CARTESIAN_POINT('',(3.855836881406,-15.6498295542,2.671038914081
    ));
#6399 = CARTESIAN_POINT('',(3.440504287413,-15.66109235395,
    3.188237316268));
#6400 = CARTESIAN_POINT('',(2.956368361082,-15.67235515369,
    3.641677230363));
#6401 = CARTESIAN_POINT('',(2.413110870624,-15.68361795344,
    4.022290748147));
#6402 = CARTESIAN_POINT('',(1.82159589948,-15.69488075319,4.322466346375
    ));
#6403 = CARTESIAN_POINT('',(1.193652585982,-15.70614355294,
    4.536201102302));
#6404 = CARTESIAN_POINT('',(0.5418385638,-15.71740635269,4.659220740352)
  );
#6405 = CARTESIAN_POINT('',(-0.120811166075,-15.72866915244,
    4.689065109241));
#6406 = CARTESIAN_POINT('',(-0.781044909771,-15.73993195218,
    4.625137380173));
#6407 = CARTESIAN_POINT('',(-1.425659288395,-15.75119475193,
    4.468715982244));
#6408 = CARTESIAN_POINT('',(-2.041763279696,-15.76245755168,
    4.222929036372));
#6409 = CARTESIAN_POINT('',(-2.617036013207,-15.77372035143,
    3.892691799016));
#6410 = CARTESIAN_POINT('',(-3.139973163469,-15.78498315118,
    3.484608366696));
#6411 = CARTESIAN_POINT('',(-3.600117013956,-15.79624595093,
    3.006839607025));
#6412 = CARTESIAN_POINT('',(-3.988265590882,-15.80750875067,
    2.468939957379));
#6413 = CARTESIAN_POINT('',(-4.296656684608,-15.81877155042,1.8816663549
    ));
#6414 = CARTESIAN_POINT('',(-4.519123078607,-15.83003435017,
    1.256763118871));
#6415 = CARTESIAN_POINT('',(-4.65121588168,-15.84129714992,
    0.606727087381));
#6416 = CARTESIAN_POINT('',(-4.690293497052,-15.85255994967,
    -5.544229490362E-02));
#6417 = CARTESIAN_POINT('',(-4.635574449122,-15.86382274942,
    -0.716502940119));
#6418 = CARTESIAN_POINT('',(-4.48815301144,-15.87508554916,
    -1.363234932964));
#6419 = CARTESIAN_POINT('',(-4.250977323384,-15.88634834891,
    -1.982704903063));
#6420 = CARTESIAN_POINT('',(-3.928790433159,-15.89761114866,
    -2.562524666977));
#6421 = CARTESIAN_POINT('',(-3.528035446146,-15.90887394841,
    -3.091098967566));
#6422 = CARTESIAN_POINT('',(-3.056726675438,-15.92013674816,
    -3.557857356362));
#6423 = CARTESIAN_POINT('',(-2.524289371309,-15.93139954791,
    -3.953465581796));
#6424 = CARTESIAN_POINT('',(-1.941371234716,-15.94266234765,
    -4.270012255904));
#6425 = CARTESIAN_POINT('',(-1.319629484171,-15.9539251474,
    -4.501167066557));
#6426 = CARTESIAN_POINT('',(-0.671497734261,-15.96518794715,
    -4.642307371279));
#6427 = CARTESIAN_POINT('',(-9.937347757754E-03,-15.9764507469,
    -4.690610641022));
#6428 = CARTESIAN_POINT('',(0.651821766195,-15.98771354665,
    -4.645110905206));
#6429 = CARTESIAN_POINT('',(1.300545724293,-15.9989763464,
    -4.506718069236));
#6430 = CARTESIAN_POINT('',(1.923261320763,-16.01023914615,
    -4.278199718177));
#6431 = CARTESIAN_POINT('',(2.507515466014,-16.02150194589,
    -3.964125770489));
#6432 = CARTESIAN_POINT('',(3.041624223979,-16.03276474564,
    -3.570777088626));
#6433 = CARTESIAN_POINT('',(3.514906467909,-16.04402754539,
    -3.106019874116));
#6434 = CARTESIAN_POINT('',(3.917897481937,-16.05529034514,
    -2.579148358971));
#6435 = CARTESIAN_POINT('',(4.242538236819,-16.06655314489,
    -2.000698939291));
#6436 = CARTESIAN_POINT('',(4.482336554699,-16.07781594464,
    -1.382239468023));
#6437 = CARTESIAN_POINT('',(4.632496939922,-16.08907874438,
    -0.736137920612));
#6438 = CARTESIAN_POINT('',(4.690016479537,-16.10034154413,
    -7.531505976232E-02));
#6439 = CARTESIAN_POINT('',(4.653744895655,-16.11160434388,
    0.587013954445));
#6440 = CARTESIAN_POINT('',(4.524407548758,-16.12286714363,
    1.237603841821));
#6441 = CARTESIAN_POINT('',(4.304590931905,-16.13412994338,1.86344408167
    ));
#6442 = CARTESIAN_POINT('',(3.998690945952,-16.14539274313,
    2.452019097664));
#6443 = CARTESIAN_POINT('',(3.612824990164,-16.15665554287,
    2.991558544806));
#6444 = CARTESIAN_POINT('',(3.154709626234,-16.16791834262,
    3.471272693221));
#6445 = CARTESIAN_POINT('',(2.6335062622,-16.17918114237,3.881568201578)
  );
#6446 = CARTESIAN_POINT('',(2.059637942266,-16.19044394212,
    4.214239965086));
#6447 = CARTESIAN_POINT('',(1.444580906378,-16.20170674187,
    4.462635201479));
#6448 = CARTESIAN_POINT('',(0.800635087949,-16.21296954162,
    4.621786493608));
#6449 = CARTESIAN_POINT('',(0.140678139338,-16.22423234136,4.68851112803
    ));
#6450 = CARTESIAN_POINT('',(-0.52209209592,-16.23549514111,
    4.661474743032));
#6451 = CARTESIAN_POINT('',(-1.174421514082,-16.24675794086,
    4.541218013244));
#6452 = CARTESIAN_POINT('',(-1.803264807249,-16.25802074061,
    4.330145837208));
#6453 = CARTESIAN_POINT('',(-2.396046343924,-16.26928354036,
    4.032479244128));
#6454 = CARTESIAN_POINT('',(-2.940911656951,-16.28054634011,
    3.654170981572));
#6455 = CARTESIAN_POINT('',(-3.426964509593,-16.29180913985,
    3.202786472204));
#6456 = CARTESIAN_POINT('',(-3.844484798879,-16.3030719396,
    2.687352520186));
#6457 = CARTESIAN_POINT('',(-4.185122938571,-16.31433473935,
    2.118176792798));
#6458 = CARTESIAN_POINT('',(-4.44206683455,-16.3255975391,1.506641687375
    ));
#6459 = CARTESIAN_POINT('',(-4.610178113132,-16.33686033885,
    0.864976705518));
#6460 = CARTESIAN_POINT('',(-4.686094879195,-16.3481231386,
    0.206013887776));
#6461 = CARTESIAN_POINT('',(-4.66829894471,-16.35938593834,
    -0.457068804644));
#6462 = CARTESIAN_POINT('',(-4.55714619988,-16.37064873809,
    -1.111011013271));
#6463 = CARTESIAN_POINT('',(-4.354859457363,-16.38191153784,
    -1.742735200685));
#6464 = CARTESIAN_POINT('',(-4.065484144714,-16.39317433759,
    -2.339608036875));
#6465 = CARTESIAN_POINT('',(-3.694806865116,-16.40443713734,
    -2.88969355873));
#6466 = CARTESIAN_POINT('',(-3.398430079697,-16.4119456705,
    -3.217891142149));
#6467 = CARTESIAN_POINT('',(-3.239407997938,-16.41569993709,
    -3.370718330025));
#6468 = PCURVE('',#4684,#6469);
#6469 = DEFINITIONAL_REPRESENTATION('',(#6470),#6599);
#6470 = B_SPLINE_CURVE_WITH_KNOTS('',3,(#6471,#6472,#6473,#6474,#6475,
    #6476,#6477,#6478,#6479,#6480,#6481,#6482,#6483,#6484,#6485,#6486,
    #6487,#6488,#6489,#6490,#6491,#6492,#6493,#6494,#6495,#6496,#6497,
    #6498,#6499,#6500,#6501,#6502,#6503,#6504,#6505,#6506,#6507,#6508,
    #6509,#6510,#6511,#6512,#6513,#6514,#6515,#6516,#6517,#6518,#6519,
    #6520,#6521,#6522,#6523,#6524,#6525,#6526,#6527,#6528,#6529,#6530,
    #6531,#6532,#6533,#6534,#6535,#6536,#6537,#6538,#6539,#6540,#6541,
    #6542,#6543,#6544,#6545,#6546,#6547,#6548,#6549,#6550,#6551,#6552,
    #6553,#6554,#6555,#6556,#6557,#6558,#6559,#6560,#6561,#6562,#6563,
    #6564,#6565,#6566,#6567,#6568,#6569,#6570,#6571,#6572,#6573,#6574,
    #6575,#6576,#6577,#6578,#6579,#6580,#6581,#6582,#6583,#6584,#6585,
    #6586,#6587,#6588,#6589,#6590,#6591,#6592,#6593,#6594,#6595,#6596,
    #6597,#6598),.UNSPECIFIED.,.F.,.F.,(4,1,1,1,1,1,1,1,1,1,1,1,1,1,1,1,
    1,1,1,1,1,1,1,1,1,1,1,1,1,1,1,1,1,1,1,1,1,1,1,1,1,1,1,1,1,1,1,1,1,1,
    1,1,1,1,1,1,1,1,1,1,1,1,1,1,1,1,1,1,1,1,1,1,1,1,1,1,1,1,1,1,1,1,1,1,
    1,1,1,1,1,1,1,1,1,1,1,1,1,1,1,1,1,1,1,1,1,1,1,1,1,1,1,1,1,1,1,1,1,1,
    1,1,1,1,1,1,1,4),(0.,8.E-03,1.6E-02,2.4E-02,3.2E-02,4.E-02,4.8E-02,
    5.6E-02,6.4E-02,7.2E-02,8.E-02,8.8E-02,9.6E-02,0.104,0.112,0.12,
    0.128,0.136,0.144,0.152,0.16,0.168,0.176,0.184,0.192,0.2,0.208,0.216
    ,0.224,0.232,0.24,0.248,0.256,0.264,0.272,0.28,0.288,0.296,0.304,
    0.312,0.32,0.328,0.336,0.344,0.352,0.36,0.368,0.376,0.384,0.392,0.4,
    0.408,0.416,0.424,0.432,0.44,0.448,0.456,0.464,0.472,0.48,0.488,
    0.496,0.504,0.512,0.52,0.528,0.536,0.544,0.552,0.56,0.568,0.576,
    0.584,0.592,0.6,0.608,0.616,0.624,0.632,0.64,0.648,0.656,0.664,0.672
    ,0.68,0.688,0.696,0.704,0.712,0.72,0.728,0.736,0.744,0.752,0.76,
    0.768,0.776,0.784,0.792,0.8,0.808,0.816,0.824,0.832,0.84,0.848,0.856
    ,0.864,0.872,0.88,0.888,0.896,0.904,0.912,0.92,0.928,0.936,0.944,
    0.952,0.96,0.968,0.976,0.984,0.992,1.),.QUASI_UNIFORM_KNOTS.);
#6471 = CARTESIAN_POINT('',(-4.319560375346,1.787988926479));
#6472 = CARTESIAN_POINT('',(-4.235207518354,1.991775008827));
#6473 = CARTESIAN_POINT('',(-4.037611922124,2.387386981658));
#6474 = CARTESIAN_POINT('',(-3.660473691698,2.933063151301));
#6475 = CARTESIAN_POINT('',(-3.2101333128,3.420083476633));
#6476 = CARTESIAN_POINT('',(-2.6955965313,3.838708936496));
#6477 = CARTESIAN_POINT('',(-2.12715312046,4.180567728369));
#6478 = CARTESIAN_POINT('',(-1.516170819931,4.43882337828));
#6479 = CARTESIAN_POINT('',(-0.874868079838,4.608311271905));
#6480 = CARTESIAN_POINT('',(-0.216069695245,4.685641986275));
#6481 = CARTESIAN_POINT('',(0.447049659076,4.669269058302));
#6482 = CARTESIAN_POINT('',(1.101228897748,4.559519914567));
#6483 = CARTESIAN_POINT('',(1.733385720079,4.358589322473));
#6484 = CARTESIAN_POINT('',(2.330878230494,4.070495499464));
#6485 = CARTESIAN_POINT('',(2.881757751611,3.700999756495));
#6486 = CARTESIAN_POINT('',(3.375007774337,3.257491283138));
#6487 = CARTESIAN_POINT('',(3.800764266422,2.74883937829));
#6488 = CARTESIAN_POINT('',(4.15051293375,2.185216081609));
#6489 = CARTESIAN_POINT('',(4.417259489499,1.577892752686));
#6490 = CARTESIAN_POINT('',(4.595669526155,0.939014665976));
#6491 = CARTESIAN_POINT('',(4.682175193189,0.28135812915));
#6492 = CARTESIAN_POINT('',(4.675046547062,-0.381925017977));
#6493 = CARTESIAN_POINT('',(4.574426146704,-1.03757041443));
#6494 = CARTESIAN_POINT('',(4.382326202614,-1.672466439256));
#6495 = CARTESIAN_POINT('',(4.102588336597,-2.273916418202));
#6496 = CARTESIAN_POINT('',(3.740806756873,-2.829892532285));
#6497 = CARTESIAN_POINT('',(3.304216384891,-3.329276350556));
#6498 = CARTESIAN_POINT('',(2.8015481711,-3.762081176896));
#6499 = CARTESIAN_POINT('',(2.242854493084,-4.119651764337));
#6500 = CARTESIAN_POINT('',(1.639308127734,-4.39483740301));
#6501 = CARTESIAN_POINT('',(1.00297881765,-4.582134920307));
#6502 = CARTESIAN_POINT('',(0.346591899972,-4.677798733531));
#6503 = CARTESIAN_POINT('',(-0.316726175375,-4.679915754197));
#6504 = CARTESIAN_POINT('',(-0.97371034892,-4.588443646048));
#6505 = CARTESIAN_POINT('',(-1.611222226796,-4.405211671694));
#6506 = CARTESIAN_POINT('',(-2.216512822825,-4.133884110955));
#6507 = CARTESIAN_POINT('',(-2.77747751322,-3.779886982451));
#6508 = CARTESIAN_POINT('',(-3.282898105298,-3.350299533889));
#6509 = CARTESIAN_POINT('',(-3.722667179314,-2.853712670997));
#6510 = CARTESIAN_POINT('',(-4.087990217016,-2.300057156274));
#6511 = CARTESIAN_POINT('',(-4.371561474748,-1.700405013239));
#6512 = CARTESIAN_POINT('',(-4.567710083981,-1.066748107686));
#6513 = CARTESIAN_POINT('',(-4.672513457552,-0.411758333914));
#6514 = CARTESIAN_POINT('',(-4.68387573371,0.251465798291));
#6515 = CARTESIAN_POINT('',(-4.601569689236,0.909661108136));
#6516 = CARTESIAN_POINT('',(-4.427241283459,1.549664981403));
#6517 = CARTESIAN_POINT('',(-4.164376742303,2.158678596901));
#6518 = CARTESIAN_POINT('',(-3.818232840611,2.724522877759));
#6519 = CARTESIAN_POINT('',(-3.395731776966,3.235882049064));
#6520 = CARTESIAN_POINT('',(-2.905322743309,3.682529931143));
#6521 = CARTESIAN_POINT('',(-2.356812957682,4.055534443086));
#6522 = CARTESIAN_POINT('',(-1.76117153912,4.347436226829));
#6523 = CARTESIAN_POINT('',(-1.130310146803,4.552397819675));
#6524 = CARTESIAN_POINT('',(-0.47684477025,4.66632039209));
#6525 = CARTESIAN_POINT('',(0.186156565702,4.686925716245));
#6526 = CARTESIAN_POINT('',(0.84543513575,4.613801726103));
#6527 = CARTESIAN_POINT('',(1.487806662598,4.448410757931));
#6528 = CARTESIAN_POINT('',(2.10042497663,4.194060306445));
#6529 = CARTESIAN_POINT('',(2.671038914081,3.855836881406));
#6530 = CARTESIAN_POINT('',(3.188237316268,3.440504287413));
#6531 = CARTESIAN_POINT('',(3.641677230363,2.956368361082));
#6532 = CARTESIAN_POINT('',(4.022290748147,2.413110870624));
#6533 = CARTESIAN_POINT('',(4.322466346375,1.82159589948));
#6534 = CARTESIAN_POINT('',(4.536201102302,1.193652585982));
#6535 = CARTESIAN_POINT('',(4.659220740352,0.5418385638));
#6536 = CARTESIAN_POINT('',(4.689065109241,-0.120811166075));
#6537 = CARTESIAN_POINT('',(4.625137380173,-0.781044909771));
#6538 = CARTESIAN_POINT('',(4.468715982244,-1.425659288395));
#6539 = CARTESIAN_POINT('',(4.222929036372,-2.041763279696));
#6540 = CARTESIAN_POINT('',(3.892691799016,-2.617036013207));
#6541 = CARTESIAN_POINT('',(3.484608366696,-3.139973163469));
#6542 = CARTESIAN_POINT('',(3.006839607025,-3.600117013956));
#6543 = CARTESIAN_POINT('',(2.468939957379,-3.988265590882));
#6544 = CARTESIAN_POINT('',(1.8816663549,-4.296656684608));
#6545 = CARTESIAN_POINT('',(1.256763118871,-4.519123078607));
#6546 = CARTESIAN_POINT('',(0.606727087381,-4.65121588168));
#6547 = CARTESIAN_POINT('',(-5.544229490362E-02,-4.690293497052));
#6548 = CARTESIAN_POINT('',(-0.716502940119,-4.635574449122));
#6549 = CARTESIAN_POINT('',(-1.363234932964,-4.48815301144));
#6550 = CARTESIAN_POINT('',(-1.982704903063,-4.250977323384));
#6551 = CARTESIAN_POINT('',(-2.562524666977,-3.928790433159));
#6552 = CARTESIAN_POINT('',(-3.091098967566,-3.528035446146));
#6553 = CARTESIAN_POINT('',(-3.557857356362,-3.056726675438));
#6554 = CARTESIAN_POINT('',(-3.953465581796,-2.524289371309));
#6555 = CARTESIAN_POINT('',(-4.270012255904,-1.941371234716));
#6556 = CARTESIAN_POINT('',(-4.501167066557,-1.319629484171));
#6557 = CARTESIAN_POINT('',(-4.642307371279,-0.671497734261));
#6558 = CARTESIAN_POINT('',(-4.690610641022,-9.937347757754E-03));
#6559 = CARTESIAN_POINT('',(-4.645110905206,0.651821766195));
#6560 = CARTESIAN_POINT('',(-4.506718069236,1.300545724293));
#6561 = CARTESIAN_POINT('',(-4.278199718177,1.923261320763));
#6562 = CARTESIAN_POINT('',(-3.964125770489,2.507515466014));
#6563 = CARTESIAN_POINT('',(-3.570777088626,3.041624223979));
#6564 = CARTESIAN_POINT('',(-3.106019874116,3.514906467909));
#6565 = CARTESIAN_POINT('',(-2.579148358971,3.917897481937));
#6566 = CARTESIAN_POINT('',(-2.000698939291,4.242538236819));
#6567 = CARTESIAN_POINT('',(-1.382239468023,4.482336554699));
#6568 = CARTESIAN_POINT('',(-0.736137920612,4.632496939922));
#6569 = CARTESIAN_POINT('',(-7.531505976232E-02,4.690016479537));
#6570 = CARTESIAN_POINT('',(0.587013954445,4.653744895655));
#6571 = CARTESIAN_POINT('',(1.237603841821,4.524407548758));
#6572 = CARTESIAN_POINT('',(1.86344408167,4.304590931905));
#6573 = CARTESIAN_POINT('',(2.452019097664,3.998690945952));
#6574 = CARTESIAN_POINT('',(2.991558544806,3.612824990164));
#6575 = CARTESIAN_POINT('',(3.471272693221,3.154709626234));
#6576 = CARTESIAN_POINT('',(3.881568201578,2.6335062622));
#6577 = CARTESIAN_POINT('',(4.214239965086,2.059637942266));
#6578 = CARTESIAN_POINT('',(4.462635201479,1.444580906378));
#6579 = CARTESIAN_POINT('',(4.621786493608,0.800635087949));
#6580 = CARTESIAN_POINT('',(4.68851112803,0.140678139338));
#6581 = CARTESIAN_POINT('',(4.661474743032,-0.52209209592));
#6582 = CARTESIAN_POINT('',(4.541218013244,-1.174421514082));
#6583 = CARTESIAN_POINT('',(4.330145837208,-1.803264807249));
#6584 = CARTESIAN_POINT('',(4.032479244128,-2.396046343924));
#6585 = CARTESIAN_POINT('',(3.654170981572,-2.940911656951));
#6586 = CARTESIAN_POINT('',(3.202786472204,-3.426964509593));
#6587 = CARTESIAN_POINT('',(2.687352520186,-3.844484798879));
#6588 = CARTESIAN_POINT('',(2.118176792798,-4.185122938571));
#6589 = CARTESIAN_POINT('',(1.506641687375,-4.44206683455));
#6590 = CARTESIAN_POINT('',(0.864976705518,-4.610178113132));
#6591 = CARTESIAN_POINT('',(0.206013887776,-4.686094879195));
#6592 = CARTESIAN_POINT('',(-0.457068804644,-4.66829894471));
#6593 = CARTESIAN_POINT('',(-1.111011013271,-4.55714619988));
#6594 = CARTESIAN_POINT('',(-1.742735200685,-4.354859457363));
#6595 = CARTESIAN_POINT('',(-2.339608036875,-4.065484144714));
#6596 = CARTESIAN_POINT('',(-2.88969355873,-3.694806865116));
#6597 = CARTESIAN_POINT('',(-3.217891142149,-3.398430079697));
#6598 = CARTESIAN_POINT('',(-3.370718330025,-3.239407997938));
#6599 = ( GEOMETRIC_REPRESENTATION_CONTEXT(2) 
PARAMETRIC_REPRESENTATION_CONTEXT() REPRESENTATION_CONTEXT('2D SPACE',''
  ) );
#6600 = PCURVE('',#4869,#6601);
#6601 = DEFINITIONAL_REPRESENTATION('',(#6602),#6605);
#6602 = B_SPLINE_CURVE_WITH_KNOTS('',1,(#6603,#6604),.UNSPECIFIED.,.F.,
  .F.,(2,2),(0.,1.),.PIECEWISE_BEZIER_KNOTS.);
#6603 = CARTESIAN_POINT('',(2.112780420522E-03,-4.532714216276E-06));
#6604 = CARTESIAN_POINT('',(2.100289071243E-03,1.000004316034));
#6605 = ( GEOMETRIC_REPRESENTATION_CONTEXT(2) 
PARAMETRIC_REPRESENTATION_CONTEXT() REPRESENTATION_CONTEXT('2D SPACE',''
  ) );
#6606 = ORIENTED_EDGE('',*,*,#6607,.F.);
#6607 = EDGE_CURVE('',#6218,#6336,#6608,.T.);
#6608 = SURFACE_CURVE('',#6609,(#6640,#6674),.PCURVE_S1.);
#6609 = B_SPLINE_CURVE_WITH_KNOTS('',5,(#6610,#6611,#6612,#6613,#6614,
    #6615,#6616,#6617,#6618,#6619,#6620,#6621,#6622,#6623,#6624,#6625,
    #6626,#6627,#6628,#6629,#6630,#6631,#6632,#6633,#6634,#6635,#6636,
    #6637,#6638,#6639),.UNSPECIFIED.,.F.,.F.,(6,4,4,4,4,4,4,6),(0.,
    0.136830976847,0.295916522396,0.486726983236,0.644660808283,
    0.832336443133,0.958352478277,1.),.UNSPECIFIED.);
#6610 = CARTESIAN_POINT('',(1.874967174315,-15.1399999,-4.529915599721)
  );
#6611 = CARTESIAN_POINT('',(2.073047817348,-15.1399999,-4.441552108252)
  );
#6612 = CARTESIAN_POINT('',(2.266292517613,-15.1399999,-4.342361956275)
  );
#6613 = CARTESIAN_POINT('',(2.453887599857,-15.1399999,-4.232610554587)
  );
#6614 = CARTESIAN_POINT('',(2.634954351514,-15.1399999,-4.112574018027)
  );
#6615 = CARTESIAN_POINT('',(3.01044632646,-15.1399999,-3.831469254882));
#6616 = CARTESIAN_POINT('',(3.20224160774,-15.1399999,-3.666919527744));
#6617 = CARTESIAN_POINT('',(3.383026411578,-15.1399999,-3.490115339165)
  );
#6618 = CARTESIAN_POINT('',(3.551945938196,-15.1399999,-3.302211027832)
  );
#6619 = CARTESIAN_POINT('',(3.895523598506,-15.1399999,-2.866852871493)
  );
#6620 = CARTESIAN_POINT('',(4.064584147983,-15.1399999,-2.615027146865)
  );
#6621 = CARTESIAN_POINT('',(4.213913941422,-15.1399999,-2.350610182451)
  );
#6622 = CARTESIAN_POINT('',(4.341870478917,-15.1399999,-2.075515352866)
  );
#6623 = CARTESIAN_POINT('',(4.533671623866,-15.1399999,-1.557100815503)
  );
#6624 = CARTESIAN_POINT('',(4.604744220387,-15.1399999,-1.316504667905)
  );
#6625 = CARTESIAN_POINT('',(4.659872591996,-15.1399999,-1.071596859845)
  );
#6626 = CARTESIAN_POINT('',(4.698967106966,-15.1399999,-0.823829002015)
  );
#6627 = CARTESIAN_POINT('',(4.749150183063,-15.1399999,-0.278363028451)
  );
#6628 = CARTESIAN_POINT('',(4.753574817146,-15.1399999,
    1.991268207644E-02));
#6629 = CARTESIAN_POINT('',(4.734971434994,-15.1399999,0.317994198));
#6630 = CARTESIAN_POINT('',(4.693014536199,-15.1399999,0.613422229962));
#6631 = CARTESIAN_POINT('',(4.583504350887,-15.1399999,1.098376254598));
#6632 = CARTESIAN_POINT('',(4.528894233629,-15.1399999,1.290788137547));
#6633 = CARTESIAN_POINT('',(4.464029858333,-15.1399999,1.480079386302));
#6634 = CARTESIAN_POINT('',(4.389285185949,-15.1399999,1.665576738523));
#6635 = CARTESIAN_POINT('',(4.277148395388,-15.1399999,1.906475859405));
#6636 = CARTESIAN_POINT('',(4.248252113406,-15.1399999,1.965830020521));
#6637 = CARTESIAN_POINT('',(4.218326807102,-15.1399999,2.024675633244));
#6638 = CARTESIAN_POINT('',(4.187384874595,-15.1399999,2.082989140025));
#6639 = CARTESIAN_POINT('',(4.155438562476,-15.1399999,2.140746945667));
#6640 = PCURVE('',#4684,#6641);
#6641 = DEFINITIONAL_REPRESENTATION('',(#6642),#6673);
#6642 = B_SPLINE_CURVE_WITH_KNOTS('',5,(#6643,#6644,#6645,#6646,#6647,
    #6648,#6649,#6650,#6651,#6652,#6653,#6654,#6655,#6656,#6657,#6658,
    #6659,#6660,#6661,#6662,#6663,#6664,#6665,#6666,#6667,#6668,#6669,
    #6670,#6671,#6672),.UNSPECIFIED.,.F.,.F.,(6,4,4,4,4,4,4,6),(0.,
    0.136830976847,0.295916522396,0.486726983236,0.644660808283,
    0.832336443133,0.958352478277,1.),.UNSPECIFIED.);
#6643 = CARTESIAN_POINT('',(-4.529915599721,1.874967174315));
#6644 = CARTESIAN_POINT('',(-4.441552108252,2.073047817348));
#6645 = CARTESIAN_POINT('',(-4.342361956275,2.266292517613));
#6646 = CARTESIAN_POINT('',(-4.232610554587,2.453887599857));
#6647 = CARTESIAN_POINT('',(-4.112574018027,2.634954351514));
#6648 = CARTESIAN_POINT('',(-3.831469254882,3.01044632646));
#6649 = CARTESIAN_POINT('',(-3.666919527744,3.20224160774));
#6650 = CARTESIAN_POINT('',(-3.490115339165,3.383026411578));
#6651 = CARTESIAN_POINT('',(-3.302211027832,3.551945938196));
#6652 = CARTESIAN_POINT('',(-2.866852871493,3.895523598506));
#6653 = CARTESIAN_POINT('',(-2.615027146865,4.064584147983));
#6654 = CARTESIAN_POINT('',(-2.350610182451,4.213913941422));
#6655 = CARTESIAN_POINT('',(-2.075515352866,4.341870478917));
#6656 = CARTESIAN_POINT('',(-1.557100815503,4.533671623866));
#6657 = CARTESIAN_POINT('',(-1.316504667905,4.604744220387));
#6658 = CARTESIAN_POINT('',(-1.071596859845,4.659872591996));
#6659 = CARTESIAN_POINT('',(-0.823829002015,4.698967106966));
#6660 = CARTESIAN_POINT('',(-0.278363028451,4.749150183063));
#6661 = CARTESIAN_POINT('',(1.991268207644E-02,4.753574817146));
#6662 = CARTESIAN_POINT('',(0.317994198,4.734971434994));
#6663 = CARTESIAN_POINT('',(0.613422229962,4.693014536199));
#6664 = CARTESIAN_POINT('',(1.098376254598,4.583504350887));
#6665 = CARTESIAN_POINT('',(1.290788137547,4.528894233629));
#6666 = CARTESIAN_POINT('',(1.480079386302,4.464029858333));
#6667 = CARTESIAN_POINT('',(1.665576738523,4.389285185949));
#6668 = CARTESIAN_POINT('',(1.906475859405,4.277148395388));
#6669 = CARTESIAN_POINT('',(1.965830020521,4.248252113406));
#6670 = CARTESIAN_POINT('',(2.024675633244,4.218326807102));
#6671 = CARTESIAN_POINT('',(2.082989140025,4.187384874595));
#6672 = CARTESIAN_POINT('',(2.140746945667,4.155438562476));
#6673 = ( GEOMETRIC_REPRESENTATION_CONTEXT(2) 
PARAMETRIC_REPRESENTATION_CONTEXT() REPRESENTATION_CONTEXT('2D SPACE',''
  ) );
#6674 = PCURVE('',#4869,#6675);
#6675 = DEFINITIONAL_REPRESENTATION('',(#6676),#6707);
#6676 = B_SPLINE_CURVE_WITH_KNOTS('',5,(#6677,#6678,#6679,#6680,#6681,
    #6682,#6683,#6684,#6685,#6686,#6687,#6688,#6689,#6690,#6691,#6692,
    #6693,#6694,#6695,#6696,#6697,#6698,#6699,#6700,#6701,#6702,#6703,
    #6704,#6705,#6706),.UNSPECIFIED.,.F.,.F.,(6,4,4,4,4,4,4,6),(0.,
    0.136830976847,0.295916522396,0.486726983236,0.644660808283,
    0.832336443133,0.958352478277,1.),.UNSPECIFIED.);
#6677 = CARTESIAN_POINT('',(0.528630289424,-5.42735491413E-06));
#6678 = CARTESIAN_POINT('',(0.51455649263,2.493737525759E-03));
#6679 = CARTESIAN_POINT('',(0.500458315095,4.997231834464E-03));
#6680 = CARTESIAN_POINT('',(0.486333379757,7.505477679752E-03));
#6681 = CARTESIAN_POINT('',(0.472182645998,1.001830469882E-02));
#6682 = CARTESIAN_POINT('',(0.441533966599,1.546076662365E-02));
#6683 = CARTESIAN_POINT('',(0.425029934528,1.839148233202E-02));
#6684 = CARTESIAN_POINT('',(0.408502887293,2.132628497516E-02));
#6685 = CARTESIAN_POINT('',(0.391951989385,2.426532291913E-02));
#6686 = CARTESIAN_POINT('',(0.3554832737,3.074128209433E-02));
#6687 = CARTESIAN_POINT('',(0.335554720754,3.428010963123E-02));
#6688 = CARTESIAN_POINT('',(0.315572787684,3.782841618319E-02));
#6689 = CARTESIAN_POINT('',(0.295535643016,4.138652697554E-02));
#6690 = CARTESIAN_POINT('',(0.258828479603,4.790482868262E-02));
#6691 = CARTESIAN_POINT('',(0.242175651952,5.086196687606E-02));
#6692 = CARTESIAN_POINT('',(0.225498083183,5.382349849205E-02));
#6693 = CARTESIAN_POINT('',(0.208795197972,5.678952569385E-02));
#6694 = CARTESIAN_POINT('',(0.172174839223,6.329241299835E-02));
#6695 = CARTESIAN_POINT('',(0.152246834151,6.683114324612E-02));
#6696 = CARTESIAN_POINT('',(0.132264628382,7.037949822289E-02));
#6697 = CARTESIAN_POINT('',(0.112226634968,7.393775973182E-02));
#6698 = CARTESIAN_POINT('',(7.865542374727E-02,7.989919240774E-02));
#6699 = CARTESIAN_POINT('',(6.514936246165E-02,8.229754123529E-02));
#6700 = CARTESIAN_POINT('',(5.16263461226E-02,8.469890086898E-02));
#6701 = CARTESIAN_POINT('',(3.808651264248E-02,8.710324681895E-02));
#6702 = CARTESIAN_POINT('',(2.004594295712E-02,9.03068143312E-02));
#6703 = CARTESIAN_POINT('',(1.556257519646E-02,9.110295167908E-02));
#6704 = CARTESIAN_POINT('',(1.107703154757E-02,9.189947541192E-02));
#6705 = CARTESIAN_POINT('',(6.589231657065E-03,9.269639979853E-02));
#6706 = CARTESIAN_POINT('',(2.099089071243E-03,9.3493740191E-02));
#6707 = ( GEOMETRIC_REPRESENTATION_CONTEXT(2) 
PARAMETRIC_REPRESENTATION_CONTEXT() REPRESENTATION_CONTEXT('2D SPACE',''
  ) );
#6708 = ORIENTED_EDGE('',*,*,#6217,.F.);
#6709 = ORIENTED_EDGE('',*,*,#5558,.T.);
#6710 = ORIENTED_EDGE('',*,*,#6308,.T.);
#6711 = ORIENTED_EDGE('',*,*,#4598,.F.);
#6712 = ADVANCED_FACE('',(#6713),#4869,.T.);
#6713 = FACE_BOUND('',#6714,.T.);
#6714 = EDGE_LOOP('',(#6715,#6716,#6717,#6718,#6719,#6985,#7251,#7368,
    #7387,#7388,#7389));
#6715 = ORIENTED_EDGE('',*,*,#6286,.T.);
#6716 = ORIENTED_EDGE('',*,*,#5829,.T.);
#6717 = ORIENTED_EDGE('',*,*,#5949,.T.);
#6718 = ORIENTED_EDGE('',*,*,#5044,.T.);
#6719 = ORIENTED_EDGE('',*,*,#6720,.T.);
#6720 = EDGE_CURVE('',#5045,#6721,#6723,.T.);
#6721 = VERTEX_POINT('',#6722);
#6722 = CARTESIAN_POINT('',(4.998964812729,-16.28764617092,
    -0.101738886849));
#6723 = SURFACE_CURVE('',#6724,(#6751,#6868),.PCURVE_S1.);
#6724 = B_SPLINE_CURVE_WITH_KNOTS('',3,(#6725,#6726,#6727,#6728,#6729,
    #6730,#6731,#6732,#6733,#6734,#6735,#6736,#6737,#6738,#6739,#6740,
    #6741,#6742,#6743,#6744,#6745,#6746,#6747,#6748,#6749,#6750),
  .UNSPECIFIED.,.F.,.F.,(4,1,1,1,1,1,1,1,1,1,1,1,1,1,1,1,1,1,1,1,1,1,1,4
    ),(0.,4.347826086957E-02,8.695652173913E-02,0.130434782609,
    0.173913043478,0.217391304348,0.260869565217,0.304347826087,
    0.347826086957,0.391304347826,0.434782608696,0.478260869565,
    0.521739130435,0.565217391304,0.608695652174,0.652173913044,
    0.695652173913,0.739130434783,0.782608695652,0.826086956522,
    0.869565217391,0.913043478261,0.95652173913,1.),.UNSPECIFIED.);
#6725 = CARTESIAN_POINT('',(-4.998964812729,-16.03764617092,
    0.101738886849));
#6726 = CARTESIAN_POINT('',(-5.003578120253,-16.04125457828,
    -0.124937094145));
#6727 = CARTESIAN_POINT('',(-4.982030284217,-16.04849729928,
    -0.580565905379));
#6728 = CARTESIAN_POINT('',(-4.855005113198,-16.05948126114,
    -1.260597548544));
#6729 = CARTESIAN_POINT('',(-4.635213851861,-16.0704586187,
    -1.916093256692));
#6730 = CARTESIAN_POINT('',(-4.332694032726,-16.08127057761,
    -2.526110700311));
#6731 = CARTESIAN_POINT('',(-3.950181337279,-16.09210049963,
    -3.090786323316));
#6732 = CARTESIAN_POINT('',(-3.48848399495,-16.10306298769,
    -3.604139607492));
#6733 = CARTESIAN_POINT('',(-2.961268990462,-16.11400641897,
    -4.048064178978));
#6734 = CARTESIAN_POINT('',(-2.38613190191,-16.12480769849,
    -4.411299156182));
#6735 = CARTESIAN_POINT('',(-1.768038248897,-16.13559673018,
    -4.693433547055));
#6736 = CARTESIAN_POINT('',(-1.113856381574,-16.1464445199,
    -4.890397707949));
#6737 = CARTESIAN_POINT('',(-0.436340341771,-16.15733368316,
    -4.996420185883));
#6738 = CARTESIAN_POINT('',(0.242417702163,-16.16811313105,
    -5.009576259711));
#6739 = CARTESIAN_POINT('',(0.922442323172,-16.17898528297,
    -4.929932717319));
#6740 = CARTESIAN_POINT('',(1.580481847174,-16.18977704328,
    -4.759851594827));
#6741 = CARTESIAN_POINT('',(2.211627137906,-16.20060693545,
    -4.501420000684));
#6742 = CARTESIAN_POINT('',(2.800031151397,-16.21139963104,
    -4.161144783132));
#6743 = CARTESIAN_POINT('',(3.343241397991,-16.22232183705,
    -3.73914110808));
#6744 = CARTESIAN_POINT('',(3.82277390202,-16.23323505443,
    -3.246752689484));
#6745 = CARTESIAN_POINT('',(4.225899583391,-16.24401040509,
    -2.700880410529));
#6746 = CARTESIAN_POINT('',(4.553523243679,-16.25483656048,
    -2.10295706517));
#6747 = CARTESIAN_POINT('',(4.799655511378,-16.26580980512,
    -1.457158991208));
#6748 = CARTESIAN_POINT('',(4.954289911006,-16.27679498458,
    -0.782796110775));
#6749 = CARTESIAN_POINT('',(4.99435135216,-16.28403764385,
    -0.328422387738));
#6750 = CARTESIAN_POINT('',(4.998964812729,-16.28764617092,
    -0.101738886849));
#6751 = PCURVE('',#4869,#6752);
#6752 = DEFINITIONAL_REPRESENTATION('',(#6753),#6867);
#6753 = B_SPLINE_CURVE_WITH_KNOTS('',3,(#6754,#6755,#6756,#6757,#6758,
    #6759,#6760,#6761,#6762,#6763,#6764,#6765,#6766,#6767,#6768,#6769,
    #6770,#6771,#6772,#6773,#6774,#6775,#6776,#6777,#6778,#6779,#6780,
    #6781,#6782,#6783,#6784,#6785,#6786,#6787,#6788,#6789,#6790,#6791,
    #6792,#6793,#6794,#6795,#6796,#6797,#6798,#6799,#6800,#6801,#6802,
    #6803,#6804,#6805,#6806,#6807,#6808,#6809,#6810,#6811,#6812,#6813,
    #6814,#6815,#6816,#6817,#6818,#6819,#6820,#6821,#6822,#6823,#6824,
    #6825,#6826,#6827,#6828,#6829,#6830,#6831,#6832,#6833,#6834,#6835,
    #6836,#6837,#6838,#6839,#6840,#6841,#6842,#6843,#6844,#6845,#6846,
    #6847,#6848,#6849,#6850,#6851,#6852,#6853,#6854,#6855,#6856,#6857,
    #6858,#6859,#6860,#6861,#6862,#6863,#6864,#6865,#6866),
  .UNSPECIFIED.,.F.,.F.,(4,1,1,1,1,1,1,1,1,1,1,1,1,1,1,1,1,1,1,1,1,1,1,1
    ,1,1,1,1,1,1,1,1,1,1,1,1,1,1,1,1,1,1,1,1,1,1,1,1,1,1,1,1,1,1,1,1,1,1
    ,1,1,1,1,1,1,1,1,1,1,1,1,1,1,1,1,1,1,1,1,1,1,1,1,1,1,1,1,1,1,1,1,1,1
    ,1,1,1,1,1,1,1,1,1,1,1,1,1,1,1,1,1,1,4),(0.,9.090909090909E-03,
    1.818181818182E-02,2.727272727273E-02,3.636363636364E-02,
    4.545454545455E-02,5.454545454545E-02,6.363636363636E-02,
    7.272727272727E-02,8.181818181818E-02,9.090909090909E-02,1.E-01,
    0.109090909091,0.118181818182,0.127272727273,0.136363636364,
    0.145454545455,0.154545454545,0.163636363636,0.172727272727,
    0.181818181818,0.190909090909,0.2,0.209090909091,0.218181818182,
    0.227272727273,0.236363636364,0.245454545455,0.254545454545,
    0.263636363636,0.272727272727,0.281818181818,0.290909090909,0.3,
    0.309090909091,0.318181818182,0.327272727273,0.336363636364,
    0.345454545455,0.354545454545,0.363636363636,0.372727272727,
    0.381818181818,0.390909090909,0.4,0.409090909091,0.418181818182,
    0.427272727273,0.436363636364,0.445454545455,0.454545454545,
    0.463636363636,0.472727272727,0.481818181818,0.490909090909,0.5,
    0.509090909091,0.518181818182,0.527272727273,0.536363636364,
    0.545454545455,0.554545454545,0.563636363636,0.572727272727,
    0.581818181818,0.590909090909,0.6,0.609090909091,0.618181818182,
    0.627272727273,0.636363636364,0.645454545455,0.654545454545,
    0.663636363636,0.672727272727,0.681818181818,0.690909090909,0.7,
    0.709090909091,0.718181818182,0.727272727273,0.736363636364,
    0.745454545455,0.754545454545,0.763636363636,0.772727272727,
    0.781818181818,0.790909090909,0.8,0.809090909091,0.818181818182,
    0.827272727273,0.836363636364,0.845454545455,0.854545454545,
    0.863636363636,0.872727272727,0.881818181818,0.890909090909,0.9,    0.909090909091,0.918181818182,0.927272727273,0.936363636364,
    0.945454545455,0.954545454545,0.963636363636,0.972727272727,
    0.981818181818,0.990909090909,1.),.QUASI_UNIFORM_KNOTS.);
#6754 = CARTESIAN_POINT('',(0.750601709671,0.598182088239));
#6755 = CARTESIAN_POINT('',(0.750628652197,0.598718338777));
#6756 = CARTESIAN_POINT('',(0.750743787687,0.599791616952));
#6757 = CARTESIAN_POINT('',(0.751047938022,0.601404054776));
#6758 = CARTESIAN_POINT('',(0.751429632043,0.603019187457));
#6759 = CARTESIAN_POINT('',(0.75184056351,0.604637241701));
#6760 = CARTESIAN_POINT('',(0.752233396778,0.606258556408));
#6761 = CARTESIAN_POINT('',(0.75257756494,0.607883253345));
#6762 = CARTESIAN_POINT('',(0.752877161598,0.6095104129));
#6763 = CARTESIAN_POINT('',(0.75311420619,0.611139270182));
#6764 = CARTESIAN_POINT('',(0.753262261543,0.612769044909));
#6765 = CARTESIAN_POINT('',(0.753266315719,0.614399023394));
#6766 = CARTESIAN_POINT('',(0.753122364443,0.616028421799));
#6767 = CARTESIAN_POINT('',(0.752895686965,0.617656290953));
#6768 = CARTESIAN_POINT('',(0.752617362332,0.619281643508));
#6769 = CARTESIAN_POINT('',(0.752306558488,0.620903537328));
#6770 = CARTESIAN_POINT('',(0.751959001377,0.62252069617));
#6771 = CARTESIAN_POINT('',(0.751575047224,0.624133630844));
#6772 = CARTESIAN_POINT('',(0.751183844773,0.62574373353));
#6773 = CARTESIAN_POINT('',(0.750834632564,0.627352136473));
#6774 = CARTESIAN_POINT('',(0.750592759267,0.628959969421));
#6775 = CARTESIAN_POINT('',(0.750561181778,0.630568316909));
#6776 = CARTESIAN_POINT('',(0.750740514101,0.632177790299));
#6777 = CARTESIAN_POINT('',(0.751043286721,0.633789003056));
#6778 = CARTESIAN_POINT('',(0.751412448407,0.635402633035));
#6779 = CARTESIAN_POINT('',(0.751797038055,0.63701944371));
#6780 = CARTESIAN_POINT('',(0.752165638453,0.638640103382));
#6781 = CARTESIAN_POINT('',(0.752522575092,0.640263526748));
#6782 = CARTESIAN_POINT('',(0.752849334752,0.641888754928));
#6783 = CARTESIAN_POINT('',(0.75311408536,0.643514834603));
#6784 = CARTESIAN_POINT('',(0.753257861814,0.645140840941));
#6785 = CARTESIAN_POINT('',(0.753246712881,0.646765958653));
#6786 = CARTESIAN_POINT('',(0.753134190018,0.648389519047));
#6787 = CARTESIAN_POINT('',(0.752944940752,0.65001077427));
#6788 = CARTESIAN_POINT('',(0.752695471578,0.651629016855));
#6789 = CARTESIAN_POINT('',(0.752384332219,0.653243292718));
#6790 = CARTESIAN_POINT('',(0.752011491983,0.654853710293));
#6791 = CARTESIAN_POINT('',(0.751601766869,0.656461328521));
#6792 = CARTESIAN_POINT('',(0.751192957562,0.65806695961));
#6793 = CARTESIAN_POINT('',(0.750837071361,0.659671417783));
#6794 = CARTESIAN_POINT('',(0.750602910526,0.661275494356));
#6795 = CARTESIAN_POINT('',(0.750546723142,0.662879628921));
#6796 = CARTESIAN_POINT('',(0.750692439711,0.664484124501));
#6797 = CARTESIAN_POINT('',(0.750971825676,0.666089339727));
#6798 = CARTESIAN_POINT('',(0.751336579337,0.667695668626));
#6799 = CARTESIAN_POINT('',(0.751742927729,0.669303567157));
#6800 = CARTESIAN_POINT('',(0.752158526736,0.670912895929));
#6801 = CARTESIAN_POINT('',(0.752547352887,0.672523527155));
#6802 = CARTESIAN_POINT('',(0.752872545209,0.674135363147));
#6803 = CARTESIAN_POINT('',(0.7530910208,0.675748377963));
#6804 = CARTESIAN_POINT('',(0.753175367445,0.677362433544));
#6805 = CARTESIAN_POINT('',(0.753173916942,0.678976583833));
#6806 = CARTESIAN_POINT('',(0.753109024135,0.680589924854));
#6807 = CARTESIAN_POINT('',(0.752989718614,0.682201580292));
#6808 = CARTESIAN_POINT('',(0.752807873359,0.68381042732));
#6809 = CARTESIAN_POINT('',(0.752539908288,0.685416389033));
#6810 = CARTESIAN_POINT('',(0.752179781499,0.687021068341));
#6811 = CARTESIAN_POINT('',(0.751745411645,0.688625766573));
#6812 = CARTESIAN_POINT('',(0.751277673387,0.690231758473));
#6813 = CARTESIAN_POINT('',(0.75083926628,0.69184059461));
#6814 = CARTESIAN_POINT('',(0.750523349257,0.693452007552));
#6815 = CARTESIAN_POINT('',(0.75041363888,0.695064574593));
#6816 = CARTESIAN_POINT('',(0.750566344796,0.696677063815));
#6817 = CARTESIAN_POINT('',(0.75090326787,0.698288240145));
#6818 = CARTESIAN_POINT('',(0.751321791433,0.699896768161));
#6819 = CARTESIAN_POINT('',(0.751756008916,0.701503117184));
#6820 = CARTESIAN_POINT('',(0.752164082341,0.703108112097));
#6821 = CARTESIAN_POINT('',(0.752514882074,0.704712509394));
#6822 = CARTESIAN_POINT('',(0.752790894905,0.706317114561));
#6823 = CARTESIAN_POINT('',(0.752989572587,0.707922688963));
#6824 = CARTESIAN_POINT('',(0.753121891321,0.709528785158));
#6825 = CARTESIAN_POINT('',(0.753189498377,0.711134984935));
#6826 = CARTESIAN_POINT('',(0.753186978895,0.712740891303));
#6827 = CARTESIAN_POINT('',(0.753101363811,0.714346006097));
#6828 = CARTESIAN_POINT('',(0.752912134353,0.715950275189));
#6829 = CARTESIAN_POINT('',(0.752613352722,0.717554983198));
#6830 = CARTESIAN_POINT('',(0.752219069969,0.719161238682));
#6831 = CARTESIAN_POINT('',(0.751762415099,0.720770124314));
#6832 = CARTESIAN_POINT('',(0.751295796755,0.722382940844));
#6833 = CARTESIAN_POINT('',(0.750892494591,0.723999806321));
#6834 = CARTESIAN_POINT('',(0.750618055537,0.725619531207));
#6835 = CARTESIAN_POINT('',(0.75051593972,0.727241163692));
#6836 = CARTESIAN_POINT('',(0.750628778453,0.728863656323));
#6837 = CARTESIAN_POINT('',(0.75085314371,0.730486001762));
#6838 = CARTESIAN_POINT('',(0.751155158081,0.732107304222));
#6839 = CARTESIAN_POINT('',(0.751533742593,0.733726685515));
#6840 = CARTESIAN_POINT('',(0.751960805791,0.735343260018));
#6841 = CARTESIAN_POINT('',(0.752397456832,0.736956189408));
#6842 = CARTESIAN_POINT('',(0.752786740613,0.738564527281));
#6843 = CARTESIAN_POINT('',(0.753079070794,0.740169443466));
#6844 = CARTESIAN_POINT('',(0.753250221588,0.741772287052));
#6845 = CARTESIAN_POINT('',(0.753296752778,0.743374354839));
#6846 = CARTESIAN_POINT('',(0.753239389509,0.744976965729));
#6847 = CARTESIAN_POINT('',(0.753112442168,0.746581334616));
#6848 = CARTESIAN_POINT('',(0.752899011187,0.7481880797));
#6849 = CARTESIAN_POINT('',(0.752598133211,0.749797900904));
#6850 = CARTESIAN_POINT('',(0.75222028563,0.751411454804));
#6851 = CARTESIAN_POINT('',(0.751784224007,0.753029560466));
#6852 = CARTESIAN_POINT('',(0.751338448715,0.754652401647));
#6853 = CARTESIAN_POINT('',(0.75095517912,0.7562788829));
#6854 = CARTESIAN_POINT('',(0.750684151973,0.757908097906));
#6855 = CARTESIAN_POINT('',(0.750560908736,0.759539063871));
#6856 = CARTESIAN_POINT('',(0.750604052718,0.76117079915));
#6857 = CARTESIAN_POINT('',(0.750791961836,0.762802329678));
#6858 = CARTESIAN_POINT('',(0.751108302272,0.764432701686));
#6859 = CARTESIAN_POINT('',(0.751515962559,0.766060966394));
#6860 = CARTESIAN_POINT('',(0.751965012153,0.767686236898));
#6861 = CARTESIAN_POINT('',(0.752382765003,0.769307519553));
#6862 = CARTESIAN_POINT('',(0.752735193745,0.770924952736));
#6863 = CARTESIAN_POINT('',(0.753007625192,0.772538946782));
#6864 = CARTESIAN_POINT('',(0.75318757805,0.774149835425));
#6865 = CARTESIAN_POINT('',(0.7532433408,0.775221916826));
#6866 = CARTESIAN_POINT('',(0.753254120403,0.77575755267));
#6867 = ( GEOMETRIC_REPRESENTATION_CONTEXT(2) 
PARAMETRIC_REPRESENTATION_CONTEXT() REPRESENTATION_CONTEXT('2D SPACE',''
  ) );
#6868 = PCURVE('',#2551,#6869);
#6869 = DEFINITIONAL_REPRESENTATION('',(#6870),#6984);
#6870 = B_SPLINE_CURVE_WITH_KNOTS('',3,(#6871,#6872,#6873,#6874,#6875,
    #6876,#6877,#6878,#6879,#6880,#6881,#6882,#6883,#6884,#6885,#6886,
    #6887,#6888,#6889,#6890,#6891,#6892,#6893,#6894,#6895,#6896,#6897,
    #6898,#6899,#6900,#6901,#6902,#6903,#6904,#6905,#6906,#6907,#6908,
    #6909,#6910,#6911,#6912,#6913,#6914,#6915,#6916,#6917,#6918,#6919,
    #6920,#6921,#6922,#6923,#6924,#6925,#6926,#6927,#6928,#6929,#6930,
    #6931,#6932,#6933,#6934,#6935,#6936,#6937,#6938,#6939,#6940,#6941,
    #6942,#6943,#6944,#6945,#6946,#6947,#6948,#6949,#6950,#6951,#6952,
    #6953,#6954,#6955,#6956,#6957,#6958,#6959,#6960,#6961,#6962,#6963,
    #6964,#6965,#6966,#6967,#6968,#6969,#6970,#6971,#6972,#6973,#6974,
    #6975,#6976,#6977,#6978,#6979,#6980,#6981,#6982,#6983),
  .UNSPECIFIED.,.F.,.F.,(4,1,1,1,1,1,1,1,1,1,1,1,1,1,1,1,1,1,1,1,1,1,1,1
    ,1,1,1,1,1,1,1,1,1,1,1,1,1,1,1,1,1,1,1,1,1,1,1,1,1,1,1,1,1,1,1,1,1,1
    ,1,1,1,1,1,1,1,1,1,1,1,1,1,1,1,1,1,1,1,1,1,1,1,1,1,1,1,1,1,1,1,1,1,1
    ,1,1,1,1,1,1,1,1,1,1,1,1,1,1,1,1,1,1,4),(0.,9.090909090909E-03,
    1.818181818182E-02,2.727272727273E-02,3.636363636364E-02,
    4.545454545455E-02,5.454545454545E-02,6.363636363636E-02,
    7.272727272727E-02,8.181818181818E-02,9.090909090909E-02,1.E-01,
    0.109090909091,0.118181818182,0.127272727273,0.136363636364,
    0.145454545455,0.154545454545,0.163636363636,0.172727272727,
    0.181818181818,0.190909090909,0.2,0.209090909091,0.218181818182,
    0.227272727273,0.236363636364,0.245454545455,0.254545454545,
    0.263636363636,0.272727272727,0.281818181818,0.290909090909,0.3,
    0.309090909091,0.318181818182,0.327272727273,0.336363636364,
    0.345454545455,0.354545454545,0.363636363636,0.372727272727,
    0.381818181818,0.390909090909,0.4,0.409090909091,0.418181818182,
    0.427272727273,0.436363636364,0.445454545455,0.454545454545,
    0.463636363636,0.472727272727,0.481818181818,0.490909090909,0.5,
    0.509090909091,0.518181818182,0.527272727273,0.536363636364,
    0.545454545455,0.554545454545,0.563636363636,0.572727272727,
    0.581818181818,0.590909090909,0.6,0.609090909091,0.618181818182,
    0.627272727273,0.636363636364,0.645454545455,0.654545454545,
    0.663636363636,0.672727272727,0.681818181818,0.690909090909,0.7,
    0.709090909091,0.718181818182,0.727272727273,0.736363636364,
    0.745454545455,0.754545454545,0.763636363636,0.772727272727,
    0.781818181818,0.790909090909,0.8,0.809090909091,0.818181818182,
    0.827272727273,0.836363636364,0.845454545455,0.854545454545,
    0.863636363636,0.872727272727,0.881818181818,0.890909090909,0.9,
    0.909090909091,0.918181818182,0.927272727273,0.936363636364,
    0.945454545455,0.954545454545,0.963636363636,0.972727272727,
    0.981818181818,0.990909090909,1.),.QUASI_UNIFORM_KNOTS.);
#6871 = CARTESIAN_POINT('',(6.28318530718,1.254853829072));
#6872 = CARTESIAN_POINT('',(6.273704142754,1.254099343897));
#6873 = CARTESIAN_POINT('',(6.254727472842,1.252589240757));
#6874 = CARTESIAN_POINT('',(6.226214885431,1.250320304003));
#6875 = CARTESIAN_POINT('',(6.197650186042,1.248047194601));
#6876 = CARTESIAN_POINT('',(6.169028740522,1.245769546186));
#6877 = CARTESIAN_POINT('',(6.140344385526,1.243486902365));
#6878 = CARTESIAN_POINT('',(6.111595252516,1.241199158464));
#6879 = CARTESIAN_POINT('',(6.082798254299,1.238907611057));
#6880 = CARTESIAN_POINT('',(6.053967902655,1.236613376937));
#6881 = CARTESIAN_POINT('',(6.025119219235,1.234317629723));
#6882 = CARTESIAN_POINT('',(5.996266211962,1.232021495515));
#6883 = CARTESIAN_POINT('',(5.967424140949,1.229726257937));
#6884 = CARTESIAN_POINT('',(5.93861110248,1.227433393293));
#6885 = CARTESIAN_POINT('',(5.909845767938,1.225144368882));
#6886 = CARTESIAN_POINT('',(5.881145800168,1.222860548671));
#6887 = CARTESIAN_POINT('',(5.852534486659,1.220583718969));
#6888 = CARTESIAN_POINT('',(5.824003117283,1.218313212439));
#6889 = CARTESIAN_POINT('',(5.795526946996,1.216047118614));
#6890 = CARTESIAN_POINT('',(5.76708532847,1.213783821385));
#6891 = CARTESIAN_POINT('',(5.738657086755,1.211521638727));
#6892 = CARTESIAN_POINT('',(5.710221180769,1.209258857918));
#6893 = CARTESIAN_POINT('',(5.681764291778,1.206994368216));
#6894 = CARTESIAN_POINT('',(5.65327360077,1.204727135841));
#6895 = CARTESIAN_POINT('',(5.624735838531,1.202456119582));
#6896 = CARTESIAN_POINT('',(5.596136788758,1.200180232382));
#6897 = CARTESIAN_POINT('',(5.567464421416,1.197898579591));
#6898 = CARTESIAN_POINT('',(5.5387381589,1.195612661691));
#6899 = CARTESIAN_POINT('',(5.509975608819,1.193323835157));
#6900 = CARTESIAN_POINT('',(5.481194611126,1.191033489736));
#6901 = CARTESIAN_POINT('',(5.452412757188,1.188743026092));
#6902 = CARTESIAN_POINT('',(5.423645821298,1.186453760604));
#6903 = CARTESIAN_POINT('',(5.394906967672,1.184166786575));
#6904 = CARTESIAN_POINT('',(5.366210751941,1.181883253655));
#6905 = CARTESIAN_POINT('',(5.337570899193,1.179604221391));
#6906 = CARTESIAN_POINT('',(5.309005303594,1.177331053394));
#6907 = CARTESIAN_POINT('',(5.280512767854,1.175063658665));
#6908 = CARTESIAN_POINT('',(5.252074912812,1.172800624659));
#6909 = CARTESIAN_POINT('',(5.223677306691,1.170540820651));
#6910 = CARTESIAN_POINT('',(5.195304993525,1.168283057184));
#6911 = CARTESIAN_POINT('',(5.166942854697,1.166026097906));
#6912 = CARTESIAN_POINT('',(5.138581388348,1.163769170182));
#6913 = CARTESIAN_POINT('',(5.110212768898,1.161511655848));
#6914 = CARTESIAN_POINT('',(5.08182858779,1.159252896148));
#6915 = CARTESIAN_POINT('',(5.05342053724,1.156992249778));
#6916 = CARTESIAN_POINT('',(5.024979783231,1.154729046216));
#6917 = CARTESIAN_POINT('',(4.99650854358,1.152463421487));
#6918 = CARTESIAN_POINT('',(4.968009292325,1.150195537666));
#6919 = CARTESIAN_POINT('',(4.939484357834,1.147925563859));
#6920 = CARTESIAN_POINT('',(4.910935113394,1.145653615062));
#6921 = CARTESIAN_POINT('',(4.882365135215,1.14338002211));
#6922 = CARTESIAN_POINT('',(4.853792396588,1.141106258112));
#6923 = CARTESIAN_POINT('',(4.825234222073,1.138833697629));
#6924 = CARTESIAN_POINT('',(4.796707442319,1.136563656154));
#6925 = CARTESIAN_POINT('',(4.76823316075,1.134297784001));
#6926 = CARTESIAN_POINT('',(4.739813792137,1.132036257647));
#6927 = CARTESIAN_POINT('',(4.711421759848,1.129776885524));
#6928 = CARTESIAN_POINT('',(4.683034497468,1.127517884025));
#6929 = CARTESIAN_POINT('',(4.654629509241,1.125257476958));
#6930 = CARTESIAN_POINT('',(4.626178951541,1.122993450503));
#6931 = CARTESIAN_POINT('',(4.597686553414,1.120726108102));
#6932 = CARTESIAN_POINT('',(4.569175855516,1.118457315846));
#6933 = CARTESIAN_POINT('',(4.540666217831,1.116188594121));
#6934 = CARTESIAN_POINT('',(4.512177224961,1.113921489149));
#6935 = CARTESIAN_POINT('',(4.483731080865,1.111657789517));
#6936 = CARTESIAN_POINT('',(4.455318656313,1.109396785719));
#6937 = CARTESIAN_POINT('',(4.426925061507,1.107137296917));
#6938 = CARTESIAN_POINT('',(4.398537063336,1.104878269278));
#6939 = CARTESIAN_POINT('',(4.370140932289,1.102618598255));
#6940 = CARTESIAN_POINT('',(4.341724013908,1.100357255306));
#6941 = CARTESIAN_POINT('',(4.313295277087,1.098094971371));
#6942 = CARTESIAN_POINT('',(4.284863350416,1.095832431995));
#6943 = CARTESIAN_POINT('',(4.256436578691,1.093570295629));
#6944 = CARTESIAN_POINT('',(4.228025107515,1.091309374502));
#6945 = CARTESIAN_POINT('',(4.199631149496,1.08904985354));
#6946 = CARTESIAN_POINT('',(4.171233060007,1.086789995209));
#6947 = CARTESIAN_POINT('',(4.142812079594,1.084528314661));
#6948 = CARTESIAN_POINT('',(4.114349603272,1.082263345368));
#6949 = CARTESIAN_POINT('',(4.085822788846,1.079993294832));
#6950 = CARTESIAN_POINT('',(4.057229247825,1.077717961315));
#6951 = CARTESIAN_POINT('',(4.028589155419,1.075438897831));
#6952 = CARTESIAN_POINT('',(3.999917873559,1.073157294143));
#6953 = CARTESIAN_POINT('',(3.971231637951,1.070874434511));
#6954 = CARTESIAN_POINT('',(3.942545850627,1.068591588452));
#6955 = CARTESIAN_POINT('',(3.913874710232,1.066309960358));
#6956 = CARTESIAN_POINT('',(3.885232719449,1.064030719513));
#6957 = CARTESIAN_POINT('',(3.856635133632,1.061755055499));
#6958 = CARTESIAN_POINT('',(3.828096888706,1.059484109349));
#6959 = CARTESIAN_POINT('',(3.799635272754,1.057219195985));
#6960 = CARTESIAN_POINT('',(3.771230442583,1.054958773835));
#6961 = CARTESIAN_POINT('',(3.742859587551,1.052701068196));
#6962 = CARTESIAN_POINT('',(3.714500961126,1.05044437321));
#6963 = CARTESIAN_POINT('',(3.68613249342,1.048186938856));
#6964 = CARTESIAN_POINT('',(3.657733966741,1.045927124796));
#6965 = CARTESIAN_POINT('',(3.629295716709,1.043664108608));
#6966 = CARTESIAN_POINT('',(3.6008064954,1.041396984063));
#6967 = CARTESIAN_POINT('',(3.572255612943,1.03912491753));
#6968 = CARTESIAN_POINT('',(3.543629219032,1.036846868797));
#6969 = CARTESIAN_POINT('',(3.514924316711,1.034562640407));
#6970 = CARTESIAN_POINT('',(3.486160052516,1.032273694516));
#6971 = CARTESIAN_POINT('',(3.457351671431,1.029981205983));
#6972 = CARTESIAN_POINT('',(3.428515149411,1.027686426094));
#6973 = CARTESIAN_POINT('',(3.399665654517,1.025390587733));
#6974 = CARTESIAN_POINT('',(3.370817834268,1.023094917606));
#6975 = CARTESIAN_POINT('',(3.341986775468,1.020800627808));
#6976 = CARTESIAN_POINT('',(3.313188174975,1.018508946372));
#6977 = CARTESIAN_POINT('',(3.284437264728,1.016221050655));
#6978 = CARTESIAN_POINT('',(3.255751714759,1.013938304786));
#6979 = CARTESIAN_POINT('',(3.227129568314,1.011660598736));
#6980 = CARTESIAN_POINT('',(3.198564377672,1.009387452111));
#6981 = CARTESIAN_POINT('',(3.170051288387,1.007118479322));
#6982 = CARTESIAN_POINT('',(3.151074133853,1.005608339277));
#6983 = CARTESIAN_POINT('',(3.14159265359,1.004853829072));
#6984 = ( GEOMETRIC_REPRESENTATION_CONTEXT(2) 
PARAMETRIC_REPRESENTATION_CONTEXT() REPRESENTATION_CONTEXT('2D SPACE',''
  ) );
#6985 = ORIENTED_EDGE('',*,*,#6986,.T.);
#6986 = EDGE_CURVE('',#6721,#6987,#6989,.T.);
#6987 = VERTEX_POINT('',#6988);
#6988 = CARTESIAN_POINT('',(-4.998964812729,-16.53764617092,
    0.101738886849));
#6989 = SURFACE_CURVE('',#6990,(#7017,#7134),.PCURVE_S1.);
#6990 = B_SPLINE_CURVE_WITH_KNOTS('',3,(#6991,#6992,#6993,#6994,#6995,
    #6996,#6997,#6998,#6999,#7000,#7001,#7002,#7003,#7004,#7005,#7006,
    #7007,#7008,#7009,#7010,#7011,#7012,#7013,#7014,#7015,#7016),
  .UNSPECIFIED.,.F.,.F.,(4,1,1,1,1,1,1,1,1,1,1,1,1,1,1,1,1,1,1,1,1,1,1,4
    ),(0.,4.347826086957E-02,8.695652173913E-02,0.130434782609,
    0.173913043478,0.217391304348,0.260869565217,0.304347826087,
    0.347826086957,0.391304347826,0.434782608696,0.478260869565,
    0.521739130435,0.565217391304,0.608695652174,0.652173913044,
    0.695652173913,0.739130434783,0.782608695652,0.826086956522,
    0.869565217391,0.913043478261,0.95652173913,1.),.UNSPECIFIED.);
#6991 = CARTESIAN_POINT('',(4.998964812729,-16.28764617092,
    -0.101738886849));
#6992 = CARTESIAN_POINT('',(5.003559504436,-16.29124001748,
    0.124022401475));
#6993 = CARTESIAN_POINT('',(4.98221886346,-16.29845628965,0.577985302456
    ));
#6994 = CARTESIAN_POINT('',(4.856137565803,-16.30940400546,
    1.255859233908));
#6995 = CARTESIAN_POINT('',(4.637530268121,-16.32036231751,
    1.910479829008));
#6996 = CARTESIAN_POINT('',(4.33536913553,-16.33118718074,2.521594833004
    ));
#6997 = CARTESIAN_POINT('',(3.954319092082,-16.34198783481,
    3.085004372504));
#6998 = CARTESIAN_POINT('',(3.499700561471,-16.35281024223,
    3.592832280001));
#6999 = CARTESIAN_POINT('',(2.976175887128,-16.36371236225,
    4.037026358006));
#7000 = CARTESIAN_POINT('',(2.403126321628,-16.37450186022,
    4.402215767319));
#7001 = CARTESIAN_POINT('',(1.781419319646,-16.38537049573,
    4.688502758846));
#7002 = CARTESIAN_POINT('',(1.129649244861,-16.39618658534,
    4.886550929707));
#7003 = CARTESIAN_POINT('',(0.456537193886,-16.40701183932,
    4.994542313504));
#7004 = CARTESIAN_POINT('',(-0.2228493122,-16.41780248429,5.010536992717
    ));
#7005 = CARTESIAN_POINT('',(-0.905930047129,-16.42871771536,
    4.933332770379));
#7006 = CARTESIAN_POINT('',(-1.572994304097,-16.43965092043,
    4.76254357079));
#7007 = CARTESIAN_POINT('',(-2.203233456136,-16.4504593311,
    4.505412778026));
#7008 = CARTESIAN_POINT('',(-2.792664385424,-16.46125780434,
    4.166217175708));
#7009 = CARTESIAN_POINT('',(-3.338854131144,-16.47222660874,
    3.743251995024));
#7010 = CARTESIAN_POINT('',(-3.822308471051,-16.48321619753,
    3.247903913577));
#7011 = CARTESIAN_POINT('',(-4.229902755084,-16.49412586846,
    2.694807024702));
#7012 = CARTESIAN_POINT('',(-4.554685575873,-16.50488787431,
    2.099918929159));
#7013 = CARTESIAN_POINT('',(-4.80000018747,-16.51583110853,
    1.455869136403));
#7014 = CARTESIAN_POINT('',(-4.954254015802,-16.52679577987,
    0.782737103193));
#7015 = CARTESIAN_POINT('',(-4.994349605955,-16.53403627802,
    0.328508187952));
#7016 = CARTESIAN_POINT('',(-4.998964812729,-16.53764617092,
    0.101738886849));
#7017 = PCURVE('',#4869,#7018);
#7018 = DEFINITIONAL_REPRESENTATION('',(#7019),#7133);
#7019 = B_SPLINE_CURVE_WITH_KNOTS('',3,(#7020,#7021,#7022,#7023,#7024,
    #7025,#7026,#7027,#7028,#7029,#7030,#7031,#7032,#7033,#7034,#7035,
    #7036,#7037,#7038,#7039,#7040,#7041,#7042,#7043,#7044,#7045,#7046,
    #7047,#7048,#7049,#7050,#7051,#7052,#7053,#7054,#7055,#7056,#7057,
    #7058,#7059,#7060,#7061,#7062,#7063,#7064,#7065,#7066,#7067,#7068,
    #7069,#7070,#7071,#7072,#7073,#7074,#7075,#7076,#7077,#7078,#7079,
    #7080,#7081,#7082,#7083,#7084,#7085,#7086,#7087,#7088,#7089,#7090,
    #7091,#7092,#7093,#7094,#7095,#7096,#7097,#7098,#7099,#7100,#7101,
    #7102,#7103,#7104,#7105,#7106,#7107,#7108,#7109,#7110,#7111,#7112,
    #7113,#7114,#7115,#7116,#7117,#7118,#7119,#7120,#7121,#7122,#7123,
    #7124,#7125,#7126,#7127,#7128,#7129,#7130,#7131,#7132),
  .UNSPECIFIED.,.F.,.F.,(4,1,1,1,1,1,1,1,1,1,1,1,1,1,1,1,1,1,1,1,1,1,1,1
    ,1,1,1,1,1,1,1,1,1,1,1,1,1,1,1,1,1,1,1,1,1,1,1,1,1,1,1,1,1,1,1,1,1,1
    ,1,1,1,1,1,1,1,1,1,1,1,1,1,1,1,1,1,1,1,1,1,1,1,1,1,1,1,1,1,1,1,1,1,1
    ,1,1,1,1,1,1,1,1,1,1,1,1,1,1,1,1,1,1,4),(0.,9.090909090909E-03,
    1.818181818182E-02,2.727272727273E-02,3.636363636364E-02,
    4.545454545455E-02,5.454545454545E-02,6.363636363636E-02,
    7.272727272727E-02,8.181818181818E-02,9.090909090909E-02,1.E-01,
    0.109090909091,0.118181818182,0.127272727273,0.136363636364,
    0.145454545455,0.154545454545,0.163636363636,0.172727272727,
    0.181818181818,0.190909090909,0.2,0.209090909091,0.218181818182,
    0.227272727273,0.236363636364,0.245454545455,0.254545454545,
    0.263636363636,0.272727272727,0.281818181818,0.290909090909,0.3,
    0.309090909091,0.318181818182,0.327272727273,0.336363636364,
    0.345454545455,0.354545454545,0.363636363636,0.372727272727,
    0.381818181818,0.390909090909,0.4,0.409090909091,0.418181818182,
    0.427272727273,0.436363636364,0.445454545455,0.454545454545,
    0.463636363636,0.472727272727,0.481818181818,0.490909090909,0.5,
    0.509090909091,0.518181818182,0.527272727273,0.536363636364,
    0.545454545455,0.554545454545,0.563636363636,0.572727272727,
    0.581818181818,0.590909090909,0.6,0.609090909091,0.618181818182,
    0.627272727273,0.636363636364,0.645454545455,0.654545454545,
    0.663636363636,0.672727272727,0.681818181818,0.690909090909,0.7,
    0.709090909091,0.718181818182,0.727272727273,0.736363636364,
    0.745454545455,0.754545454545,0.763636363636,0.772727272727,
    0.781818181818,0.790909090909,0.8,0.809090909091,0.818181818182,
    0.827272727273,0.836363636364,0.845454545455,0.854545454545,
    0.863636363636,0.872727272727,0.881818181818,0.890909090909,0.9,
    0.909090909091,0.918181818182,0.927272727273,0.936363636364,
    0.945454545455,0.954545454545,0.963636363636,0.972727272727,
    0.981818181818,0.990909090909,1.),.QUASI_UNIFORM_KNOTS.);
#7020 = CARTESIAN_POINT('',(0.753254120403,0.77575755267));
#7021 = CARTESIAN_POINT('',(0.753265700301,0.776291009538));
#7022 = CARTESIAN_POINT('',(0.753253971933,0.777358811431));
#7023 = CARTESIAN_POINT('',(0.753135759736,0.778963476771));
#7024 = CARTESIAN_POINT('',(0.752918837051,0.780571402648));
#7025 = CARTESIAN_POINT('',(0.75261258796,0.782182887083));
#7026 = CARTESIAN_POINT('',(0.75222835513,0.783798297369));
#7027 = CARTESIAN_POINT('',(0.751794440246,0.785417768543));
#7028 = CARTESIAN_POINT('',(0.751373871429,0.787040458618));
#7029 = CARTESIAN_POINT('',(0.751009473859,0.788665624335));
#7030 = CARTESIAN_POINT('',(0.750737370676,0.790292466534));
#7031 = CARTESIAN_POINT('',(0.750562410697,0.791920209315));
#7032 = CARTESIAN_POINT('',(0.750550431299,0.793547956551));
#7033 = CARTESIAN_POINT('',(0.750735322769,0.795174624234));
#7034 = CARTESIAN_POINT('',(0.751068544699,0.796799156085));
#7035 = CARTESIAN_POINT('',(0.751501345432,0.798420575358));
#7036 = CARTESIAN_POINT('',(0.751958118975,0.800037709773));
#7037 = CARTESIAN_POINT('',(0.752380052069,0.801650757328));
#7038 = CARTESIAN_POINT('',(0.752735177592,0.803260602993));
#7039 = CARTESIAN_POINT('',(0.753001675426,0.804867975248));
#7040 = CARTESIAN_POINT('',(0.753170969984,0.806473636103));
#7041 = CARTESIAN_POINT('',(0.753248982089,0.808078356883));
#7042 = CARTESIAN_POINT('',(0.75323211598,0.80968255577));
#7043 = CARTESIAN_POINT('',(0.753119940772,0.811286604518));
#7044 = CARTESIAN_POINT('',(0.752918815303,0.812890883567));
#7045 = CARTESIAN_POINT('',(0.752641155601,0.814495763471));
#7046 = CARTESIAN_POINT('',(0.752304607375,0.816101609483));
#7047 = CARTESIAN_POINT('',(0.751923493591,0.817708804482));
#7048 = CARTESIAN_POINT('',(0.751518893719,0.81931773301));
#7049 = CARTESIAN_POINT('',(0.751119902091,0.820928733532));
#7050 = CARTESIAN_POINT('',(0.750756565244,0.822542266592));
#7051 = CARTESIAN_POINT('',(0.750489526379,0.824158224147));
#7052 = CARTESIAN_POINT('',(0.750444223414,0.825775093156));
#7053 = CARTESIAN_POINT('',(0.750643775051,0.827391492525));
#7054 = CARTESIAN_POINT('',(0.751018564976,0.829006102406));
#7055 = CARTESIAN_POINT('',(0.751486423062,0.830617341083));
#7056 = CARTESIAN_POINT('',(0.751957966762,0.83222524326));
#7057 = CARTESIAN_POINT('',(0.752377864324,0.833831299475));
#7058 = CARTESIAN_POINT('',(0.752710120287,0.83543673326));
#7059 = CARTESIAN_POINT('',(0.752940906756,0.837042794797));
#7060 = CARTESIAN_POINT('',(0.75307926781,0.838650976074));
#7061 = CARTESIAN_POINT('',(0.753149592596,0.84026096077));
#7062 = CARTESIAN_POINT('',(0.753161997221,0.841871840203));
#7063 = CARTESIAN_POINT('',(0.753112567906,0.843482853998));
#7064 = CARTESIAN_POINT('',(0.752984366496,0.845093220988));
#7065 = CARTESIAN_POINT('',(0.752743481044,0.846702149244));
#7066 = CARTESIAN_POINT('',(0.752407397077,0.848310066929));
#7067 = CARTESIAN_POINT('',(0.752004358175,0.849917425502));
#7068 = CARTESIAN_POINT('',(0.751569117384,0.851524630645));
#7069 = CARTESIAN_POINT('',(0.75114224836,0.853132091308));
#7070 = CARTESIAN_POINT('',(0.750775769114,0.854740070213));
#7071 = CARTESIAN_POINT('',(0.750537637167,0.856348183707));
#7072 = CARTESIAN_POINT('',(0.750496427279,0.8579560544));
#7073 = CARTESIAN_POINT('',(0.750679197147,0.859563278729));
#7074 = CARTESIAN_POINT('',(0.751009505406,0.861169348808));
#7075 = CARTESIAN_POINT('',(0.751417547359,0.862774396754));
#7076 = CARTESIAN_POINT('',(0.751839119568,0.864379547615));
#7077 = CARTESIAN_POINT('',(0.752230284643,0.865985806191));
#7078 = CARTESIAN_POINT('',(0.75256402225,0.867594190236));
#7079 = CARTESIAN_POINT('',(0.752832440829,0.869205969247));
#7080 = CARTESIAN_POINT('',(0.75304179674,0.870821127726));
#7081 = CARTESIAN_POINT('',(0.753187280794,0.872438856581));
#7082 = CARTESIAN_POINT('',(0.753251489704,0.874058559244));
#7083 = CARTESIAN_POINT('',(0.753208840749,0.875679607489));
#7084 = CARTESIAN_POINT('',(0.7530114283,0.877301449742));
#7085 = CARTESIAN_POINT('',(0.752708174845,0.878923296512));
#7086 = CARTESIAN_POINT('',(0.752352960882,0.880544265286));
#7087 = CARTESIAN_POINT('',(0.751978665813,0.882163455609));
#7088 = CARTESIAN_POINT('',(0.751603486924,0.883779917412));
#7089 = CARTESIAN_POINT('',(0.751227835971,0.88539274863));
#7090 = CARTESIAN_POINT('',(0.750890007206,0.887002756584));
#7091 = CARTESIAN_POINT('',(0.750641298821,0.888610640148));
#7092 = CARTESIAN_POINT('',(0.750547692512,0.890217069211));
#7093 = CARTESIAN_POINT('',(0.750677423951,0.891822615674));
#7094 = CARTESIAN_POINT('',(0.750978970135,0.893427964692));
#7095 = CARTESIAN_POINT('',(0.75136302096,0.895034220473));
#7096 = CARTESIAN_POINT('',(0.751766650049,0.896642514214));
#7097 = CARTESIAN_POINT('',(0.752145522133,0.898253965931));
#7098 = CARTESIAN_POINT('',(0.752474052259,0.899870006952));
#7099 = CARTESIAN_POINT('',(0.752757142042,0.901490829412));
#7100 = CARTESIAN_POINT('',(0.75299940083,0.90311524868));
#7101 = CARTESIAN_POINT('',(0.753184107895,0.904742391613));
#7102 = CARTESIAN_POINT('',(0.753282902196,0.90637134827));
#7103 = CARTESIAN_POINT('',(0.753237137198,0.908001237659));
#7104 = CARTESIAN_POINT('',(0.75306152821,0.909631421322));
#7105 = CARTESIAN_POINT('',(0.752796233251,0.911261323492));
#7106 = CARTESIAN_POINT('',(0.752461191848,0.91289032342));
#7107 = CARTESIAN_POINT('',(0.752068928609,0.914517793229));
#7108 = CARTESIAN_POINT('',(0.751614176925,0.916143077547));
#7109 = CARTESIAN_POINT('',(0.751168575525,0.917765790014));
#7110 = CARTESIAN_POINT('',(0.750804174305,0.919385489841));
#7111 = CARTESIAN_POINT('',(0.750581596766,0.921001689241));
#7112 = CARTESIAN_POINT('',(0.750557528526,0.922613756983));
#7113 = CARTESIAN_POINT('',(0.750760551619,0.924221329424));
#7114 = CARTESIAN_POINT('',(0.751065856493,0.925826584285));
#7115 = CARTESIAN_POINT('',(0.751399839692,0.927431572647));
#7116 = CARTESIAN_POINT('',(0.75172145127,0.929038358313));
#7117 = CARTESIAN_POINT('',(0.75203073986,0.930649319395));
#7118 = CARTESIAN_POINT('',(0.752351148904,0.932265560956));
#7119 = CARTESIAN_POINT('',(0.752671151408,0.933885681246));
#7120 = CARTESIAN_POINT('',(0.752962103553,0.935508751471));
#7121 = CARTESIAN_POINT('',(0.753181755851,0.937133774346));
#7122 = CARTESIAN_POINT('',(0.75325294259,0.938759815232));
#7123 = CARTESIAN_POINT('',(0.753173379643,0.940386095667));
#7124 = CARTESIAN_POINT('',(0.752996244064,0.942011900234));
#7125 = CARTESIAN_POINT('',(0.752745398889,0.943636455166));
#7126 = CARTESIAN_POINT('',(0.752436686112,0.945259006001));
#7127 = CARTESIAN_POINT('',(0.752064475865,0.946878650974));
#7128 = CARTESIAN_POINT('',(0.751655494424,0.948495517745));
#7129 = CARTESIAN_POINT('',(0.751252814712,0.950109952058));
#7130 = CARTESIAN_POINT('',(0.750900938794,0.951722193047));
#7131 = CARTESIAN_POINT('',(0.750734000155,0.952795686913));
#7132 = CARTESIAN_POINT('',(0.750675592756,0.95333213486));
#7133 = ( GEOMETRIC_REPRESENTATION_CONTEXT(2) 
PARAMETRIC_REPRESENTATION_CONTEXT() REPRESENTATION_CONTEXT('2D SPACE',''
  ) );
#7134 = PCURVE('',#2551,#7135);
#7135 = DEFINITIONAL_REPRESENTATION('',(#7136),#7250);
#7136 = B_SPLINE_CURVE_WITH_KNOTS('',3,(#7137,#7138,#7139,#7140,#7141,
    #7142,#7143,#7144,#7145,#7146,#7147,#7148,#7149,#7150,#7151,#7152,
    #7153,#7154,#7155,#7156,#7157,#7158,#7159,#7160,#7161,#7162,#7163,
    #7164,#7165,#7166,#7167,#7168,#7169,#7170,#7171,#7172,#7173,#7174,
    #7175,#7176,#7177,#7178,#7179,#7180,#7181,#7182,#7183,#7184,#7185,
    #7186,#7187,#7188,#7189,#7190,#7191,#7192,#7193,#7194,#7195,#7196,
    #7197,#7198,#7199,#7200,#7201,#7202,#7203,#7204,#7205,#7206,#7207,
    #7208,#7209,#7210,#7211,#7212,#7213,#7214,#7215,#7216,#7217,#7218,
    #7219,#7220,#7221,#7222,#7223,#7224,#7225,#7226,#7227,#7228,#7229,
    #7230,#7231,#7232,#7233,#7234,#7235,#7236,#7237,#7238,#7239,#7240,
    #7241,#7242,#7243,#7244,#7245,#7246,#7247,#7248,#7249),
  .UNSPECIFIED.,.F.,.F.,(4,1,1,1,1,1,1,1,1,1,1,1,1,1,1,1,1,1,1,1,1,1,1,1
    ,1,1,1,1,1,1,1,1,1,1,1,1,1,1,1,1,1,1,1,1,1,1,1,1,1,1,1,1,1,1,1,1,1,1
    ,1,1,1,1,1,1,1,1,1,1,1,1,1,1,1,1,1,1,1,1,1,1,1,1,1,1,1,1,1,1,1,1,1,1
    ,1,1,1,1,1,1,1,1,1,1,1,1,1,1,1,1,1,1,4),(0.,9.090909090909E-03,
    1.818181818182E-02,2.727272727273E-02,3.636363636364E-02,
    4.545454545455E-02,5.454545454545E-02,6.363636363636E-02,
    7.272727272727E-02,8.181818181818E-02,9.090909090909E-02,1.E-01,
    0.109090909091,0.118181818182,0.127272727273,0.136363636364,
    0.145454545455,0.154545454545,0.163636363636,0.172727272727,
    0.181818181818,0.190909090909,0.2,0.209090909091,0.218181818182,
    0.227272727273,0.236363636364,0.245454545455,0.254545454545,
    0.263636363636,0.272727272727,0.281818181818,0.290909090909,0.3,
    0.309090909091,0.318181818182,0.327272727273,0.336363636364,
    0.345454545455,0.354545454545,0.363636363636,0.372727272727,
    0.381818181818,0.390909090909,0.4,0.409090909091,0.418181818182,
    0.427272727273,0.436363636364,0.445454545455,0.454545454545,
    0.463636363636,0.472727272727,0.481818181818,0.490909090909,0.5,
    0.509090909091,0.518181818182,0.527272727273,0.536363636364,
    0.545454545455,0.554545454545,0.563636363636,0.572727272727,
    0.581818181818,0.590909090909,0.6,0.609090909091,0.618181818182,
    0.627272727273,0.636363636364,0.645454545455,0.654545454545,
    0.663636363636,0.672727272727,0.681818181818,0.690909090909,0.7,
    0.709090909091,0.718181818182,0.727272727273,0.736363636364,
    0.745454545455,0.754545454545,0.763636363636,0.772727272727,
    0.781818181818,0.790909090909,0.8,0.809090909091,0.818181818182,
    0.827272727273,0.836363636364,0.845454545455,0.854545454545,
    0.863636363636,0.872727272727,0.881818181818,0.890909090909,0.9,
    0.909090909091,0.918181818182,0.927272727273,0.936363636364,
    0.945454545455,0.954545454545,0.963636363636,0.972727272727,
    0.981818181818,0.990909090909,1.),.QUASI_UNIFORM_KNOTS.);
#7137 = CARTESIAN_POINT('',(3.14159265359,1.004853829072));
#7138 = CARTESIAN_POINT('',(3.132149747661,1.004102388428));
#7139 = CARTESIAN_POINT('',(3.11324812312,1.00259825752));
#7140 = CARTESIAN_POINT('',(3.084844221515,1.000337970404));
#7141 = CARTESIAN_POINT('',(3.056384869168,0.998073244465));
#7142 = CARTESIAN_POINT('',(3.027865937342,0.995803753232));
#7143 = CARTESIAN_POINT('',(2.999281879461,0.993529090012));
#7144 = CARTESIAN_POINT('',(2.970630966524,0.991249161518));
#7145 = CARTESIAN_POINT('',(2.94192835751,0.988965123177));
#7146 = CARTESIAN_POINT('',(2.913187011815,0.986677970023));
#7147 = CARTESIAN_POINT('',(2.884420323375,0.984388748425));
#7148 = CARTESIAN_POINT('',(2.855640677393,0.982098459806));
#7149 = CARTESIAN_POINT('',(2.826861771672,0.979808257583));
#7150 = CARTESIAN_POINT('',(2.798100146373,0.977519483981));
#7151 = CARTESIAN_POINT('',(2.769372682785,0.97523346547));
#7152 = CARTESIAN_POINT('',(2.740695552287,0.972951454455));
#7153 = CARTESIAN_POINT('',(2.712089026623,0.970675015351));
#7154 = CARTESIAN_POINT('',(2.68354965003,0.968403896357));
#7155 = CARTESIAN_POINT('',(2.65506220927,0.966136925564));
#7156 = CARTESIAN_POINT('',(2.626614583065,0.963873148321));
#7157 = CARTESIAN_POINT('',(2.598194298989,0.961611563623));
#7158 = CARTESIAN_POINT('',(2.569788884994,0.959351138621));
#7159 = CARTESIAN_POINT('',(2.541392231485,0.957091394525));
#7160 = CARTESIAN_POINT('',(2.512999077895,0.954831926684));
#7161 = CARTESIAN_POINT('',(2.484603959279,0.952572310282));
#7162 = CARTESIAN_POINT('',(2.456201460717,0.950312128306));
#7163 = CARTESIAN_POINT('',(2.427786061371,0.948050952623));
#7164 = CARTESIAN_POINT('',(2.399351659038,0.945788251233));
#7165 = CARTESIAN_POINT('',(2.370891767486,0.943523484823));
#7166 = CARTESIAN_POINT('',(2.342400281115,0.941256163724));
#7167 = CARTESIAN_POINT('',(2.313868423867,0.938985607004));
#7168 = CARTESIAN_POINT('',(2.285296862215,0.936711913645));
#7169 = CARTESIAN_POINT('',(2.25671034647,0.934437073565));
#7170 = CARTESIAN_POINT('',(2.228130705553,0.93216280693));
#7171 = CARTESIAN_POINT('',(2.199579383248,0.929890792227));
#7172 = CARTESIAN_POINT('',(2.171083191337,0.927623144418));
#7173 = CARTESIAN_POINT('',(2.142640971252,0.925359775583));
#7174 = CARTESIAN_POINT('',(2.114226296006,0.923098594803));
#7175 = CARTESIAN_POINT('',(2.085817861071,0.920837920234));
#7176 = CARTESIAN_POINT('',(2.057394214672,0.918576052647));
#7177 = CARTESIAN_POINT('',(2.028929876099,0.916310953265));
#7178 = CARTESIAN_POINT('',(2.000431565428,0.914043152792));
#7179 = CARTESIAN_POINT('',(1.971916641029,0.911774020453));
#7180 = CARTESIAN_POINT('',(1.943399902772,0.909504718657));
#7181 = CARTESIAN_POINT('',(1.914896497303,0.907236451053));
#7182 = CARTESIAN_POINT('',(1.886421655348,0.904970463138));
#7183 = CARTESIAN_POINT('',(1.857968777539,0.902706244628));
#7184 = CARTESIAN_POINT('',(1.829530579797,0.900443214701));
#7185 = CARTESIAN_POINT('',(1.801100243936,0.898180822415));
#7186 = CARTESIAN_POINT('',(1.772670475355,0.895918467712));
#7187 = CARTESIAN_POINT('',(1.744236067743,0.893655722185));
#7188 = CARTESIAN_POINT('',(1.715802658214,0.891393059554));
#7189 = CARTESIAN_POINT('',(1.687375134096,0.889130870623));
#7190 = CARTESIAN_POINT('',(1.658958121853,0.886869519315));
#7191 = CARTESIAN_POINT('',(1.630558576429,0.884609559989));
#7192 = CARTESIAN_POINT('',(1.602172882318,0.882350700979));
#7193 = CARTESIAN_POINT('',(1.573780438296,0.880091292058));
#7194 = CARTESIAN_POINT('',(1.545363268011,0.877829912786));
#7195 = CARTESIAN_POINT('',(1.516903588179,0.875565163702));
#7196 = CARTESIAN_POINT('',(1.48837951044,0.873295331641));
#7197 = CARTESIAN_POINT('',(1.459792177549,0.871020485262));
#7198 = CARTESIAN_POINT('',(1.431157029969,0.868741803326));
#7199 = CARTESIAN_POINT('',(1.402485919528,0.866460203944));
#7200 = CARTESIAN_POINT('',(1.373791341388,0.864176683321));
#7201 = CARTESIAN_POINT('',(1.345084440052,0.861892185929));
#7202 = CARTESIAN_POINT('',(1.316380398685,0.859607971398));
#7203 = CARTESIAN_POINT('',(1.287695859493,0.85732535776));
#7204 = CARTESIAN_POINT('',(1.259047525549,0.855045642008));
#7205 = CARTESIAN_POINT('',(1.230452632743,0.852770148624));
#7206 = CARTESIAN_POINT('',(1.201927145545,0.850500112981));
#7207 = CARTESIAN_POINT('',(1.173456275011,0.848234424433));
#7208 = CARTESIAN_POINT('',(1.145026588054,0.845972051575));
#7209 = CARTESIAN_POINT('',(1.11662455857,0.843711931061));
#7210 = CARTESIAN_POINT('',(1.088237610814,0.841453048062));
#7211 = CARTESIAN_POINT('',(1.059851458855,0.83919421501));
#7212 = CARTESIAN_POINT('',(1.031445210789,0.836933730646));
#7213 = CARTESIAN_POINT('',(1.002998046785,0.834669941743));
#7214 = CARTESIAN_POINT('',(0.974489856731,0.832401275186));
#7215 = CARTESIAN_POINT('',(0.945895454219,0.830125789387));
#7216 = CARTESIAN_POINT('',(0.917211940605,0.827843266349));
#7217 = CARTESIAN_POINT('',(0.888461119514,0.825555382263));
#7218 = CARTESIAN_POINT('',(0.859659565824,0.823263424438));
#7219 = CARTESIAN_POINT('',(0.830824693313,0.820968769706));
#7220 = CARTESIAN_POINT('',(0.801973515541,0.818672825702));
#7221 = CARTESIAN_POINT('',(0.77311869224,0.816376636998));
#7222 = CARTESIAN_POINT('',(0.744271664362,0.814081094015));
#7223 = CARTESIAN_POINT('',(0.715444505663,0.811787126348));
#7224 = CARTESIAN_POINT('',(0.686649154631,0.809495648462));
#7225 = CARTESIAN_POINT('',(0.657897698194,0.807207596164));
#7226 = CARTESIAN_POINT('',(0.629196977658,0.804923605727));
#7227 = CARTESIAN_POINT('',(0.600554298438,0.802644298294));
#7228 = CARTESIAN_POINT('',(0.57197722821,0.800370268982));
#7229 = CARTESIAN_POINT('',(0.543475267324,0.798102231944));
#7230 = CARTESIAN_POINT('',(0.515052424482,0.795840443167));
#7231 = CARTESIAN_POINT('',(0.486668044089,0.793581666767));
#7232 = CARTESIAN_POINT('',(0.458284460388,0.791322935336));
#7233 = CARTESIAN_POINT('',(0.429864320464,0.789061315413));
#7234 = CARTESIAN_POINT('',(0.40136519221,0.78679346927));
#7235 = CARTESIAN_POINT('',(0.372767583385,0.784517830285));
#7236 = CARTESIAN_POINT('',(0.344096790462,0.782236337692));
#7237 = CARTESIAN_POINT('',(0.315370103628,0.779950326172));
#7238 = CARTESIAN_POINT('',(0.286606299314,0.777661281915));
#7239 = CARTESIAN_POINT('',(0.25782324993,0.77537068963));
#7240 = CARTESIAN_POINT('',(0.229036089808,0.773079831607));
#7241 = CARTESIAN_POINT('',(0.200258794356,0.77078982173));
#7242 = CARTESIAN_POINT('',(0.171506306154,0.768501823787));
#7243 = CARTESIAN_POINT('',(0.142793054364,0.766216944493));
#7244 = CARTESIAN_POINT('',(0.114135824204,0.763936468948));
#7245 = CARTESIAN_POINT('',(8.553282377497E-02,0.761660293398));
#7246 = CARTESIAN_POINT('',(5.69779691802E-02,0.759387965503));
#7247 = CARTESIAN_POINT('',(2.846664481223E-02,0.757119122153));
#7248 = CARTESIAN_POINT('',(9.485063427282E-03,0.755608624861));
#7249 = CARTESIAN_POINT('',(0.,0.754853829072));
#7250 = ( GEOMETRIC_REPRESENTATION_CONTEXT(2) 
PARAMETRIC_REPRESENTATION_CONTEXT() REPRESENTATION_CONTEXT('2D SPACE',''
  ) );
#7251 = ORIENTED_EDGE('',*,*,#7252,.T.);
#7252 = EDGE_CURVE('',#6987,#7253,#7255,.T.);
#7253 = VERTEX_POINT('',#7254);
#7254 = CARTESIAN_POINT('',(-3.464616897728,-16.60334610801,
    -3.605056137146));
#7255 = SURFACE_CURVE('',#7256,(#7266,#7317),.PCURVE_S1.);
#7256 = B_SPLINE_CURVE_WITH_KNOTS('',3,(#7257,#7258,#7259,#7260,#7261,
    #7262,#7263,#7264,#7265),.UNSPECIFIED.,.F.,.F.,(4,1,1,1,1,1,4),(0.,
    0.166666666667,0.333333333333,0.5,0.666666666667,0.833333333333,1.),
  .UNSPECIFIED.);
#7257 = CARTESIAN_POINT('',(-4.998964812729,-16.53764617092,
    0.101738886849));
#7258 = CARTESIAN_POINT('',(-5.003618135692,-16.5412858773,
    -0.126903262439));
#7259 = CARTESIAN_POINT('',(-4.981407562351,-16.54857349766,
    -0.585324418289));
#7260 = CARTESIAN_POINT('',(-4.854761901608,-16.55949085345,
    -1.261165063055));
#7261 = CARTESIAN_POINT('',(-4.634183785158,-16.57051022704,
    -1.91917030302));
#7262 = CARTESIAN_POINT('',(-4.328216160721,-16.58142285737,
    -2.534620763198));
#7263 = CARTESIAN_POINT('',(-3.938628677362,-16.59240162166,
    -3.105846266464));
#7264 = CARTESIAN_POINT('',(-3.629884000913,-16.59969802662,
    -3.446227210065));
#7265 = CARTESIAN_POINT('',(-3.464616897728,-16.60334610801,
    -3.605056137146));
#7266 = PCURVE('',#4869,#7267);
#7267 = DEFINITIONAL_REPRESENTATION('',(#7268),#7316);
#7268 = B_SPLINE_CURVE_WITH_KNOTS('',3,(#7269,#7270,#7271,#7272,#7273,
    #7274,#7275,#7276,#7277,#7278,#7279,#7280,#7281,#7282,#7283,#7284,
    #7285,#7286,#7287,#7288,#7289,#7290,#7291,#7292,#7293,#7294,#7295,
    #7296,#7297,#7298,#7299,#7300,#7301,#7302,#7303,#7304,#7305,#7306,
    #7307,#7308,#7309,#7310,#7311,#7312,#7313,#7314,#7315),
  .UNSPECIFIED.,.F.,.F.,(4,1,1,1,1,1,1,1,1,1,1,1,1,1,1,1,1,1,1,1,1,1,1,1
    ,1,1,1,1,1,1,1,1,1,1,1,1,1,1,1,1,1,1,1,1,4),(0.,2.272727272727E-02,
    4.545454545455E-02,6.818181818182E-02,9.090909090909E-02,
    0.113636363636,0.136363636364,0.159090909091,0.181818181818,
    0.204545454545,0.227272727273,0.25,0.272727272727,0.295454545455,
    0.318181818182,0.340909090909,0.363636363636,0.386363636364,
    0.409090909091,0.431818181818,0.454545454545,0.477272727273,0.5,
    0.522727272727,0.545454545455,0.568181818182,0.590909090909,
    0.613636363636,0.636363636364,0.659090909091,0.681818181818,
    0.704545454545,0.727272727273,0.75,0.772727272727,0.795454545455,
    0.818181818182,0.840909090909,0.863636363636,0.886363636364,
    0.909090909091,0.931818181818,0.954545454545,0.977272727273,1.),
  .QUASI_UNIFORM_KNOTS.);
#7269 = CARTESIAN_POINT('',(0.750675592756,0.95333213486));
#7270 = CARTESIAN_POINT('',(0.750635749562,0.953684878487));
#7271 = CARTESIAN_POINT('',(0.750577732885,0.954390489198));
#7272 = CARTESIAN_POINT('',(0.750562054586,0.955449172007));
#7273 = CARTESIAN_POINT('',(0.750632913994,0.956508017276));
#7274 = CARTESIAN_POINT('',(0.750774515181,0.957566923031));
#7275 = CARTESIAN_POINT('',(0.750976373835,0.95862579464));
#7276 = CARTESIAN_POINT('',(0.751225368293,0.959684540798));
#7277 = CARTESIAN_POINT('',(0.751507840299,0.960743086323));
#7278 = CARTESIAN_POINT('',(0.751809470358,0.961801326525));
#7279 = CARTESIAN_POINT('',(0.752113208479,0.962859377512));
#7280 = CARTESIAN_POINT('',(0.75240313138,0.963917464115));
#7281 = CARTESIAN_POINT('',(0.752665934948,0.964975794012));
#7282 = CARTESIAN_POINT('',(0.75289065233,0.966034586689));
#7283 = CARTESIAN_POINT('',(0.753068634149,0.967094069297));
#7284 = CARTESIAN_POINT('',(0.753194133704,0.968154460019));
#7285 = CARTESIAN_POINT('',(0.753262218871,0.969216034548));
#7286 = CARTESIAN_POINT('',(0.753277435893,0.970278850922));
#7287 = CARTESIAN_POINT('',(0.753256079132,0.97134249582));
#7288 = CARTESIAN_POINT('',(0.753207656548,0.972406630628));
#7289 = CARTESIAN_POINT('',(0.7531382949,0.973470892944));
#7290 = CARTESIAN_POINT('',(0.753049815329,0.974534924498));
#7291 = CARTESIAN_POINT('',(0.752939916428,0.975598365248));
#7292 = CARTESIAN_POINT('',(0.752802273249,0.976660856397));
#7293 = CARTESIAN_POINT('',(0.752625881927,0.97772204162));
#7294 = CARTESIAN_POINT('',(0.752410570672,0.9787822491));
#7295 = CARTESIAN_POINT('',(0.75216031369,0.9798418034));
#7296 = CARTESIAN_POINT('',(0.751882546935,0.980901025279));
#7297 = CARTESIAN_POINT('',(0.751588320202,0.981960228919));
#7298 = CARTESIAN_POINT('',(0.751292260113,0.983019726847));
#7299 = CARTESIAN_POINT('',(0.751012468455,0.984079806537));
#7300 = CARTESIAN_POINT('',(0.75077088008,0.985140812453));
#7301 = CARTESIAN_POINT('',(0.750591235096,0.986202690504));
#7302 = CARTESIAN_POINT('',(0.75049357564,0.987265193782));
#7303 = CARTESIAN_POINT('',(0.750499576485,0.988328110577));
#7304 = CARTESIAN_POINT('',(0.750598831283,0.989391212841));
#7305 = CARTESIAN_POINT('',(0.750770751006,0.990454283859));
#7306 = CARTESIAN_POINT('',(0.750994778965,0.991517121843));
#7307 = CARTESIAN_POINT('',(0.751245985492,0.992579514614));
#7308 = CARTESIAN_POINT('',(0.751504090324,0.99364135008));
#7309 = CARTESIAN_POINT('',(0.751763037717,0.994702708169));
#7310 = CARTESIAN_POINT('',(0.752015170704,0.995763639502));
#7311 = CARTESIAN_POINT('',(0.752254109415,0.99682420569));
#7312 = CARTESIAN_POINT('',(0.75247400966,0.997884468303));
#7313 = CARTESIAN_POINT('',(0.752669687291,0.998944491368));
#7314 = CARTESIAN_POINT('',(0.752781161328,0.999651057882));
#7315 = CARTESIAN_POINT('',(0.75283140182,1.000004323194));
#7316 = ( GEOMETRIC_REPRESENTATION_CONTEXT(2) 
PARAMETRIC_REPRESENTATION_CONTEXT() REPRESENTATION_CONTEXT('2D SPACE',''
  ) );
#7317 = PCURVE('',#1447,#7318);
#7318 = DEFINITIONAL_REPRESENTATION('',(#7319),#7367);
#7319 = B_SPLINE_CURVE_WITH_KNOTS('',3,(#7320,#7321,#7322,#7323,#7324,
    #7325,#7326,#7327,#7328,#7329,#7330,#7331,#7332,#7333,#7334,#7335,
    #7336,#7337,#7338,#7339,#7340,#7341,#7342,#7343,#7344,#7345,#7346,
    #7347,#7348,#7349,#7350,#7351,#7352,#7353,#7354,#7355,#7356,#7357,
    #7358,#7359,#7360,#7361,#7362,#7363,#7364,#7365,#7366),
  .UNSPECIFIED.,.F.,.F.,(4,1,1,1,1,1,1,1,1,1,1,1,1,1,1,1,1,1,1,1,1,1,1,1
    ,1,1,1,1,1,1,1,1,1,1,1,1,1,1,1,1,1,1,1,1,4),(0.,2.272727272727E-02,
    4.545454545455E-02,6.818181818182E-02,9.090909090909E-02,
    0.113636363636,0.136363636364,0.159090909091,0.181818181818,
    0.204545454545,0.227272727273,0.25,0.272727272727,0.295454545455,
    0.318181818182,0.340909090909,0.363636363636,0.386363636364,
    0.409090909091,0.431818181818,0.454545454545,0.477272727273,0.5,
    0.522727272727,0.545454545455,0.568181818182,0.590909090909,
    0.613636363636,0.636363636364,0.659090909091,0.681818181818,
    0.704545454545,0.727272727273,0.75,0.772727272727,0.795454545455,
    0.818181818182,0.840909090909,0.863636363636,0.886363636364,
    0.909090909091,0.931818181818,0.954545454545,0.977272727273,1.),
  .QUASI_UNIFORM_KNOTS.);
#7320 = CARTESIAN_POINT('',(6.28318530718,0.754853829072));
#7321 = CARTESIAN_POINT('',(6.276948325406,0.754357505475));
#7322 = CARTESIAN_POINT('',(6.264472502317,0.753364705657));
#7323 = CARTESIAN_POINT('',(6.245754329644,0.751875146207));
#7324 = CARTESIAN_POINT('',(6.227032840441,0.7503853251));
#7325 = CARTESIAN_POINT('',(6.208309222966,0.748895340675));
#7326 = CARTESIAN_POINT('',(6.189584677958,0.747405290253));
#7327 = CARTESIAN_POINT('',(6.170860470236,0.745915274962));
#7328 = CARTESIAN_POINT('',(6.152137696515,0.744425381722));
#7329 = CARTESIAN_POINT('',(6.133418082278,0.742935750469));
#7330 = CARTESIAN_POINT('',(6.114699546273,0.741446206996));
#7331 = CARTESIAN_POINT('',(6.095978168081,0.739956428702));
#7332 = CARTESIAN_POINT('',(6.077250403832,0.738466128491));
#7333 = CARTESIAN_POINT('',(6.058512564964,0.7369750111));
#7334 = CARTESIAN_POINT('',(6.039760882387,0.735482778433));
#7335 = CARTESIAN_POINT('',(6.020991791695,0.733989151889));
#7336 = CARTESIAN_POINT('',(6.002200749368,0.73249377772));
#7337 = CARTESIAN_POINT('',(5.983387087828,0.730996613783));
#7338 = CARTESIAN_POINT('',(5.964558496927,0.729498277166));
#7339 = CARTESIAN_POINT('',(5.945721362271,0.727999273711));
#7340 = CARTESIAN_POINT('',(5.926882494259,0.726500139072));
#7341 = CARTESIAN_POINT('',(5.908048623005,0.725001400913));
#7342 = CARTESIAN_POINT('',(5.889226490955,0.72350358904));
#7343 = CARTESIAN_POINT('',(5.870422788278,0.722007232682));
#7344 = CARTESIAN_POINT('',(5.851644120133,0.720512861232));
#7345 = CARTESIAN_POINT('',(5.832884917762,0.719020036291));
#7346 = CARTESIAN_POINT('',(5.814139615813,0.717528319602));
#7347 = CARTESIAN_POINT('',(5.795402647135,0.71603727242));
#7348 = CARTESIAN_POINT('',(5.77666848302,0.714546457802));
#7349 = CARTESIAN_POINT('',(5.757931536878,0.713055432089));
#7350 = CARTESIAN_POINT('',(5.739186568246,0.711563776686));
#7351 = CARTESIAN_POINT('',(5.720427221826,0.710070979456));
#7352 = CARTESIAN_POINT('',(5.70165407099,0.708577082605));
#7353 = CARTESIAN_POINT('',(5.68287097407,0.707082390364));
#7354 = CARTESIAN_POINT('',(5.664081019086,0.70558714378));
#7355 = CARTESIAN_POINT('',(5.645287490359,0.704091600275));
#7356 = CARTESIAN_POINT('',(5.626493615508,0.702596014949));
#7357 = CARTESIAN_POINT('',(5.607702487096,0.701100635814));
#7358 = CARTESIAN_POINT('',(5.588917505668,0.699605741563));
#7359 = CARTESIAN_POINT('',(5.57014040985,0.698111482689));
#7360 = CARTESIAN_POINT('',(5.551369631612,0.696617738306));
#7361 = CARTESIAN_POINT('',(5.532604212948,0.695124433321));
#7362 = CARTESIAN_POINT('',(5.51384308104,0.693631480374));
#7363 = CARTESIAN_POINT('',(5.495085235716,0.692138795391));
#7364 = CARTESIAN_POINT('',(5.476329690093,0.690646293416));
#7365 = CARTESIAN_POINT('',(5.463826887278,0.689651357626));
#7366 = CARTESIAN_POINT('',(5.457575548359,0.689153891982));
#7367 = ( GEOMETRIC_REPRESENTATION_CONTEXT(2) 
PARAMETRIC_REPRESENTATION_CONTEXT() REPRESENTATION_CONTEXT('2D SPACE',''
  ) );
#7368 = ORIENTED_EDGE('',*,*,#7369,.F.);
#7369 = EDGE_CURVE('',#2890,#7253,#7370,.T.);
#7370 = SURFACE_CURVE('',#7371,(#7375,#7381),.PCURVE_S1.);
#7371 = LINE('',#7372,#7373);
#7372 = CARTESIAN_POINT('',(-3.239407997938,-16.41569993709,
    -3.370718330025));
#7373 = VECTOR('',#7374,1.);
#7374 = DIRECTION('',(-0.600089249563,-0.5,-0.624414039368));
#7375 = PCURVE('',#4869,#7376);
#7376 = DEFINITIONAL_REPRESENTATION('',(#7377),#7380);
#7377 = B_SPLINE_CURVE_WITH_KNOTS('',1,(#7378,#7379),.UNSPECIFIED.,.F.,
  .F.,(2,2),(0.,0.375292341854),.PIECEWISE_BEZIER_KNOTS.);
#7378 = CARTESIAN_POINT('',(2.100289071243E-03,1.000004316034));
#7379 = CARTESIAN_POINT('',(0.75283140182,1.000004323194));
#7380 = ( GEOMETRIC_REPRESENTATION_CONTEXT(2) 
PARAMETRIC_REPRESENTATION_CONTEXT() REPRESENTATION_CONTEXT('2D SPACE',''
  ) );
#7381 = PCURVE('',#1507,#7382);
#7382 = DEFINITIONAL_REPRESENTATION('',(#7383),#7386);
#7383 = B_SPLINE_CURVE_WITH_KNOTS('',1,(#7384,#7385),.UNSPECIFIED.,.F.,
  .F.,(2,2),(0.,0.375292341854),.PIECEWISE_BEZIER_KNOTS.);
#7384 = CARTESIAN_POINT('',(1.537033693496E-03,-5.782805262955E-07));
#7385 = CARTESIAN_POINT('',(0.752228511622,-5.731623760321E-07));
#7386 = ( GEOMETRIC_REPRESENTATION_CONTEXT(2) 
PARAMETRIC_REPRESENTATION_CONTEXT() REPRESENTATION_CONTEXT('2D SPACE',''
  ) );
#7387 = ORIENTED_EDGE('',*,*,#4731,.F.);
#7388 = ORIENTED_EDGE('',*,*,#6335,.F.);
#7389 = ORIENTED_EDGE('',*,*,#6607,.F.);
#7390 = ADVANCED_FACE('',(#7391),#2551,.F.);
#7391 = FACE_BOUND('',#7392,.F.);
#7392 = EDGE_LOOP('',(#7393,#7394,#7415,#7416,#7417,#7418,#7419));
#7393 = ORIENTED_EDGE('',*,*,#6986,.T.);
#7394 = ORIENTED_EDGE('',*,*,#7395,.T.);
#7395 = EDGE_CURVE('',#6987,#2137,#7396,.T.);
#7396 = SURFACE_CURVE('',#7397,(#7401,#7408),.PCURVE_S1.);
#7397 = LINE('',#7398,#7399);
#7398 = CARTESIAN_POINT('',(-4.998964812729,-16.53764617092,
    0.101738886849));
#7399 = VECTOR('',#7400,1.);
#7400 = DIRECTION('',(0.,-1.,-1.313134241859E-14));
#7401 = PCURVE('',#2551,#7402);
#7402 = DEFINITIONAL_REPRESENTATION('',(#7403),#7407);
#7403 = LINE('',#7404,#7405);
#7404 = CARTESIAN_POINT('',(0.,0.754853829072));
#7405 = VECTOR('',#7406,1.);
#7406 = DIRECTION('',(0.,-1.));
#7407 = ( GEOMETRIC_REPRESENTATION_CONTEXT(2) 
PARAMETRIC_REPRESENTATION_CONTEXT() REPRESENTATION_CONTEXT('2D SPACE',''
  ) );
#7408 = PCURVE('',#1447,#7409);
#7409 = DEFINITIONAL_REPRESENTATION('',(#7410),#7414);
#7410 = LINE('',#7411,#7412);
#7411 = CARTESIAN_POINT('',(6.28318530718,0.754853829072));
#7412 = VECTOR('',#7413,1.);
#7413 = DIRECTION('',(0.,-1.));
#7414 = ( GEOMETRIC_REPRESENTATION_CONTEXT(2) 
PARAMETRIC_REPRESENTATION_CONTEXT() REPRESENTATION_CONTEXT('2D SPACE',''
  ) );
#7415 = ORIENTED_EDGE('',*,*,#2402,.T.);
#7416 = ORIENTED_EDGE('',*,*,#2673,.T.);
#7417 = ORIENTED_EDGE('',*,*,#3136,.T.);
#7418 = ORIENTED_EDGE('',*,*,#5509,.F.);
#7419 = ORIENTED_EDGE('',*,*,#6720,.T.);
#7420 = ADVANCED_FACE('',(#7421),#1507,.T.);
#7421 = FACE_BOUND('',#7422,.T.);
#7422 = EDGE_LOOP('',(#7423,#7424,#7425,#7641,#7689));
#7423 = ORIENTED_EDGE('',*,*,#3051,.F.);
#7424 = ORIENTED_EDGE('',*,*,#7369,.T.);
#7425 = ORIENTED_EDGE('',*,*,#7426,.T.);
#7426 = EDGE_CURVE('',#7253,#7427,#7429,.T.);
#7427 = VERTEX_POINT('',#7428);
#7428 = CARTESIAN_POINT('',(4.998964812729,-16.78764617092,
    -0.101738886849));
#7429 = SURFACE_CURVE('',#7430,(#7451,#7546),.PCURVE_S1.);
#7430 = B_SPLINE_CURVE_WITH_KNOTS('',3,(#7431,#7432,#7433,#7434,#7435,
    #7436,#7437,#7438,#7439,#7440,#7441,#7442,#7443,#7444,#7445,#7446,
    #7447,#7448,#7449,#7450),.UNSPECIFIED.,.F.,.F.,(4,1,1,1,1,1,1,1,1,1,
    1,1,1,1,1,1,1,4),(0.,5.882352941176E-02,0.117647058824,
    0.176470588235,0.235294117647,0.294117647059,0.352941176471,
    0.411764705882,0.470588235294,0.529411764706,0.588235294118,
    0.647058823529,0.705882352941,0.764705882353,0.823529411765,
    0.882352941176,0.941176470588,1.),.UNSPECIFIED.);
#7431 = CARTESIAN_POINT('',(-3.464616897728,-16.60334610801,
    -3.605056137146));
#7432 = CARTESIAN_POINT('',(-3.301710248083,-16.6069420851,
    -3.761616564957));
#7433 = CARTESIAN_POINT('',(-2.95436259389,-16.61413881428,
    -4.052738629263));
#7434 = CARTESIAN_POINT('',(-2.381051620762,-16.62490021882,
    -4.414148155388));
#7435 = CARTESIAN_POINT('',(-1.757797595389,-16.63577197679,
    -4.697597081938));
#7436 = CARTESIAN_POINT('',(-1.099620489207,-16.64667573108,
    -4.893519445329));
#7437 = CARTESIAN_POINT('',(-0.427776015703,-16.65746965565,
    -4.996912603152));
#7438 = CARTESIAN_POINT('',(0.249221967347,-16.66822141256,
    -5.009275179044));
#7439 = CARTESIAN_POINT('',(0.932699576099,-16.67914980404,
    -4.928372474019));
#7440 = CARTESIAN_POINT('',(1.600469587985,-16.69010901818,
    -4.75363451719));
#7441 = CARTESIAN_POINT('',(2.23459113664,-16.70101371288,
    -4.490010577143));
#7442 = CARTESIAN_POINT('',(2.817739284949,-16.71174049495,
    -4.148972829283));
#7443 = CARTESIAN_POINT('',(3.358438758285,-16.72264594129,
    -3.725505588833));
#7444 = CARTESIAN_POINT('',(3.837117059782,-16.73358355277,
    -3.23011100222));
#7445 = CARTESIAN_POINT('',(4.240624789379,-16.74444350117,
    -2.677890209486));
#7446 = CARTESIAN_POINT('',(4.5626801419,-16.75520113342,-2.081870945011
    ));
#7447 = CARTESIAN_POINT('',(4.802176069767,-16.7659743888,
    -1.447083122537));
#7448 = CARTESIAN_POINT('',(4.954546632598,-16.77684422873,
    -0.779703217851));
#7449 = CARTESIAN_POINT('',(4.994363097255,-16.78404683056,
    -0.327845289654));
#7450 = CARTESIAN_POINT('',(4.998964812729,-16.78764617092,
    -0.101738886849));
#7451 = PCURVE('',#1507,#7452);
#7452 = DEFINITIONAL_REPRESENTATION('',(#7453),#7545);
#7453 = B_SPLINE_CURVE_WITH_KNOTS('',3,(#7454,#7455,#7456,#7457,#7458,
    #7459,#7460,#7461,#7462,#7463,#7464,#7465,#7466,#7467,#7468,#7469,
    #7470,#7471,#7472,#7473,#7474,#7475,#7476,#7477,#7478,#7479,#7480,
    #7481,#7482,#7483,#7484,#7485,#7486,#7487,#7488,#7489,#7490,#7491,
    #7492,#7493,#7494,#7495,#7496,#7497,#7498,#7499,#7500,#7501,#7502,
    #7503,#7504,#7505,#7506,#7507,#7508,#7509,#7510,#7511,#7512,#7513,
    #7514,#7515,#7516,#7517,#7518,#7519,#7520,#7521,#7522,#7523,#7524,
    #7525,#7526,#7527,#7528,#7529,#7530,#7531,#7532,#7533,#7534,#7535,
    #7536,#7537,#7538,#7539,#7540,#7541,#7542,#7543,#7544),
  .UNSPECIFIED.,.F.,.F.,(4,1,1,1,1,1,1,1,1,1,1,1,1,1,1,1,1,1,1,1,1,1,1,1
    ,1,1,1,1,1,1,1,1,1,1,1,1,1,1,1,1,1,1,1,1,1,1,1,1,1,1,1,1,1,1,1,1,1,1
    ,1,1,1,1,1,1,1,1,1,1,1,1,1,1,1,1,1,1,1,1,1,1,1,1,1,1,1,1,1,1,4),(0.,
    1.136363636364E-02,2.272727272727E-02,3.409090909091E-02,
    4.545454545455E-02,5.681818181818E-02,6.818181818182E-02,
    7.954545454545E-02,9.090909090909E-02,0.102272727273,0.113636363636,
    0.125,0.136363636364,0.147727272727,0.159090909091,0.170454545455,
    0.181818181818,0.193181818182,0.204545454545,0.215909090909,
    0.227272727273,0.238636363636,0.25,0.261363636364,0.272727272727,
    0.284090909091,0.295454545455,0.306818181818,0.318181818182,
    0.329545454545,0.340909090909,0.352272727273,0.363636363636,0.375,
    0.386363636364,0.397727272727,0.409090909091,0.420454545455,
    0.431818181818,0.443181818182,0.454545454545,0.465909090909,
    0.477272727273,0.488636363636,0.5,0.511363636364,0.522727272727,
    0.534090909091,0.545454545455,0.556818181818,0.568181818182,
    0.579545454545,0.590909090909,0.602272727273,0.613636363636,0.625,
    0.636363636364,0.647727272727,0.659090909091,0.670454545455,
    0.681818181818,0.693181818182,0.704545454545,0.715909090909,
    0.727272727273,0.738636363636,0.75,0.761363636364,0.772727272727,
    0.784090909091,0.795454545455,0.806818181818,0.818181818182,
    0.829545454545,0.840909090909,0.852272727273,0.863636363636,0.875,
    0.886363636364,0.897727272727,0.909090909091,0.920454545455,
    0.931818181818,0.943181818182,0.954545454545,0.965909090909,
    0.977272727273,0.988636363636,1.),.QUASI_UNIFORM_KNOTS.);
#7454 = CARTESIAN_POINT('',(0.752228511622,-5.73162376019E-07));
#7455 = CARTESIAN_POINT('',(0.752321549959,4.927190315338E-04));
#7456 = CARTESIAN_POINT('',(0.752484000271,1.479389055249E-03));
#7457 = CARTESIAN_POINT('',(0.752660646733,2.959448515836E-03));
#7458 = CARTESIAN_POINT('',(0.752775476749,4.439362934337E-03));
#7459 = CARTESIAN_POINT('',(0.752828934187,5.918922289148E-03));
#7460 = CARTESIAN_POINT('',(0.752818372214,7.397942878147E-03));
#7461 = CARTESIAN_POINT('',(0.752737375995,8.876142348867E-03));
#7462 = CARTESIAN_POINT('',(0.752574637876,1.035415536092E-02));
#7463 = CARTESIAN_POINT('',(0.752330329387,1.183279049727E-02));#7464 = CARTESIAN_POINT('',(0.752016784626,1.331282056926E-02));
#7465 = CARTESIAN_POINT('',(0.751658216617,1.479498062746E-02));
#7466 = CARTESIAN_POINT('',(0.751291799298,1.628015029836E-02));
#7467 = CARTESIAN_POINT('',(0.750963429974,1.776827687009E-02));
#7468 = CARTESIAN_POINT('',(0.75071288138,1.925881312473E-02));
#7469 = CARTESIAN_POINT('',(0.75057081429,2.07513138359E-02));
#7470 = CARTESIAN_POINT('',(0.750569495256,2.224527920694E-02));
#7471 = CARTESIAN_POINT('',(0.750700351426,2.374025336959E-02));
#7472 = CARTESIAN_POINT('',(0.750914301221,2.523562953339E-02));
#7473 = CARTESIAN_POINT('',(0.751212580553,2.673059141394E-02));
#7474 = CARTESIAN_POINT('',(0.751570181081,2.822437092644E-02));
#7475 = CARTESIAN_POINT('',(0.751954568135,2.971622820643E-02));
#7476 = CARTESIAN_POINT('',(0.752316935854,3.120535604335E-02));
#7477 = CARTESIAN_POINT('',(0.752611338854,3.269134046114E-02));
#7478 = CARTESIAN_POINT('',(0.752831816606,3.417471823124E-02));
#7479 = CARTESIAN_POINT('',(0.752974040477,3.565586834853E-02));
#7480 = CARTESIAN_POINT('',(0.753040809441,3.713520602498E-02));
#7481 = CARTESIAN_POINT('',(0.753042506412,3.86131013636E-02));
#7482 = CARTESIAN_POINT('',(0.752988329914,4.008999731468E-02));
#7483 = CARTESIAN_POINT('',(0.752845305672,4.156709562241E-02));
#7484 = CARTESIAN_POINT('',(0.752603566899,4.304555364751E-02));
#7485 = CARTESIAN_POINT('',(0.752270287451,4.452655616265E-02));
#7486 = CARTESIAN_POINT('',(0.751871102944,4.601126079663E-02));
#7487 = CARTESIAN_POINT('',(0.751452225974,4.750089924053E-02));
#7488 = CARTESIAN_POINT('',(0.751071966949,4.899477771793E-02));
#7489 = CARTESIAN_POINT('',(0.750775319266,5.049208525549E-02));
#7490 = CARTESIAN_POINT('',(0.75059485244,5.199202234202E-02));
#7491 = CARTESIAN_POINT('',(0.75055359388,5.349378295804E-02));
#7492 = CARTESIAN_POINT('',(0.750651179897,5.499652865665E-02));
#7493 = CARTESIAN_POINT('',(0.75085372197,5.649967128744E-02));
#7494 = CARTESIAN_POINT('',(0.751140038564,5.800270547005E-02));
#7495 = CARTESIAN_POINT('',(0.75147476913,5.950513148933E-02));
#7496 = CARTESIAN_POINT('',(0.751819123714,6.100647337514E-02));
#7497 = CARTESIAN_POINT('',(0.752115739098,6.250630038625E-02));
#7498 = CARTESIAN_POINT('',(0.752356606772,6.400411436293E-02));
#7499 = CARTESIAN_POINT('',(0.752563146641,6.549934169495E-02));
#7500 = CARTESIAN_POINT('',(0.752739084507,6.699138537742E-02));
#7501 = CARTESIAN_POINT('',(0.752879983191,6.847970531979E-02));
#7502 = CARTESIAN_POINT('',(0.752975545266,6.99634769825E-02));
#7503 = CARTESIAN_POINT('',(0.752987240931,7.144307392471E-02));
#7504 = CARTESIAN_POINT('',(0.752871883768,7.292064874157E-02));
#7505 = CARTESIAN_POINT('',(0.752622465902,7.43980343821E-02));
#7506 = CARTESIAN_POINT('',(0.752259172179,7.587710379585E-02));
#7507 = CARTESIAN_POINT('',(0.751834123257,7.735985401652E-02));
#7508 = CARTESIAN_POINT('',(0.751421689171,7.884760426567E-02));
#7509 = CARTESIAN_POINT('',(0.751063495658,8.03393243838E-02));
#7510 = CARTESIAN_POINT('',(0.750791225289,8.18342882949E-02));
#7511 = CARTESIAN_POINT('',(0.750624823699,8.333168220861E-02));
#7512 = CARTESIAN_POINT('',(0.750568624681,8.48307137582E-02));
#7513 = CARTESIAN_POINT('',(0.750627791887,8.633059806565E-02));
#7514 = CARTESIAN_POINT('',(0.750805890374,8.783068438405E-02));
#7515 = CARTESIAN_POINT('',(0.751078549572,8.933032889962E-02));
#7516 = CARTESIAN_POINT('',(0.751415701037,9.082890412735E-02));
#7517 = CARTESIAN_POINT('',(0.751777435465,9.232581278363E-02));
#7518 = CARTESIAN_POINT('',(0.752110542098,9.382044808025E-02));
#7519 = CARTESIAN_POINT('',(0.75240322556,9.531269179206E-02));
#7520 = CARTESIAN_POINT('',(0.752648498779,9.680247545448E-02));
#7521 = CARTESIAN_POINT('',(0.752836405423,9.82897052174E-02));
#7522 = CARTESIAN_POINT('',(0.752956136527,9.977431450433E-02));
#7523 = CARTESIAN_POINT('',(0.752994478094,0.101256131138));
#7524 = CARTESIAN_POINT('',(0.752940326275,0.102735632781));
#7525 = CARTESIAN_POINT('',(0.75279358704,0.104213543408));
#7526 = CARTESIAN_POINT('',(0.752564549508,0.105690515664));
#7527 = CARTESIAN_POINT('',(0.752272446564,0.107167197462));
#7528 = CARTESIAN_POINT('',(0.751950888989,0.108644239328));
#7529 = CARTESIAN_POINT('',(0.751621714238,0.110122144933));
#7530 = CARTESIAN_POINT('',(0.751294919035,0.111601297832));
#7531 = CARTESIAN_POINT('',(0.750990615726,0.113082109179));
#7532 = CARTESIAN_POINT('',(0.750736608694,0.114564940975));
#7533 = CARTESIAN_POINT('',(0.750560034708,0.116050268407));
#7534 = CARTESIAN_POINT('',(0.750525649037,0.117538031933));
#7535 = CARTESIAN_POINT('',(0.75066032938,0.11902714951));
#7536 = CARTESIAN_POINT('',(0.750926708363,0.120516729277));
#7537 = CARTESIAN_POINT('',(0.751285045958,0.122005874593));
#7538 = CARTESIAN_POINT('',(0.751676254424,0.123493682881));
#7539 = CARTESIAN_POINT('',(0.752037197001,0.124979488537));
#7540 = CARTESIAN_POINT('',(0.752353567565,0.126463687588));
#7541 = CARTESIAN_POINT('',(0.752611712441,0.127946563844));
#7542 = CARTESIAN_POINT('',(0.752803462266,0.129428433552));
#7543 = CARTESIAN_POINT('',(0.752885671538,0.130415879954));
#7544 = CARTESIAN_POINT('',(0.75291473821,0.130909538012));
#7545 = ( GEOMETRIC_REPRESENTATION_CONTEXT(2) 
PARAMETRIC_REPRESENTATION_CONTEXT() REPRESENTATION_CONTEXT('2D SPACE',''
  ) );
#7546 = PCURVE('',#1447,#7547);
#7547 = DEFINITIONAL_REPRESENTATION('',(#7548),#7640);
#7548 = B_SPLINE_CURVE_WITH_KNOTS('',3,(#7549,#7550,#7551,#7552,#7553,
    #7554,#7555,#7556,#7557,#7558,#7559,#7560,#7561,#7562,#7563,#7564,
    #7565,#7566,#7567,#7568,#7569,#7570,#7571,#7572,#7573,#7574,#7575,
    #7576,#7577,#7578,#7579,#7580,#7581,#7582,#7583,#7584,#7585,#7586,
    #7587,#7588,#7589,#7590,#7591,#7592,#7593,#7594,#7595,#7596,#7597,
    #7598,#7599,#7600,#7601,#7602,#7603,#7604,#7605,#7606,#7607,#7608,
    #7609,#7610,#7611,#7612,#7613,#7614,#7615,#7616,#7617,#7618,#7619,
    #7620,#7621,#7622,#7623,#7624,#7625,#7626,#7627,#7628,#7629,#7630,
    #7631,#7632,#7633,#7634,#7635,#7636,#7637,#7638,#7639),
  .UNSPECIFIED.,.F.,.F.,(4,1,1,1,1,1,1,1,1,1,1,1,1,1,1,1,1,1,1,1,1,1,1,1
    ,1,1,1,1,1,1,1,1,1,1,1,1,1,1,1,1,1,1,1,1,1,1,1,1,1,1,1,1,1,1,1,1,1,1
    ,1,1,1,1,1,1,1,1,1,1,1,1,1,1,1,1,1,1,1,1,1,1,1,1,1,1,1,1,1,1,4),(0.,
    1.136363636364E-02,2.272727272727E-02,3.409090909091E-02,
    4.545454545455E-02,5.681818181818E-02,6.818181818182E-02,
    7.954545454545E-02,9.090909090909E-02,0.102272727273,0.113636363636,
    0.125,0.136363636364,0.147727272727,0.159090909091,0.170454545455,
    0.181818181818,0.193181818182,0.204545454545,0.215909090909,
    0.227272727273,0.238636363636,0.25,0.261363636364,0.272727272727,
    0.284090909091,0.295454545455,0.306818181818,0.318181818182,
    0.329545454545,0.340909090909,0.352272727273,0.363636363636,0.375,
    0.386363636364,0.397727272727,0.409090909091,0.420454545455,
    0.431818181818,0.443181818182,0.454545454545,0.465909090909,
    0.477272727273,0.488636363636,0.5,0.511363636364,0.522727272727,
    0.534090909091,0.545454545455,0.556818181818,0.568181818182,
    0.579545454545,0.590909090909,0.602272727273,0.613636363636,0.625,
    0.636363636364,0.647727272727,0.659090909091,0.670454545455,
    0.681818181818,0.693181818182,0.704545454545,0.715909090909,
    0.727272727273,0.738636363636,0.75,0.761363636364,0.772727272727,
    0.784090909091,0.795454545455,0.806818181818,0.818181818182,
    0.829545454545,0.840909090909,0.852272727273,0.863636363636,0.875,
    0.886363636364,0.897727272727,0.909090909091,0.920454545455,
    0.931818181818,0.943181818182,0.954545454545,0.965909090909,
    0.977272727273,0.988636363636,1.),.QUASI_UNIFORM_KNOTS.);
#7549 = CARTESIAN_POINT('',(5.457575548359,0.689153891982));
#7550 = CARTESIAN_POINT('',(5.448845992424,0.68845921459));
#7551 = CARTESIAN_POINT('',(5.431384697965,0.687069681525));
#7552 = CARTESIAN_POINT('',(5.405190433173,0.684985193969));
#7553 = CARTESIAN_POINT('',(5.37899796868,0.682900862424));
#7554 = CARTESIAN_POINT('',(5.352811782326,0.680817041049));
#7555 = CARTESIAN_POINT('',(5.326635929974,0.678734046163));
#7556 = CARTESIAN_POINT('',(5.300476223627,0.676652335248));
#7557 = CARTESIAN_POINT('',(5.274322202394,0.674571065643));
#7558 = CARTESIAN_POINT('',(5.248160227423,0.672489151536));
#7559 = CARTESIAN_POINT('',(5.221977145672,0.670405555685));
#7560 = CARTESIAN_POINT('',(5.195760276443,0.668319282106));
#7561 = CARTESIAN_POINT('',(5.169494135483,0.666229121214));
#7562 = CARTESIAN_POINT('',(5.143179427491,0.664135110951));
#7563 = CARTESIAN_POINT('',(5.116825246621,0.662037939328));
#7564 = CARTESIAN_POINT('',(5.090438474149,0.659938135307));
#7565 = CARTESIAN_POINT('',(5.06402648694,0.65783628447));
#7566 = CARTESIAN_POINT('',(5.037595404594,0.655732904976));
#7567 = CARTESIAN_POINT('',(5.011154438436,0.653628775733));
#7568 = CARTESIAN_POINT('',(4.984716992331,0.651524964577));
#7569 = CARTESIAN_POINT('',(4.958296082504,0.649422488234));
#7570 = CARTESIAN_POINT('',(4.931904636832,0.647322346843));
#7571 = CARTESIAN_POINT('',(4.90555713489,0.645225658005));
#7572 = CARTESIAN_POINT('',(4.879261384396,0.64313304763));
#7573 = CARTESIAN_POINT('',(4.853008557205,0.641043871379));
#7574 = CARTESIAN_POINT('',(4.826792778417,0.638957685082));
#7575 = CARTESIAN_POINT('',(4.800607637784,0.63687398294));
#7576 = CARTESIAN_POINT('',(4.774447577844,0.63479230551));
#7577 = CARTESIAN_POINT('',(4.748305763312,0.632712067774));
#7578 = CARTESIAN_POINT('',(4.722161922433,0.630631626528));
#7579 = CARTESIAN_POINT('',(4.695996468259,0.628549423542));
#7580 = CARTESIAN_POINT('',(4.669789189141,0.626463870352));
#7581 = CARTESIAN_POINT('',(4.643520165756,0.624373414455));
#7582 = CARTESIAN_POINT('',(4.617167929822,0.622276389736));
#7583 = CARTESIAN_POINT('',(4.590744777144,0.620173740089));
#7584 = CARTESIAN_POINT('',(4.564264720901,0.618066544606));
#7585 = CARTESIAN_POINT('',(4.537741149027,0.615955849779));
#7586 = CARTESIAN_POINT('',(4.511187109378,0.613842697843));
#7587 = CARTESIAN_POINT('',(4.484615632536,0.611728180665));
#7588 = CARTESIAN_POINT('',(4.45803534074,0.609613000881));
#7589 = CARTESIAN_POINT('',(4.431453974068,0.607497752399));
#7590 = CARTESIAN_POINT('',(4.404879633187,0.605383054218));
#7591 = CARTESIAN_POINT('',(4.378320426188,0.603269528025));
#7592 = CARTESIAN_POINT('',(4.351784039367,0.601157759661));
#7593 = CARTESIAN_POINT('',(4.32527961775,0.599048531498));
#7594 = CARTESIAN_POINT('',(4.298817867497,0.596942751318));
#7595 = CARTESIAN_POINT('',(4.272410116053,0.594841324014));
#7596 = CARTESIAN_POINT('',(4.2460668219,0.592745059768));
#7597 = CARTESIAN_POINT('',(4.219803554758,0.590655150503));
#7598 = CARTESIAN_POINT('',(4.193614711451,0.588571114306));
#7599 = CARTESIAN_POINT('',(4.167463163689,0.586490012755));
#7600 = CARTESIAN_POINT('',(4.141317336116,0.58440936154));
#7601 = CARTESIAN_POINT('',(4.11514480936,0.582326612104));
#7602 = CARTESIAN_POINT('',(4.088910787947,0.580239018764));
#7603 = CARTESIAN_POINT('',(4.062592248942,0.57814473584));
#7604 = CARTESIAN_POINT('',(4.036207478809,0.576045162422));
#7605 = CARTESIAN_POINT('',(4.009769040813,0.573941262987));
#7606 = CARTESIAN_POINT('',(3.983290645078,0.571834117554));
#7607 = CARTESIAN_POINT('',(3.956785188158,0.569724778592));
#7608 = CARTESIAN_POINT('',(3.930264854796,0.567614293165));
#7609 = CARTESIAN_POINT('',(3.903739291688,0.565503443905));
#7610 = CARTESIAN_POINT('',(3.87721862733,0.563393024404));
#7611 = CARTESIAN_POINT('',(3.850713165548,0.561283828428));
#7612 = CARTESIAN_POINT('',(3.824233114331,0.559176638094));
#7613 = CARTESIAN_POINT('',(3.797789231254,0.557072281935));
#7614 = CARTESIAN_POINT('',(3.77138390724,0.554970992644));
#7615 = CARTESIAN_POINT('',(3.745018899336,0.5528729316));
#7616 = CARTESIAN_POINT('',(3.718696610458,0.550778287997));
#7617 = CARTESIAN_POINT('',(3.692419099026,0.548687210082));
#7618 = CARTESIAN_POINT('',(3.666190376454,0.546599982075));
#7619 = CARTESIAN_POINT('',(3.64000297693,0.544516023677));
#7620 = CARTESIAN_POINT('',(3.613845042805,0.542434419778));
#7621 = CARTESIAN_POINT('',(3.587705901312,0.540354335654));
#7622 = CARTESIAN_POINT('',(3.561574840301,0.538274923687));
#7623 = CARTESIAN_POINT('',(3.535440927292,0.536195307448));
#7624 = CARTESIAN_POINT('',(3.50929562521,0.534114778204));
#7625 = CARTESIAN_POINT('',(3.483132266719,0.532032780726));
#7626 = CARTESIAN_POINT('',(3.456943373364,0.529948714787));
#7627 = CARTESIAN_POINT('',(3.430721958897,0.527862034425));
#7628 = CARTESIAN_POINT('',(3.40445862049,0.525772021617));
#7629 = CARTESIAN_POINT('',(3.378152868095,0.523678669493));
#7630 = CARTESIAN_POINT('',(3.351821925533,0.521583337083));
#7631 = CARTESIAN_POINT('',(3.325480191432,0.519487149682));
#7632 = CARTESIAN_POINT('',(3.299142630689,0.517391277186));
#7633 = CARTESIAN_POINT('',(3.272824758839,0.515296944814));
#7634 = CARTESIAN_POINT('',(3.246538283761,0.513205103305));
#7635 = CARTESIAN_POINT('',(3.220276407856,0.511115236493));
#7636 = CARTESIAN_POINT('',(3.194034578515,0.509026987476));
#7637 = CARTESIAN_POINT('',(3.167807858891,0.506939956661));
#7638 = CARTESIAN_POINT('',(3.150330404127,0.505549156188));
#7639 = CARTESIAN_POINT('',(3.14159265359,0.504853829072));
#7640 = ( GEOMETRIC_REPRESENTATION_CONTEXT(2) 
PARAMETRIC_REPRESENTATION_CONTEXT() REPRESENTATION_CONTEXT('2D SPACE',''
  ) );
#7641 = ORIENTED_EDGE('',*,*,#7642,.F.);
#7642 = EDGE_CURVE('',#1425,#7427,#7643,.T.);
#7643 = SURFACE_CURVE('',#7644,(#7677,#7683),.PCURVE_S1.);
#7644 = B_SPLINE_CURVE_WITH_KNOTS('',3,(#7645,#7646,#7647,#7648,#7649,
    #7650,#7651,#7652,#7653,#7654,#7655,#7656,#7657,#7658,#7659,#7660,
    #7661,#7662,#7663,#7664,#7665,#7666,#7667,#7668,#7669,#7670,#7671,
    #7672,#7673,#7674,#7675,#7676),.UNSPECIFIED.,.F.,.F.,(4,1,1,1,1,1,1,
    1,1,1,1,1,1,1,1,1,1,1,1,1,1,1,1,1,1,1,1,1,1,4),(0.,
    3.448275862069E-02,6.896551724138E-02,0.103448275862,0.137931034483,
    0.172413793103,0.206896551724,0.241379310345,0.275862068965,
    0.310344827586,0.344827586207,0.379310344828,0.413793103448,
    0.448275862069,0.48275862069,0.51724137931,0.551724137931,
    0.586206896552,0.620689655172,0.655172413793,0.689655172414,
    0.724137931034,0.758620689655,0.793103448276,0.827586206897,
    0.862068965517,0.896551724138,0.931034482759,0.965517241379,1.),
  .UNSPECIFIED.);
#7645 = CARTESIAN_POINT('',(-3.613096807551,-17.1,-3.456230815979));
#7646 = CARTESIAN_POINT('',(-3.769021909577,-17.09640992572,
    -3.293228830106));
#7647 = CARTESIAN_POINT('',(-4.058774427941,-17.08922982044,
    -2.946092379858));
#7648 = CARTESIAN_POINT('',(-4.419167183704,-17.0784597899,
    -2.371511467185));
#7649 = CARTESIAN_POINT('',(-4.698735106055,-17.0676898941,
    -1.753566501348));
#7650 = CARTESIAN_POINT('',(-4.892375034147,-17.05691969972,
    -1.103532966674));
#7651 = CARTESIAN_POINT('',(-4.996533958947,-17.04614937676,
    -0.433307886894));
#7652 = CARTESIAN_POINT('',(-5.009309948255,-17.035379381,0.244821856746
    ));
#7653 = CARTESIAN_POINT('',(-4.930457694779,-17.02460823431,
    0.918545572662));
#7654 = CARTESIAN_POINT('',(-4.761417934832,-17.01383742761,
    1.57544610323));
#7655 = CARTESIAN_POINT('',(-4.505279767919,-17.00306642628,
    2.203540231414));
#7656 = CARTESIAN_POINT('',(-4.166733130556,-16.99229554505,
    2.791320065955));
#7657 = CARTESIAN_POINT('',(-3.751965825547,-16.98152457478,
    3.328045835229));
#7658 = CARTESIAN_POINT('',(-3.26856435033,-16.97075356442,
    3.803895571022));
#7659 = CARTESIAN_POINT('',(-2.725380471887,-16.95998269242,
    4.210158220694));
#7660 = CARTESIAN_POINT('',(-2.132344940552,-16.9492118256,
    4.539409635242));
#7661 = CARTESIAN_POINT('',(-1.500292306504,-16.93844075088,
    4.785630916748));
#7662 = CARTESIAN_POINT('',(-0.84078903663,-16.92766957686,
    4.944311334761));
#7663 = CARTESIAN_POINT('',(-0.16591215167,-16.91689851129,
    5.012544821648));
#7664 = CARTESIAN_POINT('',(0.511984047352,-16.90612769419,
    4.989088815728));
#7665 = CARTESIAN_POINT('',(1.180538045572,-16.89535650661,
    4.874369064209));
#7666 = CARTESIAN_POINT('',(1.827500854923,-16.88458524506,
    4.670480074122));
#7667 = CARTESIAN_POINT('',(2.441027373091,-16.87381407316,
    4.381155095307));
#7668 = CARTESIAN_POINT('',(3.009882081037,-16.86304326868,
    4.011700548695));
#7669 = CARTESIAN_POINT('',(3.523691838715,-16.85227224153,
    3.568856470581));
#7670 = CARTESIAN_POINT('',(3.973050909268,-16.84150104172,
    3.060720021478));
#7671 = CARTESIAN_POINT('',(4.349726247157,-16.83072997741,
    2.496601001074));
#7672 = CARTESIAN_POINT('',(4.646830407806,-16.819959075,1.8868225115));
#7673 = CARTESIAN_POINT('',(4.858935397528,-16.80918817293,
    1.242530605747));
#7674 = CARTESIAN_POINT('',(4.982161599195,-16.79841713703,
    0.575501562383));
#7675 = CARTESIAN_POINT('',(5.003554998127,-16.79123649277,
    0.123800982887));
#7676 = CARTESIAN_POINT('',(4.998964812729,-16.78764617092,
    -0.101738886849));
#7677 = PCURVE('',#1507,#7678);
#7678 = DEFINITIONAL_REPRESENTATION('',(#7679),#7682);
#7679 = B_SPLINE_CURVE_WITH_KNOTS('',1,(#7680,#7681),.UNSPECIFIED.,.F.,
  .F.,(2,2),(0.,1.),.PIECEWISE_BEZIER_KNOTS.);
#7680 = CARTESIAN_POINT('',(0.752947690722,0.352775021627));
#7681 = CARTESIAN_POINT('',(0.75291473821,0.130909538012));
#7682 = ( GEOMETRIC_REPRESENTATION_CONTEXT(2) 
PARAMETRIC_REPRESENTATION_CONTEXT() REPRESENTATION_CONTEXT('2D SPACE',''
  ) );
#7683 = PCURVE('',#1447,#7684);
#7684 = DEFINITIONAL_REPRESENTATION('',(#7685),#7688);
#7685 = B_SPLINE_CURVE_WITH_KNOTS('',1,(#7686,#7687),.UNSPECIFIED.,.F.,
  .F.,(2,2),(0.,1.),.PIECEWISE_BEZIER_KNOTS.);
#7686 = CARTESIAN_POINT('',(-0.783561323835,0.1925));
#7687 = CARTESIAN_POINT('',(3.14159265359,0.504853829072));
#7688 = ( GEOMETRIC_REPRESENTATION_CONTEXT(2) 
PARAMETRIC_REPRESENTATION_CONTEXT() REPRESENTATION_CONTEXT('2D SPACE',''
  ) );
#7689 = ORIENTED_EDGE('',*,*,#1459,.F.);
#7690 = ADVANCED_FACE('',(#7691),#1447,.F.);
#7691 = FACE_BOUND('',#7692,.F.);
#7692 = EDGE_LOOP('',(#7693,#7694,#7695,#7696,#7697,#7698,#7699));
#7693 = ORIENTED_EDGE('',*,*,#1920,.T.);
#7694 = ORIENTED_EDGE('',*,*,#2136,.T.);
#7695 = ORIENTED_EDGE('',*,*,#7395,.F.);
#7696 = ORIENTED_EDGE('',*,*,#7252,.T.);
#7697 = ORIENTED_EDGE('',*,*,#7426,.T.);
#7698 = ORIENTED_EDGE('',*,*,#7642,.F.);
#7699 = ORIENTED_EDGE('',*,*,#1424,.T.);
#7700 = ( GEOMETRIC_REPRESENTATION_CONTEXT(3) 
GLOBAL_UNCERTAINTY_ASSIGNED_CONTEXT((#7704)) 
GLOBAL_UNIT_ASSIGNED_CONTEXT((#7701,#7702,#7703)) REPRESENTATION_CONTEXT
('Context #1','3D Context with UNIT and UNCERTAINTY') );
#7701 = ( LENGTH_UNIT() NAMED_UNIT(*) SI_UNIT(.MILLI.,.METRE.) );
#7702 = ( NAMED_UNIT(*) PLANE_ANGLE_UNIT() SI_UNIT($,.RADIAN.) );
#7703 = ( NAMED_UNIT(*) SI_UNIT($,.STERADIAN.) SOLID_ANGLE_UNIT() );
#7704 = UNCERTAINTY_MEASURE_WITH_UNIT(LENGTH_MEASURE(1.E-03),#7701,
  'distance_accuracy_value','confusion accuracy');
#7705 = PRODUCT_RELATED_PRODUCT_CATEGORY('part',$,(#7));
ENDSEC;
END-ISO-10303-21;