ISO-10303-21;
HEADER;
FILE_DESCRIPTION(('Open CASCADE Model'),'2;1');
FILE_NAME('Open CASCADE Shape Model','2026-10-07T23:54:52',('Author'),(
    'Open CASCADE'),'Open CASCADE STEP processor 7.9','Open CASCADE 7.9'
  ,'Unknown');
FILE_SCHEMA(('AUTOMOTIVE_DESIGN { 1 0 10303 214 1 1 1 1 }'));
ENDSEC;
DATA;
#1 = APPLICATION_PROTOCOL_DEFINITION('international standard',
  'automotive_design',2000,#2);
#2 = APPLICATION_CONTEXT(
  'core data for automotive mechanical design processes');
#3 = SHAPE_DEFINITION_REPRESENTATION(#4,#10);
#4 = PRODUCT_DEFINITION_SHAPE('','',#5);
#5 = PRODUCT_DEFINITION('design','',#6,#9);
#6 = PRODUCT_DEFINITION_FORMATION('','',#7);
#7 = PRODUCT('Open CASCADE STEP translator 7.9 1',
  'Open CASCADE STEP translator 7.9 1','',(#8));
#8 = PRODUCT_CONTEXT('',#2,'mechanical');
#9 = PRODUCT_DEFINITION_CONTEXT('part definition',#2,'design');
#10 = ADVANCED_BREP_SHAPE_REPRESENTATION('',(#11,#15),#4684);
#11 = AXIS2_PLACEMENT_3D('',#12,#13,#14);
#12 = CARTESIAN_POINT('',(0.,0.,0.));
#13 = DIRECTION('',(0.,0.,1.));
#14 = DIRECTION('',(1.,0.,-0.));
#15 = MANIFOLD_SOLID_BREP('',#16);
#16 = CLOSED_SHELL('',(#17,#192,#275,#308,#391,#452,#480,#579,#612,#712,
    #745,#822,#850,#931,#963,#1148,#1457,#1534,#1567,#1644,#1677,#1754,
    #1787,#1864,#1897,#1974,#2007,#2084,#2117,#2194,#2227,#2304,#2337,
    #2414,#2442,#2523,#2555,#2636,#2668,#2745,#2773,#2850,#2878,#2955,
    #2983,#3060,#3088,#3169,#3201,#3206,#3271,#3336,#3341,#3346,#3351,
    #3356,#3421,#3498,#3526,#3603,#3631,#3708,#3741,#3746,#3751,#3828,
    #3856,#3929,#4006,#4034,#4103,#4184,#4212,#4277,#4411,#4486,#4512,
    #4650,#4679));
#17 = ADVANCED_FACE('',(#18),#33,.T.);
#18 = FACE_BOUND('',#19,.T.);
#19 = EDGE_LOOP('',(#20,#56,#79,#108,#137,#164,#165));
#20 = ORIENTED_EDGE('',*,*,#21,.T.);
#21 = EDGE_CURVE('',#22,#24,#26,.T.);
#22 = VERTEX_POINT('',#23);
#23 = CARTESIAN_POINT('',(-5.967273847035E-10,-33.4799999,
    -13.99999999997));
#24 = VERTEX_POINT('',#25);
#25 = CARTESIAN_POINT('',(5.967284334284E-10,-33.4799999,13.999999999975
    ));
#26 = SURFACE_CURVE('',#27,(#32,#44),.PCURVE_S1.);
#27 = CIRCLE('',#28,14.);
#28 = AXIS2_PLACEMENT_3D('',#29,#30,#31);
#29 = CARTESIAN_POINT('',(0.,-33.4799999,0.));
#30 = DIRECTION('',(0.,1.,0.));
#31 = DIRECTION('',(0.,-0.,1.));
#32 = PCURVE('',#33,#38);
#33 = CYLINDRICAL_SURFACE('',#34,14.);
#34 = AXIS2_PLACEMENT_3D('',#35,#36,#37);
#35 = CARTESIAN_POINT('',(0.,-33.4999999,0.));
#36 = DIRECTION('',(0.,1.,0.));
#37 = DIRECTION('',(0.,-0.,1.));
#38 = DEFINITIONAL_REPRESENTATION('',(#39),#43);
#39 = LINE('',#40,#41);
#40 = CARTESIAN_POINT('',(0.,2.E-02));
#41 = VECTOR('',#42,1.);
#42 = DIRECTION('',(1.,0.));
#43 = ( GEOMETRIC_REPRESENTATION_CONTEXT(2) 
PARAMETRIC_REPRESENTATION_CONTEXT() REPRESENTATION_CONTEXT('2D SPACE',''
  ) );
#44 = PCURVE('',#45,#50);
#45 = CYLINDRICAL_SURFACE('',#46,14.);
#46 = AXIS2_PLACEMENT_3D('',#47,#48,#49);
#47 = CARTESIAN_POINT('',(0.,-33.4999999,0.));
#48 = DIRECTION('',(0.,1.,0.));
#49 = DIRECTION('',(0.,-0.,1.));
#50 = DEFINITIONAL_REPRESENTATION('',(#51),#55);
#51 = LINE('',#52,#53);
#52 = CARTESIAN_POINT('',(0.,2.E-02));
#53 = VECTOR('',#54,1.);
#54 = DIRECTION('',(1.,0.));
#55 = ( GEOMETRIC_REPRESENTATION_CONTEXT(2) 
PARAMETRIC_REPRESENTATION_CONTEXT() REPRESENTATION_CONTEXT('2D SPACE',''
  ) );
#56 = ORIENTED_EDGE('',*,*,#57,.T.);
#57 = EDGE_CURVE('',#24,#58,#60,.T.);
#58 = VERTEX_POINT('',#59);
#59 = CARTESIAN_POINT('',(-3.423773179642E-13,6.9800001,14.));
#60 = SEAM_CURVE('',#61,(#65,#72),.PCURVE_S1.);
#61 = LINE('',#62,#63);
#62 = CARTESIAN_POINT('',(-3.429011037613E-15,-33.4999999,14.));
#63 = VECTOR('',#64,1.);
#64 = DIRECTION('',(0.,1.,0.));
#65 = PCURVE('',#33,#66);
#66 = DEFINITIONAL_REPRESENTATION('',(#67),#71);
#67 = LINE('',#68,#69);
#68 = CARTESIAN_POINT('',(0.,-0.));
#69 = VECTOR('',#70,1.);
#70 = DIRECTION('',(0.,1.));
#71 = ( GEOMETRIC_REPRESENTATION_CONTEXT(2) 
PARAMETRIC_REPRESENTATION_CONTEXT() REPRESENTATION_CONTEXT('2D SPACE',''
  ) );
#72 = PCURVE('',#33,#73);
#73 = DEFINITIONAL_REPRESENTATION('',(#74),#78);
#74 = LINE('',#75,#76);
#75 = CARTESIAN_POINT('',(6.28318530718,-0.));
#76 = VECTOR('',#77,1.);
#77 = DIRECTION('',(0.,1.));
#78 = ( GEOMETRIC_REPRESENTATION_CONTEXT(2) 
PARAMETRIC_REPRESENTATION_CONTEXT() REPRESENTATION_CONTEXT('2D SPACE',''
  ) );
#79 = ORIENTED_EDGE('',*,*,#80,.T.);
#80 = EDGE_CURVE('',#58,#81,#83,.T.);
#81 = VERTEX_POINT('',#82);
#82 = CARTESIAN_POINT('',(-13.99999999997,6.9800001,-6.976092068009E-10)
  );
#83 = SURFACE_CURVE('',#84,(#89,#96),.PCURVE_S1.);
#84 = CIRCLE('',#85,14.);
#85 = AXIS2_PLACEMENT_3D('',#86,#87,#88);
#86 = CARTESIAN_POINT('',(0.,6.9800001,0.));
#87 = DIRECTION('',(0.,-1.,0.));
#88 = DIRECTION('',(-1.,0.,0.));
#89 = PCURVE('',#33,#90);
#90 = DEFINITIONAL_REPRESENTATION('',(#91),#95);
#91 = LINE('',#92,#93);
#92 = CARTESIAN_POINT('',(10.995574287564,40.48));
#93 = VECTOR('',#94,1.);
#94 = DIRECTION('',(-1.,0.));
#95 = ( GEOMETRIC_REPRESENTATION_CONTEXT(2) 
PARAMETRIC_REPRESENTATION_CONTEXT() REPRESENTATION_CONTEXT('2D SPACE',''
  ) );
#96 = PCURVE('',#97,#102);
#97 = CYLINDRICAL_SURFACE('',#98,14.);
#98 = AXIS2_PLACEMENT_3D('',#99,#100,#101);
#99 = CARTESIAN_POINT('',(0.,-33.4999999,0.));
#100 = DIRECTION('',(0.,1.,0.));
#101 = DIRECTION('',(0.,-0.,1.));
#102 = DEFINITIONAL_REPRESENTATION('',(#103),#107);
#103 = LINE('',#104,#105);
#104 = CARTESIAN_POINT('',(10.995574287564,40.48));
#105 = VECTOR('',#106,1.);
#106 = DIRECTION('',(-1.,0.));
#107 = ( GEOMETRIC_REPRESENTATION_CONTEXT(2) 
PARAMETRIC_REPRESENTATION_CONTEXT() REPRESENTATION_CONTEXT('2D SPACE',''
  ) );
#108 = ORIENTED_EDGE('',*,*,#109,.T.);
#109 = EDGE_CURVE('',#81,#110,#112,.T.);
#110 = VERTEX_POINT('',#111);
#111 = CARTESIAN_POINT('',(13.999999999974,6.9800001,6.976088698391E-10)
  );
#112 = SURFACE_CURVE('',#113,(#118,#125),.PCURVE_S1.);
#113 = CIRCLE('',#114,14.);
#114 = AXIS2_PLACEMENT_3D('',#115,#116,#117);
#115 = CARTESIAN_POINT('',(0.,6.9800001,0.));
#116 = DIRECTION('',(0.,-1.,0.));
#117 = DIRECTION('',(-1.,0.,0.));
#118 = PCURVE('',#33,#119);
#119 = DEFINITIONAL_REPRESENTATION('',(#120),#124);
#120 = LINE('',#121,#122);
#121 = CARTESIAN_POINT('',(4.712388980385,40.48));
#122 = VECTOR('',#123,1.);
#123 = DIRECTION('',(-1.,0.));
#124 = ( GEOMETRIC_REPRESENTATION_CONTEXT(2) 
PARAMETRIC_REPRESENTATION_CONTEXT() REPRESENTATION_CONTEXT('2D SPACE',''
  ) );
#125 = PCURVE('',#126,#131);
#126 = CYLINDRICAL_SURFACE('',#127,14.);
#127 = AXIS2_PLACEMENT_3D('',#128,#129,#130);
#128 = CARTESIAN_POINT('',(0.,-33.4999999,0.));
#129 = DIRECTION('',(0.,1.,0.));
#130 = DIRECTION('',(0.,-0.,1.));
#131 = DEFINITIONAL_REPRESENTATION('',(#132),#136);
#132 = LINE('',#133,#134);
#133 = CARTESIAN_POINT('',(4.712388980385,40.48));
#134 = VECTOR('',#135,1.);
#135 = DIRECTION('',(-1.,0.));
#136 = ( GEOMETRIC_REPRESENTATION_CONTEXT(2) 
PARAMETRIC_REPRESENTATION_CONTEXT() REPRESENTATION_CONTEXT('2D SPACE',''
  ) );
#137 = ORIENTED_EDGE('',*,*,#138,.T.);
#138 = EDGE_CURVE('',#110,#58,#139,.T.);
#139 = SURFACE_CURVE('',#140,(#145,#152),.PCURVE_S1.);
#140 = CIRCLE('',#141,14.);
#141 = AXIS2_PLACEMENT_3D('',#142,#143,#144);
#142 = CARTESIAN_POINT('',(0.,6.9800001,0.));
#143 = DIRECTION('',(0.,-1.,0.));
#144 = DIRECTION('',(-1.,0.,0.));
#145 = PCURVE('',#33,#146);
#146 = DEFINITIONAL_REPRESENTATION('',(#147),#151);
#147 = LINE('',#148,#149);
#148 = CARTESIAN_POINT('',(4.712388980385,40.48));
#149 = VECTOR('',#150,1.);
#150 = DIRECTION('',(-1.,0.));
#151 = ( GEOMETRIC_REPRESENTATION_CONTEXT(2) 
PARAMETRIC_REPRESENTATION_CONTEXT() REPRESENTATION_CONTEXT('2D SPACE',''
  ) );
#152 = PCURVE('',#153,#158);
#153 = CYLINDRICAL_SURFACE('',#154,14.);
#154 = AXIS2_PLACEMENT_3D('',#155,#156,#157);
#155 = CARTESIAN_POINT('',(0.,-33.4999999,0.));
#156 = DIRECTION('',(0.,1.,0.));
#157 = DIRECTION('',(0.,-0.,1.));
#158 = DEFINITIONAL_REPRESENTATION('',(#159),#163);
#159 = LINE('',#160,#161);
#160 = CARTESIAN_POINT('',(4.712388980385,40.48));
#161 = VECTOR('',#162,1.);
#162 = DIRECTION('',(-1.,0.));
#163 = ( GEOMETRIC_REPRESENTATION_CONTEXT(2) 
PARAMETRIC_REPRESENTATION_CONTEXT() REPRESENTATION_CONTEXT('2D SPACE',''
  ) );
#164 = ORIENTED_EDGE('',*,*,#57,.F.);
#165 = ORIENTED_EDGE('',*,*,#166,.T.);
#166 = EDGE_CURVE('',#24,#22,#167,.T.);
#167 = SURFACE_CURVE('',#168,(#173,#180),.PCURVE_S1.);
#168 = CIRCLE('',#169,14.);
#169 = AXIS2_PLACEMENT_3D('',#170,#171,#172);
#170 = CARTESIAN_POINT('',(0.,-33.4799999,0.));
#171 = DIRECTION('',(0.,1.,0.));
#172 = DIRECTION('',(0.,-0.,1.));
#173 = PCURVE('',#33,#174);
#174 = DEFINITIONAL_REPRESENTATION('',(#175),#179);
#175 = LINE('',#176,#177);
#176 = CARTESIAN_POINT('',(0.,2.E-02));
#177 = VECTOR('',#178,1.);
#178 = DIRECTION('',(1.,0.));
#179 = ( GEOMETRIC_REPRESENTATION_CONTEXT(2) 
PARAMETRIC_REPRESENTATION_CONTEXT() REPRESENTATION_CONTEXT('2D SPACE',''
  ) );
#180 = PCURVE('',#181,#186);
#181 = CYLINDRICAL_SURFACE('',#182,14.);
#182 = AXIS2_PLACEMENT_3D('',#183,#184,#185);
#183 = CARTESIAN_POINT('',(0.,-33.4999999,0.));
#184 = DIRECTION('',(0.,1.,0.));
#185 = DIRECTION('',(0.,-0.,1.));
#186 = DEFINITIONAL_REPRESENTATION('',(#187),#191);
#187 = LINE('',#188,#189);
#188 = CARTESIAN_POINT('',(0.,2.E-02));
#189 = VECTOR('',#190,1.);
#190 = DIRECTION('',(1.,0.));
#191 = ( GEOMETRIC_REPRESENTATION_CONTEXT(2) 
PARAMETRIC_REPRESENTATION_CONTEXT() REPRESENTATION_CONTEXT('2D SPACE',''
  ) );
#192 = ADVANCED_FACE('',(#193),#45,.T.);
#193 = FACE_BOUND('',#194,.T.);
#194 = EDGE_LOOP('',(#195,#218,#219,#248));
#195 = ORIENTED_EDGE('',*,*,#196,.T.);
#196 = EDGE_CURVE('',#197,#24,#199,.T.);
#197 = VERTEX_POINT('',#198);
#198 = CARTESIAN_POINT('',(-3.429011037613E-15,-33.4999999,14.));
#199 = SURFACE_CURVE('',#200,(#204,#211),.PCURVE_S1.);
#200 = LINE('',#201,#202);
#201 = CARTESIAN_POINT('',(-3.429011037613E-15,-33.4999999,14.));
#202 = VECTOR('',#203,1.);
#203 = DIRECTION('',(0.,1.,0.));
#204 = PCURVE('',#45,#205);
#205 = DEFINITIONAL_REPRESENTATION('',(#206),#210);
#206 = LINE('',#207,#208);
#207 = CARTESIAN_POINT('',(6.28318530718,-0.));
#208 = VECTOR('',#209,1.);
#209 = DIRECTION('',(0.,1.));
#210 = ( GEOMETRIC_REPRESENTATION_CONTEXT(2) 
PARAMETRIC_REPRESENTATION_CONTEXT() REPRESENTATION_CONTEXT('2D SPACE',''
  ) );
#211 = PCURVE('',#181,#212);
#212 = DEFINITIONAL_REPRESENTATION('',(#213),#217);
#213 = LINE('',#214,#215);
#214 = CARTESIAN_POINT('',(0.,-0.));
#215 = VECTOR('',#216,1.);
#216 = DIRECTION('',(0.,1.));
#217 = ( GEOMETRIC_REPRESENTATION_CONTEXT(2) 
PARAMETRIC_REPRESENTATION_CONTEXT() REPRESENTATION_CONTEXT('2D SPACE',''
  ) );
#218 = ORIENTED_EDGE('',*,*,#21,.F.);
#219 = ORIENTED_EDGE('',*,*,#220,.F.);
#220 = EDGE_CURVE('',#221,#22,#223,.T.);
#221 = VERTEX_POINT('',#222);
#222 = CARTESIAN_POINT('',(-5.860911250753E-10,-33.4999999,
    -13.99999999998));
#223 = SURFACE_CURVE('',#224,(#228,#238),.PCURVE_S1.);
#224 = LINE('',#225,#226);
#225 = CARTESIAN_POINT('',(3.458805823671E-10,-35.20000000002,
    -13.99999999998));
#226 = VECTOR('',#227,1.);
#227 = DIRECTION('',(-5.480278559617E-10,1.,3.195352479288E-12));
#228 = PCURVE('',#45,#229);
#229 = DEFINITIONAL_REPRESENTATION('',(#230),#237);
#230 = B_SPLINE_CURVE_WITH_KNOTS('',5,(#231,#232,#233,#234,#235,#236),
  .UNSPECIFIED.,.F.,.F.,(6,6),(1.700000100025,1.720000100025),
  .PIECEWISE_BEZIER_KNOTS.);
#231 = CARTESIAN_POINT('',(3.141592653632,0.));
#232 = CARTESIAN_POINT('',(3.141592653632,3.999999999999E-03));
#233 = CARTESIAN_POINT('',(3.141592653632,7.999999999999E-03));
#234 = CARTESIAN_POINT('',(3.141592653632,1.2E-02));
#235 = CARTESIAN_POINT('',(3.141592653632,1.6E-02));
#236 = CARTESIAN_POINT('',(3.141592653632,2.E-02));
#237 = ( GEOMETRIC_REPRESENTATION_CONTEXT(2) 
PARAMETRIC_REPRESENTATION_CONTEXT() REPRESENTATION_CONTEXT('2D SPACE',''
  ) );
#238 = PCURVE('',#181,#239);
#239 = DEFINITIONAL_REPRESENTATION('',(#240),#247);
#240 = B_SPLINE_CURVE_WITH_KNOTS('',5,(#241,#242,#243,#244,#245,#246),
  .UNSPECIFIED.,.F.,.F.,(6,6),(1.700000100025,1.720000100025),
  .PIECEWISE_BEZIER_KNOTS.);
#241 = CARTESIAN_POINT('',(3.141592653632,0.));
#242 = CARTESIAN_POINT('',(3.141592653632,3.999999999999E-03));
#243 = CARTESIAN_POINT('',(3.141592653632,7.999999999999E-03));
#244 = CARTESIAN_POINT('',(3.141592653632,1.2E-02));
#245 = CARTESIAN_POINT('',(3.141592653632,1.6E-02));
#246 = CARTESIAN_POINT('',(3.141592653632,2.E-02));
#247 = ( GEOMETRIC_REPRESENTATION_CONTEXT(2) 
PARAMETRIC_REPRESENTATION_CONTEXT() REPRESENTATION_CONTEXT('2D SPACE',''
  ) );
#248 = ORIENTED_EDGE('',*,*,#249,.T.);
#249 = EDGE_CURVE('',#221,#197,#250,.T.);
#250 = SURFACE_CURVE('',#251,(#256,#263),.PCURVE_S1.);
#251 = CIRCLE('',#252,14.);
#252 = AXIS2_PLACEMENT_3D('',#253,#254,#255);
#253 = CARTESIAN_POINT('',(0.,-33.4999999,0.));
#254 = DIRECTION('',(0.,1.,0.));
#255 = DIRECTION('',(0.,-0.,1.));
#256 = PCURVE('',#45,#257);
#257 = DEFINITIONAL_REPRESENTATION('',(#258),#262);
#258 = LINE('',#259,#260);
#259 = CARTESIAN_POINT('',(0.,0.));
#260 = VECTOR('',#261,1.);
#261 = DIRECTION('',(1.,0.));
#262 = ( GEOMETRIC_REPRESENTATION_CONTEXT(2) 
PARAMETRIC_REPRESENTATION_CONTEXT() REPRESENTATION_CONTEXT('2D SPACE',''
  ) );
#263 = PCURVE('',#264,#269);
#264 = CYLINDRICAL_SURFACE('',#265,14.);
#265 = AXIS2_PLACEMENT_3D('',#266,#267,#268);
#266 = CARTESIAN_POINT('',(0.,-35.96,0.));
#267 = DIRECTION('',(0.,1.,0.));
#268 = DIRECTION('',(0.,0.,1.));
#269 = DEFINITIONAL_REPRESENTATION('',(#270),#274);
#270 = LINE('',#271,#272);
#271 = CARTESIAN_POINT('',(0.,2.4600001));
#272 = VECTOR('',#273,1.);
#273 = DIRECTION('',(1.,0.));
#274 = ( GEOMETRIC_REPRESENTATION_CONTEXT(2) 
PARAMETRIC_REPRESENTATION_CONTEXT() REPRESENTATION_CONTEXT('2D SPACE',''
  ) );
#275 = ADVANCED_FACE('',(#276),#181,.T.);
#276 = FACE_BOUND('',#277,.T.);
#277 = EDGE_LOOP('',(#278,#279,#280,#307));
#278 = ORIENTED_EDGE('',*,*,#166,.F.);
#279 = ORIENTED_EDGE('',*,*,#196,.F.);
#280 = ORIENTED_EDGE('',*,*,#281,.T.);
#281 = EDGE_CURVE('',#197,#221,#282,.T.);
#282 = SURFACE_CURVE('',#283,(#288,#295),.PCURVE_S1.);
#283 = CIRCLE('',#284,14.);
#284 = AXIS2_PLACEMENT_3D('',#285,#286,#287);
#285 = CARTESIAN_POINT('',(0.,-33.4999999,0.));
#286 = DIRECTION('',(0.,1.,0.));
#287 = DIRECTION('',(0.,-0.,1.));
#288 = PCURVE('',#181,#289);
#289 = DEFINITIONAL_REPRESENTATION('',(#290),#294);
#290 = LINE('',#291,#292);
#291 = CARTESIAN_POINT('',(0.,0.));
#292 = VECTOR('',#293,1.);
#293 = DIRECTION('',(1.,0.));
#294 = ( GEOMETRIC_REPRESENTATION_CONTEXT(2) 
PARAMETRIC_REPRESENTATION_CONTEXT() REPRESENTATION_CONTEXT('2D SPACE',''
  ) );
#295 = PCURVE('',#296,#301);
#296 = CYLINDRICAL_SURFACE('',#297,14.);
#297 = AXIS2_PLACEMENT_3D('',#298,#299,#300);
#298 = CARTESIAN_POINT('',(0.,-35.96,0.));
#299 = DIRECTION('',(0.,1.,0.));
#300 = DIRECTION('',(0.,0.,1.));
#301 = DEFINITIONAL_REPRESENTATION('',(#302),#306);
#302 = LINE('',#303,#304);
#303 = CARTESIAN_POINT('',(0.,2.4600001));
#304 = VECTOR('',#305,1.);
#305 = DIRECTION('',(1.,0.));
#306 = ( GEOMETRIC_REPRESENTATION_CONTEXT(2) 
PARAMETRIC_REPRESENTATION_CONTEXT() REPRESENTATION_CONTEXT('2D SPACE',''
  ) );
#307 = ORIENTED_EDGE('',*,*,#220,.T.);
#308 = ADVANCED_FACE('',(#309),#153,.T.);
#309 = FACE_BOUND('',#310,.T.);
#310 = EDGE_LOOP('',(#311,#334,#335,#364));
#311 = ORIENTED_EDGE('',*,*,#312,.F.);
#312 = EDGE_CURVE('',#58,#313,#315,.T.);
#313 = VERTEX_POINT('',#314);
#314 = CARTESIAN_POINT('',(-3.429011037613E-15,7.0000001,14.));
#315 = SURFACE_CURVE('',#316,(#320,#327),.PCURVE_S1.);
#316 = LINE('',#317,#318);
#317 = CARTESIAN_POINT('',(-3.429011037613E-15,-33.4999999,14.));
#318 = VECTOR('',#319,1.);
#319 = DIRECTION('',(0.,1.,0.));
#320 = PCURVE('',#153,#321);
#321 = DEFINITIONAL_REPRESENTATION('',(#322),#326);
#322 = LINE('',#323,#324);
#323 = CARTESIAN_POINT('',(0.,-0.));
#324 = VECTOR('',#325,1.);
#325 = DIRECTION('',(0.,1.));
#326 = ( GEOMETRIC_REPRESENTATION_CONTEXT(2) 
PARAMETRIC_REPRESENTATION_CONTEXT() REPRESENTATION_CONTEXT('2D SPACE',''
  ) );
#327 = PCURVE('',#97,#328);
#328 = DEFINITIONAL_REPRESENTATION('',(#329),#333);
#329 = LINE('',#330,#331);
#330 = CARTESIAN_POINT('',(6.28318530718,-0.));
#331 = VECTOR('',#332,1.);
#332 = DIRECTION('',(0.,1.));
#333 = ( GEOMETRIC_REPRESENTATION_CONTEXT(2) 
PARAMETRIC_REPRESENTATION_CONTEXT() REPRESENTATION_CONTEXT('2D SPACE',''
  ) );
#334 = ORIENTED_EDGE('',*,*,#138,.F.);
#335 = ORIENTED_EDGE('',*,*,#336,.T.);
#336 = EDGE_CURVE('',#110,#337,#339,.T.);
#337 = VERTEX_POINT('',#338);
#338 = CARTESIAN_POINT('',(13.999999999987,7.0000001,7.069770435743E-10)
  );
#339 = SURFACE_CURVE('',#340,(#344,#354),.PCURVE_S1.);
#340 = LINE('',#341,#342);
#341 = CARTESIAN_POINT('',(13.99999999998,4.799999999975,
    -3.4728180529E-10));
#342 = VECTOR('',#343,1.);
#343 = DIRECTION('',(-2.824862850715E-12,1.,4.793076271497E-10));
#344 = PCURVE('',#153,#345);
#345 = DEFINITIONAL_REPRESENTATION('',(#346),#353);
#346 = B_SPLINE_CURVE_WITH_KNOTS('',5,(#347,#348,#349,#350,#351,#352),
  .UNSPECIFIED.,.F.,.F.,(6,6),(2.180000100025,2.200000100025),
  .PIECEWISE_BEZIER_KNOTS.);
#347 = CARTESIAN_POINT('',(1.570796326745,40.48));
#348 = CARTESIAN_POINT('',(1.570796326745,40.484));
#349 = CARTESIAN_POINT('',(1.570796326745,40.488));
#350 = CARTESIAN_POINT('',(1.570796326745,40.492));
#351 = CARTESIAN_POINT('',(1.570796326745,40.496));
#352 = CARTESIAN_POINT('',(1.570796326744,40.5));
#353 = ( GEOMETRIC_REPRESENTATION_CONTEXT(2) 
PARAMETRIC_REPRESENTATION_CONTEXT() REPRESENTATION_CONTEXT('2D SPACE',''
  ) );
#354 = PCURVE('',#126,#355);
#355 = DEFINITIONAL_REPRESENTATION('',(#356),#363);
#356 = B_SPLINE_CURVE_WITH_KNOTS('',5,(#357,#358,#359,#360,#361,#362),
  .UNSPECIFIED.,.F.,.F.,(6,6),(2.180000100025,2.200000100025),
  .PIECEWISE_BEZIER_KNOTS.);
#357 = CARTESIAN_POINT('',(1.570796326745,40.48));
#358 = CARTESIAN_POINT('',(1.570796326745,40.484));
#359 = CARTESIAN_POINT('',(1.570796326745,40.488));
#360 = CARTESIAN_POINT('',(1.570796326745,40.492));
#361 = CARTESIAN_POINT('',(1.570796326745,40.496));
#362 = CARTESIAN_POINT('',(1.570796326744,40.5));
#363 = ( GEOMETRIC_REPRESENTATION_CONTEXT(2) 
PARAMETRIC_REPRESENTATION_CONTEXT() REPRESENTATION_CONTEXT('2D SPACE',''
  ) );
#364 = ORIENTED_EDGE('',*,*,#365,.F.);
#365 = EDGE_CURVE('',#313,#337,#366,.T.);
#366 = SURFACE_CURVE('',#367,(#372,#379),.PCURVE_S1.);
#367 = CIRCLE('',#368,14.);
#368 = AXIS2_PLACEMENT_3D('',#369,#370,#371);
#369 = CARTESIAN_POINT('',(0.,7.0000001,0.));
#370 = DIRECTION('',(0.,1.,0.));
#371 = DIRECTION('',(0.,-0.,1.));
#372 = PCURVE('',#153,#373);
#373 = DEFINITIONAL_REPRESENTATION('',(#374),#378);
#374 = LINE('',#375,#376);
#375 = CARTESIAN_POINT('',(0.,40.5));
#376 = VECTOR('',#377,1.);
#377 = DIRECTION('',(1.,0.));
#378 = ( GEOMETRIC_REPRESENTATION_CONTEXT(2) 
PARAMETRIC_REPRESENTATION_CONTEXT() REPRESENTATION_CONTEXT('2D SPACE',''
  ) );
#379 = PCURVE('',#380,#385);
#380 = CYLINDRICAL_SURFACE('',#381,14.);
#381 = AXIS2_PLACEMENT_3D('',#382,#383,#384);
#382 = CARTESIAN_POINT('',(0.,11.025,0.));
#383 = DIRECTION('',(0.,-1.,0.));
#384 = DIRECTION('',(-1.,0.,0.));
#385 = DEFINITIONAL_REPRESENTATION('',(#386),#390);
#386 = LINE('',#387,#388);
#387 = CARTESIAN_POINT('',(4.712388980385,4.0249999));
#388 = VECTOR('',#389,1.);
#389 = DIRECTION('',(-1.,0.));
#390 = ( GEOMETRIC_REPRESENTATION_CONTEXT(2) 
PARAMETRIC_REPRESENTATION_CONTEXT() REPRESENTATION_CONTEXT('2D SPACE',''
  ) );
#391 = ADVANCED_FACE('',(#392),#126,.T.);
#392 = FACE_BOUND('',#393,.T.);
#393 = EDGE_LOOP('',(#394,#395,#396,#425));
#394 = ORIENTED_EDGE('',*,*,#336,.F.);
#395 = ORIENTED_EDGE('',*,*,#109,.F.);
#396 = ORIENTED_EDGE('',*,*,#397,.T.);
#397 = EDGE_CURVE('',#81,#398,#400,.T.);
#398 = VERTEX_POINT('',#399);
#399 = CARTESIAN_POINT('',(-13.99999999998,7.0000001,-7.07379077879E-10)
  );
#400 = SURFACE_CURVE('',#401,(#405,#415),.PCURVE_S1.);
#401 = LINE('',#402,#403);
#402 = CARTESIAN_POINT('',(-13.99999999998,4.799999999975,
    3.472805995075E-10));
#403 = VECTOR('',#404,1.);
#404 = DIRECTION('',(2.823496422377E-12,1.,-4.793072286081E-10));
#405 = PCURVE('',#126,#406);
#406 = DEFINITIONAL_REPRESENTATION('',(#407),#414);
#407 = B_SPLINE_CURVE_WITH_KNOTS('',5,(#408,#409,#410,#411,#412,#413),
  .UNSPECIFIED.,.F.,.F.,(6,6),(2.180000100025,2.200000100025),
  .PIECEWISE_BEZIER_KNOTS.);
#408 = CARTESIAN_POINT('',(4.712388980335,40.48));
#409 = CARTESIAN_POINT('',(4.712388980335,40.484));
#410 = CARTESIAN_POINT('',(4.712388980335,40.488));
#411 = CARTESIAN_POINT('',(4.712388980334,40.492));
#412 = CARTESIAN_POINT('',(4.712388980334,40.496));
#413 = CARTESIAN_POINT('',(4.712388980334,40.5));
#414 = ( GEOMETRIC_REPRESENTATION_CONTEXT(2) 
PARAMETRIC_REPRESENTATION_CONTEXT() REPRESENTATION_CONTEXT('2D SPACE',''
  ) );
#415 = PCURVE('',#97,#416);
#416 = DEFINITIONAL_REPRESENTATION('',(#417),#424);
#417 = B_SPLINE_CURVE_WITH_KNOTS('',5,(#418,#419,#420,#421,#422,#423),
  .UNSPECIFIED.,.F.,.F.,(6,6),(2.180000100025,2.200000100025),
  .PIECEWISE_BEZIER_KNOTS.);
#418 = CARTESIAN_POINT('',(4.712388980335,40.48));
#419 = CARTESIAN_POINT('',(4.712388980335,40.484));
#420 = CARTESIAN_POINT('',(4.712388980335,40.488));
#421 = CARTESIAN_POINT('',(4.712388980334,40.492));
#422 = CARTESIAN_POINT('',(4.712388980334,40.496));
#423 = CARTESIAN_POINT('',(4.712388980334,40.5));
#424 = ( GEOMETRIC_REPRESENTATION_CONTEXT(2) 
PARAMETRIC_REPRESENTATION_CONTEXT() REPRESENTATION_CONTEXT('2D SPACE',''
  ) );
#425 = ORIENTED_EDGE('',*,*,#426,.F.);
#426 = EDGE_CURVE('',#337,#398,#427,.T.);
#427 = SURFACE_CURVE('',#428,(#433,#440),.PCURVE_S1.);
#428 = CIRCLE('',#429,14.);
#429 = AXIS2_PLACEMENT_3D('',#430,#431,#432);
#430 = CARTESIAN_POINT('',(0.,7.0000001,0.));
#431 = DIRECTION('',(0.,1.,0.));
#432 = DIRECTION('',(0.,-0.,1.));
#433 = PCURVE('',#126,#434);
#434 = DEFINITIONAL_REPRESENTATION('',(#435),#439);
#435 = LINE('',#436,#437);
#436 = CARTESIAN_POINT('',(0.,40.5));
#437 = VECTOR('',#438,1.);
#438 = DIRECTION('',(1.,0.));
#439 = ( GEOMETRIC_REPRESENTATION_CONTEXT(2) 
PARAMETRIC_REPRESENTATION_CONTEXT() REPRESENTATION_CONTEXT('2D SPACE',''
  ) );
#440 = PCURVE('',#441,#446);
#441 = CYLINDRICAL_SURFACE('',#442,14.);
#442 = AXIS2_PLACEMENT_3D('',#443,#444,#445);
#443 = CARTESIAN_POINT('',(0.,11.025,0.));
#444 = DIRECTION('',(0.,-1.,0.));
#445 = DIRECTION('',(-1.,0.,0.));
#446 = DEFINITIONAL_REPRESENTATION('',(#447),#451);
#447 = LINE('',#448,#449);
#448 = CARTESIAN_POINT('',(4.712388980385,4.0249999));
#449 = VECTOR('',#450,1.);
#450 = DIRECTION('',(-1.,0.));
#451 = ( GEOMETRIC_REPRESENTATION_CONTEXT(2) 
PARAMETRIC_REPRESENTATION_CONTEXT() REPRESENTATION_CONTEXT('2D SPACE',''
  ) );
#452 = ADVANCED_FACE('',(#453),#97,.T.);
#453 = FACE_BOUND('',#454,.T.);
#454 = EDGE_LOOP('',(#455,#456,#457,#479));
#455 = ORIENTED_EDGE('',*,*,#80,.F.);
#456 = ORIENTED_EDGE('',*,*,#312,.T.);
#457 = ORIENTED_EDGE('',*,*,#458,.F.);
#458 = EDGE_CURVE('',#398,#313,#459,.T.);
#459 = SURFACE_CURVE('',#460,(#465,#472),.PCURVE_S1.);
#460 = CIRCLE('',#461,14.);
#461 = AXIS2_PLACEMENT_3D('',#462,#463,#464);
#462 = CARTESIAN_POINT('',(0.,7.0000001,0.));
#463 = DIRECTION('',(0.,1.,0.));
#464 = DIRECTION('',(0.,-0.,1.));
#465 = PCURVE('',#97,#466);
#466 = DEFINITIONAL_REPRESENTATION('',(#467),#471);
#467 = LINE('',#468,#469);
#468 = CARTESIAN_POINT('',(0.,40.5));
#469 = VECTOR('',#470,1.);
#470 = DIRECTION('',(1.,0.));
#471 = ( GEOMETRIC_REPRESENTATION_CONTEXT(2) 
PARAMETRIC_REPRESENTATION_CONTEXT() REPRESENTATION_CONTEXT('2D SPACE',''
  ) );
#472 = PCURVE('',#380,#473);
#473 = DEFINITIONAL_REPRESENTATION('',(#474),#478);
#474 = LINE('',#475,#476);
#475 = CARTESIAN_POINT('',(10.995574287564,4.0249999));
#476 = VECTOR('',#477,1.);
#477 = DIRECTION('',(-1.,0.));
#478 = ( GEOMETRIC_REPRESENTATION_CONTEXT(2) 
PARAMETRIC_REPRESENTATION_CONTEXT() REPRESENTATION_CONTEXT('2D SPACE',''
  ) );
#479 = ORIENTED_EDGE('',*,*,#397,.F.);
#480 = ADVANCED_FACE('',(#481),#264,.T.);
#481 = FACE_BOUND('',#482,.T.);
#482 = EDGE_LOOP('',(#483,#506,#535,#578));
#483 = ORIENTED_EDGE('',*,*,#484,.F.);
#484 = EDGE_CURVE('',#485,#221,#487,.T.);
#485 = VERTEX_POINT('',#486);
#486 = CARTESIAN_POINT('',(0.,-35.2,-14.));
#487 = SURFACE_CURVE('',#488,(#492,#499),.PCURVE_S1.);
#488 = LINE('',#489,#490);
#489 = CARTESIAN_POINT('',(3.458805823671E-10,-35.20000000002,
    -13.99999999998));
#490 = VECTOR('',#491,1.);
#491 = DIRECTION('',(-5.480278559617E-10,1.,3.195352479288E-12));
#492 = PCURVE('',#264,#493);
#493 = DEFINITIONAL_REPRESENTATION('',(#494),#498);
#494 = LINE('',#495,#496);
#495 = CARTESIAN_POINT('',(3.141592653565,0.759999999975));
#496 = VECTOR('',#497,1.);
#497 = DIRECTION('',(3.914476586013E-11,1.));
#498 = ( GEOMETRIC_REPRESENTATION_CONTEXT(2) 
PARAMETRIC_REPRESENTATION_CONTEXT() REPRESENTATION_CONTEXT('2D SPACE',''
  ) );
#499 = PCURVE('',#296,#500);
#500 = DEFINITIONAL_REPRESENTATION('',(#501),#505);
#501 = LINE('',#502,#503);
#502 = CARTESIAN_POINT('',(3.141592653565,0.759999999975));
#503 = VECTOR('',#504,1.);
#504 = DIRECTION('',(3.914476586013E-11,1.));
#505 = ( GEOMETRIC_REPRESENTATION_CONTEXT(2) 
PARAMETRIC_REPRESENTATION_CONTEXT() REPRESENTATION_CONTEXT('2D SPACE',''
  ) );
#506 = ORIENTED_EDGE('',*,*,#507,.T.);
#507 = EDGE_CURVE('',#485,#508,#510,.T.);
#508 = VERTEX_POINT('',#509);
#509 = CARTESIAN_POINT('',(0.,-35.2,14.));
#510 = SURFACE_CURVE('',#511,(#516,#523),.PCURVE_S1.);
#511 = CIRCLE('',#512,14.);
#512 = AXIS2_PLACEMENT_3D('',#513,#514,#515);
#513 = CARTESIAN_POINT('',(0.,-35.2,0.));
#514 = DIRECTION('',(0.,1.,0.));
#515 = DIRECTION('',(0.,0.,-1.));
#516 = PCURVE('',#264,#517);
#517 = DEFINITIONAL_REPRESENTATION('',(#518),#522);
#518 = LINE('',#519,#520);
#519 = CARTESIAN_POINT('',(3.14159265359,0.76));
#520 = VECTOR('',#521,1.);
#521 = DIRECTION('',(1.,0.));
#522 = ( GEOMETRIC_REPRESENTATION_CONTEXT(2) 
PARAMETRIC_REPRESENTATION_CONTEXT() REPRESENTATION_CONTEXT('2D SPACE',''
  ) );
#523 = PCURVE('',#524,#529);
#524 = CONICAL_SURFACE('',#525,13.84999999997,0.785398163397);
#525 = AXIS2_PLACEMENT_3D('',#526,#527,#528);
#526 = CARTESIAN_POINT('',(0.,-35.35000000002,1.150620894481E-14));
#527 = DIRECTION('',(0.,1.,0.));
#528 = DIRECTION('',(0.,0.,-1.));
#529 = DEFINITIONAL_REPRESENTATION('',(#530),#534);
#530 = LINE('',#531,#532);
#531 = CARTESIAN_POINT('',(0.,0.150000000028));
#532 = VECTOR('',#533,1.);
#533 = DIRECTION('',(1.,-3.385982073592E-15));
#534 = ( GEOMETRIC_REPRESENTATION_CONTEXT(2) 
PARAMETRIC_REPRESENTATION_CONTEXT() REPRESENTATION_CONTEXT('2D SPACE',''
  ) );
#535 = ORIENTED_EDGE('',*,*,#536,.T.);
#536 = EDGE_CURVE('',#508,#197,#537,.T.);
#537 = SURFACE_CURVE('',#538,(#542,#571),.PCURVE_S1.);
#538 = LINE('',#539,#540);
#539 = CARTESIAN_POINT('',(-3.458807284647E-10,-35.20000000002,
    13.99999999998));
#540 = VECTOR('',#541,1.);
#541 = DIRECTION('',(5.480285506259E-10,1.,-3.1943075635E-12));
#542 = PCURVE('',#264,#543);
#543 = DEFINITIONAL_REPRESENTATION('',(#544),#570);
#544 = B_SPLINE_CURVE_WITH_KNOTS('',3,(#545,#546,#547,#548,#549,#550,
    #551,#552,#553,#554,#555,#556,#557,#558,#559,#560,#561,#562,#563,
    #564,#565,#566,#567,#568,#569),.UNSPECIFIED.,.F.,.F.,(4,1,1,1,1,1,1,
    1,1,1,1,1,1,1,1,1,1,1,1,1,1,1,4),(2.5000002258E-11,0.15454545457,
    0.309090909116,0.463636363661,0.618181818207,0.772727272752,
    0.927272727298,1.081818181843,1.236363636389,1.390909090934,
    1.54545454548,1.700000000025,1.85454545457,2.009090909116,
    2.163636363661,2.318181818207,2.472727272752,2.627272727298,
    2.781818181843,2.936363636389,3.090909090934,3.24545454548,
    3.400000000025),.QUASI_UNIFORM_KNOTS.);
#545 = CARTESIAN_POINT('',(6.28318530718,0.76));
#546 = CARTESIAN_POINT('',(6.283185307167,0.811515151515));
#547 = CARTESIAN_POINT('',(6.283185307156,0.914545454545));
#548 = CARTESIAN_POINT('',(6.283185307168,1.069090909091));
#549 = CARTESIAN_POINT('',(6.283185307173,1.223636363636));
#550 = CARTESIAN_POINT('',(6.283185307179,1.378181818182));
#551 = CARTESIAN_POINT('',(6.283185307185,1.532727272727));
#552 = CARTESIAN_POINT('',(6.283185307191,1.687272727273));
#553 = CARTESIAN_POINT('',(6.283185307197,1.841818181818));
#554 = CARTESIAN_POINT('',(6.283185307203,1.996363636364));
#555 = CARTESIAN_POINT('',(6.283185307209,2.150909090909));
#556 = CARTESIAN_POINT('',(6.283185307215,2.305454545455));
#557 = CARTESIAN_POINT('',(6.283185307221,2.46));
#558 = CARTESIAN_POINT('',(6.283185307227,2.614545454545));
#559 = CARTESIAN_POINT('',(6.283185307234,2.769090909091));
#560 = CARTESIAN_POINT('',(6.28318530724,2.923636363636));
#561 = CARTESIAN_POINT('',(6.283185307246,3.078181818182));
#562 = CARTESIAN_POINT('',(6.283185307252,3.232727272727));
#563 = CARTESIAN_POINT('',(6.283185307258,3.387272727273));
#564 = CARTESIAN_POINT('',(6.283185307263,3.541818181818));
#565 = CARTESIAN_POINT('',(6.283185307271,3.696363636364));
#566 = CARTESIAN_POINT('',(6.283185307271,3.850909090909));
#567 = CARTESIAN_POINT('',(6.283185307301,4.005454545455));
#568 = CARTESIAN_POINT('',(6.283185307244,4.108484848485));
#569 = CARTESIAN_POINT('',(6.28318530718,4.16));
#570 = ( GEOMETRIC_REPRESENTATION_CONTEXT(2) 
PARAMETRIC_REPRESENTATION_CONTEXT() REPRESENTATION_CONTEXT('2D SPACE',''
  ) );
#571 = PCURVE('',#296,#572);
#572 = DEFINITIONAL_REPRESENTATION('',(#573),#577);
#573 = LINE('',#574,#575);
#574 = CARTESIAN_POINT('',(0.,0.759999999975));
#575 = VECTOR('',#576,1.);
#576 = DIRECTION('',(0.,1.));
#577 = ( GEOMETRIC_REPRESENTATION_CONTEXT(2) 
PARAMETRIC_REPRESENTATION_CONTEXT() REPRESENTATION_CONTEXT('2D SPACE',''
  ) );
#578 = ORIENTED_EDGE('',*,*,#249,.F.);
#579 = ADVANCED_FACE('',(#580),#296,.T.);
#580 = FACE_BOUND('',#581,.T.);
#581 = EDGE_LOOP('',(#582,#583,#610,#611));
#582 = ORIENTED_EDGE('',*,*,#536,.F.);
#583 = ORIENTED_EDGE('',*,*,#584,.T.);
#584 = EDGE_CURVE('',#508,#485,#585,.T.);
#585 = SURFACE_CURVE('',#586,(#591,#598),.PCURVE_S1.);
#586 = CIRCLE('',#587,14.);
#587 = AXIS2_PLACEMENT_3D('',#588,#589,#590);
#588 = CARTESIAN_POINT('',(0.,-35.2,0.));
#589 = DIRECTION('',(0.,1.,0.));
#590 = DIRECTION('',(0.,0.,1.));
#591 = PCURVE('',#296,#592);
#592 = DEFINITIONAL_REPRESENTATION('',(#593),#597);
#593 = LINE('',#594,#595);
#594 = CARTESIAN_POINT('',(0.,0.76));
#595 = VECTOR('',#596,1.);
#596 = DIRECTION('',(1.,0.));
#597 = ( GEOMETRIC_REPRESENTATION_CONTEXT(2) 
PARAMETRIC_REPRESENTATION_CONTEXT() REPRESENTATION_CONTEXT('2D SPACE',''
  ) );
#598 = PCURVE('',#599,#604);
#599 = CONICAL_SURFACE('',#600,13.84999999997,0.785398163397);
#600 = AXIS2_PLACEMENT_3D('',#601,#602,#603);
#601 = CARTESIAN_POINT('',(6.366476538992E-14,-35.35000000002,0.));
#602 = DIRECTION('',(0.,1.,0.));
#603 = DIRECTION('',(0.,0.,-1.));
#604 = DEFINITIONAL_REPRESENTATION('',(#605),#609);
#605 = LINE('',#606,#607);
#606 = CARTESIAN_POINT('',(3.14159265359,0.150000000028));
#607 = VECTOR('',#608,1.);
#608 = DIRECTION('',(1.,0.));
#609 = ( GEOMETRIC_REPRESENTATION_CONTEXT(2) 
PARAMETRIC_REPRESENTATION_CONTEXT() REPRESENTATION_CONTEXT('2D SPACE',''
  ) );
#610 = ORIENTED_EDGE('',*,*,#484,.T.);
#611 = ORIENTED_EDGE('',*,*,#281,.F.);
#612 = ADVANCED_FACE('',(#613),#380,.T.);
#613 = FACE_BOUND('',#614,.T.);
#614 = EDGE_LOOP('',(#615,#660,#661,#662,#685));
#615 = ORIENTED_EDGE('',*,*,#616,.F.);
#616 = EDGE_CURVE('',#398,#617,#619,.T.);
#617 = VERTEX_POINT('',#618);
#618 = CARTESIAN_POINT('',(-14.,8.7,0.));
#619 = SURFACE_CURVE('',#620,(#624,#653),.PCURVE_S1.);
#620 = LINE('',#621,#622);
#621 = CARTESIAN_POINT('',(-13.99999999998,4.799999999975,
    3.472805995075E-10));
#622 = VECTOR('',#623,1.);
#623 = DIRECTION('',(2.823496422377E-12,1.,-4.793072286081E-10));
#624 = PCURVE('',#380,#625);
#625 = DEFINITIONAL_REPRESENTATION('',(#626),#652);
#626 = B_SPLINE_CURVE_WITH_KNOTS('',3,(#627,#628,#629,#630,#631,#632,
    #633,#634,#635,#636,#637,#638,#639,#640,#641,#642,#643,#644,#645,
    #646,#647,#648,#649,#650,#651),.UNSPECIFIED.,.F.,.F.,(4,1,1,1,1,1,1,
    1,1,1,1,1,1,1,1,1,1,1,1,1,1,1,4),(0.,0.177272727274,0.354545454548,
    0.531818181822,0.709090909095,0.886363636369,1.063636363643,
    1.240909090917,1.418181818191,1.595454545465,1.772727272739,
    1.950000000012,2.127272727286,2.30454545456,2.481818181834,
    2.659090909108,2.836363636382,3.013636363656,3.19090909093,
    3.368181818203,3.545454545477,3.722727272751,3.900000000025),
  .QUASI_UNIFORM_KNOTS.);
#627 = CARTESIAN_POINT('',(6.28318530718,6.225000000025));
#628 = CARTESIAN_POINT('',(6.283185307166,6.165909090934));
#629 = CARTESIAN_POINT('',(6.283185307156,6.047727272751));
#630 = CARTESIAN_POINT('',(6.283185307168,5.870454545477));
#631 = CARTESIAN_POINT('',(6.283185307173,5.693181818203));
#632 = CARTESIAN_POINT('',(6.283185307179,5.51590909093));
#633 = CARTESIAN_POINT('',(6.283185307185,5.338636363656));
#634 = CARTESIAN_POINT('',(6.283185307191,5.161363636382));
#635 = CARTESIAN_POINT('',(6.283185307197,4.984090909108));
#636 = CARTESIAN_POINT('',(6.283185307203,4.806818181834));
#637 = CARTESIAN_POINT('',(6.283185307209,4.62954545456));
#638 = CARTESIAN_POINT('',(6.283185307215,4.452272727286));
#639 = CARTESIAN_POINT('',(6.283185307222,4.275000000013));
#640 = CARTESIAN_POINT('',(6.283185307228,4.097727272739));
#641 = CARTESIAN_POINT('',(6.283185307234,3.920454545465));
#642 = CARTESIAN_POINT('',(6.28318530724,3.743181818191));
#643 = CARTESIAN_POINT('',(6.283185307246,3.565909090917));
#644 = CARTESIAN_POINT('',(6.283185307252,3.388636363643));
#645 = CARTESIAN_POINT('',(6.283185307258,3.211363636369));
#646 = CARTESIAN_POINT('',(6.283185307264,3.034090909095));
#647 = CARTESIAN_POINT('',(6.283185307272,2.856818181822));
#648 = CARTESIAN_POINT('',(6.283185307271,2.679545454548));
#649 = CARTESIAN_POINT('',(6.283185307302,2.502272727274));
#650 = CARTESIAN_POINT('',(6.283185307244,2.384090909091));
#651 = CARTESIAN_POINT('',(6.28318530718,2.325));
#652 = ( GEOMETRIC_REPRESENTATION_CONTEXT(2) 
PARAMETRIC_REPRESENTATION_CONTEXT() REPRESENTATION_CONTEXT('2D SPACE',''
  ) );
#653 = PCURVE('',#441,#654);
#654 = DEFINITIONAL_REPRESENTATION('',(#655),#659);
#655 = LINE('',#656,#657);
#656 = CARTESIAN_POINT('',(0.,6.225000000025));
#657 = VECTOR('',#658,1.);
#658 = DIRECTION('',(0.,-1.));
#659 = ( GEOMETRIC_REPRESENTATION_CONTEXT(2) 
PARAMETRIC_REPRESENTATION_CONTEXT() REPRESENTATION_CONTEXT('2D SPACE',''
  ) );
#660 = ORIENTED_EDGE('',*,*,#458,.T.);
#661 = ORIENTED_EDGE('',*,*,#365,.T.);
#662 = ORIENTED_EDGE('',*,*,#663,.T.);
#663 = EDGE_CURVE('',#337,#664,#666,.T.);
#664 = VERTEX_POINT('',#665);
#665 = CARTESIAN_POINT('',(14.,8.7,0.));
#666 = SURFACE_CURVE('',#667,(#671,#678),.PCURVE_S1.);
#667 = LINE('',#668,#669);
#668 = CARTESIAN_POINT('',(13.99999999998,4.799999999975,
    -3.4728180529E-10));
#669 = VECTOR('',#670,1.);
#670 = DIRECTION('',(-2.824862850715E-12,1.,4.793076271497E-10));
#671 = PCURVE('',#380,#672);
#672 = DEFINITIONAL_REPRESENTATION('',(#673),#677);
#673 = LINE('',#674,#675);
#674 = CARTESIAN_POINT('',(3.141592653565,6.225000000025));
#675 = VECTOR('',#676,1.);
#676 = DIRECTION('',(3.423620361546E-11,-1.));
#677 = ( GEOMETRIC_REPRESENTATION_CONTEXT(2) 
PARAMETRIC_REPRESENTATION_CONTEXT() REPRESENTATION_CONTEXT('2D SPACE',''
  ) );
#678 = PCURVE('',#441,#679);
#679 = DEFINITIONAL_REPRESENTATION('',(#680),#684);
#680 = LINE('',#681,#682);
#681 = CARTESIAN_POINT('',(3.141592653565,6.225000000025));
#682 = VECTOR('',#683,1.);
#683 = DIRECTION('',(3.423620361546E-11,-1.));
#684 = ( GEOMETRIC_REPRESENTATION_CONTEXT(2) 
PARAMETRIC_REPRESENTATION_CONTEXT() REPRESENTATION_CONTEXT('2D SPACE',''
  ) );
#685 = ORIENTED_EDGE('',*,*,#686,.F.);
#686 = EDGE_CURVE('',#617,#664,#687,.T.);
#687 = SURFACE_CURVE('',#688,(#693,#700),.PCURVE_S1.);
#688 = CIRCLE('',#689,14.);
#689 = AXIS2_PLACEMENT_3D('',#690,#691,#692);
#690 = CARTESIAN_POINT('',(0.,8.7,0.));
#691 = DIRECTION('',(0.,1.,-0.));
#692 = DIRECTION('',(-1.,0.,0.));
#693 = PCURVE('',#380,#694);
#694 = DEFINITIONAL_REPRESENTATION('',(#695),#699);
#695 = LINE('',#696,#697);
#696 = CARTESIAN_POINT('',(6.28318530718,2.325));
#697 = VECTOR('',#698,1.);
#698 = DIRECTION('',(-1.,0.));
#699 = ( GEOMETRIC_REPRESENTATION_CONTEXT(2) 
PARAMETRIC_REPRESENTATION_CONTEXT() REPRESENTATION_CONTEXT('2D SPACE',''
  ) );
#700 = PCURVE('',#701,#706);
#701 = CONICAL_SURFACE('',#702,13.84999999995,0.785398163397);
#702 = AXIS2_PLACEMENT_3D('',#703,#704,#705);
#703 = CARTESIAN_POINT('',(0.,8.850000000046,0.));
#704 = DIRECTION('',(0.,-1.,0.));
#705 = DIRECTION('',(0.,0.,-1.));
#706 = DEFINITIONAL_REPRESENTATION('',(#707),#711);
#707 = LINE('',#708,#709);
#708 = CARTESIAN_POINT('',(4.712388980385,0.150000000048));
#709 = VECTOR('',#710,1.);
#710 = DIRECTION('',(-1.,0.));
#711 = ( GEOMETRIC_REPRESENTATION_CONTEXT(2) 
PARAMETRIC_REPRESENTATION_CONTEXT() REPRESENTATION_CONTEXT('2D SPACE',''
  ) );
#712 = ADVANCED_FACE('',(#713),#441,.T.);
#713 = FACE_BOUND('',#714,.T.);
#714 = EDGE_LOOP('',(#715,#716,#717,#718));
#715 = ORIENTED_EDGE('',*,*,#663,.F.);
#716 = ORIENTED_EDGE('',*,*,#426,.T.);
#717 = ORIENTED_EDGE('',*,*,#616,.T.);
#718 = ORIENTED_EDGE('',*,*,#719,.F.);
#719 = EDGE_CURVE('',#664,#617,#720,.T.);
#720 = SURFACE_CURVE('',#721,(#726,#733),.PCURVE_S1.);
#721 = CIRCLE('',#722,14.);
#722 = AXIS2_PLACEMENT_3D('',#723,#724,#725);
#723 = CARTESIAN_POINT('',(0.,8.7,0.));
#724 = DIRECTION('',(-0.,1.,0.));
#725 = DIRECTION('',(1.,0.,0.));
#726 = PCURVE('',#441,#727);
#727 = DEFINITIONAL_REPRESENTATION('',(#728),#732);
#728 = LINE('',#729,#730);
#729 = CARTESIAN_POINT('',(3.14159265359,2.325));
#730 = VECTOR('',#731,1.);
#731 = DIRECTION('',(-1.,0.));
#732 = ( GEOMETRIC_REPRESENTATION_CONTEXT(2) 
PARAMETRIC_REPRESENTATION_CONTEXT() REPRESENTATION_CONTEXT('2D SPACE',''
  ) );
#733 = PCURVE('',#734,#739);
#734 = CONICAL_SURFACE('',#735,13.84999999995,0.785398163397);
#735 = AXIS2_PLACEMENT_3D('',#736,#737,#738);
#736 = CARTESIAN_POINT('',(0.,8.850000000046,0.));
#737 = DIRECTION('',(0.,-1.,0.));
#738 = DIRECTION('',(0.,0.,-1.));
#739 = DEFINITIONAL_REPRESENTATION('',(#740),#744);
#740 = LINE('',#741,#742);
#741 = CARTESIAN_POINT('',(1.570796326795,0.150000000048));
#742 = VECTOR('',#743,1.);
#743 = DIRECTION('',(-1.,0.));
#744 = ( GEOMETRIC_REPRESENTATION_CONTEXT(2) 
PARAMETRIC_REPRESENTATION_CONTEXT() REPRESENTATION_CONTEXT('2D SPACE',''
  ) );
#745 = ADVANCED_FACE('',(#746),#524,.T.);
#746 = FACE_BOUND('',#747,.T.);
#747 = EDGE_LOOP('',(#748,#771,#800,#821));
#748 = ORIENTED_EDGE('',*,*,#749,.T.);
#749 = EDGE_CURVE('',#485,#750,#752,.T.);
#750 = VERTEX_POINT('',#751);
#751 = CARTESIAN_POINT('',(0.,-35.5,-13.7));
#752 = SURFACE_CURVE('',#753,(#757,#764),.PCURVE_S1.);
#753 = LINE('',#754,#755);
#754 = CARTESIAN_POINT('',(3.458805823671E-10,-35.20000000002,
    -13.99999999998));
#755 = VECTOR('',#756,1.);
#756 = DIRECTION('',(2.484552068225E-10,-0.707106781187,0.707106781187)
  );
#757 = PCURVE('',#524,#758);
#758 = DEFINITIONAL_REPRESENTATION('',(#759),#763);
#759 = LINE('',#760,#761);
#760 = CARTESIAN_POINT('',(0.,0.150000000006));
#761 = VECTOR('',#762,1.);
#762 = DIRECTION('',(0.,-1.));
#763 = ( GEOMETRIC_REPRESENTATION_CONTEXT(2) 
PARAMETRIC_REPRESENTATION_CONTEXT() REPRESENTATION_CONTEXT('2D SPACE',''
  ) );
#764 = PCURVE('',#599,#765);
#765 = DEFINITIONAL_REPRESENTATION('',(#766),#770);
#766 = LINE('',#767,#768);
#767 = CARTESIAN_POINT('',(6.28318530718,0.150000000006));
#768 = VECTOR('',#769,1.);
#769 = DIRECTION('',(0.,-1.));
#770 = ( GEOMETRIC_REPRESENTATION_CONTEXT(2) 
PARAMETRIC_REPRESENTATION_CONTEXT() REPRESENTATION_CONTEXT('2D SPACE',''
  ) );
#771 = ORIENTED_EDGE('',*,*,#772,.T.);
#772 = EDGE_CURVE('',#750,#773,#775,.T.);
#773 = VERTEX_POINT('',#774);
#774 = CARTESIAN_POINT('',(0.,-35.5,13.7));
#775 = SURFACE_CURVE('',#776,(#781,#788),.PCURVE_S1.);
#776 = CIRCLE('',#777,13.7);
#777 = AXIS2_PLACEMENT_3D('',#778,#779,#780);
#778 = CARTESIAN_POINT('',(0.,-35.5,1.149702409382E-14));
#779 = DIRECTION('',(0.,1.,0.));
#780 = DIRECTION('',(0.,0.,-1.));
#781 = PCURVE('',#524,#782);
#782 = DEFINITIONAL_REPRESENTATION('',(#783),#787);
#783 = LINE('',#784,#785);
#784 = CARTESIAN_POINT('',(0.,-0.149999999972));
#785 = VECTOR('',#786,1.);
#786 = DIRECTION('',(1.,0.));
#787 = ( GEOMETRIC_REPRESENTATION_CONTEXT(2) 
PARAMETRIC_REPRESENTATION_CONTEXT() REPRESENTATION_CONTEXT('2D SPACE',''
  ) );
#788 = PCURVE('',#789,#794);
#789 = PLANE('',#790);
#790 = AXIS2_PLACEMENT_3D('',#791,#792,#793);
#791 = CARTESIAN_POINT('',(0.,-35.5,0.));
#792 = DIRECTION('',(0.,1.,0.));
#793 = DIRECTION('',(0.,0.,1.));
#794 = DEFINITIONAL_REPRESENTATION('',(#795),#799);
#795 = CIRCLE('',#796,13.7);
#796 = AXIS2_PLACEMENT_2D('',#797,#798);
#797 = CARTESIAN_POINT('',(1.149702409382E-14,0.));
#798 = DIRECTION('',(-1.,0.));
#799 = ( GEOMETRIC_REPRESENTATION_CONTEXT(2) 
PARAMETRIC_REPRESENTATION_CONTEXT() REPRESENTATION_CONTEXT('2D SPACE',''
  ) );
#800 = ORIENTED_EDGE('',*,*,#801,.F.);
#801 = EDGE_CURVE('',#508,#773,#802,.T.);
#802 = SURFACE_CURVE('',#803,(#807,#814),.PCURVE_S1.);
#803 = LINE('',#804,#805);
#804 = CARTESIAN_POINT('',(-3.458807284647E-10,-35.20000000002,
    13.99999999998));
#805 = VECTOR('',#806,1.);
#806 = DIRECTION('',(-2.48455673365E-10,-0.707106781187,-0.707106781186)
  );
#807 = PCURVE('',#524,#808);
#808 = DEFINITIONAL_REPRESENTATION('',(#809),#813);
#809 = LINE('',#810,#811);
#810 = CARTESIAN_POINT('',(3.141592653565,0.150000000006));
#811 = VECTOR('',#812,1.);
#812 = DIRECTION('',(-2.745063435819E-11,-1.));
#813 = ( GEOMETRIC_REPRESENTATION_CONTEXT(2) 
PARAMETRIC_REPRESENTATION_CONTEXT() REPRESENTATION_CONTEXT('2D SPACE',''
  ) );
#814 = PCURVE('',#599,#815);
#815 = DEFINITIONAL_REPRESENTATION('',(#816),#820);
#816 = LINE('',#817,#818);
#817 = CARTESIAN_POINT('',(3.141592653565,0.150000000006));
#818 = VECTOR('',#819,1.);
#819 = DIRECTION('',(-2.745211465556E-11,-1.));
#820 = ( GEOMETRIC_REPRESENTATION_CONTEXT(2) 
PARAMETRIC_REPRESENTATION_CONTEXT() REPRESENTATION_CONTEXT('2D SPACE',''
  ) );
#821 = ORIENTED_EDGE('',*,*,#507,.F.);
#822 = ADVANCED_FACE('',(#823),#599,.T.);
#823 = FACE_BOUND('',#824,.T.);
#824 = EDGE_LOOP('',(#825,#826,#848,#849));
#825 = ORIENTED_EDGE('',*,*,#801,.T.);#826 = ORIENTED_EDGE('',*,*,#827,.T.);
#827 = EDGE_CURVE('',#773,#750,#828,.T.);
#828 = SURFACE_CURVE('',#829,(#834,#841),.PCURVE_S1.);
#829 = CIRCLE('',#830,13.7);
#830 = AXIS2_PLACEMENT_3D('',#831,#832,#833);
#831 = CARTESIAN_POINT('',(6.366476538992E-14,-35.5,0.));
#832 = DIRECTION('',(0.,1.,0.));
#833 = DIRECTION('',(0.,0.,1.));
#834 = PCURVE('',#599,#835);
#835 = DEFINITIONAL_REPRESENTATION('',(#836),#840);
#836 = LINE('',#837,#838);
#837 = CARTESIAN_POINT('',(3.14159265359,-0.149999999972));
#838 = VECTOR('',#839,1.);
#839 = DIRECTION('',(1.,0.));
#840 = ( GEOMETRIC_REPRESENTATION_CONTEXT(2) 
PARAMETRIC_REPRESENTATION_CONTEXT() REPRESENTATION_CONTEXT('2D SPACE',''
  ) );
#841 = PCURVE('',#789,#842);
#842 = DEFINITIONAL_REPRESENTATION('',(#843),#847);
#843 = CIRCLE('',#844,13.7);
#844 = AXIS2_PLACEMENT_2D('',#845,#846);
#845 = CARTESIAN_POINT('',(0.,6.366476538992E-14));
#846 = DIRECTION('',(1.,0.));
#847 = ( GEOMETRIC_REPRESENTATION_CONTEXT(2) 
PARAMETRIC_REPRESENTATION_CONTEXT() REPRESENTATION_CONTEXT('2D SPACE',''
  ) );
#848 = ORIENTED_EDGE('',*,*,#749,.F.);
#849 = ORIENTED_EDGE('',*,*,#584,.F.);
#850 = ADVANCED_FACE('',(#851),#701,.T.);
#851 = FACE_BOUND('',#852,.T.);
#852 = EDGE_LOOP('',(#853,#876,#877,#900));
#853 = ORIENTED_EDGE('',*,*,#854,.T.);
#854 = EDGE_CURVE('',#855,#617,#857,.T.);
#855 = VERTEX_POINT('',#856);
#856 = CARTESIAN_POINT('',(-13.7,9.,0.));
#857 = SURFACE_CURVE('',#858,(#862,#869),.PCURVE_S1.);
#858 = LINE('',#859,#860);
#859 = CARTESIAN_POINT('',(-13.69999999995,9.000000000047,
    -1.985870013286E-09));
#860 = VECTOR('',#861,1.);
#861 = DIRECTION('',(-0.707106781187,-0.707106781187,1.093310641609E-09)
  );
#862 = PCURVE('',#701,#863);
#863 = DEFINITIONAL_REPRESENTATION('',(#864),#868);
#864 = LINE('',#865,#866);
#865 = CARTESIAN_POINT('',(4.71238898053,-0.150000000001));
#866 = VECTOR('',#867,1.);
#867 = DIRECTION('',(-1.207952256739E-10,1.));
#868 = ( GEOMETRIC_REPRESENTATION_CONTEXT(2) 
PARAMETRIC_REPRESENTATION_CONTEXT() REPRESENTATION_CONTEXT('2D SPACE',''
  ) );
#869 = PCURVE('',#734,#870);
#870 = DEFINITIONAL_REPRESENTATION('',(#871),#875);
#871 = LINE('',#872,#873);
#872 = CARTESIAN_POINT('',(-1.57079632665,-0.150000000001));
#873 = VECTOR('',#874,1.);
#874 = DIRECTION('',(-1.207952256739E-10,1.));
#875 = ( GEOMETRIC_REPRESENTATION_CONTEXT(2) 
PARAMETRIC_REPRESENTATION_CONTEXT() REPRESENTATION_CONTEXT('2D SPACE',''
  ) );
#876 = ORIENTED_EDGE('',*,*,#686,.T.);
#877 = ORIENTED_EDGE('',*,*,#878,.F.);
#878 = EDGE_CURVE('',#879,#664,#881,.T.);
#879 = VERTEX_POINT('',#880);
#880 = CARTESIAN_POINT('',(13.7,9.,0.));
#881 = SURFACE_CURVE('',#882,(#886,#893),.PCURVE_S1.);
#882 = LINE('',#883,#884);
#883 = CARTESIAN_POINT('',(13.69999999995,9.000000000047,
    1.985872496041E-09));
#884 = VECTOR('',#885,1.);
#885 = DIRECTION('',(0.707106781187,-0.707106781187,-1.093315672028E-09)
  );
#886 = PCURVE('',#701,#887);
#887 = DEFINITIONAL_REPRESENTATION('',(#888),#892);
#888 = LINE('',#889,#890);
#889 = CARTESIAN_POINT('',(1.57079632694,-0.150000000001));
#890 = VECTOR('',#891,1.);
#891 = DIRECTION('',(-1.207952256739E-10,1.));
#892 = ( GEOMETRIC_REPRESENTATION_CONTEXT(2) 
PARAMETRIC_REPRESENTATION_CONTEXT() REPRESENTATION_CONTEXT('2D SPACE',''
  ) );
#893 = PCURVE('',#734,#894);
#894 = DEFINITIONAL_REPRESENTATION('',(#895),#899);
#895 = LINE('',#896,#897);
#896 = CARTESIAN_POINT('',(1.57079632694,-0.150000000001));
#897 = VECTOR('',#898,1.);
#898 = DIRECTION('',(-1.207952256739E-10,1.));
#899 = ( GEOMETRIC_REPRESENTATION_CONTEXT(2) 
PARAMETRIC_REPRESENTATION_CONTEXT() REPRESENTATION_CONTEXT('2D SPACE',''
  ) );
#900 = ORIENTED_EDGE('',*,*,#901,.F.);
#901 = EDGE_CURVE('',#855,#879,#902,.T.);
#902 = SURFACE_CURVE('',#903,(#908,#915),.PCURVE_S1.);
#903 = CIRCLE('',#904,13.7);
#904 = AXIS2_PLACEMENT_3D('',#905,#906,#907);
#905 = CARTESIAN_POINT('',(0.,9.,0.));
#906 = DIRECTION('',(0.,1.,-0.));
#907 = DIRECTION('',(-1.,0.,0.));
#908 = PCURVE('',#701,#909);
#909 = DEFINITIONAL_REPRESENTATION('',(#910),#914);
#910 = LINE('',#911,#912);
#911 = CARTESIAN_POINT('',(4.712388980385,-0.149999999952));
#912 = VECTOR('',#913,1.);
#913 = DIRECTION('',(-1.,0.));
#914 = ( GEOMETRIC_REPRESENTATION_CONTEXT(2) 
PARAMETRIC_REPRESENTATION_CONTEXT() REPRESENTATION_CONTEXT('2D SPACE',''
  ) );
#915 = PCURVE('',#916,#921);
#916 = PLANE('',#917);
#917 = AXIS2_PLACEMENT_3D('',#918,#919,#920);
#918 = CARTESIAN_POINT('',(0.,9.,0.));
#919 = DIRECTION('',(0.,-1.,0.));
#920 = DIRECTION('',(-1.,0.,0.));
#921 = DEFINITIONAL_REPRESENTATION('',(#922),#930);
#922 = ( BOUNDED_CURVE() B_SPLINE_CURVE(2,(#923,#924,#925,#926,#927,#928
,#929),.UNSPECIFIED.,.T.,.F.) B_SPLINE_CURVE_WITH_KNOTS((1,2,2,2,2,1),(
    -2.094395102393,0.,2.094395102393,4.188790204786,6.28318530718,
8.377580409573),.UNSPECIFIED.) CURVE() GEOMETRIC_REPRESENTATION_ITEM() 
RATIONAL_B_SPLINE_CURVE((1.,0.5,1.,0.5,1.,0.5,1.)) REPRESENTATION_ITEM(
  '') );
#923 = CARTESIAN_POINT('',(13.7,0.));
#924 = CARTESIAN_POINT('',(13.7,-23.72909606369));
#925 = CARTESIAN_POINT('',(-6.85,-11.86454803184));
#926 = CARTESIAN_POINT('',(-27.4,-3.355532229664E-15));
#927 = CARTESIAN_POINT('',(-6.85,11.864548031847));
#928 = CARTESIAN_POINT('',(13.7,23.729096063694));
#929 = CARTESIAN_POINT('',(13.7,0.));
#930 = ( GEOMETRIC_REPRESENTATION_CONTEXT(2) 
PARAMETRIC_REPRESENTATION_CONTEXT() REPRESENTATION_CONTEXT('2D SPACE',''
  ) );
#931 = ADVANCED_FACE('',(#932),#734,.T.);
#932 = FACE_BOUND('',#933,.T.);
#933 = EDGE_LOOP('',(#934,#935,#936,#937));
#934 = ORIENTED_EDGE('',*,*,#878,.T.);
#935 = ORIENTED_EDGE('',*,*,#719,.T.);
#936 = ORIENTED_EDGE('',*,*,#854,.F.);
#937 = ORIENTED_EDGE('',*,*,#938,.F.);
#938 = EDGE_CURVE('',#879,#855,#939,.T.);
#939 = SURFACE_CURVE('',#940,(#945,#952),.PCURVE_S1.);
#940 = CIRCLE('',#941,13.7);
#941 = AXIS2_PLACEMENT_3D('',#942,#943,#944);
#942 = CARTESIAN_POINT('',(0.,9.,0.));
#943 = DIRECTION('',(-0.,1.,0.));
#944 = DIRECTION('',(1.,0.,0.));
#945 = PCURVE('',#734,#946);
#946 = DEFINITIONAL_REPRESENTATION('',(#947),#951);
#947 = LINE('',#948,#949);
#948 = CARTESIAN_POINT('',(1.570796326795,-0.149999999952));
#949 = VECTOR('',#950,1.);
#950 = DIRECTION('',(-1.,0.));
#951 = ( GEOMETRIC_REPRESENTATION_CONTEXT(2) 
PARAMETRIC_REPRESENTATION_CONTEXT() REPRESENTATION_CONTEXT('2D SPACE',''
  ) );
#952 = PCURVE('',#916,#953);
#953 = DEFINITIONAL_REPRESENTATION('',(#954),#962);
#954 = ( BOUNDED_CURVE() B_SPLINE_CURVE(2,(#955,#956,#957,#958,#959,#960
,#961),.UNSPECIFIED.,.T.,.F.) B_SPLINE_CURVE_WITH_KNOTS((1,2,2,2,2,1),(
    -2.094395102393,0.,2.094395102393,4.188790204786,6.28318530718,
8.377580409573),.UNSPECIFIED.) CURVE() GEOMETRIC_REPRESENTATION_ITEM() 
RATIONAL_B_SPLINE_CURVE((1.,0.5,1.,0.5,1.,0.5,1.)) REPRESENTATION_ITEM(
  '') );
#955 = CARTESIAN_POINT('',(-13.7,0.));
#956 = CARTESIAN_POINT('',(-13.7,23.729096063694));
#957 = CARTESIAN_POINT('',(6.85,11.864548031847));
#958 = CARTESIAN_POINT('',(27.4,3.355532229664E-15));
#959 = CARTESIAN_POINT('',(6.85,-11.86454803184));
#960 = CARTESIAN_POINT('',(-13.7,-23.72909606369));
#961 = CARTESIAN_POINT('',(-13.7,0.));
#962 = ( GEOMETRIC_REPRESENTATION_CONTEXT(2) 
PARAMETRIC_REPRESENTATION_CONTEXT() REPRESENTATION_CONTEXT('2D SPACE',''
  ) );
#963 = ADVANCED_FACE('',(#964,#968,#1028,#1088),#789,.F.);
#964 = FACE_BOUND('',#965,.F.);
#965 = EDGE_LOOP('',(#966,#967));
#966 = ORIENTED_EDGE('',*,*,#772,.T.);
#967 = ORIENTED_EDGE('',*,*,#827,.T.);
#968 = FACE_BOUND('',#969,.F.);
#969 = EDGE_LOOP('',(#970,#1001));
#970 = ORIENTED_EDGE('',*,*,#971,.F.);
#971 = EDGE_CURVE('',#972,#974,#976,.T.);
#972 = VERTEX_POINT('',#973);
#973 = CARTESIAN_POINT('',(0.,-35.5,-6.8));
#974 = VERTEX_POINT('',#975);
#975 = CARTESIAN_POINT('',(0.,-35.5,6.8));
#976 = SURFACE_CURVE('',#977,(#982,#989),.PCURVE_S1.);
#977 = CIRCLE('',#978,6.8);
#978 = AXIS2_PLACEMENT_3D('',#979,#980,#981);
#979 = CARTESIAN_POINT('',(0.,-35.5,0.));
#980 = DIRECTION('',(0.,1.,0.));
#981 = DIRECTION('',(0.,0.,-1.));
#982 = PCURVE('',#789,#983);
#983 = DEFINITIONAL_REPRESENTATION('',(#984),#988);
#984 = CIRCLE('',#985,6.8);
#985 = AXIS2_PLACEMENT_2D('',#986,#987);
#986 = CARTESIAN_POINT('',(0.,0.));
#987 = DIRECTION('',(-1.,0.));
#988 = ( GEOMETRIC_REPRESENTATION_CONTEXT(2) 
PARAMETRIC_REPRESENTATION_CONTEXT() REPRESENTATION_CONTEXT('2D SPACE',''
  ) );
#989 = PCURVE('',#990,#995);
#990 = CONICAL_SURFACE('',#991,6.649999999715,0.785398163397);
#991 = AXIS2_PLACEMENT_3D('',#992,#993,#994);
#992 = CARTESIAN_POINT('',(0.,-35.34999999971,0.));
#993 = DIRECTION('',(0.,-1.,0.));
#994 = DIRECTION('',(0.,0.,-1.));
#995 = DEFINITIONAL_REPRESENTATION('',(#996),#1000);
#996 = LINE('',#997,#998);
#997 = CARTESIAN_POINT('',(6.28318530718,0.150000000285));
#998 = VECTOR('',#999,1.);
#999 = DIRECTION('',(-1.,0.));
#1000 = ( GEOMETRIC_REPRESENTATION_CONTEXT(2) 
PARAMETRIC_REPRESENTATION_CONTEXT() REPRESENTATION_CONTEXT('2D SPACE',''
  ) );
#1001 = ORIENTED_EDGE('',*,*,#1002,.F.);
#1002 = EDGE_CURVE('',#974,#972,#1003,.T.);
#1003 = SURFACE_CURVE('',#1004,(#1009,#1016),.PCURVE_S1.);
#1004 = CIRCLE('',#1005,6.8);
#1005 = AXIS2_PLACEMENT_3D('',#1006,#1007,#1008);
#1006 = CARTESIAN_POINT('',(-1.467144228485E-14,-35.5,0.));
#1007 = DIRECTION('',(0.,1.,0.));
#1008 = DIRECTION('',(0.,0.,1.));
#1009 = PCURVE('',#789,#1010);
#1010 = DEFINITIONAL_REPRESENTATION('',(#1011),#1015);
#1011 = CIRCLE('',#1012,6.8);
#1012 = AXIS2_PLACEMENT_2D('',#1013,#1014);
#1013 = CARTESIAN_POINT('',(0.,-1.467144228485E-14));
#1014 = DIRECTION('',(1.,0.));
#1015 = ( GEOMETRIC_REPRESENTATION_CONTEXT(2) 
PARAMETRIC_REPRESENTATION_CONTEXT() REPRESENTATION_CONTEXT('2D SPACE',''
  ) );
#1016 = PCURVE('',#1017,#1022);
#1017 = CONICAL_SURFACE('',#1018,6.649999999715,0.785398163397);
#1018 = AXIS2_PLACEMENT_3D('',#1019,#1020,#1021);
#1019 = CARTESIAN_POINT('',(-1.467144228485E-14,-35.34999999971,0.));
#1020 = DIRECTION('',(0.,-1.,0.));
#1021 = DIRECTION('',(0.,0.,-1.));
#1022 = DEFINITIONAL_REPRESENTATION('',(#1023),#1027);
#1023 = LINE('',#1024,#1025);
#1024 = CARTESIAN_POINT('',(3.14159265359,0.150000000285));
#1025 = VECTOR('',#1026,1.);
#1026 = DIRECTION('',(-1.,0.));
#1027 = ( GEOMETRIC_REPRESENTATION_CONTEXT(2) 
PARAMETRIC_REPRESENTATION_CONTEXT() REPRESENTATION_CONTEXT('2D SPACE',''
  ) );
#1028 = FACE_BOUND('',#1029,.F.);
#1029 = EDGE_LOOP('',(#1030,#1061));
#1030 = ORIENTED_EDGE('',*,*,#1031,.F.);
#1031 = EDGE_CURVE('',#1032,#1034,#1036,.T.);
#1032 = VERTEX_POINT('',#1033);
#1033 = CARTESIAN_POINT('',(-1.6,-35.5,9.5));
#1034 = VERTEX_POINT('',#1035);
#1035 = CARTESIAN_POINT('',(1.6,-35.5,9.5));
#1036 = SURFACE_CURVE('',#1037,(#1042,#1049),.PCURVE_S1.);
#1037 = CIRCLE('',#1038,1.6);
#1038 = AXIS2_PLACEMENT_3D('',#1039,#1040,#1041);
#1039 = CARTESIAN_POINT('',(0.,-35.5,9.5));
#1040 = DIRECTION('',(0.,1.,-0.));
#1041 = DIRECTION('',(-1.,0.,0.));
#1042 = PCURVE('',#789,#1043);
#1043 = DEFINITIONAL_REPRESENTATION('',(#1044),#1048);
#1044 = CIRCLE('',#1045,1.6);
#1045 = AXIS2_PLACEMENT_2D('',#1046,#1047);
#1046 = CARTESIAN_POINT('',(9.5,0.));
#1047 = DIRECTION('',(0.,-1.));
#1048 = ( GEOMETRIC_REPRESENTATION_CONTEXT(2) 
PARAMETRIC_REPRESENTATION_CONTEXT() REPRESENTATION_CONTEXT('2D SPACE',''
  ) );
#1049 = PCURVE('',#1050,#1055);
#1050 = CONICAL_SURFACE('',#1051,1.449999996473,0.785398163397);
#1051 = AXIS2_PLACEMENT_3D('',#1052,#1053,#1054);
#1052 = CARTESIAN_POINT('',(0.,-35.34999999647,9.5));
#1053 = DIRECTION('',(0.,-1.,0.));
#1054 = DIRECTION('',(0.,0.,-1.));
#1055 = DEFINITIONAL_REPRESENTATION('',(#1056),#1060);
#1056 = LINE('',#1057,#1058);
#1057 = CARTESIAN_POINT('',(4.712388980385,0.150000003527));
#1058 = VECTOR('',#1059,1.);
#1059 = DIRECTION('',(-1.,0.));
#1060 = ( GEOMETRIC_REPRESENTATION_CONTEXT(2) 
PARAMETRIC_REPRESENTATION_CONTEXT() REPRESENTATION_CONTEXT('2D SPACE',''
  ) );
#1061 = ORIENTED_EDGE('',*,*,#1062,.F.);
#1062 = EDGE_CURVE('',#1034,#1032,#1063,.T.);
#1063 = SURFACE_CURVE('',#1064,(#1069,#1076),.PCURVE_S1.);
#1064 = CIRCLE('',#1065,1.6);
#1065 = AXIS2_PLACEMENT_3D('',#1066,#1067,#1068);
#1066 = CARTESIAN_POINT('',(0.,-35.5,9.5));
#1067 = DIRECTION('',(-0.,1.,0.));
#1068 = DIRECTION('',(1.,0.,0.));
#1069 = PCURVE('',#789,#1070);
#1070 = DEFINITIONAL_REPRESENTATION('',(#1071),#1075);
#1071 = CIRCLE('',#1072,1.6);
#1072 = AXIS2_PLACEMENT_2D('',#1073,#1074);
#1073 = CARTESIAN_POINT('',(9.5,0.));
#1074 = DIRECTION('',(0.,1.));
#1075 = ( GEOMETRIC_REPRESENTATION_CONTEXT(2) 
PARAMETRIC_REPRESENTATION_CONTEXT() REPRESENTATION_CONTEXT('2D SPACE',''
  ) );
#1076 = PCURVE('',#1077,#1082);
#1077 = CONICAL_SURFACE('',#1078,1.449999996473,0.785398163397);
#1078 = AXIS2_PLACEMENT_3D('',#1079,#1080,#1081);
#1079 = CARTESIAN_POINT('',(0.,-35.34999999647,9.5));
#1080 = DIRECTION('',(0.,-1.,0.));
#1081 = DIRECTION('',(0.,0.,-1.));
#1082 = DEFINITIONAL_REPRESENTATION('',(#1083),#1087);
#1083 = LINE('',#1084,#1085);
#1084 = CARTESIAN_POINT('',(7.853981633974,0.150000003527));
#1085 = VECTOR('',#1086,1.);
#1086 = DIRECTION('',(-1.,0.));
#1087 = ( GEOMETRIC_REPRESENTATION_CONTEXT(2) 
PARAMETRIC_REPRESENTATION_CONTEXT() REPRESENTATION_CONTEXT('2D SPACE',''
  ) );
#1088 = FACE_BOUND('',#1089,.F.);
#1089 = EDGE_LOOP('',(#1090,#1121));
#1090 = ORIENTED_EDGE('',*,*,#1091,.F.);
#1091 = EDGE_CURVE('',#1092,#1094,#1096,.T.);
#1092 = VERTEX_POINT('',#1093);
#1093 = CARTESIAN_POINT('',(-1.6,-35.5,-9.5));
#1094 = VERTEX_POINT('',#1095);
#1095 = CARTESIAN_POINT('',(1.6,-35.5,-9.5));
#1096 = SURFACE_CURVE('',#1097,(#1102,#1109),.PCURVE_S1.);
#1097 = CIRCLE('',#1098,1.6);
#1098 = AXIS2_PLACEMENT_3D('',#1099,#1100,#1101);
#1099 = CARTESIAN_POINT('',(0.,-35.5,-9.5));
#1100 = DIRECTION('',(0.,1.,-0.));
#1101 = DIRECTION('',(-1.,0.,0.));
#1102 = PCURVE('',#789,#1103);
#1103 = DEFINITIONAL_REPRESENTATION('',(#1104),#1108);
#1104 = CIRCLE('',#1105,1.6);
#1105 = AXIS2_PLACEMENT_2D('',#1106,#1107);
#1106 = CARTESIAN_POINT('',(-9.5,0.));
#1107 = DIRECTION('',(0.,-1.));
#1108 = ( GEOMETRIC_REPRESENTATION_CONTEXT(2) 
PARAMETRIC_REPRESENTATION_CONTEXT() REPRESENTATION_CONTEXT('2D SPACE',''
  ) );
#1109 = PCURVE('',#1110,#1115);
#1110 = CONICAL_SURFACE('',#1111,1.449999996473,0.785398163397);
#1111 = AXIS2_PLACEMENT_3D('',#1112,#1113,#1114);
#1112 = CARTESIAN_POINT('',(0.,-35.34999999647,-9.5));
#1113 = DIRECTION('',(0.,-1.,0.));
#1114 = DIRECTION('',(0.,0.,-1.));
#1115 = DEFINITIONAL_REPRESENTATION('',(#1116),#1120);
#1116 = LINE('',#1117,#1118);
#1117 = CARTESIAN_POINT('',(4.712388980385,0.150000003527));
#1118 = VECTOR('',#1119,1.);
#1119 = DIRECTION('',(-1.,0.));
#1120 = ( GEOMETRIC_REPRESENTATION_CONTEXT(2) 
PARAMETRIC_REPRESENTATION_CONTEXT() REPRESENTATION_CONTEXT('2D SPACE',''
  ) );
#1121 = ORIENTED_EDGE('',*,*,#1122,.F.);
#1122 = EDGE_CURVE('',#1094,#1092,#1123,.T.);
#1123 = SURFACE_CURVE('',#1124,(#1129,#1136),.PCURVE_S1.);
#1124 = CIRCLE('',#1125,1.6);
#1125 = AXIS2_PLACEMENT_3D('',#1126,#1127,#1128);
#1126 = CARTESIAN_POINT('',(0.,-35.5,-9.5));
#1127 = DIRECTION('',(-0.,1.,0.));
#1128 = DIRECTION('',(1.,0.,0.));
#1129 = PCURVE('',#789,#1130);
#1130 = DEFINITIONAL_REPRESENTATION('',(#1131),#1135);
#1131 = CIRCLE('',#1132,1.6);
#1132 = AXIS2_PLACEMENT_2D('',#1133,#1134);
#1133 = CARTESIAN_POINT('',(-9.5,0.));
#1134 = DIRECTION('',(0.,1.));
#1135 = ( GEOMETRIC_REPRESENTATION_CONTEXT(2) 
PARAMETRIC_REPRESENTATION_CONTEXT() REPRESENTATION_CONTEXT('2D SPACE',''
  ) );
#1136 = PCURVE('',#1137,#1142);
#1137 = CONICAL_SURFACE('',#1138,1.449999996473,0.785398163397);
#1138 = AXIS2_PLACEMENT_3D('',#1139,#1140,#1141);
#1139 = CARTESIAN_POINT('',(0.,-35.34999999647,-9.5));
#1140 = DIRECTION('',(0.,-1.,0.));
#1141 = DIRECTION('',(0.,0.,-1.));
#1142 = DEFINITIONAL_REPRESENTATION('',(#1143),#1147);
#1143 = LINE('',#1144,#1145);
#1144 = CARTESIAN_POINT('',(7.853981633974,0.150000003527));
#1145 = VECTOR('',#1146,1.);
#1146 = DIRECTION('',(-1.,0.));
#1147 = ( GEOMETRIC_REPRESENTATION_CONTEXT(2) 
PARAMETRIC_REPRESENTATION_CONTEXT() REPRESENTATION_CONTEXT('2D SPACE',''
  ) );
#1148 = ADVANCED_FACE('',(#1149,#1153,#1213,#1273,#1333,#1393),#916,.F.
  );
#1149 = FACE_BOUND('',#1150,.F.);
#1150 = EDGE_LOOP('',(#1151,#1152));
#1151 = ORIENTED_EDGE('',*,*,#901,.F.);
#1152 = ORIENTED_EDGE('',*,*,#938,.F.);
#1153 = FACE_BOUND('',#1154,.F.);
#1154 = EDGE_LOOP('',(#1155,#1186));
#1155 = ORIENTED_EDGE('',*,*,#1156,.F.);
#1156 = EDGE_CURVE('',#1157,#1159,#1161,.T.);
#1157 = VERTEX_POINT('',#1158);
#1158 = CARTESIAN_POINT('',(-9.45,9.,0.));
#1159 = VERTEX_POINT('',#1160);
#1160 = CARTESIAN_POINT('',(-12.55,9.,0.));
#1161 = SURFACE_CURVE('',#1162,(#1167,#1174),.PCURVE_S1.);
#1162 = CIRCLE('',#1163,1.55);
#1163 = AXIS2_PLACEMENT_3D('',#1164,#1165,#1166);
#1164 = CARTESIAN_POINT('',(-11.,9.,0.));
#1165 = DIRECTION('',(0.,-1.,0.));
#1166 = DIRECTION('',(1.,0.,0.));
#1167 = PCURVE('',#916,#1168);
#1168 = DEFINITIONAL_REPRESENTATION('',(#1169),#1173);
#1169 = CIRCLE('',#1170,1.55);
#1170 = AXIS2_PLACEMENT_2D('',#1171,#1172);
#1171 = CARTESIAN_POINT('',(11.,0.));
#1172 = DIRECTION('',(-1.,-0.));
#1173 = ( GEOMETRIC_REPRESENTATION_CONTEXT(2) 
PARAMETRIC_REPRESENTATION_CONTEXT() REPRESENTATION_CONTEXT('2D SPACE',''
  ) );
#1174 = PCURVE('',#1175,#1180);
#1175 = CONICAL_SURFACE('',#1176,1.39999999653,0.785398163397);
#1176 = AXIS2_PLACEMENT_3D('',#1177,#1178,#1179);
#1177 = CARTESIAN_POINT('',(-11.,8.84999999653,0.));
#1178 = DIRECTION('',(0.,1.,0.));
#1179 = DIRECTION('',(0.,0.,-1.));
#1180 = DEFINITIONAL_REPRESENTATION('',(#1181),#1185);
#1181 = LINE('',#1182,#1183);
#1182 = CARTESIAN_POINT('',(4.712388980385,0.15000000347));
#1183 = VECTOR('',#1184,1.);
#1184 = DIRECTION('',(-1.,0.));
#1185 = ( GEOMETRIC_REPRESENTATION_CONTEXT(2) 
PARAMETRIC_REPRESENTATION_CONTEXT() REPRESENTATION_CONTEXT('2D SPACE',''
  ) );
#1186 = ORIENTED_EDGE('',*,*,#1187,.F.);
#1187 = EDGE_CURVE('',#1159,#1157,#1188,.T.);
#1188 = SURFACE_CURVE('',#1189,(#1194,#1201),.PCURVE_S1.);
#1189 = CIRCLE('',#1190,1.55);
#1190 = AXIS2_PLACEMENT_3D('',#1191,#1192,#1193);
#1191 = CARTESIAN_POINT('',(-11.,9.,0.));
#1192 = DIRECTION('',(0.,-1.,0.));
#1193 = DIRECTION('',(-1.,0.,0.));
#1194 = PCURVE('',#916,#1195);
#1195 = DEFINITIONAL_REPRESENTATION('',(#1196),#1200);
#1196 = CIRCLE('',#1197,1.55);
#1197 = AXIS2_PLACEMENT_2D('',#1198,#1199);
#1198 = CARTESIAN_POINT('',(11.,0.));
#1199 = DIRECTION('',(1.,0.));
#1200 = ( GEOMETRIC_REPRESENTATION_CONTEXT(2) 
PARAMETRIC_REPRESENTATION_CONTEXT() REPRESENTATION_CONTEXT('2D SPACE',''
  ) );
#1201 = PCURVE('',#1202,#1207);
#1202 = CONICAL_SURFACE('',#1203,1.39999999653,0.785398163397);
#1203 = AXIS2_PLACEMENT_3D('',#1204,#1205,#1206);
#1204 = CARTESIAN_POINT('',(-11.,8.84999999653,0.));
#1205 = DIRECTION('',(0.,1.,0.));
#1206 = DIRECTION('',(0.,0.,-1.));
#1207 = DEFINITIONAL_REPRESENTATION('',(#1208),#1212);
#1208 = LINE('',#1209,#1210);
#1209 = CARTESIAN_POINT('',(7.853981633974,0.15000000347));
#1210 = VECTOR('',#1211,1.);
#1211 = DIRECTION('',(-1.,0.));
#1212 = ( GEOMETRIC_REPRESENTATION_CONTEXT(2) 
PARAMETRIC_REPRESENTATION_CONTEXT() REPRESENTATION_CONTEXT('2D SPACE',''
  ) );
#1213 = FACE_BOUND('',#1214,.F.);
#1214 = EDGE_LOOP('',(#1215,#1246));
#1215 = ORIENTED_EDGE('',*,*,#1216,.F.);
#1216 = EDGE_CURVE('',#1217,#1219,#1221,.T.);
#1217 = VERTEX_POINT('',#1218);
#1218 = CARTESIAN_POINT('',(0.,9.,-9.45));
#1219 = VERTEX_POINT('',#1220);
#1220 = CARTESIAN_POINT('',(0.,9.,-12.55));
#1221 = SURFACE_CURVE('',#1222,(#1227,#1234),.PCURVE_S1.);
#1222 = CIRCLE('',#1223,1.55);
#1223 = AXIS2_PLACEMENT_3D('',#1224,#1225,#1226);
#1224 = CARTESIAN_POINT('',(0.,9.,-11.));
#1225 = DIRECTION('',(0.,-1.,0.));
#1226 = DIRECTION('',(0.,0.,1.));
#1227 = PCURVE('',#916,#1228);
#1228 = DEFINITIONAL_REPRESENTATION('',(#1229),#1233);
#1229 = CIRCLE('',#1230,1.55);
#1230 = AXIS2_PLACEMENT_2D('',#1231,#1232);
#1231 = CARTESIAN_POINT('',(0.,11.));
#1232 = DIRECTION('',(0.,-1.));
#1233 = ( GEOMETRIC_REPRESENTATION_CONTEXT(2) 
PARAMETRIC_REPRESENTATION_CONTEXT() REPRESENTATION_CONTEXT('2D SPACE',''
  ) );
#1234 = PCURVE('',#1235,#1240);
#1235 = CONICAL_SURFACE('',#1236,1.39999999653,0.785398163397);
#1236 = AXIS2_PLACEMENT_3D('',#1237,#1238,#1239);
#1237 = CARTESIAN_POINT('',(0.,8.84999999653,-11.));
#1238 = DIRECTION('',(0.,1.,0.));
#1239 = DIRECTION('',(0.,0.,-1.));
#1240 = DEFINITIONAL_REPRESENTATION('',(#1241),#1245);
#1241 = LINE('',#1242,#1243);
#1242 = CARTESIAN_POINT('',(3.14159265359,0.15000000347));
#1243 = VECTOR('',#1244,1.);
#1244 = DIRECTION('',(-1.,0.));
#1245 = ( GEOMETRIC_REPRESENTATION_CONTEXT(2) 
PARAMETRIC_REPRESENTATION_CONTEXT() REPRESENTATION_CONTEXT('2D SPACE',''
  ) );
#1246 = ORIENTED_EDGE('',*,*,#1247,.F.);
#1247 = EDGE_CURVE('',#1219,#1217,#1248,.T.);
#1248 = SURFACE_CURVE('',#1249,(#1254,#1261),.PCURVE_S1.);
#1249 = CIRCLE('',#1250,1.55);
#1250 = AXIS2_PLACEMENT_3D('',#1251,#1252,#1253);
#1251 = CARTESIAN_POINT('',(0.,9.,-11.));
#1252 = DIRECTION('',(0.,-1.,0.));
#1253 = DIRECTION('',(0.,0.,-1.));
#1254 = PCURVE('',#916,#1255);
#1255 = DEFINITIONAL_REPRESENTATION('',(#1256),#1260);
#1256 = CIRCLE('',#1257,1.55);
#1257 = AXIS2_PLACEMENT_2D('',#1258,#1259);
#1258 = CARTESIAN_POINT('',(0.,11.));
#1259 = DIRECTION('',(0.,1.));
#1260 = ( GEOMETRIC_REPRESENTATION_CONTEXT(2) 
PARAMETRIC_REPRESENTATION_CONTEXT() REPRESENTATION_CONTEXT('2D SPACE',''
  ) );
#1261 = PCURVE('',#1262,#1267);
#1262 = CONICAL_SURFACE('',#1263,1.39999999653,0.785398163397);
#1263 = AXIS2_PLACEMENT_3D('',#1264,#1265,#1266);
#1264 = CARTESIAN_POINT('',(0.,8.84999999653,-11.));
#1265 = DIRECTION('',(0.,1.,0.));
#1266 = DIRECTION('',(0.,0.,-1.));
#1267 = DEFINITIONAL_REPRESENTATION('',(#1268),#1272);
#1268 = LINE('',#1269,#1270);
#1269 = CARTESIAN_POINT('',(6.28318530718,0.15000000347));
#1270 = VECTOR('',#1271,1.);
#1271 = DIRECTION('',(-1.,0.));
#1272 = ( GEOMETRIC_REPRESENTATION_CONTEXT(2) 
PARAMETRIC_REPRESENTATION_CONTEXT() REPRESENTATION_CONTEXT('2D SPACE',''
  ) );
#1273 = FACE_BOUND('',#1274,.F.);
#1274 = EDGE_LOOP('',(#1275,#1306));
#1275 = ORIENTED_EDGE('',*,*,#1276,.F.);
#1276 = EDGE_CURVE('',#1277,#1279,#1281,.T.);
#1277 = VERTEX_POINT('',#1278);
#1278 = CARTESIAN_POINT('',(9.45,9.,0.));
#1279 = VERTEX_POINT('',#1280);
#1280 = CARTESIAN_POINT('',(12.55,9.,0.));
#1281 = SURFACE_CURVE('',#1282,(#1287,#1294),.PCURVE_S1.);
#1282 = CIRCLE('',#1283,1.55);
#1283 = AXIS2_PLACEMENT_3D('',#1284,#1285,#1286);
#1284 = CARTESIAN_POINT('',(11.,9.,0.));
#1285 = DIRECTION('',(0.,-1.,0.));
#1286 = DIRECTION('',(-1.,0.,0.));
#1287 = PCURVE('',#916,#1288);
#1288 = DEFINITIONAL_REPRESENTATION('',(#1289),#1293);
#1289 = CIRCLE('',#1290,1.55);
#1290 = AXIS2_PLACEMENT_2D('',#1291,#1292);
#1291 = CARTESIAN_POINT('',(-11.,0.));
#1292 = DIRECTION('',(1.,0.));
#1293 = ( GEOMETRIC_REPRESENTATION_CONTEXT(2) 
PARAMETRIC_REPRESENTATION_CONTEXT() REPRESENTATION_CONTEXT('2D SPACE',''
  ) );
#1294 = PCURVE('',#1295,#1300);
#1295 = CONICAL_SURFACE('',#1296,1.39999999653,0.785398163397);
#1296 = AXIS2_PLACEMENT_3D('',#1297,#1298,#1299);
#1297 = CARTESIAN_POINT('',(11.,8.84999999653,0.));
#1298 = DIRECTION('',(0.,1.,0.));
#1299 = DIRECTION('',(0.,0.,-1.));
#1300 = DEFINITIONAL_REPRESENTATION('',(#1301),#1305);
#1301 = LINE('',#1302,#1303);
#1302 = CARTESIAN_POINT('',(7.853981633974,0.15000000347));
#1303 = VECTOR('',#1304,1.);
#1304 = DIRECTION('',(-1.,0.));
#1305 = ( GEOMETRIC_REPRESENTATION_CONTEXT(2) 
PARAMETRIC_REPRESENTATION_CONTEXT() REPRESENTATION_CONTEXT('2D SPACE',''
  ) );
#1306 = ORIENTED_EDGE('',*,*,#1307,.F.);
#1307 = EDGE_CURVE('',#1279,#1277,#1308,.T.);
#1308 = SURFACE_CURVE('',#1309,(#1314,#1321),.PCURVE_S1.);
#1309 = CIRCLE('',#1310,1.55);
#1310 = AXIS2_PLACEMENT_3D('',#1311,#1312,#1313);
#1311 = CARTESIAN_POINT('',(11.,9.,0.));
#1312 = DIRECTION('',(0.,-1.,0.));
#1313 = DIRECTION('',(1.,0.,0.));
#1314 = PCURVE('',#916,#1315);
#1315 = DEFINITIONAL_REPRESENTATION('',(#1316),#1320);
#1316 = CIRCLE('',#1317,1.55);
#1317 = AXIS2_PLACEMENT_2D('',#1318,#1319);
#1318 = CARTESIAN_POINT('',(-11.,0.));
#1319 = DIRECTION('',(-1.,-0.));
#1320 = ( GEOMETRIC_REPRESENTATION_CONTEXT(2) 
PARAMETRIC_REPRESENTATION_CONTEXT() REPRESENTATION_CONTEXT('2D SPACE',''
  ) );
#1321 = PCURVE('',#1322,#1327);
#1322 = CONICAL_SURFACE('',#1323,1.39999999653,0.785398163397);
#1323 = AXIS2_PLACEMENT_3D('',#1324,#1325,#1326);
#1324 = CARTESIAN_POINT('',(11.,8.84999999653,0.));
#1325 = DIRECTION('',(0.,1.,0.));
#1326 = DIRECTION('',(0.,0.,-1.));
#1327 = DEFINITIONAL_REPRESENTATION('',(#1328),#1332);
#1328 = LINE('',#1329,#1330);
#1329 = CARTESIAN_POINT('',(4.712388980385,0.15000000347));
#1330 = VECTOR('',#1331,1.);
#1331 = DIRECTION('',(-1.,0.));
#1332 = ( GEOMETRIC_REPRESENTATION_CONTEXT(2) 
PARAMETRIC_REPRESENTATION_CONTEXT() REPRESENTATION_CONTEXT('2D SPACE',''
  ) );
#1333 = FACE_BOUND('',#1334,.F.);
#1334 = EDGE_LOOP('',(#1335,#1366));
#1335 = ORIENTED_EDGE('',*,*,#1336,.F.);
#1336 = EDGE_CURVE('',#1337,#1339,#1341,.T.);
#1337 = VERTEX_POINT('',#1338);
#1338 = CARTESIAN_POINT('',(0.,9.,9.45));
#1339 = VERTEX_POINT('',#1340);
#1340 = CARTESIAN_POINT('',(0.,9.,12.55));
#1341 = SURFACE_CURVE('',#1342,(#1347,#1354),.PCURVE_S1.);
#1342 = CIRCLE('',#1343,1.55);
#1343 = AXIS2_PLACEMENT_3D('',#1344,#1345,#1346);
#1344 = CARTESIAN_POINT('',(0.,9.,11.));
#1345 = DIRECTION('',(0.,-1.,0.));
#1346 = DIRECTION('',(0.,0.,-1.));
#1347 = PCURVE('',#916,#1348);
#1348 = DEFINITIONAL_REPRESENTATION('',(#1349),#1353);
#1349 = CIRCLE('',#1350,1.55);
#1350 = AXIS2_PLACEMENT_2D('',#1351,#1352);
#1351 = CARTESIAN_POINT('',(0.,-11.));
#1352 = DIRECTION('',(0.,1.));
#1353 = ( GEOMETRIC_REPRESENTATION_CONTEXT(2) 
PARAMETRIC_REPRESENTATION_CONTEXT() REPRESENTATION_CONTEXT('2D SPACE',''
  ) );
#1354 = PCURVE('',#1355,#1360);
#1355 = CONICAL_SURFACE('',#1356,1.39999999653,0.785398163397);
#1356 = AXIS2_PLACEMENT_3D('',#1357,#1358,#1359);
#1357 = CARTESIAN_POINT('',(0.,8.84999999653,11.));
#1358 = DIRECTION('',(0.,1.,0.));
#1359 = DIRECTION('',(0.,0.,-1.));
#1360 = DEFINITIONAL_REPRESENTATION('',(#1361),#1365);
#1361 = LINE('',#1362,#1363);
#1362 = CARTESIAN_POINT('',(6.28318530718,0.15000000347));
#1363 = VECTOR('',#1364,1.);
#1364 = DIRECTION('',(-1.,0.));
#1365 = ( GEOMETRIC_REPRESENTATION_CONTEXT(2) 
PARAMETRIC_REPRESENTATION_CONTEXT() REPRESENTATION_CONTEXT('2D SPACE',''
  ) );
#1366 = ORIENTED_EDGE('',*,*,#1367,.F.);
#1367 = EDGE_CURVE('',#1339,#1337,#1368,.T.);
#1368 = SURFACE_CURVE('',#1369,(#1374,#1381),.PCURVE_S1.);
#1369 = CIRCLE('',#1370,1.55);
#1370 = AXIS2_PLACEMENT_3D('',#1371,#1372,#1373);
#1371 = CARTESIAN_POINT('',(0.,9.,11.));
#1372 = DIRECTION('',(0.,-1.,0.));
#1373 = DIRECTION('',(0.,0.,1.));
#1374 = PCURVE('',#916,#1375);
#1375 = DEFINITIONAL_REPRESENTATION('',(#1376),#1380);
#1376 = CIRCLE('',#1377,1.55);
#1377 = AXIS2_PLACEMENT_2D('',#1378,#1379);
#1378 = CARTESIAN_POINT('',(0.,-11.));
#1379 = DIRECTION('',(0.,-1.));
#1380 = ( GEOMETRIC_REPRESENTATION_CONTEXT(2) 
PARAMETRIC_REPRESENTATION_CONTEXT() REPRESENTATION_CONTEXT('2D SPACE',''
  ) );
#1381 = PCURVE('',#1382,#1387);
#1382 = CONICAL_SURFACE('',#1383,1.39999999653,0.785398163397);
#1383 = AXIS2_PLACEMENT_3D('',#1384,#1385,#1386);
#1384 = CARTESIAN_POINT('',(0.,8.84999999653,11.));
#1385 = DIRECTION('',(0.,1.,0.));
#1386 = DIRECTION('',(0.,0.,-1.));
#1387 = DEFINITIONAL_REPRESENTATION('',(#1388),#1392);
#1388 = LINE('',#1389,#1390);
#1389 = CARTESIAN_POINT('',(3.14159265359,0.15000000347));
#1390 = VECTOR('',#1391,1.);
#1391 = DIRECTION('',(-1.,0.));
#1392 = ( GEOMETRIC_REPRESENTATION_CONTEXT(2) 
PARAMETRIC_REPRESENTATION_CONTEXT() REPRESENTATION_CONTEXT('2D SPACE',''
  ) );
#1393 = FACE_BOUND('',#1394,.F.);
#1394 = EDGE_LOOP('',(#1395,#1430));
#1395 = ORIENTED_EDGE('',*,*,#1396,.T.);
#1396 = EDGE_CURVE('',#1397,#1399,#1401,.T.);
#1397 = VERTEX_POINT('',#1398);
#1398 = CARTESIAN_POINT('',(8.,9.,0.));
#1399 = VERTEX_POINT('',#1400);
#1400 = CARTESIAN_POINT('',(-8.,9.,0.));
#1401 = SURFACE_CURVE('',#1402,(#1407,#1418),.PCURVE_S1.);
#1402 = CIRCLE('',#1403,8.);
#1403 = AXIS2_PLACEMENT_3D('',#1404,#1405,#1406);
#1404 = CARTESIAN_POINT('',(0.,9.,0.));
#1405 = DIRECTION('',(-0.,1.,0.));
#1406 = DIRECTION('',(1.,0.,0.));
#1407 = PCURVE('',#916,#1408);
#1408 = DEFINITIONAL_REPRESENTATION('',(#1409),#1417);
#1409 = ( BOUNDED_CURVE() B_SPLINE_CURVE(2,(#1410,#1411,#1412,#1413,
#1414,#1415,#1416),.UNSPECIFIED.,.T.,.F.) B_SPLINE_CURVE_WITH_KNOTS((1,2
    ,2,2,2,1),(-2.094395102393,0.,2.094395102393,4.188790204786,
6.28318530718,8.377580409573),.UNSPECIFIED.) CURVE() 
GEOMETRIC_REPRESENTATION_ITEM() RATIONAL_B_SPLINE_CURVE((1.,0.5,1.,0.5,
1.,0.5,1.)) REPRESENTATION_ITEM('') );
#1410 = CARTESIAN_POINT('',(-8.,0.));
#1411 = CARTESIAN_POINT('',(-8.,13.856406460551));
#1412 = CARTESIAN_POINT('',(4.,6.928203230276));
#1413 = CARTESIAN_POINT('',(16.,1.959434878636E-15));
#1414 = CARTESIAN_POINT('',(4.,-6.928203230276));
#1415 = CARTESIAN_POINT('',(-8.,-13.85640646055));
#1416 = CARTESIAN_POINT('',(-8.,0.));
#1417 = ( GEOMETRIC_REPRESENTATION_CONTEXT(2) 
PARAMETRIC_REPRESENTATION_CONTEXT() REPRESENTATION_CONTEXT('2D SPACE',''
  ) );
#1418 = PCURVE('',#1419,#1424);
#1419 = CYLINDRICAL_SURFACE('',#1420,8.);
#1420 = AXIS2_PLACEMENT_3D('',#1421,#1422,#1423);
#1421 = CARTESIAN_POINT('',(0.,11.025,0.));
#1422 = DIRECTION('',(0.,-1.,0.));
#1423 = DIRECTION('',(-1.,0.,0.));
#1424 = DEFINITIONAL_REPRESENTATION('',(#1425),#1429);
#1425 = LINE('',#1426,#1427);
#1426 = CARTESIAN_POINT('',(3.14159265359,2.025));
#1427 = VECTOR('',#1428,1.);
#1428 = DIRECTION('',(-1.,0.));
#1429 = ( GEOMETRIC_REPRESENTATION_CONTEXT(2) 
PARAMETRIC_REPRESENTATION_CONTEXT() REPRESENTATION_CONTEXT('2D SPACE',''
  ) );
#1430 = ORIENTED_EDGE('',*,*,#1431,.F.);
#1431 = EDGE_CURVE('',#1397,#1399,#1432,.T.);
#1432 = SURFACE_CURVE('',#1433,(#1438,#1445),.PCURVE_S1.);
#1433 = CIRCLE('',#1434,8.);
#1434 = AXIS2_PLACEMENT_3D('',#1435,#1436,#1437);
#1435 = CARTESIAN_POINT('',(0.,9.,0.));
#1436 = DIRECTION('',(0.,-1.,0.));
#1437 = DIRECTION('',(1.,0.,0.));
#1438 = PCURVE('',#916,#1439);
#1439 = DEFINITIONAL_REPRESENTATION('',(#1440),#1444);
#1440 = CIRCLE('',#1441,8.);
#1441 = AXIS2_PLACEMENT_2D('',#1442,#1443);
#1442 = CARTESIAN_POINT('',(0.,0.));
#1443 = DIRECTION('',(-1.,-0.));
#1444 = ( GEOMETRIC_REPRESENTATION_CONTEXT(2) 
PARAMETRIC_REPRESENTATION_CONTEXT() REPRESENTATION_CONTEXT('2D SPACE',''
  ) );
#1445 = PCURVE('',#1446,#1451);
#1446 = CYLINDRICAL_SURFACE('',#1447,8.);
#1447 = AXIS2_PLACEMENT_3D('',#1448,#1449,#1450);
#1448 = CARTESIAN_POINT('',(0.,11.025,0.));
#1449 = DIRECTION('',(0.,-1.,0.));
#1450 = DIRECTION('',(-1.,0.,0.));
#1451 = DEFINITIONAL_REPRESENTATION('',(#1452),#1456);
#1452 = LINE('',#1453,#1454);
#1453 = CARTESIAN_POINT('',(3.14159265359,2.025));
#1454 = VECTOR('',#1455,1.);
#1455 = DIRECTION('',(1.,0.));
#1456 = ( GEOMETRIC_REPRESENTATION_CONTEXT(2) 
PARAMETRIC_REPRESENTATION_CONTEXT() REPRESENTATION_CONTEXT('2D SPACE',''
  ) );
#1457 = ADVANCED_FACE('',(#1458),#990,.F.);
#1458 = FACE_BOUND('',#1459,.F.);
#1459 = EDGE_LOOP('',(#1460,#1461,#1484,#1513));
#1460 = ORIENTED_EDGE('',*,*,#971,.T.);
#1461 = ORIENTED_EDGE('',*,*,#1462,.T.);
#1462 = EDGE_CURVE('',#974,#1463,#1465,.T.);
#1463 = VERTEX_POINT('',#1464);
#1464 = CARTESIAN_POINT('',(0.,-35.2,6.5));
#1465 = SURFACE_CURVE('',#1466,(#1470,#1477),.PCURVE_S1.);
#1466 = LINE('',#1467,#1468);
#1467 = CARTESIAN_POINT('',(3.677695800548E-09,-35.49999999969,
    6.799999999691));
#1468 = VECTOR('',#1469,1.);
#1469 = DIRECTION('',(-2.453925875476E-09,0.707106781187,-0.707106781187
    ));
#1470 = PCURVE('',#990,#1471);
#1471 = DEFINITIONAL_REPRESENTATION('',(#1472),#1476);
#1472 = LINE('',#1473,#1474);
#1473 = CARTESIAN_POINT('',(3.141592653049,0.149999999976));
#1474 = VECTOR('',#1475,1.);
#1475 = DIRECTION('',(4.506987375899E-10,-1.));
#1476 = ( GEOMETRIC_REPRESENTATION_CONTEXT(2) 
PARAMETRIC_REPRESENTATION_CONTEXT() REPRESENTATION_CONTEXT('2D SPACE',''
  ) );
#1477 = PCURVE('',#1017,#1478);
#1478 = DEFINITIONAL_REPRESENTATION('',(#1479),#1483);
#1479 = LINE('',#1480,#1481);
#1480 = CARTESIAN_POINT('',(3.141592653049,0.149999999976));
#1481 = VECTOR('',#1482,1.);
#1482 = DIRECTION('',(4.506987375899E-10,-1.));
#1483 = ( GEOMETRIC_REPRESENTATION_CONTEXT(2) 
PARAMETRIC_REPRESENTATION_CONTEXT() REPRESENTATION_CONTEXT('2D SPACE',''
  ) );
#1484 = ORIENTED_EDGE('',*,*,#1485,.F.);
#1485 = EDGE_CURVE('',#1486,#1463,#1488,.T.);
#1486 = VERTEX_POINT('',#1487);
#1487 = CARTESIAN_POINT('',(0.,-35.2,-6.5));
#1488 = SURFACE_CURVE('',#1489,(#1494,#1501),.PCURVE_S1.);
#1489 = CIRCLE('',#1490,6.5);
#1490 = AXIS2_PLACEMENT_3D('',#1491,#1492,#1493);
#1491 = CARTESIAN_POINT('',(0.,-35.2,0.));
#1492 = DIRECTION('',(0.,1.,0.));
#1493 = DIRECTION('',(0.,0.,-1.));
#1494 = PCURVE('',#990,#1495);
#1495 = DEFINITIONAL_REPRESENTATION('',(#1496),#1500);
#1496 = LINE('',#1497,#1498);
#1497 = CARTESIAN_POINT('',(6.28318530718,-0.149999999715));
#1498 = VECTOR('',#1499,1.);
#1499 = DIRECTION('',(-1.,0.));
#1500 = ( GEOMETRIC_REPRESENTATION_CONTEXT(2) 
PARAMETRIC_REPRESENTATION_CONTEXT() REPRESENTATION_CONTEXT('2D SPACE',''
  ) );
#1501 = PCURVE('',#1502,#1507);
#1502 = CYLINDRICAL_SURFACE('',#1503,6.5);
#1503 = AXIS2_PLACEMENT_3D('',#1504,#1505,#1506);
#1504 = CARTESIAN_POINT('',(0.,-35.96,0.));
#1505 = DIRECTION('',(0.,1.,0.));
#1506 = DIRECTION('',(0.,0.,1.));
#1507 = DEFINITIONAL_REPRESENTATION('',(#1508),#1512);
#1508 = LINE('',#1509,#1510);
#1509 = CARTESIAN_POINT('',(3.14159265359,0.76));
#1510 = VECTOR('',#1511,1.);
#1511 = DIRECTION('',(1.,0.));
#1512 = ( GEOMETRIC_REPRESENTATION_CONTEXT(2) 
PARAMETRIC_REPRESENTATION_CONTEXT() REPRESENTATION_CONTEXT('2D SPACE',''
  ) );
#1513 = ORIENTED_EDGE('',*,*,#1514,.F.);
#1514 = EDGE_CURVE('',#972,#1486,#1515,.T.);
#1515 = SURFACE_CURVE('',#1516,(#1520,#1527),.PCURVE_S1.);
#1516 = LINE('',#1517,#1518);
#1517 = CARTESIAN_POINT('',(-3.677694963493E-09,-35.49999999969,
    -6.799999999691));
#1518 = VECTOR('',#1519,1.);
#1519 = DIRECTION('',(2.453924768901E-09,0.707106781187,0.707106781187)
  );
#1520 = PCURVE('',#990,#1521);
#1521 = DEFINITIONAL_REPRESENTATION('',(#1522),#1526);
#1522 = LINE('',#1523,#1524);
#1523 = CARTESIAN_POINT('',(6.28318530718,0.149999999976));
#1524 = VECTOR('',#1525,1.);
#1525 = DIRECTION('',(0.,-1.));
#1526 = ( GEOMETRIC_REPRESENTATION_CONTEXT(2) 
PARAMETRIC_REPRESENTATION_CONTEXT() REPRESENTATION_CONTEXT('2D SPACE',''
  ) );
#1527 = PCURVE('',#1017,#1528);
#1528 = DEFINITIONAL_REPRESENTATION('',(#1529),#1533);
#1529 = LINE('',#1530,#1531);
#1530 = CARTESIAN_POINT('',(0.,0.149999999976));
#1531 = VECTOR('',#1532,1.);
#1532 = DIRECTION('',(0.,-1.));
#1533 = ( GEOMETRIC_REPRESENTATION_CONTEXT(2) 
PARAMETRIC_REPRESENTATION_CONTEXT() REPRESENTATION_CONTEXT('2D SPACE',''
  ) );
#1534 = ADVANCED_FACE('',(#1535),#1017,.F.);
#1535 = FACE_BOUND('',#1536,.F.);
#1536 = EDGE_LOOP('',(#1537,#1538,#1539,#1566));
#1537 = ORIENTED_EDGE('',*,*,#1002,.T.);
#1538 = ORIENTED_EDGE('',*,*,#1514,.T.);
#1539 = ORIENTED_EDGE('',*,*,#1540,.F.);
#1540 = EDGE_CURVE('',#1463,#1486,#1541,.T.);
#1541 = SURFACE_CURVE('',#1542,(#1547,#1554),.PCURVE_S1.);
#1542 = CIRCLE('',#1543,6.5);
#1543 = AXIS2_PLACEMENT_3D('',#1544,#1545,#1546);
#1544 = CARTESIAN_POINT('',(0.,-35.2,0.));
#1545 = DIRECTION('',(0.,1.,0.));
#1546 = DIRECTION('',(0.,0.,1.));
#1547 = PCURVE('',#1017,#1548);
#1548 = DEFINITIONAL_REPRESENTATION('',(#1549),#1553);
#1549 = LINE('',#1550,#1551);
#1550 = CARTESIAN_POINT('',(3.14159265359,-0.149999999715));
#1551 = VECTOR('',#1552,1.);
#1552 = DIRECTION('',(-1.,0.));
#1553 = ( GEOMETRIC_REPRESENTATION_CONTEXT(2) 
PARAMETRIC_REPRESENTATION_CONTEXT() REPRESENTATION_CONTEXT('2D SPACE',''
  ) );
#1554 = PCURVE('',#1555,#1560);
#1555 = CYLINDRICAL_SURFACE('',#1556,6.5);
#1556 = AXIS2_PLACEMENT_3D('',#1557,#1558,#1559);
#1557 = CARTESIAN_POINT('',(0.,-35.96,0.));
#1558 = DIRECTION('',(0.,1.,0.));
#1559 = DIRECTION('',(0.,0.,1.));
#1560 = DEFINITIONAL_REPRESENTATION('',(#1561),#1565);
#1561 = LINE('',#1562,#1563);
#1562 = CARTESIAN_POINT('',(0.,0.76));
#1563 = VECTOR('',#1564,1.);
#1564 = DIRECTION('',(1.,0.));
#1565 = ( GEOMETRIC_REPRESENTATION_CONTEXT(2) 
PARAMETRIC_REPRESENTATION_CONTEXT() REPRESENTATION_CONTEXT('2D SPACE',''
  ) );
#1566 = ORIENTED_EDGE('',*,*,#1462,.F.);
#1567 = ADVANCED_FACE('',(#1568),#1050,.F.);
#1568 = FACE_BOUND('',#1569,.F.);
#1569 = EDGE_LOOP('',(#1570,#1571,#1594,#1623));
#1570 = ORIENTED_EDGE('',*,*,#1031,.T.);
#1571 = ORIENTED_EDGE('',*,*,#1572,.T.);
#1572 = EDGE_CURVE('',#1034,#1573,#1575,.T.);
#1573 = VERTEX_POINT('',#1574);
#1574 = CARTESIAN_POINT('',(1.3,-35.2,9.5));
#1575 = SURFACE_CURVE('',#1576,(#1580,#1587),.PCURVE_S1.);
#1576 = LINE('',#1577,#1578);
#1577 = CARTESIAN_POINT('',(1.599999994131,-35.49999999413,
    9.499999966747));
#1578 = VECTOR('',#1579,1.);
#1579 = DIRECTION('',(-0.707106781187,0.707106781187,3.0616577085E-08));
#1580 = PCURVE('',#1050,#1581);
#1581 = DEFINITIONAL_REPRESENTATION('',(#1582),#1586);
#1582 = LINE('',#1583,#1584);
#1583 = CARTESIAN_POINT('',(1.570796306012,0.149999997658));
#1584 = VECTOR('',#1585,1.);
#1585 = DIRECTION('',(1.731942589344E-08,-1.));
#1586 = ( GEOMETRIC_REPRESENTATION_CONTEXT(2) 
PARAMETRIC_REPRESENTATION_CONTEXT() REPRESENTATION_CONTEXT('2D SPACE',''
  ) );
#1587 = PCURVE('',#1077,#1588);
#1588 = DEFINITIONAL_REPRESENTATION('',(#1589),#1593);
#1589 = LINE('',#1590,#1591);
#1590 = CARTESIAN_POINT('',(7.853981613191,0.149999997658));
#1591 = VECTOR('',#1592,1.);
#1592 = DIRECTION('',(1.731942589344E-08,-1.));
#1593 = ( GEOMETRIC_REPRESENTATION_CONTEXT(2) 
PARAMETRIC_REPRESENTATION_CONTEXT() REPRESENTATION_CONTEXT('2D SPACE',''
  ) );
#1594 = ORIENTED_EDGE('',*,*,#1595,.F.);
#1595 = EDGE_CURVE('',#1596,#1573,#1598,.T.);
#1596 = VERTEX_POINT('',#1597);
#1597 = CARTESIAN_POINT('',(-1.3,-35.2,9.5));
#1598 = SURFACE_CURVE('',#1599,(#1604,#1611),.PCURVE_S1.);
#1599 = CIRCLE('',#1600,1.3);
#1600 = AXIS2_PLACEMENT_3D('',#1601,#1602,#1603);
#1601 = CARTESIAN_POINT('',(0.,-35.2,9.5));
#1602 = DIRECTION('',(0.,1.,-0.));
#1603 = DIRECTION('',(-1.,0.,0.));
#1604 = PCURVE('',#1050,#1605);
#1605 = DEFINITIONAL_REPRESENTATION('',(#1606),#1610);
#1606 = LINE('',#1607,#1608);
#1607 = CARTESIAN_POINT('',(4.712388980385,-0.149999996473));
#1608 = VECTOR('',#1609,1.);
#1609 = DIRECTION('',(-1.,0.));
#1610 = ( GEOMETRIC_REPRESENTATION_CONTEXT(2) 
PARAMETRIC_REPRESENTATION_CONTEXT() REPRESENTATION_CONTEXT('2D SPACE',''
  ) );
#1611 = PCURVE('',#1612,#1617);
#1612 = CYLINDRICAL_SURFACE('',#1613,1.3);
#1613 = AXIS2_PLACEMENT_3D('',#1614,#1615,#1616);
#1614 = CARTESIAN_POINT('',(0.,14.5,9.5));
#1615 = DIRECTION('',(0.,-1.,0.));
#1616 = DIRECTION('',(1.,0.,0.));
#1617 = DEFINITIONAL_REPRESENTATION('',(#1618),#1622);
#1618 = LINE('',#1619,#1620);
#1619 = CARTESIAN_POINT('',(3.14159265359,49.7));
#1620 = VECTOR('',#1621,1.);
#1621 = DIRECTION('',(-1.,0.));
#1622 = ( GEOMETRIC_REPRESENTATION_CONTEXT(2) 
PARAMETRIC_REPRESENTATION_CONTEXT() REPRESENTATION_CONTEXT('2D SPACE',''
  ) );
#1623 = ORIENTED_EDGE('',*,*,#1624,.F.);
#1624 = EDGE_CURVE('',#1032,#1596,#1625,.T.);
#1625 = SURFACE_CURVE('',#1626,(#1630,#1637),.PCURVE_S1.);
#1626 = LINE('',#1627,#1628);
#1627 = CARTESIAN_POINT('',(-1.599999994131,-35.49999999413,
    9.500000033253));
#1628 = VECTOR('',#1629,1.);
#1629 = DIRECTION('',(0.707106781187,0.707106781187,-3.061658127191E-08)
  );
#1630 = PCURVE('',#1050,#1631);
#1631 = DEFINITIONAL_REPRESENTATION('',(#1632),#1636);
#1632 = LINE('',#1633,#1634);
#1633 = CARTESIAN_POINT('',(4.712388959602,0.149999997658));
#1634 = VECTOR('',#1635,1.);
#1635 = DIRECTION('',(1.731942885404E-08,-1.));
#1636 = ( GEOMETRIC_REPRESENTATION_CONTEXT(2) 
PARAMETRIC_REPRESENTATION_CONTEXT() REPRESENTATION_CONTEXT('2D SPACE',''
  ) );
#1637 = PCURVE('',#1077,#1638);
#1638 = DEFINITIONAL_REPRESENTATION('',(#1639),#1643);
#1639 = LINE('',#1640,#1641);
#1640 = CARTESIAN_POINT('',(4.712388959602,0.149999997658));
#1641 = VECTOR('',#1642,1.);
#1642 = DIRECTION('',(1.731942885404E-08,-1.));
#1643 = ( GEOMETRIC_REPRESENTATION_CONTEXT(2) 
PARAMETRIC_REPRESENTATION_CONTEXT() REPRESENTATION_CONTEXT('2D SPACE',''
  ) );
#1644 = ADVANCED_FACE('',(#1645),#1077,.F.);
#1645 = FACE_BOUND('',#1646,.F.);
#1646 = EDGE_LOOP('',(#1647,#1648,#1649,#1676));
#1647 = ORIENTED_EDGE('',*,*,#1062,.T.);
#1648 = ORIENTED_EDGE('',*,*,#1624,.T.);
#1649 = ORIENTED_EDGE('',*,*,#1650,.F.);
#1650 = EDGE_CURVE('',#1573,#1596,#1651,.T.);
#1651 = SURFACE_CURVE('',#1652,(#1657,#1664),.PCURVE_S1.);
#1652 = CIRCLE('',#1653,1.3);
#1653 = AXIS2_PLACEMENT_3D('',#1654,#1655,#1656);
#1654 = CARTESIAN_POINT('',(0.,-35.2,9.5));
#1655 = DIRECTION('',(-0.,1.,0.));
#1656 = DIRECTION('',(1.,0.,0.));
#1657 = PCURVE('',#1077,#1658);
#1658 = DEFINITIONAL_REPRESENTATION('',(#1659),#1663);
#1659 = LINE('',#1660,#1661);
#1660 = CARTESIAN_POINT('',(7.853981633974,-0.149999996473));
#1661 = VECTOR('',#1662,1.);
#1662 = DIRECTION('',(-1.,0.));
#1663 = ( GEOMETRIC_REPRESENTATION_CONTEXT(2) 
PARAMETRIC_REPRESENTATION_CONTEXT() REPRESENTATION_CONTEXT('2D SPACE',''
  ) );
#1664 = PCURVE('',#1665,#1670);
#1665 = CYLINDRICAL_SURFACE('',#1666,1.3);
#1666 = AXIS2_PLACEMENT_3D('',#1667,#1668,#1669);
#1667 = CARTESIAN_POINT('',(0.,14.5,9.5));
#1668 = DIRECTION('',(0.,-1.,0.));
#1669 = DIRECTION('',(1.,0.,0.));
#1670 = DEFINITIONAL_REPRESENTATION('',(#1671),#1675);
#1671 = LINE('',#1672,#1673);
#1672 = CARTESIAN_POINT('',(6.28318530718,49.7));
#1673 = VECTOR('',#1674,1.);
#1674 = DIRECTION('',(-1.,0.));
#1675 = ( GEOMETRIC_REPRESENTATION_CONTEXT(2) 
PARAMETRIC_REPRESENTATION_CONTEXT() REPRESENTATION_CONTEXT('2D SPACE',''
  ) );
#1676 = ORIENTED_EDGE('',*,*,#1572,.F.);
#1677 = ADVANCED_FACE('',(#1678),#1110,.F.);
#1678 = FACE_BOUND('',#1679,.F.);
#1679 = EDGE_LOOP('',(#1680,#1681,#1704,#1733));
#1680 = ORIENTED_EDGE('',*,*,#1091,.T.);
#1681 = ORIENTED_EDGE('',*,*,#1682,.T.);
#1682 = EDGE_CURVE('',#1094,#1683,#1685,.T.);#1683 = VERTEX_POINT('',#1684);
#1684 = CARTESIAN_POINT('',(1.3,-35.2,-9.5));
#1685 = SURFACE_CURVE('',#1686,(#1690,#1697),.PCURVE_S1.);
#1686 = LINE('',#1687,#1688);
#1687 = CARTESIAN_POINT('',(1.599999994131,-35.49999999413,
    -9.500000033253));
#1688 = VECTOR('',#1689,1.);
#1689 = DIRECTION('',(-0.707106781186,0.707106781187,3.061657289809E-08)
  );
#1690 = PCURVE('',#1110,#1691);
#1691 = DEFINITIONAL_REPRESENTATION('',(#1692),#1696);
#1692 = LINE('',#1693,#1694);
#1693 = CARTESIAN_POINT('',(1.570796306012,0.149999997658));
#1694 = VECTOR('',#1695,1.);
#1695 = DIRECTION('',(1.73194207124E-08,-1.));
#1696 = ( GEOMETRIC_REPRESENTATION_CONTEXT(2) 
PARAMETRIC_REPRESENTATION_CONTEXT() REPRESENTATION_CONTEXT('2D SPACE',''
  ) );
#1697 = PCURVE('',#1137,#1698);
#1698 = DEFINITIONAL_REPRESENTATION('',(#1699),#1703);
#1699 = LINE('',#1700,#1701);
#1700 = CARTESIAN_POINT('',(7.853981613191,0.149999997658));
#1701 = VECTOR('',#1702,1.);
#1702 = DIRECTION('',(1.73194207124E-08,-1.));
#1703 = ( GEOMETRIC_REPRESENTATION_CONTEXT(2) 
PARAMETRIC_REPRESENTATION_CONTEXT() REPRESENTATION_CONTEXT('2D SPACE',''
  ) );
#1704 = ORIENTED_EDGE('',*,*,#1705,.F.);
#1705 = EDGE_CURVE('',#1706,#1683,#1708,.T.);
#1706 = VERTEX_POINT('',#1707);
#1707 = CARTESIAN_POINT('',(-1.3,-35.2,-9.5));
#1708 = SURFACE_CURVE('',#1709,(#1714,#1721),.PCURVE_S1.);
#1709 = CIRCLE('',#1710,1.3);
#1710 = AXIS2_PLACEMENT_3D('',#1711,#1712,#1713);
#1711 = CARTESIAN_POINT('',(0.,-35.2,-9.5));
#1712 = DIRECTION('',(0.,1.,-0.));
#1713 = DIRECTION('',(-1.,0.,0.));
#1714 = PCURVE('',#1110,#1715);
#1715 = DEFINITIONAL_REPRESENTATION('',(#1716),#1720);
#1716 = LINE('',#1717,#1718);
#1717 = CARTESIAN_POINT('',(4.712388980385,-0.149999996473));
#1718 = VECTOR('',#1719,1.);
#1719 = DIRECTION('',(-1.,0.));
#1720 = ( GEOMETRIC_REPRESENTATION_CONTEXT(2) 
PARAMETRIC_REPRESENTATION_CONTEXT() REPRESENTATION_CONTEXT('2D SPACE',''
  ) );
#1721 = PCURVE('',#1722,#1727);
#1722 = CYLINDRICAL_SURFACE('',#1723,1.3);
#1723 = AXIS2_PLACEMENT_3D('',#1724,#1725,#1726);
#1724 = CARTESIAN_POINT('',(0.,14.5,-9.5));
#1725 = DIRECTION('',(0.,-1.,0.));
#1726 = DIRECTION('',(1.,0.,0.));
#1727 = DEFINITIONAL_REPRESENTATION('',(#1728),#1732);
#1728 = LINE('',#1729,#1730);
#1729 = CARTESIAN_POINT('',(3.14159265359,49.7));
#1730 = VECTOR('',#1731,1.);
#1731 = DIRECTION('',(-1.,0.));
#1732 = ( GEOMETRIC_REPRESENTATION_CONTEXT(2) 
PARAMETRIC_REPRESENTATION_CONTEXT() REPRESENTATION_CONTEXT('2D SPACE',''
  ) );
#1733 = ORIENTED_EDGE('',*,*,#1734,.F.);
#1734 = EDGE_CURVE('',#1092,#1706,#1735,.T.);
#1735 = SURFACE_CURVE('',#1736,(#1740,#1747),.PCURVE_S1.);
#1736 = LINE('',#1737,#1738);
#1737 = CARTESIAN_POINT('',(-1.599999994131,-35.49999999413,
    -9.499999966747));
#1738 = VECTOR('',#1739,1.);
#1739 = DIRECTION('',(0.707106781186,0.707106781187,-3.0616577085E-08));
#1740 = PCURVE('',#1110,#1741);
#1741 = DEFINITIONAL_REPRESENTATION('',(#1742),#1746);
#1742 = LINE('',#1743,#1744);
#1743 = CARTESIAN_POINT('',(4.712388959602,0.149999997658));
#1744 = VECTOR('',#1745,1.);
#1745 = DIRECTION('',(1.731942589344E-08,-1.));
#1746 = ( GEOMETRIC_REPRESENTATION_CONTEXT(2) 
PARAMETRIC_REPRESENTATION_CONTEXT() REPRESENTATION_CONTEXT('2D SPACE',''
  ) );
#1747 = PCURVE('',#1137,#1748);
#1748 = DEFINITIONAL_REPRESENTATION('',(#1749),#1753);
#1749 = LINE('',#1750,#1751);
#1750 = CARTESIAN_POINT('',(4.712388959602,0.149999997658));
#1751 = VECTOR('',#1752,1.);
#1752 = DIRECTION('',(1.731942589344E-08,-1.));
#1753 = ( GEOMETRIC_REPRESENTATION_CONTEXT(2) 
PARAMETRIC_REPRESENTATION_CONTEXT() REPRESENTATION_CONTEXT('2D SPACE',''
  ) );
#1754 = ADVANCED_FACE('',(#1755),#1137,.F.);
#1755 = FACE_BOUND('',#1756,.F.);
#1756 = EDGE_LOOP('',(#1757,#1758,#1759,#1786));
#1757 = ORIENTED_EDGE('',*,*,#1122,.T.);
#1758 = ORIENTED_EDGE('',*,*,#1734,.T.);
#1759 = ORIENTED_EDGE('',*,*,#1760,.F.);
#1760 = EDGE_CURVE('',#1683,#1706,#1761,.T.);
#1761 = SURFACE_CURVE('',#1762,(#1767,#1774),.PCURVE_S1.);
#1762 = CIRCLE('',#1763,1.3);
#1763 = AXIS2_PLACEMENT_3D('',#1764,#1765,#1766);
#1764 = CARTESIAN_POINT('',(0.,-35.2,-9.5));
#1765 = DIRECTION('',(-0.,1.,0.));
#1766 = DIRECTION('',(1.,0.,0.));
#1767 = PCURVE('',#1137,#1768);
#1768 = DEFINITIONAL_REPRESENTATION('',(#1769),#1773);
#1769 = LINE('',#1770,#1771);
#1770 = CARTESIAN_POINT('',(7.853981633974,-0.149999996473));
#1771 = VECTOR('',#1772,1.);
#1772 = DIRECTION('',(-1.,0.));
#1773 = ( GEOMETRIC_REPRESENTATION_CONTEXT(2) 
PARAMETRIC_REPRESENTATION_CONTEXT() REPRESENTATION_CONTEXT('2D SPACE',''
  ) );
#1774 = PCURVE('',#1775,#1780);
#1775 = CYLINDRICAL_SURFACE('',#1776,1.3);
#1776 = AXIS2_PLACEMENT_3D('',#1777,#1778,#1779);
#1777 = CARTESIAN_POINT('',(0.,14.5,-9.5));
#1778 = DIRECTION('',(0.,-1.,0.));
#1779 = DIRECTION('',(1.,0.,0.));
#1780 = DEFINITIONAL_REPRESENTATION('',(#1781),#1785);
#1781 = LINE('',#1782,#1783);
#1782 = CARTESIAN_POINT('',(6.28318530718,49.7));
#1783 = VECTOR('',#1784,1.);
#1784 = DIRECTION('',(-1.,0.));
#1785 = ( GEOMETRIC_REPRESENTATION_CONTEXT(2) 
PARAMETRIC_REPRESENTATION_CONTEXT() REPRESENTATION_CONTEXT('2D SPACE',''
  ) );
#1786 = ORIENTED_EDGE('',*,*,#1682,.F.);
#1787 = ADVANCED_FACE('',(#1788),#1175,.F.);
#1788 = FACE_BOUND('',#1789,.F.);
#1789 = EDGE_LOOP('',(#1790,#1791,#1814,#1843));
#1790 = ORIENTED_EDGE('',*,*,#1156,.T.);
#1791 = ORIENTED_EDGE('',*,*,#1792,.T.);
#1792 = EDGE_CURVE('',#1159,#1793,#1795,.T.);
#1793 = VERTEX_POINT('',#1794);
#1794 = CARTESIAN_POINT('',(-12.25,8.7,0.));
#1795 = SURFACE_CURVE('',#1796,(#1800,#1807),.PCURVE_S1.);
#1796 = LINE('',#1797,#1798);
#1797 = CARTESIAN_POINT('',(-12.54999999411,8.999999994105,
    -3.431828398788E-08));
#1798 = VECTOR('',#1799,1.);
#1799 = DIRECTION('',(0.707106781186,-0.707106781187,3.19641905203E-08)
  );
#1800 = PCURVE('',#1175,#1801);
#1801 = DEFINITIONAL_REPRESENTATION('',(#1802),#1806);
#1802 = LINE('',#1803,#1804);
#1803 = CARTESIAN_POINT('',(1.570796304654,0.149999997578));
#1804 = VECTOR('',#1805,1.);
#1805 = DIRECTION('',(1.845069060498E-08,-1.));
#1806 = ( GEOMETRIC_REPRESENTATION_CONTEXT(2) 
PARAMETRIC_REPRESENTATION_CONTEXT() REPRESENTATION_CONTEXT('2D SPACE',''
  ) );
#1807 = PCURVE('',#1202,#1808);
#1808 = DEFINITIONAL_REPRESENTATION('',(#1809),#1813);
#1809 = LINE('',#1810,#1811);
#1810 = CARTESIAN_POINT('',(7.853981611834,0.149999997578));
#1811 = VECTOR('',#1812,1.);
#1812 = DIRECTION('',(1.845069060498E-08,-1.));
#1813 = ( GEOMETRIC_REPRESENTATION_CONTEXT(2) 
PARAMETRIC_REPRESENTATION_CONTEXT() REPRESENTATION_CONTEXT('2D SPACE',''
  ) );
#1814 = ORIENTED_EDGE('',*,*,#1815,.F.);
#1815 = EDGE_CURVE('',#1816,#1793,#1818,.T.);
#1816 = VERTEX_POINT('',#1817);
#1817 = CARTESIAN_POINT('',(-9.75,8.7,0.));
#1818 = SURFACE_CURVE('',#1819,(#1824,#1831),.PCURVE_S1.);
#1819 = CIRCLE('',#1820,1.25);
#1820 = AXIS2_PLACEMENT_3D('',#1821,#1822,#1823);
#1821 = CARTESIAN_POINT('',(-11.,8.7,0.));
#1822 = DIRECTION('',(0.,-1.,0.));
#1823 = DIRECTION('',(1.,0.,0.));
#1824 = PCURVE('',#1175,#1825);
#1825 = DEFINITIONAL_REPRESENTATION('',(#1826),#1830);
#1826 = LINE('',#1827,#1828);
#1827 = CARTESIAN_POINT('',(4.712388980385,-0.14999999653));
#1828 = VECTOR('',#1829,1.);
#1829 = DIRECTION('',(-1.,0.));
#1830 = ( GEOMETRIC_REPRESENTATION_CONTEXT(2) 
PARAMETRIC_REPRESENTATION_CONTEXT() REPRESENTATION_CONTEXT('2D SPACE',''
  ) );
#1831 = PCURVE('',#1832,#1837);
#1832 = CYLINDRICAL_SURFACE('',#1833,1.25);
#1833 = AXIS2_PLACEMENT_3D('',#1834,#1835,#1836);
#1834 = CARTESIAN_POINT('',(-11.,3.486370437526,0.));
#1835 = DIRECTION('',(0.,1.,0.));
#1836 = DIRECTION('',(1.,0.,0.));
#1837 = DEFINITIONAL_REPRESENTATION('',(#1838),#1842);
#1838 = LINE('',#1839,#1840);
#1839 = CARTESIAN_POINT('',(6.28318530718,5.213629562474));
#1840 = VECTOR('',#1841,1.);
#1841 = DIRECTION('',(-1.,0.));
#1842 = ( GEOMETRIC_REPRESENTATION_CONTEXT(2) 
PARAMETRIC_REPRESENTATION_CONTEXT() REPRESENTATION_CONTEXT('2D SPACE',''
  ) );
#1843 = ORIENTED_EDGE('',*,*,#1844,.F.);
#1844 = EDGE_CURVE('',#1157,#1816,#1845,.T.);
#1845 = SURFACE_CURVE('',#1846,(#1850,#1857),.PCURVE_S1.);
#1846 = LINE('',#1847,#1848);
#1847 = CARTESIAN_POINT('',(-9.450000005895,8.999999994105,
    3.43182838863E-08));
#1848 = VECTOR('',#1849,1.);
#1849 = DIRECTION('',(-0.707106781187,-0.707106781187,
    -3.196419033112E-08));
#1850 = PCURVE('',#1175,#1851);
#1851 = DEFINITIONAL_REPRESENTATION('',(#1852),#1856);
#1852 = LINE('',#1853,#1854);
#1853 = CARTESIAN_POINT('',(4.712388958244,0.149999997575));
#1854 = VECTOR('',#1855,1.);
#1855 = DIRECTION('',(1.845068986483E-08,-1.));
#1856 = ( GEOMETRIC_REPRESENTATION_CONTEXT(2) 
PARAMETRIC_REPRESENTATION_CONTEXT() REPRESENTATION_CONTEXT('2D SPACE',''
  ) );
#1857 = PCURVE('',#1202,#1858);
#1858 = DEFINITIONAL_REPRESENTATION('',(#1859),#1863);
#1859 = LINE('',#1860,#1861);
#1860 = CARTESIAN_POINT('',(4.712388958244,0.149999997575));
#1861 = VECTOR('',#1862,1.);
#1862 = DIRECTION('',(1.845068986483E-08,-1.));
#1863 = ( GEOMETRIC_REPRESENTATION_CONTEXT(2) 
PARAMETRIC_REPRESENTATION_CONTEXT() REPRESENTATION_CONTEXT('2D SPACE',''
  ) );
#1864 = ADVANCED_FACE('',(#1865),#1202,.F.);
#1865 = FACE_BOUND('',#1866,.F.);
#1866 = EDGE_LOOP('',(#1867,#1868,#1869,#1896));
#1867 = ORIENTED_EDGE('',*,*,#1187,.T.);
#1868 = ORIENTED_EDGE('',*,*,#1844,.T.);
#1869 = ORIENTED_EDGE('',*,*,#1870,.F.);
#1870 = EDGE_CURVE('',#1793,#1816,#1871,.T.);
#1871 = SURFACE_CURVE('',#1872,(#1877,#1884),.PCURVE_S1.);
#1872 = CIRCLE('',#1873,1.25);
#1873 = AXIS2_PLACEMENT_3D('',#1874,#1875,#1876);
#1874 = CARTESIAN_POINT('',(-11.,8.7,0.));
#1875 = DIRECTION('',(0.,-1.,0.));
#1876 = DIRECTION('',(-1.,0.,0.));
#1877 = PCURVE('',#1202,#1878);
#1878 = DEFINITIONAL_REPRESENTATION('',(#1879),#1883);
#1879 = LINE('',#1880,#1881);
#1880 = CARTESIAN_POINT('',(7.853981633974,-0.14999999653));
#1881 = VECTOR('',#1882,1.);
#1882 = DIRECTION('',(-1.,0.));
#1883 = ( GEOMETRIC_REPRESENTATION_CONTEXT(2) 
PARAMETRIC_REPRESENTATION_CONTEXT() REPRESENTATION_CONTEXT('2D SPACE',''
  ) );
#1884 = PCURVE('',#1885,#1890);
#1885 = CYLINDRICAL_SURFACE('',#1886,1.25);
#1886 = AXIS2_PLACEMENT_3D('',#1887,#1888,#1889);
#1887 = CARTESIAN_POINT('',(-11.,3.486370437526,0.));
#1888 = DIRECTION('',(0.,1.,0.));
#1889 = DIRECTION('',(1.,0.,0.));
#1890 = DEFINITIONAL_REPRESENTATION('',(#1891),#1895);
#1891 = LINE('',#1892,#1893);
#1892 = CARTESIAN_POINT('',(3.14159265359,5.213629562474));
#1893 = VECTOR('',#1894,1.);
#1894 = DIRECTION('',(-1.,0.));
#1895 = ( GEOMETRIC_REPRESENTATION_CONTEXT(2) 
PARAMETRIC_REPRESENTATION_CONTEXT() REPRESENTATION_CONTEXT('2D SPACE',''
  ) );
#1896 = ORIENTED_EDGE('',*,*,#1792,.F.);
#1897 = ADVANCED_FACE('',(#1898),#1235,.F.);
#1898 = FACE_BOUND('',#1899,.F.);
#1899 = EDGE_LOOP('',(#1900,#1901,#1924,#1953));
#1900 = ORIENTED_EDGE('',*,*,#1216,.T.);
#1901 = ORIENTED_EDGE('',*,*,#1902,.T.);
#1902 = EDGE_CURVE('',#1219,#1903,#1905,.T.);
#1903 = VERTEX_POINT('',#1904);
#1904 = CARTESIAN_POINT('',(0.,8.7,-12.25));
#1905 = SURFACE_CURVE('',#1906,(#1910,#1917),.PCURVE_S1.);
#1906 = LINE('',#1907,#1908);
#1907 = CARTESIAN_POINT('',(3.431828267253E-08,8.999999994105,
    -12.54999999411));
#1908 = VECTOR('',#1909,1.);
#1909 = DIRECTION('',(-3.196419011211E-08,-0.707106781187,0.707106781187
    ));
#1910 = PCURVE('',#1235,#1911);
#1911 = DEFINITIONAL_REPRESENTATION('',(#1912),#1916);
#1912 = LINE('',#1913,#1914);
#1913 = CARTESIAN_POINT('',(-2.21408278378E-08,0.149999997578));
#1914 = VECTOR('',#1915,1.);
#1915 = DIRECTION('',(1.845068986483E-08,-1.));
#1916 = ( GEOMETRIC_REPRESENTATION_CONTEXT(2) 
PARAMETRIC_REPRESENTATION_CONTEXT() REPRESENTATION_CONTEXT('2D SPACE',''
  ) );
#1917 = PCURVE('',#1262,#1918);
#1918 = DEFINITIONAL_REPRESENTATION('',(#1919),#1923);
#1919 = LINE('',#1920,#1921);
#1920 = CARTESIAN_POINT('',(6.283185285039,0.149999997578));
#1921 = VECTOR('',#1922,1.);
#1922 = DIRECTION('',(1.845068986483E-08,-1.));
#1923 = ( GEOMETRIC_REPRESENTATION_CONTEXT(2) 
PARAMETRIC_REPRESENTATION_CONTEXT() REPRESENTATION_CONTEXT('2D SPACE',''
  ) );
#1924 = ORIENTED_EDGE('',*,*,#1925,.F.);
#1925 = EDGE_CURVE('',#1926,#1903,#1928,.T.);
#1926 = VERTEX_POINT('',#1927);
#1927 = CARTESIAN_POINT('',(0.,8.7,-9.75));
#1928 = SURFACE_CURVE('',#1929,(#1934,#1941),.PCURVE_S1.);
#1929 = CIRCLE('',#1930,1.25);
#1930 = AXIS2_PLACEMENT_3D('',#1931,#1932,#1933);
#1931 = CARTESIAN_POINT('',(0.,8.7,-11.));
#1932 = DIRECTION('',(0.,-1.,0.));
#1933 = DIRECTION('',(0.,0.,1.));
#1934 = PCURVE('',#1235,#1935);
#1935 = DEFINITIONAL_REPRESENTATION('',(#1936),#1940);
#1936 = LINE('',#1937,#1938);
#1937 = CARTESIAN_POINT('',(3.14159265359,-0.14999999653));
#1938 = VECTOR('',#1939,1.);
#1939 = DIRECTION('',(-1.,0.));
#1940 = ( GEOMETRIC_REPRESENTATION_CONTEXT(2) 
PARAMETRIC_REPRESENTATION_CONTEXT() REPRESENTATION_CONTEXT('2D SPACE',''
  ) );
#1941 = PCURVE('',#1942,#1947);
#1942 = CYLINDRICAL_SURFACE('',#1943,1.25);
#1943 = AXIS2_PLACEMENT_3D('',#1944,#1945,#1946);
#1944 = CARTESIAN_POINT('',(0.,3.486370437526,-11.));
#1945 = DIRECTION('',(0.,1.,0.));
#1946 = DIRECTION('',(0.,0.,1.));
#1947 = DEFINITIONAL_REPRESENTATION('',(#1948),#1952);
#1948 = LINE('',#1949,#1950);
#1949 = CARTESIAN_POINT('',(6.28318530718,5.213629562474));
#1950 = VECTOR('',#1951,1.);
#1951 = DIRECTION('',(-1.,0.));
#1952 = ( GEOMETRIC_REPRESENTATION_CONTEXT(2) 
PARAMETRIC_REPRESENTATION_CONTEXT() REPRESENTATION_CONTEXT('2D SPACE',''
  ) );
#1953 = ORIENTED_EDGE('',*,*,#1954,.F.);
#1954 = EDGE_CURVE('',#1217,#1926,#1955,.T.);
#1955 = SURFACE_CURVE('',#1956,(#1960,#1967),.PCURVE_S1.);
#1956 = LINE('',#1957,#1958);
#1957 = CARTESIAN_POINT('',(-3.431828474049E-08,8.999999994105,
    -9.450000005895));
#1958 = VECTOR('',#1959,1.);
#1959 = DIRECTION('',(3.196419015793E-08,-0.707106781186,-0.707106781187
    ));
#1960 = PCURVE('',#1235,#1961);
#1961 = DEFINITIONAL_REPRESENTATION('',(#1962),#1966);
#1962 = LINE('',#1963,#1964);
#1963 = CARTESIAN_POINT('',(3.141592631449,0.149999997575));
#1964 = VECTOR('',#1965,1.);
#1965 = DIRECTION('',(1.845068986483E-08,-1.));
#1966 = ( GEOMETRIC_REPRESENTATION_CONTEXT(2) 
PARAMETRIC_REPRESENTATION_CONTEXT() REPRESENTATION_CONTEXT('2D SPACE',''
  ) );
#1967 = PCURVE('',#1262,#1968);
#1968 = DEFINITIONAL_REPRESENTATION('',(#1969),#1973);
#1969 = LINE('',#1970,#1971);
#1970 = CARTESIAN_POINT('',(3.141592631449,0.149999997575));
#1971 = VECTOR('',#1972,1.);
#1972 = DIRECTION('',(1.845068986483E-08,-1.));
#1973 = ( GEOMETRIC_REPRESENTATION_CONTEXT(2) 
PARAMETRIC_REPRESENTATION_CONTEXT() REPRESENTATION_CONTEXT('2D SPACE',''
  ) );
#1974 = ADVANCED_FACE('',(#1975),#1262,.F.);
#1975 = FACE_BOUND('',#1976,.F.);
#1976 = EDGE_LOOP('',(#1977,#1978,#1979,#2006));
#1977 = ORIENTED_EDGE('',*,*,#1247,.T.);
#1978 = ORIENTED_EDGE('',*,*,#1954,.T.);
#1979 = ORIENTED_EDGE('',*,*,#1980,.F.);
#1980 = EDGE_CURVE('',#1903,#1926,#1981,.T.);
#1981 = SURFACE_CURVE('',#1982,(#1987,#1994),.PCURVE_S1.);
#1982 = CIRCLE('',#1983,1.25);
#1983 = AXIS2_PLACEMENT_3D('',#1984,#1985,#1986);
#1984 = CARTESIAN_POINT('',(0.,8.7,-11.));
#1985 = DIRECTION('',(0.,-1.,0.));
#1986 = DIRECTION('',(0.,0.,-1.));
#1987 = PCURVE('',#1262,#1988);
#1988 = DEFINITIONAL_REPRESENTATION('',(#1989),#1993);
#1989 = LINE('',#1990,#1991);
#1990 = CARTESIAN_POINT('',(6.28318530718,-0.14999999653));
#1991 = VECTOR('',#1992,1.);
#1992 = DIRECTION('',(-1.,0.));
#1993 = ( GEOMETRIC_REPRESENTATION_CONTEXT(2) 
PARAMETRIC_REPRESENTATION_CONTEXT() REPRESENTATION_CONTEXT('2D SPACE',''
  ) );
#1994 = PCURVE('',#1995,#2000);
#1995 = CYLINDRICAL_SURFACE('',#1996,1.25);
#1996 = AXIS2_PLACEMENT_3D('',#1997,#1998,#1999);
#1997 = CARTESIAN_POINT('',(0.,3.486370437526,-11.));
#1998 = DIRECTION('',(0.,1.,0.));
#1999 = DIRECTION('',(0.,0.,1.));
#2000 = DEFINITIONAL_REPRESENTATION('',(#2001),#2005);
#2001 = LINE('',#2002,#2003);
#2002 = CARTESIAN_POINT('',(3.14159265359,5.213629562474));
#2003 = VECTOR('',#2004,1.);
#2004 = DIRECTION('',(-1.,0.));
#2005 = ( GEOMETRIC_REPRESENTATION_CONTEXT(2) 
PARAMETRIC_REPRESENTATION_CONTEXT() REPRESENTATION_CONTEXT('2D SPACE',''
  ) );
#2006 = ORIENTED_EDGE('',*,*,#1902,.F.);
#2007 = ADVANCED_FACE('',(#2008),#1295,.F.);
#2008 = FACE_BOUND('',#2009,.F.);
#2009 = EDGE_LOOP('',(#2010,#2011,#2034,#2063));
#2010 = ORIENTED_EDGE('',*,*,#1276,.T.);
#2011 = ORIENTED_EDGE('',*,*,#2012,.T.);
#2012 = EDGE_CURVE('',#1279,#2013,#2015,.T.);
#2013 = VERTEX_POINT('',#2014);
#2014 = CARTESIAN_POINT('',(12.25,8.7,0.));
#2015 = SURFACE_CURVE('',#2016,(#2020,#2027),.PCURVE_S1.);
#2016 = LINE('',#2017,#2018);
#2017 = CARTESIAN_POINT('',(12.54999999411,8.999999994105,
    3.431828234805E-08));
#2018 = VECTOR('',#2019,1.);
#2019 = DIRECTION('',(-0.707106781187,-0.707106781186,
    -3.196419033787E-08));
#2020 = PCURVE('',#1295,#2021);
#2021 = DEFINITIONAL_REPRESENTATION('',(#2022),#2026);
#2022 = LINE('',#2023,#2024);
#2023 = CARTESIAN_POINT('',(4.712388958244,0.149999997578));
#2024 = VECTOR('',#2025,1.);
#2025 = DIRECTION('',(1.845069282543E-08,-1.));
#2026 = ( GEOMETRIC_REPRESENTATION_CONTEXT(2) 
PARAMETRIC_REPRESENTATION_CONTEXT() REPRESENTATION_CONTEXT('2D SPACE',''
  ) );
#2027 = PCURVE('',#1322,#2028);
#2028 = DEFINITIONAL_REPRESENTATION('',(#2029),#2033);
#2029 = LINE('',#2030,#2031);
#2030 = CARTESIAN_POINT('',(4.712388958244,0.149999997578));
#2031 = VECTOR('',#2032,1.);
#2032 = DIRECTION('',(1.845069282543E-08,-1.));
#2033 = ( GEOMETRIC_REPRESENTATION_CONTEXT(2) 
PARAMETRIC_REPRESENTATION_CONTEXT() REPRESENTATION_CONTEXT('2D SPACE',''
  ) );
#2034 = ORIENTED_EDGE('',*,*,#2035,.F.);
#2035 = EDGE_CURVE('',#2036,#2013,#2038,.T.);
#2036 = VERTEX_POINT('',#2037);
#2037 = CARTESIAN_POINT('',(9.75,8.7,0.));
#2038 = SURFACE_CURVE('',#2039,(#2044,#2051),.PCURVE_S1.);
#2039 = CIRCLE('',#2040,1.25);
#2040 = AXIS2_PLACEMENT_3D('',#2041,#2042,#2043);
#2041 = CARTESIAN_POINT('',(11.,8.7,0.));
#2042 = DIRECTION('',(0.,-1.,0.));
#2043 = DIRECTION('',(-1.,0.,0.));
#2044 = PCURVE('',#1295,#2045);
#2045 = DEFINITIONAL_REPRESENTATION('',(#2046),#2050);
#2046 = LINE('',#2047,#2048);
#2047 = CARTESIAN_POINT('',(7.853981633974,-0.14999999653));
#2048 = VECTOR('',#2049,1.);
#2049 = DIRECTION('',(-1.,0.));
#2050 = ( GEOMETRIC_REPRESENTATION_CONTEXT(2) 
PARAMETRIC_REPRESENTATION_CONTEXT() REPRESENTATION_CONTEXT('2D SPACE',''
  ) );
#2051 = PCURVE('',#2052,#2057);
#2052 = CYLINDRICAL_SURFACE('',#2053,1.25);
#2053 = AXIS2_PLACEMENT_3D('',#2054,#2055,#2056);
#2054 = CARTESIAN_POINT('',(11.,3.486370437526,0.));
#2055 = DIRECTION('',(0.,1.,0.));
#2056 = DIRECTION('',(-1.,0.,0.));
#2057 = DEFINITIONAL_REPRESENTATION('',(#2058),#2062);
#2058 = LINE('',#2059,#2060);
#2059 = CARTESIAN_POINT('',(6.28318530718,5.213629562474));
#2060 = VECTOR('',#2061,1.);
#2061 = DIRECTION('',(-1.,0.));
#2062 = ( GEOMETRIC_REPRESENTATION_CONTEXT(2) 
PARAMETRIC_REPRESENTATION_CONTEXT() REPRESENTATION_CONTEXT('2D SPACE',''
  ) );
#2063 = ORIENTED_EDGE('',*,*,#2064,.F.);
#2064 = EDGE_CURVE('',#1277,#2036,#2065,.T.);
#2065 = SURFACE_CURVE('',#2066,(#2070,#2077),.PCURVE_S1.);
#2066 = LINE('',#2067,#2068);
#2067 = CARTESIAN_POINT('',(9.450000005895,8.999999994105,
    -3.431828517014E-08));
#2068 = VECTOR('',#2069,1.);
#2069 = DIRECTION('',(0.707106781187,-0.707106781186,3.196419085304E-08)
  );
#2070 = PCURVE('',#1295,#2071);
#2071 = DEFINITIONAL_REPRESENTATION('',(#2072),#2076);
#2072 = LINE('',#2073,#2074);
#2073 = CARTESIAN_POINT('',(7.853981611834,0.149999997575));
#2074 = VECTOR('',#2075,1.);
#2075 = DIRECTION('',(1.845068986483E-08,-1.));
#2076 = ( GEOMETRIC_REPRESENTATION_CONTEXT(2) 
PARAMETRIC_REPRESENTATION_CONTEXT() REPRESENTATION_CONTEXT('2D SPACE',''
  ) );
#2077 = PCURVE('',#1322,#2078);
#2078 = DEFINITIONAL_REPRESENTATION('',(#2079),#2083);
#2079 = LINE('',#2080,#2081);
#2080 = CARTESIAN_POINT('',(1.570796304654,0.149999997575));
#2081 = VECTOR('',#2082,1.);
#2082 = DIRECTION('',(1.845068986483E-08,-1.));
#2083 = ( GEOMETRIC_REPRESENTATION_CONTEXT(2) 
PARAMETRIC_REPRESENTATION_CONTEXT() REPRESENTATION_CONTEXT('2D SPACE',''
  ) );
#2084 = ADVANCED_FACE('',(#2085),#1322,.F.);
#2085 = FACE_BOUND('',#2086,.F.);
#2086 = EDGE_LOOP('',(#2087,#2088,#2089,#2116));
#2087 = ORIENTED_EDGE('',*,*,#1307,.T.);
#2088 = ORIENTED_EDGE('',*,*,#2064,.T.);
#2089 = ORIENTED_EDGE('',*,*,#2090,.F.);
#2090 = EDGE_CURVE('',#2013,#2036,#2091,.T.);
#2091 = SURFACE_CURVE('',#2092,(#2097,#2104),.PCURVE_S1.);
#2092 = CIRCLE('',#2093,1.25);
#2093 = AXIS2_PLACEMENT_3D('',#2094,#2095,#2096);
#2094 = CARTESIAN_POINT('',(11.,8.7,0.));
#2095 = DIRECTION('',(0.,-1.,0.));
#2096 = DIRECTION('',(1.,0.,0.));
#2097 = PCURVE('',#1322,#2098);
#2098 = DEFINITIONAL_REPRESENTATION('',(#2099),#2103);
#2099 = LINE('',#2100,#2101);
#2100 = CARTESIAN_POINT('',(4.712388980385,-0.14999999653));
#2101 = VECTOR('',#2102,1.);
#2102 = DIRECTION('',(-1.,0.));
#2103 = ( GEOMETRIC_REPRESENTATION_CONTEXT(2) 
PARAMETRIC_REPRESENTATION_CONTEXT() REPRESENTATION_CONTEXT('2D SPACE',''
  ) );
#2104 = PCURVE('',#2105,#2110);
#2105 = CYLINDRICAL_SURFACE('',#2106,1.25);
#2106 = AXIS2_PLACEMENT_3D('',#2107,#2108,#2109);
#2107 = CARTESIAN_POINT('',(11.,3.486370437526,0.));
#2108 = DIRECTION('',(0.,1.,0.));
#2109 = DIRECTION('',(-1.,0.,0.));
#2110 = DEFINITIONAL_REPRESENTATION('',(#2111),#2115);
#2111 = LINE('',#2112,#2113);
#2112 = CARTESIAN_POINT('',(3.14159265359,5.213629562474));
#2113 = VECTOR('',#2114,1.);
#2114 = DIRECTION('',(-1.,0.));
#2115 = ( GEOMETRIC_REPRESENTATION_CONTEXT(2) 
PARAMETRIC_REPRESENTATION_CONTEXT() REPRESENTATION_CONTEXT('2D SPACE',''
  ) );
#2116 = ORIENTED_EDGE('',*,*,#2012,.F.);
#2117 = ADVANCED_FACE('',(#2118),#1355,.F.);
#2118 = FACE_BOUND('',#2119,.F.);
#2119 = EDGE_LOOP('',(#2120,#2121,#2144,#2173));
#2120 = ORIENTED_EDGE('',*,*,#1336,.T.);
#2121 = ORIENTED_EDGE('',*,*,#2122,.T.);
#2122 = EDGE_CURVE('',#1339,#2123,#2125,.T.);
#2123 = VERTEX_POINT('',#2124);
#2124 = CARTESIAN_POINT('',(0.,8.7,12.25));
#2125 = SURFACE_CURVE('',#2126,(#2130,#2137),.PCURVE_S1.);
#2126 = LINE('',#2127,#2128);
#2127 = CARTESIAN_POINT('',(-3.431828231402E-08,8.999999994105,
    12.54999999411));
#2128 = VECTOR('',#2129,1.);
#2129 = DIRECTION('',(3.196419075564E-08,-0.707106781187,-0.707106781187
    ));
#2130 = PCURVE('',#1355,#2131);
#2131 = DEFINITIONAL_REPRESENTATION('',(#2132),#2136);
#2132 = LINE('',#2133,#2134);
#2133 = CARTESIAN_POINT('',(3.141592631449,0.149999997578));
#2134 = VECTOR('',#2135,1.);
#2135 = DIRECTION('',(1.845069134513E-08,-1.));
#2136 = ( GEOMETRIC_REPRESENTATION_CONTEXT(2) 
PARAMETRIC_REPRESENTATION_CONTEXT() REPRESENTATION_CONTEXT('2D SPACE',''
  ) );
#2137 = PCURVE('',#1382,#2138);
#2138 = DEFINITIONAL_REPRESENTATION('',(#2139),#2143);
#2139 = LINE('',#2140,#2141);
#2140 = CARTESIAN_POINT('',(3.141592631449,0.149999997578));
#2141 = VECTOR('',#2142,1.);
#2142 = DIRECTION('',(1.845069134513E-08,-1.));
#2143 = ( GEOMETRIC_REPRESENTATION_CONTEXT(2) 
PARAMETRIC_REPRESENTATION_CONTEXT() REPRESENTATION_CONTEXT('2D SPACE',''
  ) );
#2144 = ORIENTED_EDGE('',*,*,#2145,.F.);
#2145 = EDGE_CURVE('',#2146,#2123,#2148,.T.);
#2146 = VERTEX_POINT('',#2147);
#2147 = CARTESIAN_POINT('',(0.,8.7,9.75));
#2148 = SURFACE_CURVE('',#2149,(#2154,#2161),.PCURVE_S1.);
#2149 = CIRCLE('',#2150,1.25);
#2150 = AXIS2_PLACEMENT_3D('',#2151,#2152,#2153);
#2151 = CARTESIAN_POINT('',(0.,8.7,11.));
#2152 = DIRECTION('',(0.,-1.,0.));
#2153 = DIRECTION('',(0.,0.,-1.));
#2154 = PCURVE('',#1355,#2155);
#2155 = DEFINITIONAL_REPRESENTATION('',(#2156),#2160);
#2156 = LINE('',#2157,#2158);
#2157 = CARTESIAN_POINT('',(6.28318530718,-0.14999999653));
#2158 = VECTOR('',#2159,1.);
#2159 = DIRECTION('',(-1.,0.));
#2160 = ( GEOMETRIC_REPRESENTATION_CONTEXT(2) 
PARAMETRIC_REPRESENTATION_CONTEXT() REPRESENTATION_CONTEXT('2D SPACE',''
  ) );
#2161 = PCURVE('',#2162,#2167);
#2162 = CYLINDRICAL_SURFACE('',#2163,1.25);
#2163 = AXIS2_PLACEMENT_3D('',#2164,#2165,#2166);
#2164 = CARTESIAN_POINT('',(0.,3.486370437526,11.));
#2165 = DIRECTION('',(0.,1.,0.));
#2166 = DIRECTION('',(0.,0.,-1.));
#2167 = DEFINITIONAL_REPRESENTATION('',(#2168),#2172);
#2168 = LINE('',#2169,#2170);
#2169 = CARTESIAN_POINT('',(6.28318530718,5.213629562474));
#2170 = VECTOR('',#2171,1.);
#2171 = DIRECTION('',(-1.,0.));
#2172 = ( GEOMETRIC_REPRESENTATION_CONTEXT(2) 
PARAMETRIC_REPRESENTATION_CONTEXT() REPRESENTATION_CONTEXT('2D SPACE',''
  ) );
#2173 = ORIENTED_EDGE('',*,*,#2174,.F.);
#2174 = EDGE_CURVE('',#1337,#2146,#2175,.T.);
#2175 = SURFACE_CURVE('',#2176,(#2180,#2187),.PCURVE_S1.);
#2176 = LINE('',#2177,#2178);
#2177 = CARTESIAN_POINT('',(3.431828493787E-08,8.999999994105,
    9.450000005895));
#2178 = VECTOR('',#2179,1.);
#2179 = DIRECTION('',(-3.196418972474E-08,-0.707106781186,0.707106781187
    ));
#2180 = PCURVE('',#1355,#2181);
#2181 = DEFINITIONAL_REPRESENTATION('',(#2182),#2186);
#2182 = LINE('',#2183,#2184);
#2183 = CARTESIAN_POINT('',(6.283185285039,0.149999997575));
#2184 = VECTOR('',#2185,1.);
#2185 = DIRECTION('',(1.845068690424E-08,-1.));
#2186 = ( GEOMETRIC_REPRESENTATION_CONTEXT(2) 
PARAMETRIC_REPRESENTATION_CONTEXT() REPRESENTATION_CONTEXT('2D SPACE',''
  ) );
#2187 = PCURVE('',#1382,#2188);
#2188 = DEFINITIONAL_REPRESENTATION('',(#2189),#2193);
#2189 = LINE('',#2190,#2191);
#2190 = CARTESIAN_POINT('',(-2.214082872598E-08,0.149999997575));
#2191 = VECTOR('',#2192,1.);
#2192 = DIRECTION('',(1.845068690424E-08,-1.));
#2193 = ( GEOMETRIC_REPRESENTATION_CONTEXT(2) 
PARAMETRIC_REPRESENTATION_CONTEXT() REPRESENTATION_CONTEXT('2D SPACE',''
  ) );
#2194 = ADVANCED_FACE('',(#2195),#1382,.F.);
#2195 = FACE_BOUND('',#2196,.F.);
#2196 = EDGE_LOOP('',(#2197,#2198,#2199,#2226));
#2197 = ORIENTED_EDGE('',*,*,#1367,.T.);
#2198 = ORIENTED_EDGE('',*,*,#2174,.T.);
#2199 = ORIENTED_EDGE('',*,*,#2200,.F.);
#2200 = EDGE_CURVE('',#2123,#2146,#2201,.T.);
#2201 = SURFACE_CURVE('',#2202,(#2207,#2214),.PCURVE_S1.);
#2202 = CIRCLE('',#2203,1.25);
#2203 = AXIS2_PLACEMENT_3D('',#2204,#2205,#2206);
#2204 = CARTESIAN_POINT('',(0.,8.7,11.));
#2205 = DIRECTION('',(0.,-1.,0.));
#2206 = DIRECTION('',(0.,0.,1.));
#2207 = PCURVE('',#1382,#2208);
#2208 = DEFINITIONAL_REPRESENTATION('',(#2209),#2213);
#2209 = LINE('',#2210,#2211);
#2210 = CARTESIAN_POINT('',(3.14159265359,-0.14999999653));
#2211 = VECTOR('',#2212,1.);
#2212 = DIRECTION('',(-1.,0.));
#2213 = ( GEOMETRIC_REPRESENTATION_CONTEXT(2) 
PARAMETRIC_REPRESENTATION_CONTEXT() REPRESENTATION_CONTEXT('2D SPACE',''
  ) );
#2214 = PCURVE('',#2215,#2220);
#2215 = CYLINDRICAL_SURFACE('',#2216,1.25);
#2216 = AXIS2_PLACEMENT_3D('',#2217,#2218,#2219);
#2217 = CARTESIAN_POINT('',(0.,3.486370437526,11.));
#2218 = DIRECTION('',(0.,1.,0.));
#2219 = DIRECTION('',(0.,0.,-1.));
#2220 = DEFINITIONAL_REPRESENTATION('',(#2221),#2225);
#2221 = LINE('',#2222,#2223);
#2222 = CARTESIAN_POINT('',(3.14159265359,5.213629562474));
#2223 = VECTOR('',#2224,1.);
#2224 = DIRECTION('',(-1.,0.));
#2225 = ( GEOMETRIC_REPRESENTATION_CONTEXT(2) 
PARAMETRIC_REPRESENTATION_CONTEXT() REPRESENTATION_CONTEXT('2D SPACE',''
  ) );
#2226 = ORIENTED_EDGE('',*,*,#2122,.F.);
#2227 = ADVANCED_FACE('',(#2228),#1419,.T.);
#2228 = FACE_BOUND('',#2229,.T.);
#2229 = EDGE_LOOP('',(#2230,#2253,#2254,#2277));
#2230 = ORIENTED_EDGE('',*,*,#2231,.F.);
#2231 = EDGE_CURVE('',#1397,#2232,#2234,.T.);
#2232 = VERTEX_POINT('',#2233);
#2233 = CARTESIAN_POINT('',(8.,10.2,0.));
#2234 = SURFACE_CURVE('',#2235,(#2239,#2246),.PCURVE_S1.);
#2235 = LINE('',#2236,#2237);
#2236 = CARTESIAN_POINT('',(8.,9.,0.));
#2237 = VECTOR('',#2238,1.);
#2238 = DIRECTION('',(-1.054319594481E-10,1.,1.926803931071E-09));
#2239 = PCURVE('',#1419,#2240);
#2240 = DEFINITIONAL_REPRESENTATION('',(#2241),#2245);
#2241 = LINE('',#2242,#2243);
#2242 = CARTESIAN_POINT('',(3.14159265359,2.025));
#2243 = VECTOR('',#2244,1.);
#2244 = DIRECTION('',(2.408503026648E-10,-1.));
#2245 = ( GEOMETRIC_REPRESENTATION_CONTEXT(2) 
PARAMETRIC_REPRESENTATION_CONTEXT() REPRESENTATION_CONTEXT('2D SPACE',''
  ) );
#2246 = PCURVE('',#1446,#2247);
#2247 = DEFINITIONAL_REPRESENTATION('',(#2248),#2252);
#2248 = LINE('',#2249,#2250);
#2249 = CARTESIAN_POINT('',(3.14159265359,2.025));
#2250 = VECTOR('',#2251,1.);
#2251 = DIRECTION('',(2.408503026648E-10,-1.));
#2252 = ( GEOMETRIC_REPRESENTATION_CONTEXT(2) 
PARAMETRIC_REPRESENTATION_CONTEXT() REPRESENTATION_CONTEXT('2D SPACE',''
  ) );
#2253 = ORIENTED_EDGE('',*,*,#1396,.T.);
#2254 = ORIENTED_EDGE('',*,*,#2255,.T.);
#2255 = EDGE_CURVE('',#1399,#2256,#2258,.T.);
#2256 = VERTEX_POINT('',#2257);
#2257 = CARTESIAN_POINT('',(-8.,10.2,0.));
#2258 = SURFACE_CURVE('',#2259,(#2263,#2270),.PCURVE_S1.);
#2259 = LINE('',#2260,#2261);
#2260 = CARTESIAN_POINT('',(-8.,9.,0.));
#2261 = VECTOR('',#2262,1.);
#2262 = DIRECTION('',(1.05429739002E-10,1.,-1.926806355624E-09));
#2263 = PCURVE('',#1419,#2264);
#2264 = DEFINITIONAL_REPRESENTATION('',(#2265),#2269);
#2265 = LINE('',#2266,#2267);
#2266 = CARTESIAN_POINT('',(0.,2.025));
#2267 = VECTOR('',#2268,1.);
#2268 = DIRECTION('',(0.,-1.));
#2269 = ( GEOMETRIC_REPRESENTATION_CONTEXT(2) 
PARAMETRIC_REPRESENTATION_CONTEXT() REPRESENTATION_CONTEXT('2D SPACE',''
  ) );
#2270 = PCURVE('',#1446,#2271);
#2271 = DEFINITIONAL_REPRESENTATION('',(#2272),#2276);
#2272 = LINE('',#2273,#2274);
#2273 = CARTESIAN_POINT('',(6.28318530718,2.025));
#2274 = VECTOR('',#2275,1.);
#2275 = DIRECTION('',(0.,-1.));
#2276 = ( GEOMETRIC_REPRESENTATION_CONTEXT(2) 
PARAMETRIC_REPRESENTATION_CONTEXT() REPRESENTATION_CONTEXT('2D SPACE',''
  ) );
#2277 = ORIENTED_EDGE('',*,*,#2278,.F.);
#2278 = EDGE_CURVE('',#2232,#2256,#2279,.T.);
#2279 = SURFACE_CURVE('',#2280,(#2285,#2292),.PCURVE_S1.);
#2280 = CIRCLE('',#2281,8.);
#2281 = AXIS2_PLACEMENT_3D('',#2282,#2283,#2284);
#2282 = CARTESIAN_POINT('',(0.,10.2,0.));
#2283 = DIRECTION('',(-0.,1.,0.));
#2284 = DIRECTION('',(1.,0.,0.));
#2285 = PCURVE('',#1419,#2286);
#2286 = DEFINITIONAL_REPRESENTATION('',(#2287),#2291);
#2287 = LINE('',#2288,#2289);
#2288 = CARTESIAN_POINT('',(3.14159265359,0.825));
#2289 = VECTOR('',#2290,1.);
#2290 = DIRECTION('',(-1.,0.));
#2291 = ( GEOMETRIC_REPRESENTATION_CONTEXT(2) 
PARAMETRIC_REPRESENTATION_CONTEXT() REPRESENTATION_CONTEXT('2D SPACE',''
  ) );
#2292 = PCURVE('',#2293,#2298);
#2293 = CONICAL_SURFACE('',#2294,7.849999999842,0.785398163397);
#2294 = AXIS2_PLACEMENT_3D('',#2295,#2296,#2297);
#2295 = CARTESIAN_POINT('',(0.,10.35000000016,0.));
#2296 = DIRECTION('',(0.,-1.,0.));
#2297 = DIRECTION('',(0.,0.,-1.));
#2298 = DEFINITIONAL_REPRESENTATION('',(#2299),#2303);
#2299 = LINE('',#2300,#2301);
#2300 = CARTESIAN_POINT('',(1.570796326795,0.150000000159));
#2301 = VECTOR('',#2302,1.);
#2302 = DIRECTION('',(-1.,0.));
#2303 = ( GEOMETRIC_REPRESENTATION_CONTEXT(2) 
PARAMETRIC_REPRESENTATION_CONTEXT() REPRESENTATION_CONTEXT('2D SPACE',''
  ) );
#2304 = ADVANCED_FACE('',(#2305),#1446,.T.);
#2305 = FACE_BOUND('',#2306,.T.);
#2306 = EDGE_LOOP('',(#2307,#2308,#2309,#2310));
#2307 = ORIENTED_EDGE('',*,*,#2255,.F.);
#2308 = ORIENTED_EDGE('',*,*,#1431,.F.);
#2309 = ORIENTED_EDGE('',*,*,#2231,.T.);
#2310 = ORIENTED_EDGE('',*,*,#2311,.F.);
#2311 = EDGE_CURVE('',#2256,#2232,#2312,.T.);
#2312 = SURFACE_CURVE('',#2313,(#2318,#2325),.PCURVE_S1.);
#2313 = CIRCLE('',#2314,8.);
#2314 = AXIS2_PLACEMENT_3D('',#2315,#2316,#2317);
#2315 = CARTESIAN_POINT('',(0.,10.2,0.));
#2316 = DIRECTION('',(0.,1.,-0.));
#2317 = DIRECTION('',(-1.,0.,0.));
#2318 = PCURVE('',#1446,#2319);
#2319 = DEFINITIONAL_REPRESENTATION('',(#2320),#2324);
#2320 = LINE('',#2321,#2322);
#2321 = CARTESIAN_POINT('',(6.28318530718,0.825));
#2322 = VECTOR('',#2323,1.);
#2323 = DIRECTION('',(-1.,0.));
#2324 = ( GEOMETRIC_REPRESENTATION_CONTEXT(2) 
PARAMETRIC_REPRESENTATION_CONTEXT() REPRESENTATION_CONTEXT('2D SPACE',''
  ) );
#2325 = PCURVE('',#2326,#2331);
#2326 = CONICAL_SURFACE('',#2327,7.849999999842,0.785398163397);
#2327 = AXIS2_PLACEMENT_3D('',#2328,#2329,#2330);
#2328 = CARTESIAN_POINT('',(0.,10.35000000016,0.));
#2329 = DIRECTION('',(0.,-1.,0.));
#2330 = DIRECTION('',(0.,0.,-1.));
#2331 = DEFINITIONAL_REPRESENTATION('',(#2332),#2336);
#2332 = LINE('',#2333,#2334);
#2333 = CARTESIAN_POINT('',(4.712388980385,0.150000000159));
#2334 = VECTOR('',#2335,1.);
#2335 = DIRECTION('',(-1.,0.));
#2336 = ( GEOMETRIC_REPRESENTATION_CONTEXT(2) 
PARAMETRIC_REPRESENTATION_CONTEXT() REPRESENTATION_CONTEXT('2D SPACE',''
  ) );
#2337 = ADVANCED_FACE('',(#2338),#1502,.F.);
#2338 = FACE_BOUND('',#2339,.F.);
#2339 = EDGE_LOOP('',(#2340,#2371,#2392,#2393));
#2340 = ORIENTED_EDGE('',*,*,#2341,.F.);
#2341 = EDGE_CURVE('',#2342,#2344,#2346,.T.);
#2342 = VERTEX_POINT('',#2343);
#2343 = CARTESIAN_POINT('',(-1.975490076268E-09,-33.4999999,
    -6.499999999791));
#2344 = VERTEX_POINT('',#2345);
#2345 = CARTESIAN_POINT('',(1.975490542797E-09,-33.4999999,
    6.499999999791));
#2346 = SURFACE_CURVE('',#2347,(#2352,#2359),.PCURVE_S1.);
#2347 = CIRCLE('',#2348,6.5);
#2348 = AXIS2_PLACEMENT_3D('',#2349,#2350,#2351);
#2349 = CARTESIAN_POINT('',(0.,-33.4999999,0.));
#2350 = DIRECTION('',(0.,1.,0.));
#2351 = DIRECTION('',(0.,-0.,1.));
#2352 = PCURVE('',#1502,#2353);
#2353 = DEFINITIONAL_REPRESENTATION('',(#2354),#2358);
#2354 = LINE('',#2355,#2356);
#2355 = CARTESIAN_POINT('',(0.,2.4600001));
#2356 = VECTOR('',#2357,1.);
#2357 = DIRECTION('',(1.,0.));
#2358 = ( GEOMETRIC_REPRESENTATION_CONTEXT(2) 
PARAMETRIC_REPRESENTATION_CONTEXT() REPRESENTATION_CONTEXT('2D SPACE',''
  ) );
#2359 = PCURVE('',#2360,#2365);
#2360 = PLANE('',#2361);
#2361 = AXIS2_PLACEMENT_3D('',#2362,#2363,#2364);
#2362 = CARTESIAN_POINT('',(0.,-33.4999999,0.));
#2363 = DIRECTION('',(0.,1.,0.));
#2364 = DIRECTION('',(0.,-0.,1.));
#2365 = DEFINITIONAL_REPRESENTATION('',(#2366),#2370);
#2366 = CIRCLE('',#2367,6.5);
#2367 = AXIS2_PLACEMENT_2D('',#2368,#2369);
#2368 = CARTESIAN_POINT('',(0.,0.));
#2369 = DIRECTION('',(1.,0.));
#2370 = ( GEOMETRIC_REPRESENTATION_CONTEXT(2) 
PARAMETRIC_REPRESENTATION_CONTEXT() REPRESENTATION_CONTEXT('2D SPACE',''
  ) );
#2371 = ORIENTED_EDGE('',*,*,#2372,.T.);
#2372 = EDGE_CURVE('',#2342,#1486,#2373,.T.);
#2373 = SURFACE_CURVE('',#2374,(#2378,#2385),.PCURVE_S1.);
#2374 = LINE('',#2375,#2376);
#2375 = CARTESIAN_POINT('',(7.07768660973E-10,-26.60000000015,
    -6.499999999842));
#2376 = VECTOR('',#2377,1.);
#2377 = DIRECTION('',(-3.888780835059E-10,-1.,7.364444971486E-12));
#2378 = PCURVE('',#1502,#2379);
#2379 = DEFINITIONAL_REPRESENTATION('',(#2380),#2384);
#2380 = LINE('',#2381,#2382);
#2381 = CARTESIAN_POINT('',(3.141592653481,9.359999999842));
#2382 = VECTOR('',#2383,1.);
#2383 = DIRECTION('',(5.982738852132E-11,-1.));
#2384 = ( GEOMETRIC_REPRESENTATION_CONTEXT(2) 
PARAMETRIC_REPRESENTATION_CONTEXT() REPRESENTATION_CONTEXT('2D SPACE',''
  ) );
#2385 = PCURVE('',#1555,#2386);
#2386 = DEFINITIONAL_REPRESENTATION('',(#2387),#2391);
#2387 = LINE('',#2388,#2389);
#2388 = CARTESIAN_POINT('',(3.141592653481,9.359999999842));
#2389 = VECTOR('',#2390,1.);
#2390 = DIRECTION('',(5.982738852132E-11,-1.));
#2391 = ( GEOMETRIC_REPRESENTATION_CONTEXT(2) 
PARAMETRIC_REPRESENTATION_CONTEXT() REPRESENTATION_CONTEXT('2D SPACE',''
  ) );
#2392 = ORIENTED_EDGE('',*,*,#1485,.T.);
#2393 = ORIENTED_EDGE('',*,*,#2394,.F.);
#2394 = EDGE_CURVE('',#2344,#1463,#2395,.T.);
#2395 = SURFACE_CURVE('',#2396,(#2400,#2407),.PCURVE_S1.);
#2396 = LINE('',#2397,#2398);
#2397 = CARTESIAN_POINT('',(-7.077677928077E-10,-26.60000000015,
    6.499999999842));
#2398 = VECTOR('',#2399,1.);
#2399 = DIRECTION('',(3.888780252977E-10,-1.,-7.364238418365E-12));
#2400 = PCURVE('',#1502,#2401);
#2401 = DEFINITIONAL_REPRESENTATION('',(#2402),#2406);
#2402 = LINE('',#2403,#2404);
#2403 = CARTESIAN_POINT('',(6.28318530718,9.359999999842));
#2404 = VECTOR('',#2405,1.);
#2405 = DIRECTION('',(0.,-1.));
#2406 = ( GEOMETRIC_REPRESENTATION_CONTEXT(2) 
PARAMETRIC_REPRESENTATION_CONTEXT() REPRESENTATION_CONTEXT('2D SPACE',''
  ) );
#2407 = PCURVE('',#1555,#2408);
#2408 = DEFINITIONAL_REPRESENTATION('',(#2409),#2413);
#2409 = LINE('',#2410,#2411);
#2410 = CARTESIAN_POINT('',(0.,9.359999999842));
#2411 = VECTOR('',#2412,1.);
#2412 = DIRECTION('',(0.,-1.));
#2413 = ( GEOMETRIC_REPRESENTATION_CONTEXT(2) 
PARAMETRIC_REPRESENTATION_CONTEXT() REPRESENTATION_CONTEXT('2D SPACE',''
  ) );
#2414 = ADVANCED_FACE('',(#2415),#1555,.F.);
#2415 = FACE_BOUND('',#2416,.F.);
#2416 = EDGE_LOOP('',(#2417,#2439,#2440,#2441));
#2417 = ORIENTED_EDGE('',*,*,#2418,.F.);
#2418 = EDGE_CURVE('',#2344,#2342,#2419,.T.);
#2419 = SURFACE_CURVE('',#2420,(#2425,#2432),.PCURVE_S1.);
#2420 = CIRCLE('',#2421,6.5);
#2421 = AXIS2_PLACEMENT_3D('',#2422,#2423,#2424);
#2422 = CARTESIAN_POINT('',(0.,-33.4999999,0.));
#2423 = DIRECTION('',(0.,1.,0.));
#2424 = DIRECTION('',(0.,-0.,1.));
#2425 = PCURVE('',#1555,#2426);
#2426 = DEFINITIONAL_REPRESENTATION('',(#2427),#2431);
#2427 = LINE('',#2428,#2429);
#2428 = CARTESIAN_POINT('',(0.,2.4600001));
#2429 = VECTOR('',#2430,1.);
#2430 = DIRECTION('',(1.,0.));
#2431 = ( GEOMETRIC_REPRESENTATION_CONTEXT(2) 
PARAMETRIC_REPRESENTATION_CONTEXT() REPRESENTATION_CONTEXT('2D SPACE',''
  ) );
#2432 = PCURVE('',#2360,#2433);
#2433 = DEFINITIONAL_REPRESENTATION('',(#2434),#2438);
#2434 = CIRCLE('',#2435,6.5);
#2435 = AXIS2_PLACEMENT_2D('',#2436,#2437);
#2436 = CARTESIAN_POINT('',(0.,0.));
#2437 = DIRECTION('',(1.,0.));
#2438 = ( GEOMETRIC_REPRESENTATION_CONTEXT(2) 
PARAMETRIC_REPRESENTATION_CONTEXT() REPRESENTATION_CONTEXT('2D SPACE',''
  ) );
#2439 = ORIENTED_EDGE('',*,*,#2394,.T.);
#2440 = ORIENTED_EDGE('',*,*,#1540,.T.);
#2441 = ORIENTED_EDGE('',*,*,#2372,.F.);
#2442 = ADVANCED_FACE('',(#2443),#1612,.F.);
#2443 = FACE_BOUND('',#2444,.F.);
#2444 = EDGE_LOOP('',(#2445,#2446,#2469,#2502));
#2445 = ORIENTED_EDGE('',*,*,#1595,.T.);
#2446 = ORIENTED_EDGE('',*,*,#2447,.F.);
#2447 = EDGE_CURVE('',#2448,#1573,#2450,.T.);
#2448 = VERTEX_POINT('',#2449);
#2449 = CARTESIAN_POINT('',(1.3,-34.,9.5));
#2450 = SURFACE_CURVE('',#2451,(#2455,#2462),.PCURVE_S1.);
#2451 = LINE('',#2452,#2453);
#2452 = CARTESIAN_POINT('',(1.3,-34.,9.5));
#2453 = VECTOR('',#2454,1.);
#2454 = DIRECTION('',(-2.980498634565E-09,-1.,-1.68863679099E-08));
#2455 = PCURVE('',#1612,#2456);
#2456 = DEFINITIONAL_REPRESENTATION('',(#2457),#2461);
#2457 = LINE('',#2458,#2459);
#2458 = CARTESIAN_POINT('',(0.,48.5));
#2459 = VECTOR('',#2460,1.);
#2460 = DIRECTION('',(-1.298951390893E-08,1.));
#2461 = ( GEOMETRIC_REPRESENTATION_CONTEXT(2) 
PARAMETRIC_REPRESENTATION_CONTEXT() REPRESENTATION_CONTEXT('2D SPACE',''
  ) );
#2462 = PCURVE('',#1665,#2463);
#2463 = DEFINITIONAL_REPRESENTATION('',(#2464),#2468);
#2464 = LINE('',#2465,#2466);
#2465 = CARTESIAN_POINT('',(6.28318530718,48.5));
#2466 = VECTOR('',#2467,1.);
#2467 = DIRECTION('',(-1.298951390893E-08,1.));
#2468 = ( GEOMETRIC_REPRESENTATION_CONTEXT(2) 
PARAMETRIC_REPRESENTATION_CONTEXT() REPRESENTATION_CONTEXT('2D SPACE',''
  ) );
#2469 = ORIENTED_EDGE('',*,*,#2470,.T.);
#2470 = EDGE_CURVE('',#2448,#2471,#2473,.T.);
#2471 = VERTEX_POINT('',#2472);
#2472 = CARTESIAN_POINT('',(-1.3,-34.,9.5));
#2473 = SURFACE_CURVE('',#2474,(#2479,#2486),.PCURVE_S1.);
#2474 = CIRCLE('',#2475,1.3);
#2475 = AXIS2_PLACEMENT_3D('',#2476,#2477,#2478);
#2476 = CARTESIAN_POINT('',(0.,-34.,9.5));
#2477 = DIRECTION('',(0.,-1.,0.));
#2478 = DIRECTION('',(1.,0.,0.));
#2479 = PCURVE('',#1612,#2480);
#2480 = DEFINITIONAL_REPRESENTATION('',(#2481),#2485);
#2481 = LINE('',#2482,#2483);
#2482 = CARTESIAN_POINT('',(0.,48.5));
#2483 = VECTOR('',#2484,1.);
#2484 = DIRECTION('',(1.,0.));
#2485 = ( GEOMETRIC_REPRESENTATION_CONTEXT(2) 
PARAMETRIC_REPRESENTATION_CONTEXT() REPRESENTATION_CONTEXT('2D SPACE',''
  ) );
#2486 = PCURVE('',#2487,#2492);
#2487 = PLANE('',#2488);
#2488 = AXIS2_PLACEMENT_3D('',#2489,#2490,#2491);
#2489 = CARTESIAN_POINT('',(0.,-34.,0.));
#2490 = DIRECTION('',(0.,1.,0.));
#2491 = DIRECTION('',(-1.,0.,0.));
#2492 = DEFINITIONAL_REPRESENTATION('',(#2493),#2501);
#2493 = ( BOUNDED_CURVE() B_SPLINE_CURVE(2,(#2494,#2495,#2496,#2497,
#2498,#2499,#2500),.UNSPECIFIED.,.T.,.F.) B_SPLINE_CURVE_WITH_KNOTS((1,2
    ,2,2,2,1),(-2.094395102393,0.,2.094395102393,4.188790204786,
6.28318530718,8.377580409573),.UNSPECIFIED.) CURVE() 
GEOMETRIC_REPRESENTATION_ITEM() RATIONAL_B_SPLINE_CURVE((1.,0.5,1.,0.5,
1.,0.5,1.)) REPRESENTATION_ITEM('') );
#2494 = CARTESIAN_POINT('',(-1.3,9.5));
#2495 = CARTESIAN_POINT('',(-1.3,11.75166604984));
#2496 = CARTESIAN_POINT('',(0.65,10.62583302492));
#2497 = CARTESIAN_POINT('',(2.6,9.5));
#2498 = CARTESIAN_POINT('',(0.65,8.37416697508));
#2499 = CARTESIAN_POINT('',(-1.3,7.24833395016));
#2500 = CARTESIAN_POINT('',(-1.3,9.5));
#2501 = ( GEOMETRIC_REPRESENTATION_CONTEXT(2) 
PARAMETRIC_REPRESENTATION_CONTEXT() REPRESENTATION_CONTEXT('2D SPACE',''
  ) );
#2502 = ORIENTED_EDGE('',*,*,#2503,.T.);
#2503 = EDGE_CURVE('',#2471,#1596,#2504,.T.);
#2504 = SURFACE_CURVE('',#2505,(#2509,#2516),.PCURVE_S1.);
#2505 = LINE('',#2506,#2507);
#2506 = CARTESIAN_POINT('',(-1.3,-34.,9.5));
#2507 = VECTOR('',#2508,1.);
#2508 = DIRECTION('',(2.980498634565E-09,-1.,1.68863693902E-08));
#2509 = PCURVE('',#1612,#2510);
#2510 = DEFINITIONAL_REPRESENTATION('',(#2511),#2515);
#2511 = LINE('',#2512,#2513);
#2512 = CARTESIAN_POINT('',(3.14159265359,48.5));
#2513 = VECTOR('',#2514,1.);
#2514 = DIRECTION('',(-1.298951464908E-08,1.));
#2515 = ( GEOMETRIC_REPRESENTATION_CONTEXT(2) 
PARAMETRIC_REPRESENTATION_CONTEXT() REPRESENTATION_CONTEXT('2D SPACE',''
  ) );
#2516 = PCURVE('',#1665,#2517);
#2517 = DEFINITIONAL_REPRESENTATION('',(#2518),#2522);
#2518 = LINE('',#2519,#2520);
#2519 = CARTESIAN_POINT('',(3.14159265359,48.5));
#2520 = VECTOR('',#2521,1.);
#2521 = DIRECTION('',(-1.298951464908E-08,1.));
#2522 = ( GEOMETRIC_REPRESENTATION_CONTEXT(2) 
PARAMETRIC_REPRESENTATION_CONTEXT() REPRESENTATION_CONTEXT('2D SPACE',''
  ) );
#2523 = ADVANCED_FACE('',(#2524),#1665,.F.);
#2524 = FACE_BOUND('',#2525,.F.);
#2525 = EDGE_LOOP('',(#2526,#2527,#2528,#2554));
#2526 = ORIENTED_EDGE('',*,*,#1650,.T.);
#2527 = ORIENTED_EDGE('',*,*,#2503,.F.);
#2528 = ORIENTED_EDGE('',*,*,#2529,.T.);
#2529 = EDGE_CURVE('',#2471,#2448,#2530,.T.);
#2530 = SURFACE_CURVE('',#2531,(#2536,#2543),.PCURVE_S1.);#2531 = CIRCLE('',#2532,1.3);
#2532 = AXIS2_PLACEMENT_3D('',#2533,#2534,#2535);
#2533 = CARTESIAN_POINT('',(0.,-34.,9.5));
#2534 = DIRECTION('',(0.,-1.,0.));
#2535 = DIRECTION('',(-1.,0.,0.));
#2536 = PCURVE('',#1665,#2537);
#2537 = DEFINITIONAL_REPRESENTATION('',(#2538),#2542);
#2538 = LINE('',#2539,#2540);
#2539 = CARTESIAN_POINT('',(3.14159265359,48.5));
#2540 = VECTOR('',#2541,1.);
#2541 = DIRECTION('',(1.,0.));
#2542 = ( GEOMETRIC_REPRESENTATION_CONTEXT(2) 
PARAMETRIC_REPRESENTATION_CONTEXT() REPRESENTATION_CONTEXT('2D SPACE',''
  ) );
#2543 = PCURVE('',#2487,#2544);
#2544 = DEFINITIONAL_REPRESENTATION('',(#2545),#2553);
#2545 = ( BOUNDED_CURVE() B_SPLINE_CURVE(2,(#2546,#2547,#2548,#2549,
#2550,#2551,#2552),.UNSPECIFIED.,.T.,.F.) B_SPLINE_CURVE_WITH_KNOTS((1,2
    ,2,2,2,1),(-2.094395102393,0.,2.094395102393,4.188790204786,
6.28318530718,8.377580409573),.UNSPECIFIED.) CURVE() 
GEOMETRIC_REPRESENTATION_ITEM() RATIONAL_B_SPLINE_CURVE((1.,0.5,1.,0.5,
1.,0.5,1.)) REPRESENTATION_ITEM('') );
#2546 = CARTESIAN_POINT('',(1.3,9.5));
#2547 = CARTESIAN_POINT('',(1.3,7.24833395016));
#2548 = CARTESIAN_POINT('',(-0.65,8.37416697508));
#2549 = CARTESIAN_POINT('',(-2.6,9.5));
#2550 = CARTESIAN_POINT('',(-0.65,10.62583302492));
#2551 = CARTESIAN_POINT('',(1.3,11.75166604984));
#2552 = CARTESIAN_POINT('',(1.3,9.5));
#2553 = ( GEOMETRIC_REPRESENTATION_CONTEXT(2) 
PARAMETRIC_REPRESENTATION_CONTEXT() REPRESENTATION_CONTEXT('2D SPACE',''
  ) );
#2554 = ORIENTED_EDGE('',*,*,#2447,.T.);
#2555 = ADVANCED_FACE('',(#2556),#1722,.F.);
#2556 = FACE_BOUND('',#2557,.F.);
#2557 = EDGE_LOOP('',(#2558,#2559,#2582,#2615));
#2558 = ORIENTED_EDGE('',*,*,#1705,.T.);
#2559 = ORIENTED_EDGE('',*,*,#2560,.F.);
#2560 = EDGE_CURVE('',#2561,#1683,#2563,.T.);
#2561 = VERTEX_POINT('',#2562);
#2562 = CARTESIAN_POINT('',(1.3,-34.,-9.5));
#2563 = SURFACE_CURVE('',#2564,(#2568,#2575),.PCURVE_S1.);
#2564 = LINE('',#2565,#2566);
#2565 = CARTESIAN_POINT('',(1.3,-34.,-9.5));
#2566 = VECTOR('',#2567,1.);
#2567 = DIRECTION('',(-2.980498819603E-09,-1.,-1.68863679099E-08));
#2568 = PCURVE('',#1722,#2569);
#2569 = DEFINITIONAL_REPRESENTATION('',(#2570),#2574);
#2570 = LINE('',#2571,#2572);
#2571 = CARTESIAN_POINT('',(0.,48.5));
#2572 = VECTOR('',#2573,1.);
#2573 = DIRECTION('',(-1.298951390893E-08,1.));
#2574 = ( GEOMETRIC_REPRESENTATION_CONTEXT(2) 
PARAMETRIC_REPRESENTATION_CONTEXT() REPRESENTATION_CONTEXT('2D SPACE',''
  ) );
#2575 = PCURVE('',#1775,#2576);
#2576 = DEFINITIONAL_REPRESENTATION('',(#2577),#2581);
#2577 = LINE('',#2578,#2579);
#2578 = CARTESIAN_POINT('',(6.28318530718,48.5));
#2579 = VECTOR('',#2580,1.);
#2580 = DIRECTION('',(-1.298951390893E-08,1.));
#2581 = ( GEOMETRIC_REPRESENTATION_CONTEXT(2) 
PARAMETRIC_REPRESENTATION_CONTEXT() REPRESENTATION_CONTEXT('2D SPACE',''
  ) );
#2582 = ORIENTED_EDGE('',*,*,#2583,.T.);
#2583 = EDGE_CURVE('',#2561,#2584,#2586,.T.);
#2584 = VERTEX_POINT('',#2585);
#2585 = CARTESIAN_POINT('',(-1.3,-34.,-9.5));
#2586 = SURFACE_CURVE('',#2587,(#2592,#2599),.PCURVE_S1.);
#2587 = CIRCLE('',#2588,1.3);
#2588 = AXIS2_PLACEMENT_3D('',#2589,#2590,#2591);
#2589 = CARTESIAN_POINT('',(0.,-34.,-9.5));
#2590 = DIRECTION('',(0.,-1.,0.));
#2591 = DIRECTION('',(1.,0.,0.));
#2592 = PCURVE('',#1722,#2593);
#2593 = DEFINITIONAL_REPRESENTATION('',(#2594),#2598);
#2594 = LINE('',#2595,#2596);
#2595 = CARTESIAN_POINT('',(0.,48.5));
#2596 = VECTOR('',#2597,1.);
#2597 = DIRECTION('',(1.,0.));
#2598 = ( GEOMETRIC_REPRESENTATION_CONTEXT(2) 
PARAMETRIC_REPRESENTATION_CONTEXT() REPRESENTATION_CONTEXT('2D SPACE',''
  ) );
#2599 = PCURVE('',#2600,#2605);
#2600 = PLANE('',#2601);
#2601 = AXIS2_PLACEMENT_3D('',#2602,#2603,#2604);
#2602 = CARTESIAN_POINT('',(0.,-34.,0.));
#2603 = DIRECTION('',(0.,1.,0.));
#2604 = DIRECTION('',(-1.,0.,0.));
#2605 = DEFINITIONAL_REPRESENTATION('',(#2606),#2614);
#2606 = ( BOUNDED_CURVE() B_SPLINE_CURVE(2,(#2607,#2608,#2609,#2610,
#2611,#2612,#2613),.UNSPECIFIED.,.T.,.F.) B_SPLINE_CURVE_WITH_KNOTS((1,2
    ,2,2,2,1),(-2.094395102393,0.,2.094395102393,4.188790204786,
6.28318530718,8.377580409573),.UNSPECIFIED.) CURVE() 
GEOMETRIC_REPRESENTATION_ITEM() RATIONAL_B_SPLINE_CURVE((1.,0.5,1.,0.5,
1.,0.5,1.)) REPRESENTATION_ITEM('') );
#2607 = CARTESIAN_POINT('',(-1.3,-9.5));
#2608 = CARTESIAN_POINT('',(-1.3,-7.24833395016));
#2609 = CARTESIAN_POINT('',(0.65,-8.37416697508));
#2610 = CARTESIAN_POINT('',(2.6,-9.5));
#2611 = CARTESIAN_POINT('',(0.65,-10.62583302492));
#2612 = CARTESIAN_POINT('',(-1.3,-11.75166604984));
#2613 = CARTESIAN_POINT('',(-1.3,-9.5));
#2614 = ( GEOMETRIC_REPRESENTATION_CONTEXT(2) 
PARAMETRIC_REPRESENTATION_CONTEXT() REPRESENTATION_CONTEXT('2D SPACE',''
  ) );
#2615 = ORIENTED_EDGE('',*,*,#2616,.T.);
#2616 = EDGE_CURVE('',#2584,#1706,#2617,.T.);
#2617 = SURFACE_CURVE('',#2618,(#2622,#2629),.PCURVE_S1.);
#2618 = LINE('',#2619,#2620);
#2619 = CARTESIAN_POINT('',(-1.3,-34.,-9.5));
#2620 = VECTOR('',#2621,1.);
#2621 = DIRECTION('',(2.980498819603E-09,-1.,1.68863679099E-08));
#2622 = PCURVE('',#1722,#2623);
#2623 = DEFINITIONAL_REPRESENTATION('',(#2624),#2628);
#2624 = LINE('',#2625,#2626);
#2625 = CARTESIAN_POINT('',(3.14159265359,48.5));
#2626 = VECTOR('',#2627,1.);
#2627 = DIRECTION('',(-1.298951316879E-08,1.));
#2628 = ( GEOMETRIC_REPRESENTATION_CONTEXT(2) 
PARAMETRIC_REPRESENTATION_CONTEXT() REPRESENTATION_CONTEXT('2D SPACE',''
  ) );
#2629 = PCURVE('',#1775,#2630);
#2630 = DEFINITIONAL_REPRESENTATION('',(#2631),#2635);
#2631 = LINE('',#2632,#2633);
#2632 = CARTESIAN_POINT('',(3.14159265359,48.5));
#2633 = VECTOR('',#2634,1.);
#2634 = DIRECTION('',(-1.298951353886E-08,1.));
#2635 = ( GEOMETRIC_REPRESENTATION_CONTEXT(2) 
PARAMETRIC_REPRESENTATION_CONTEXT() REPRESENTATION_CONTEXT('2D SPACE',''
  ) );
#2636 = ADVANCED_FACE('',(#2637),#1775,.F.);
#2637 = FACE_BOUND('',#2638,.F.);
#2638 = EDGE_LOOP('',(#2639,#2640,#2641,#2667));
#2639 = ORIENTED_EDGE('',*,*,#1760,.T.);
#2640 = ORIENTED_EDGE('',*,*,#2616,.F.);
#2641 = ORIENTED_EDGE('',*,*,#2642,.T.);
#2642 = EDGE_CURVE('',#2584,#2561,#2643,.T.);
#2643 = SURFACE_CURVE('',#2644,(#2649,#2656),.PCURVE_S1.);
#2644 = CIRCLE('',#2645,1.3);
#2645 = AXIS2_PLACEMENT_3D('',#2646,#2647,#2648);
#2646 = CARTESIAN_POINT('',(0.,-34.,-9.5));
#2647 = DIRECTION('',(0.,-1.,0.));
#2648 = DIRECTION('',(-1.,0.,0.));
#2649 = PCURVE('',#1775,#2650);
#2650 = DEFINITIONAL_REPRESENTATION('',(#2651),#2655);
#2651 = LINE('',#2652,#2653);
#2652 = CARTESIAN_POINT('',(3.14159265359,48.5));
#2653 = VECTOR('',#2654,1.);
#2654 = DIRECTION('',(1.,0.));
#2655 = ( GEOMETRIC_REPRESENTATION_CONTEXT(2) 
PARAMETRIC_REPRESENTATION_CONTEXT() REPRESENTATION_CONTEXT('2D SPACE',''
  ) );
#2656 = PCURVE('',#2600,#2657);
#2657 = DEFINITIONAL_REPRESENTATION('',(#2658),#2666);
#2658 = ( BOUNDED_CURVE() B_SPLINE_CURVE(2,(#2659,#2660,#2661,#2662,
#2663,#2664,#2665),.UNSPECIFIED.,.T.,.F.) B_SPLINE_CURVE_WITH_KNOTS((1,2
    ,2,2,2,1),(-2.094395102393,0.,2.094395102393,4.188790204786,
6.28318530718,8.377580409573),.UNSPECIFIED.) CURVE() 
GEOMETRIC_REPRESENTATION_ITEM() RATIONAL_B_SPLINE_CURVE((1.,0.5,1.,0.5,
1.,0.5,1.)) REPRESENTATION_ITEM('') );
#2659 = CARTESIAN_POINT('',(1.3,-9.5));
#2660 = CARTESIAN_POINT('',(1.3,-11.75166604984));
#2661 = CARTESIAN_POINT('',(-0.65,-10.62583302492));
#2662 = CARTESIAN_POINT('',(-2.6,-9.5));
#2663 = CARTESIAN_POINT('',(-0.65,-8.37416697508));
#2664 = CARTESIAN_POINT('',(1.3,-7.24833395016));
#2665 = CARTESIAN_POINT('',(1.3,-9.5));
#2666 = ( GEOMETRIC_REPRESENTATION_CONTEXT(2) 
PARAMETRIC_REPRESENTATION_CONTEXT() REPRESENTATION_CONTEXT('2D SPACE',''
  ) );
#2667 = ORIENTED_EDGE('',*,*,#2560,.T.);
#2668 = ADVANCED_FACE('',(#2669),#1832,.F.);
#2669 = FACE_BOUND('',#2670,.F.);
#2670 = EDGE_LOOP('',(#2671,#2702,#2723,#2724));
#2671 = ORIENTED_EDGE('',*,*,#2672,.T.);
#2672 = EDGE_CURVE('',#2673,#2675,#2677,.T.);
#2673 = VERTEX_POINT('',#2674);
#2674 = CARTESIAN_POINT('',(-12.24999999787,7.0000001,-1.23553732577E-08
    ));
#2675 = VERTEX_POINT('',#2676);
#2676 = CARTESIAN_POINT('',(-9.750000002122,7.0000001,1.235537349041E-08
    ));
#2677 = SURFACE_CURVE('',#2678,(#2683,#2690),.PCURVE_S1.);
#2678 = CIRCLE('',#2679,1.25);
#2679 = AXIS2_PLACEMENT_3D('',#2680,#2681,#2682);
#2680 = CARTESIAN_POINT('',(-11.,7.0000001,0.));
#2681 = DIRECTION('',(-0.,1.,0.));
#2682 = DIRECTION('',(1.,0.,0.));
#2683 = PCURVE('',#1832,#2684);
#2684 = DEFINITIONAL_REPRESENTATION('',(#2685),#2689);
#2685 = LINE('',#2686,#2687);
#2686 = CARTESIAN_POINT('',(0.,3.513629662474));
#2687 = VECTOR('',#2688,1.);
#2688 = DIRECTION('',(1.,0.));
#2689 = ( GEOMETRIC_REPRESENTATION_CONTEXT(2) 
PARAMETRIC_REPRESENTATION_CONTEXT() REPRESENTATION_CONTEXT('2D SPACE',''
  ) );
#2690 = PCURVE('',#2691,#2696);
#2691 = PLANE('',#2692);
#2692 = AXIS2_PLACEMENT_3D('',#2693,#2694,#2695);
#2693 = CARTESIAN_POINT('',(0.,7.0000001,0.));
#2694 = DIRECTION('',(0.,1.,0.));
#2695 = DIRECTION('',(0.,-0.,1.));
#2696 = DEFINITIONAL_REPRESENTATION('',(#2697),#2701);
#2697 = CIRCLE('',#2698,1.25);
#2698 = AXIS2_PLACEMENT_2D('',#2699,#2700);
#2699 = CARTESIAN_POINT('',(0.,-11.));
#2700 = DIRECTION('',(0.,1.));
#2701 = ( GEOMETRIC_REPRESENTATION_CONTEXT(2) 
PARAMETRIC_REPRESENTATION_CONTEXT() REPRESENTATION_CONTEXT('2D SPACE',''
  ) );
#2702 = ORIENTED_EDGE('',*,*,#2703,.T.);
#2703 = EDGE_CURVE('',#2675,#1816,#2704,.T.);
#2704 = SURFACE_CURVE('',#2705,(#2709,#2716),.PCURVE_S1.);
#2705 = LINE('',#2706,#2707);
#2706 = CARTESIAN_POINT('',(-9.75,4.5,0.));
#2707 = VECTOR('',#2708,1.);
#2708 = DIRECTION('',(-8.489065542385E-10,1.,4.942149198479E-09));
#2709 = PCURVE('',#1832,#2710);
#2710 = DEFINITIONAL_REPRESENTATION('',(#2711),#2715);
#2711 = LINE('',#2712,#2713);
#2712 = CARTESIAN_POINT('',(6.28318530718,1.013629562474));
#2713 = VECTOR('',#2714,1.);
#2714 = DIRECTION('',(-3.953719468221E-09,1.));
#2715 = ( GEOMETRIC_REPRESENTATION_CONTEXT(2) 
PARAMETRIC_REPRESENTATION_CONTEXT() REPRESENTATION_CONTEXT('2D SPACE',''
  ) );
#2716 = PCURVE('',#1885,#2717);
#2717 = DEFINITIONAL_REPRESENTATION('',(#2718),#2722);
#2718 = LINE('',#2719,#2720);
#2719 = CARTESIAN_POINT('',(0.,1.013629562474));
#2720 = VECTOR('',#2721,1.);
#2721 = DIRECTION('',(-3.953719468221E-09,1.));
#2722 = ( GEOMETRIC_REPRESENTATION_CONTEXT(2) 
PARAMETRIC_REPRESENTATION_CONTEXT() REPRESENTATION_CONTEXT('2D SPACE',''
  ) );
#2723 = ORIENTED_EDGE('',*,*,#1815,.T.);
#2724 = ORIENTED_EDGE('',*,*,#2725,.F.);
#2725 = EDGE_CURVE('',#2673,#1793,#2726,.T.);
#2726 = SURFACE_CURVE('',#2727,(#2731,#2738),.PCURVE_S1.);
#2727 = LINE('',#2728,#2729);
#2728 = CARTESIAN_POINT('',(-12.25,4.5,0.));
#2729 = VECTOR('',#2730,1.);
#2730 = DIRECTION('',(8.489065542385E-10,1.,-4.942149105396E-09));
#2731 = PCURVE('',#1832,#2732);
#2732 = DEFINITIONAL_REPRESENTATION('',(#2733),#2737);
#2733 = LINE('',#2734,#2735);
#2734 = CARTESIAN_POINT('',(3.14159265359,1.013629562474));
#2735 = VECTOR('',#2736,1.);
#2736 = DIRECTION('',(-3.95371925675E-09,1.));
#2737 = ( GEOMETRIC_REPRESENTATION_CONTEXT(2) 
PARAMETRIC_REPRESENTATION_CONTEXT() REPRESENTATION_CONTEXT('2D SPACE',''
  ) );
#2738 = PCURVE('',#1885,#2739);
#2739 = DEFINITIONAL_REPRESENTATION('',(#2740),#2744);
#2740 = LINE('',#2741,#2742);
#2741 = CARTESIAN_POINT('',(3.14159265359,1.013629562474));
#2742 = VECTOR('',#2743,1.);
#2743 = DIRECTION('',(-3.953719468221E-09,1.));
#2744 = ( GEOMETRIC_REPRESENTATION_CONTEXT(2) 
PARAMETRIC_REPRESENTATION_CONTEXT() REPRESENTATION_CONTEXT('2D SPACE',''
  ) );
#2745 = ADVANCED_FACE('',(#2746),#1885,.F.);
#2746 = FACE_BOUND('',#2747,.F.);
#2747 = EDGE_LOOP('',(#2748,#2770,#2771,#2772));
#2748 = ORIENTED_EDGE('',*,*,#2749,.T.);
#2749 = EDGE_CURVE('',#2675,#2673,#2750,.T.);
#2750 = SURFACE_CURVE('',#2751,(#2756,#2763),.PCURVE_S1.);
#2751 = CIRCLE('',#2752,1.25);
#2752 = AXIS2_PLACEMENT_3D('',#2753,#2754,#2755);
#2753 = CARTESIAN_POINT('',(-11.,7.0000001,0.));
#2754 = DIRECTION('',(-0.,1.,0.));
#2755 = DIRECTION('',(1.,0.,0.));
#2756 = PCURVE('',#1885,#2757);
#2757 = DEFINITIONAL_REPRESENTATION('',(#2758),#2762);
#2758 = LINE('',#2759,#2760);
#2759 = CARTESIAN_POINT('',(-6.28318530718,3.513629662474));
#2760 = VECTOR('',#2761,1.);
#2761 = DIRECTION('',(1.,0.));
#2762 = ( GEOMETRIC_REPRESENTATION_CONTEXT(2) 
PARAMETRIC_REPRESENTATION_CONTEXT() REPRESENTATION_CONTEXT('2D SPACE',''
  ) );
#2763 = PCURVE('',#2691,#2764);
#2764 = DEFINITIONAL_REPRESENTATION('',(#2765),#2769);
#2765 = CIRCLE('',#2766,1.25);
#2766 = AXIS2_PLACEMENT_2D('',#2767,#2768);
#2767 = CARTESIAN_POINT('',(0.,-11.));
#2768 = DIRECTION('',(0.,1.));
#2769 = ( GEOMETRIC_REPRESENTATION_CONTEXT(2) 
PARAMETRIC_REPRESENTATION_CONTEXT() REPRESENTATION_CONTEXT('2D SPACE',''
  ) );
#2770 = ORIENTED_EDGE('',*,*,#2725,.T.);
#2771 = ORIENTED_EDGE('',*,*,#1870,.T.);
#2772 = ORIENTED_EDGE('',*,*,#2703,.F.);
#2773 = ADVANCED_FACE('',(#2774),#1942,.F.);
#2774 = FACE_BOUND('',#2775,.F.);
#2775 = EDGE_LOOP('',(#2776,#2807,#2828,#2829));
#2776 = ORIENTED_EDGE('',*,*,#2777,.T.);
#2777 = EDGE_CURVE('',#2778,#2780,#2782,.T.);
#2778 = VERTEX_POINT('',#2779);
#2779 = CARTESIAN_POINT('',(1.235537368039E-08,7.0000001,-12.24999999787
    ));
#2780 = VERTEX_POINT('',#2781);
#2781 = CARTESIAN_POINT('',(-1.235537303117E-08,7.0000001,
    -9.750000002122));
#2782 = SURFACE_CURVE('',#2783,(#2788,#2795),.PCURVE_S1.);
#2783 = CIRCLE('',#2784,1.25);
#2784 = AXIS2_PLACEMENT_3D('',#2785,#2786,#2787);
#2785 = CARTESIAN_POINT('',(0.,7.0000001,-11.));
#2786 = DIRECTION('',(0.,1.,0.));
#2787 = DIRECTION('',(0.,-0.,1.));
#2788 = PCURVE('',#1942,#2789);
#2789 = DEFINITIONAL_REPRESENTATION('',(#2790),#2794);
#2790 = LINE('',#2791,#2792);
#2791 = CARTESIAN_POINT('',(0.,3.513629662474));
#2792 = VECTOR('',#2793,1.);
#2793 = DIRECTION('',(1.,0.));
#2794 = ( GEOMETRIC_REPRESENTATION_CONTEXT(2) 
PARAMETRIC_REPRESENTATION_CONTEXT() REPRESENTATION_CONTEXT('2D SPACE',''
  ) );
#2795 = PCURVE('',#2796,#2801);
#2796 = PLANE('',#2797);
#2797 = AXIS2_PLACEMENT_3D('',#2798,#2799,#2800);
#2798 = CARTESIAN_POINT('',(0.,7.0000001,0.));
#2799 = DIRECTION('',(0.,1.,0.));
#2800 = DIRECTION('',(0.,-0.,1.));
#2801 = DEFINITIONAL_REPRESENTATION('',(#2802),#2806);
#2802 = CIRCLE('',#2803,1.25);
#2803 = AXIS2_PLACEMENT_2D('',#2804,#2805);
#2804 = CARTESIAN_POINT('',(-11.,0.));
#2805 = DIRECTION('',(1.,0.));
#2806 = ( GEOMETRIC_REPRESENTATION_CONTEXT(2) 
PARAMETRIC_REPRESENTATION_CONTEXT() REPRESENTATION_CONTEXT('2D SPACE',''
  ) );
#2807 = ORIENTED_EDGE('',*,*,#2808,.T.);
#2808 = EDGE_CURVE('',#2780,#1926,#2809,.T.);
#2809 = SURFACE_CURVE('',#2810,(#2814,#2821),.PCURVE_S1.);
#2810 = LINE('',#2811,#2812);
#2811 = CARTESIAN_POINT('',(0.,4.5,-9.75));
#2812 = VECTOR('',#2813,1.);
#2813 = DIRECTION('',(-4.942149014782E-09,1.,-8.489069771806E-10));
#2814 = PCURVE('',#1942,#2815);
#2815 = DEFINITIONAL_REPRESENTATION('',(#2816),#2820);
#2816 = LINE('',#2817,#2818);
#2817 = CARTESIAN_POINT('',(6.28318530718,1.013629562474));
#2818 = VECTOR('',#2819,1.);
#2819 = DIRECTION('',(-3.95371925675E-09,1.));
#2820 = ( GEOMETRIC_REPRESENTATION_CONTEXT(2) 
PARAMETRIC_REPRESENTATION_CONTEXT() REPRESENTATION_CONTEXT('2D SPACE',''
  ) );
#2821 = PCURVE('',#1995,#2822);
#2822 = DEFINITIONAL_REPRESENTATION('',(#2823),#2827);
#2823 = LINE('',#2824,#2825);
#2824 = CARTESIAN_POINT('',(0.,1.013629562474));
#2825 = VECTOR('',#2826,1.);
#2826 = DIRECTION('',(-3.95371925675E-09,1.));
#2827 = ( GEOMETRIC_REPRESENTATION_CONTEXT(2) 
PARAMETRIC_REPRESENTATION_CONTEXT() REPRESENTATION_CONTEXT('2D SPACE',''
  ) );
#2828 = ORIENTED_EDGE('',*,*,#1925,.T.);
#2829 = ORIENTED_EDGE('',*,*,#2830,.F.);
#2830 = EDGE_CURVE('',#2778,#1903,#2831,.T.);
#2831 = SURFACE_CURVE('',#2832,(#2836,#2843),.PCURVE_S1.);
#2832 = LINE('',#2833,#2834);
#2833 = CARTESIAN_POINT('',(0.,4.5,-12.25));
#2834 = VECTOR('',#2835,1.);
#2835 = DIRECTION('',(4.942149274469E-09,1.,8.489069771806E-10));
#2836 = PCURVE('',#1942,#2837);
#2837 = DEFINITIONAL_REPRESENTATION('',(#2838),#2842);
#2838 = LINE('',#2839,#2840);
#2839 = CARTESIAN_POINT('',(3.14159265359,1.013629562474));
#2840 = VECTOR('',#2841,1.);
#2841 = DIRECTION('',(-3.953719362486E-09,1.));
#2842 = ( GEOMETRIC_REPRESENTATION_CONTEXT(2) 
PARAMETRIC_REPRESENTATION_CONTEXT() REPRESENTATION_CONTEXT('2D SPACE',''
  ) );
#2843 = PCURVE('',#1995,#2844);
#2844 = DEFINITIONAL_REPRESENTATION('',(#2845),#2849);
#2845 = LINE('',#2846,#2847);
#2846 = CARTESIAN_POINT('',(3.14159265359,1.013629562474));
#2847 = VECTOR('',#2848,1.);
#2848 = DIRECTION('',(-3.953719468221E-09,1.));
#2849 = ( GEOMETRIC_REPRESENTATION_CONTEXT(2) 
PARAMETRIC_REPRESENTATION_CONTEXT() REPRESENTATION_CONTEXT('2D SPACE',''
  ) );
#2850 = ADVANCED_FACE('',(#2851),#1995,.F.);
#2851 = FACE_BOUND('',#2852,.F.);
#2852 = EDGE_LOOP('',(#2853,#2875,#2876,#2877));
#2853 = ORIENTED_EDGE('',*,*,#2854,.T.);
#2854 = EDGE_CURVE('',#2780,#2778,#2855,.T.);
#2855 = SURFACE_CURVE('',#2856,(#2861,#2868),.PCURVE_S1.);
#2856 = CIRCLE('',#2857,1.25);
#2857 = AXIS2_PLACEMENT_3D('',#2858,#2859,#2860);
#2858 = CARTESIAN_POINT('',(0.,7.0000001,-11.));
#2859 = DIRECTION('',(0.,1.,0.));
#2860 = DIRECTION('',(0.,-0.,1.));
#2861 = PCURVE('',#1995,#2862);
#2862 = DEFINITIONAL_REPRESENTATION('',(#2863),#2867);
#2863 = LINE('',#2864,#2865);
#2864 = CARTESIAN_POINT('',(-6.28318530718,3.513629662474));
#2865 = VECTOR('',#2866,1.);
#2866 = DIRECTION('',(1.,0.));
#2867 = ( GEOMETRIC_REPRESENTATION_CONTEXT(2) 
PARAMETRIC_REPRESENTATION_CONTEXT() REPRESENTATION_CONTEXT('2D SPACE',''
  ) );
#2868 = PCURVE('',#2796,#2869);
#2869 = DEFINITIONAL_REPRESENTATION('',(#2870),#2874);
#2870 = CIRCLE('',#2871,1.25);
#2871 = AXIS2_PLACEMENT_2D('',#2872,#2873);
#2872 = CARTESIAN_POINT('',(-11.,0.));
#2873 = DIRECTION('',(1.,0.));
#2874 = ( GEOMETRIC_REPRESENTATION_CONTEXT(2) 
PARAMETRIC_REPRESENTATION_CONTEXT() REPRESENTATION_CONTEXT('2D SPACE',''
  ) );
#2875 = ORIENTED_EDGE('',*,*,#2830,.T.);
#2876 = ORIENTED_EDGE('',*,*,#1980,.T.);
#2877 = ORIENTED_EDGE('',*,*,#2808,.F.);
#2878 = ADVANCED_FACE('',(#2879),#2052,.F.);
#2879 = FACE_BOUND('',#2880,.F.);
#2880 = EDGE_LOOP('',(#2881,#2912,#2933,#2934));
#2881 = ORIENTED_EDGE('',*,*,#2882,.T.);
#2882 = EDGE_CURVE('',#2883,#2885,#2887,.T.);
#2883 = VERTEX_POINT('',#2884);
#2884 = CARTESIAN_POINT('',(12.249999997878,7.0000001,1.235537322066E-08
    ));
#2885 = VERTEX_POINT('',#2886);
#2886 = CARTESIAN_POINT('',(9.750000002122,7.0000001,-1.235537341206E-08
    ));
#2887 = SURFACE_CURVE('',#2888,(#2893,#2900),.PCURVE_S1.);
#2888 = CIRCLE('',#2889,1.25);
#2889 = AXIS2_PLACEMENT_3D('',#2890,#2891,#2892);
#2890 = CARTESIAN_POINT('',(11.,7.0000001,0.));
#2891 = DIRECTION('',(0.,1.,0.));
#2892 = DIRECTION('',(-1.,0.,0.));
#2893 = PCURVE('',#2052,#2894);
#2894 = DEFINITIONAL_REPRESENTATION('',(#2895),#2899);
#2895 = LINE('',#2896,#2897);
#2896 = CARTESIAN_POINT('',(0.,3.513629662474));
#2897 = VECTOR('',#2898,1.);
#2898 = DIRECTION('',(1.,0.));
#2899 = ( GEOMETRIC_REPRESENTATION_CONTEXT(2) 
PARAMETRIC_REPRESENTATION_CONTEXT() REPRESENTATION_CONTEXT('2D SPACE',''
  ) );
#2900 = PCURVE('',#2901,#2906);
#2901 = PLANE('',#2902);
#2902 = AXIS2_PLACEMENT_3D('',#2903,#2904,#2905);
#2903 = CARTESIAN_POINT('',(0.,7.0000001,0.));
#2904 = DIRECTION('',(0.,1.,0.));
#2905 = DIRECTION('',(0.,-0.,1.));
#2906 = DEFINITIONAL_REPRESENTATION('',(#2907),#2911);
#2907 = CIRCLE('',#2908,1.25);
#2908 = AXIS2_PLACEMENT_2D('',#2909,#2910);
#2909 = CARTESIAN_POINT('',(0.,11.));
#2910 = DIRECTION('',(0.,-1.));
#2911 = ( GEOMETRIC_REPRESENTATION_CONTEXT(2) 
PARAMETRIC_REPRESENTATION_CONTEXT() REPRESENTATION_CONTEXT('2D SPACE',''
  ) );
#2912 = ORIENTED_EDGE('',*,*,#2913,.T.);
#2913 = EDGE_CURVE('',#2885,#2036,#2914,.T.);
#2914 = SURFACE_CURVE('',#2915,(#2919,#2926),.PCURVE_S1.);
#2915 = LINE('',#2916,#2917);
#2916 = CARTESIAN_POINT('',(9.75,4.5,0.));
#2917 = VECTOR('',#2918,1.);
#2918 = DIRECTION('',(8.489069771806E-10,1.,-4.942149167139E-09));
#2919 = PCURVE('',#2052,#2920);
#2920 = DEFINITIONAL_REPRESENTATION('',(#2921),#2925);
#2921 = LINE('',#2922,#2923);
#2922 = CARTESIAN_POINT('',(6.28318530718,1.013629562474));
#2923 = VECTOR('',#2924,1.);
#2924 = DIRECTION('',(-3.95371925675E-09,1.));
#2925 = ( GEOMETRIC_REPRESENTATION_CONTEXT(2) 
PARAMETRIC_REPRESENTATION_CONTEXT() REPRESENTATION_CONTEXT('2D SPACE',''
  ) );
#2926 = PCURVE('',#2105,#2927);
#2927 = DEFINITIONAL_REPRESENTATION('',(#2928),#2932);
#2928 = LINE('',#2929,#2930);
#2929 = CARTESIAN_POINT('',(0.,1.013629562474));
#2930 = VECTOR('',#2931,1.);
#2931 = DIRECTION('',(-3.95371925675E-09,1.));
#2932 = ( GEOMETRIC_REPRESENTATION_CONTEXT(2) 
PARAMETRIC_REPRESENTATION_CONTEXT() REPRESENTATION_CONTEXT('2D SPACE',''
  ) );
#2933 = ORIENTED_EDGE('',*,*,#2035,.T.);
#2934 = ORIENTED_EDGE('',*,*,#2935,.F.);
#2935 = EDGE_CURVE('',#2883,#2013,#2936,.T.);
#2936 = SURFACE_CURVE('',#2937,(#2941,#2948),.PCURVE_S1.);
#2937 = LINE('',#2938,#2939);
#2938 = CARTESIAN_POINT('',(12.25,4.5,0.));
#2939 = VECTOR('',#2940,1.);
#2940 = DIRECTION('',(-8.489061312964E-10,1.,4.942149090577E-09));
#2941 = PCURVE('',#2052,#2942);
#2942 = DEFINITIONAL_REPRESENTATION('',(#2943),#2947);
#2943 = LINE('',#2944,#2945);
#2944 = CARTESIAN_POINT('',(3.14159265359,1.013629562474));
#2945 = VECTOR('',#2946,1.);
#2946 = DIRECTION('',(-3.95371925675E-09,1.));
#2947 = ( GEOMETRIC_REPRESENTATION_CONTEXT(2) 
PARAMETRIC_REPRESENTATION_CONTEXT() REPRESENTATION_CONTEXT('2D SPACE',''
  ) );
#2948 = PCURVE('',#2105,#2949);
#2949 = DEFINITIONAL_REPRESENTATION('',(#2950),#2954);
#2950 = LINE('',#2951,#2952);
#2951 = CARTESIAN_POINT('',(3.14159265359,1.013629562474));
#2952 = VECTOR('',#2953,1.);
#2953 = DIRECTION('',(-3.953719468221E-09,1.));
#2954 = ( GEOMETRIC_REPRESENTATION_CONTEXT(2) 
PARAMETRIC_REPRESENTATION_CONTEXT() REPRESENTATION_CONTEXT('2D SPACE',''
  ) );
#2955 = ADVANCED_FACE('',(#2956),#2105,.F.);
#2956 = FACE_BOUND('',#2957,.F.);
#2957 = EDGE_LOOP('',(#2958,#2980,#2981,#2982));
#2958 = ORIENTED_EDGE('',*,*,#2959,.T.);
#2959 = EDGE_CURVE('',#2885,#2883,#2960,.T.);
#2960 = SURFACE_CURVE('',#2961,(#2966,#2973),.PCURVE_S1.);
#2961 = CIRCLE('',#2962,1.25);
#2962 = AXIS2_PLACEMENT_3D('',#2963,#2964,#2965);
#2963 = CARTESIAN_POINT('',(11.,7.0000001,0.));
#2964 = DIRECTION('',(0.,1.,0.));
#2965 = DIRECTION('',(-1.,0.,0.));
#2966 = PCURVE('',#2105,#2967);
#2967 = DEFINITIONAL_REPRESENTATION('',(#2968),#2972);
#2968 = LINE('',#2969,#2970);
#2969 = CARTESIAN_POINT('',(-6.28318530718,3.513629662474));
#2970 = VECTOR('',#2971,1.);
#2971 = DIRECTION('',(1.,0.));
#2972 = ( GEOMETRIC_REPRESENTATION_CONTEXT(2) 
PARAMETRIC_REPRESENTATION_CONTEXT() REPRESENTATION_CONTEXT('2D SPACE',''
  ) );
#2973 = PCURVE('',#2901,#2974);
#2974 = DEFINITIONAL_REPRESENTATION('',(#2975),#2979);
#2975 = CIRCLE('',#2976,1.25);
#2976 = AXIS2_PLACEMENT_2D('',#2977,#2978);
#2977 = CARTESIAN_POINT('',(0.,11.));
#2978 = DIRECTION('',(0.,-1.));
#2979 = ( GEOMETRIC_REPRESENTATION_CONTEXT(2) 
PARAMETRIC_REPRESENTATION_CONTEXT() REPRESENTATION_CONTEXT('2D SPACE',''
  ) );
#2980 = ORIENTED_EDGE('',*,*,#2935,.T.);
#2981 = ORIENTED_EDGE('',*,*,#2090,.T.);
#2982 = ORIENTED_EDGE('',*,*,#2913,.F.);
#2983 = ADVANCED_FACE('',(#2984),#2162,.F.);
#2984 = FACE_BOUND('',#2985,.F.);
#2985 = EDGE_LOOP('',(#2986,#3017,#3038,#3039));
#2986 = ORIENTED_EDGE('',*,*,#2987,.T.);
#2987 = EDGE_CURVE('',#2988,#2990,#2992,.T.);
#2988 = VERTEX_POINT('',#2989);
#2989 = CARTESIAN_POINT('',(-1.235537288532E-08,7.0000001,
    12.249999997878));
#2990 = VERTEX_POINT('',#2991);
#2991 = CARTESIAN_POINT('',(1.235537385944E-08,7.0000001,9.750000002122)
  );
#2992 = SURFACE_CURVE('',#2993,(#2998,#3005),.PCURVE_S1.);
#2993 = CIRCLE('',#2994,1.25);
#2994 = AXIS2_PLACEMENT_3D('',#2995,#2996,#2997);
#2995 = CARTESIAN_POINT('',(0.,7.0000001,11.));
#2996 = DIRECTION('',(0.,1.,0.));
#2997 = DIRECTION('',(0.,0.,-1.));
#2998 = PCURVE('',#2162,#2999);
#2999 = DEFINITIONAL_REPRESENTATION('',(#3000),#3004);
#3000 = LINE('',#3001,#3002);
#3001 = CARTESIAN_POINT('',(0.,3.513629662474));
#3002 = VECTOR('',#3003,1.);
#3003 = DIRECTION('',(1.,0.));
#3004 = ( GEOMETRIC_REPRESENTATION_CONTEXT(2) 
PARAMETRIC_REPRESENTATION_CONTEXT() REPRESENTATION_CONTEXT('2D SPACE',''
  ) );
#3005 = PCURVE('',#3006,#3011);
#3006 = PLANE('',#3007);
#3007 = AXIS2_PLACEMENT_3D('',#3008,#3009,#3010);
#3008 = CARTESIAN_POINT('',(0.,7.0000001,0.));
#3009 = DIRECTION('',(0.,1.,0.));
#3010 = DIRECTION('',(0.,-0.,1.));
#3011 = DEFINITIONAL_REPRESENTATION('',(#3012),#3016);
#3012 = CIRCLE('',#3013,1.25);
#3013 = AXIS2_PLACEMENT_2D('',#3014,#3015);
#3014 = CARTESIAN_POINT('',(11.,0.));
#3015 = DIRECTION('',(-1.,0.));
#3016 = ( GEOMETRIC_REPRESENTATION_CONTEXT(2) 
PARAMETRIC_REPRESENTATION_CONTEXT() REPRESENTATION_CONTEXT('2D SPACE',''
  ) );
#3017 = ORIENTED_EDGE('',*,*,#3018,.T.);
#3018 = EDGE_CURVE('',#2990,#2146,#3019,.T.);
#3019 = SURFACE_CURVE('',#3020,(#3024,#3031),.PCURVE_S1.);
#3020 = LINE('',#3021,#3022);
#3021 = CARTESIAN_POINT('',(0.,4.5,9.75));
#3022 = VECTOR('',#3023,1.);
#3023 = DIRECTION('',(4.942149346091E-09,1.,8.489069771806E-10));
#3024 = PCURVE('',#2162,#3025);
#3025 = DEFINITIONAL_REPRESENTATION('',(#3026),#3030);
#3026 = LINE('',#3027,#3028);
#3027 = CARTESIAN_POINT('',(6.28318530718,1.013629562474));
#3028 = VECTOR('',#3029,1.);
#3029 = DIRECTION('',(-3.953719468221E-09,1.));
#3030 = ( GEOMETRIC_REPRESENTATION_CONTEXT(2) 
PARAMETRIC_REPRESENTATION_CONTEXT() REPRESENTATION_CONTEXT('2D SPACE',''
  ) );
#3031 = PCURVE('',#2215,#3032);
#3032 = DEFINITIONAL_REPRESENTATION('',(#3033),#3037);
#3033 = LINE('',#3034,#3035);
#3034 = CARTESIAN_POINT('',(0.,1.013629562474));
#3035 = VECTOR('',#3036,1.);
#3036 = DIRECTION('',(-3.953719468221E-09,1.));
#3037 = ( GEOMETRIC_REPRESENTATION_CONTEXT(2) 
PARAMETRIC_REPRESENTATION_CONTEXT() REPRESENTATION_CONTEXT('2D SPACE',''
  ) );
#3038 = ORIENTED_EDGE('',*,*,#2145,.T.);
#3039 = ORIENTED_EDGE('',*,*,#3040,.F.);
#3040 = EDGE_CURVE('',#2988,#2123,#3041,.T.);
#3041 = SURFACE_CURVE('',#3042,(#3046,#3053),.PCURVE_S1.);
#3042 = LINE('',#3043,#3044);
#3043 = CARTESIAN_POINT('',(0.,4.5,12.25));
#3044 = VECTOR('',#3045,1.);
#3045 = DIRECTION('',(-4.942148956444E-09,1.,-8.489065542385E-10));
#3046 = PCURVE('',#2162,#3047);
#3047 = DEFINITIONAL_REPRESENTATION('',(#3048),#3052);
#3048 = LINE('',#3049,#3050);
#3049 = CARTESIAN_POINT('',(3.14159265359,1.013629562474));
#3050 = VECTOR('',#3051,1.);
#3051 = DIRECTION('',(-3.953719151015E-09,1.));
#3052 = ( GEOMETRIC_REPRESENTATION_CONTEXT(2) 
PARAMETRIC_REPRESENTATION_CONTEXT() REPRESENTATION_CONTEXT('2D SPACE',''
  ) );
#3053 = PCURVE('',#2215,#3054);
#3054 = DEFINITIONAL_REPRESENTATION('',(#3055),#3059);
#3055 = LINE('',#3056,#3057);
#3056 = CARTESIAN_POINT('',(3.14159265359,1.013629562474));
#3057 = VECTOR('',#3058,1.);
#3058 = DIRECTION('',(-3.953719045279E-09,1.));
#3059 = ( GEOMETRIC_REPRESENTATION_CONTEXT(2) 
PARAMETRIC_REPRESENTATION_CONTEXT() REPRESENTATION_CONTEXT('2D SPACE',''
  ) );
#3060 = ADVANCED_FACE('',(#3061),#2215,.F.);
#3061 = FACE_BOUND('',#3062,.F.);
#3062 = EDGE_LOOP('',(#3063,#3085,#3086,#3087));
#3063 = ORIENTED_EDGE('',*,*,#3064,.T.);
#3064 = EDGE_CURVE('',#2990,#2988,#3065,.T.);
#3065 = SURFACE_CURVE('',#3066,(#3071,#3078),.PCURVE_S1.);
#3066 = CIRCLE('',#3067,1.25);
#3067 = AXIS2_PLACEMENT_3D('',#3068,#3069,#3070);
#3068 = CARTESIAN_POINT('',(0.,7.0000001,11.));
#3069 = DIRECTION('',(0.,1.,0.));
#3070 = DIRECTION('',(0.,0.,-1.));
#3071 = PCURVE('',#2215,#3072);
#3072 = DEFINITIONAL_REPRESENTATION('',(#3073),#3077);
#3073 = LINE('',#3074,#3075);
#3074 = CARTESIAN_POINT('',(-6.28318530718,3.513629662474));
#3075 = VECTOR('',#3076,1.);
#3076 = DIRECTION('',(1.,0.));
#3077 = ( GEOMETRIC_REPRESENTATION_CONTEXT(2) 
PARAMETRIC_REPRESENTATION_CONTEXT() REPRESENTATION_CONTEXT('2D SPACE',''
  ) );
#3078 = PCURVE('',#3006,#3079);
#3079 = DEFINITIONAL_REPRESENTATION('',(#3080),#3084);
#3080 = CIRCLE('',#3081,1.25);
#3081 = AXIS2_PLACEMENT_2D('',#3082,#3083);
#3082 = CARTESIAN_POINT('',(11.,0.));
#3083 = DIRECTION('',(-1.,0.));
#3084 = ( GEOMETRIC_REPRESENTATION_CONTEXT(2) 
PARAMETRIC_REPRESENTATION_CONTEXT() REPRESENTATION_CONTEXT('2D SPACE',''
  ) );
#3085 = ORIENTED_EDGE('',*,*,#3040,.T.);
#3086 = ORIENTED_EDGE('',*,*,#2200,.T.);
#3087 = ORIENTED_EDGE('',*,*,#3018,.F.);
#3088 = ADVANCED_FACE('',(#3089),#2293,.T.);
#3089 = FACE_BOUND('',#3090,.T.);
#3090 = EDGE_LOOP('',(#3091,#3114,#3115,#3138));
#3091 = ORIENTED_EDGE('',*,*,#3092,.T.);
#3092 = EDGE_CURVE('',#3093,#2232,#3095,.T.);
#3093 = VERTEX_POINT('',#3094);
#3094 = CARTESIAN_POINT('',(7.7,10.5,0.));
#3095 = SURFACE_CURVE('',#3096,(#3100,#3107),.PCURVE_S1.);
#3096 = LINE('',#3097,#3098);
#3097 = CARTESIAN_POINT('',(7.699999999838,10.50000000016,
    2.967279717867E-09));
#3098 = VECTOR('',#3099,1.);
#3099 = DIRECTION('',(0.707106781187,-0.707106781186,-1.544119324326E-09
    ));
#3100 = PCURVE('',#2293,#3101);
#3101 = DEFINITIONAL_REPRESENTATION('',(#3102),#3106);
#3102 = LINE('',#3103,#3104);
#3103 = CARTESIAN_POINT('',(1.57079632718,-0.150000000002));
#3104 = VECTOR('',#3105,1.);
#3105 = DIRECTION('',(-3.211342303188E-10,1.));
#3106 = ( GEOMETRIC_REPRESENTATION_CONTEXT(2) 
PARAMETRIC_REPRESENTATION_CONTEXT() REPRESENTATION_CONTEXT('2D SPACE',''
  ) );
#3107 = PCURVE('',#2326,#3108);
#3108 = DEFINITIONAL_REPRESENTATION('',(#3109),#3113);
#3109 = LINE('',#3110,#3111);
#3110 = CARTESIAN_POINT('',(1.57079632718,-0.150000000002));
#3111 = VECTOR('',#3112,1.);
#3112 = DIRECTION('',(-3.211342303188E-10,1.));
#3113 = ( GEOMETRIC_REPRESENTATION_CONTEXT(2) 
PARAMETRIC_REPRESENTATION_CONTEXT() REPRESENTATION_CONTEXT('2D SPACE',''
  ) );
#3114 = ORIENTED_EDGE('',*,*,#2278,.T.);
#3115 = ORIENTED_EDGE('',*,*,#3116,.F.);
#3116 = EDGE_CURVE('',#3117,#2256,#3119,.T.);
#3117 = VERTEX_POINT('',#3118);
#3118 = CARTESIAN_POINT('',(-7.7,10.5,0.));
#3119 = SURFACE_CURVE('',#3120,(#3124,#3131),.PCURVE_S1.);
#3120 = LINE('',#3121,#3122);
#3121 = CARTESIAN_POINT('',(-7.699999999838,10.50000000016,
    -2.967282881765E-09));
#3122 = VECTOR('',#3123,1.);
#3123 = DIRECTION('',(-0.707106781187,-0.707106781186,1.544119924032E-09
    ));
#3124 = PCURVE('',#2293,#3125);
#3125 = DEFINITIONAL_REPRESENTATION('',(#3126),#3130);
#3126 = LINE('',#3127,#3128);
#3127 = CARTESIAN_POINT('',(-1.57079632641,-0.150000000002));
#3128 = VECTOR('',#3129,1.);
#3129 = DIRECTION('',(-3.211327500215E-10,1.));
#3130 = ( GEOMETRIC_REPRESENTATION_CONTEXT(2) 
PARAMETRIC_REPRESENTATION_CONTEXT() REPRESENTATION_CONTEXT('2D SPACE',''
  ) );
#3131 = PCURVE('',#2326,#3132);
#3132 = DEFINITIONAL_REPRESENTATION('',(#3133),#3137);
#3133 = LINE('',#3134,#3135);
#3134 = CARTESIAN_POINT('',(4.71238898077,-0.150000000002));
#3135 = VECTOR('',#3136,1.);
#3136 = DIRECTION('',(-3.211327500215E-10,1.));
#3137 = ( GEOMETRIC_REPRESENTATION_CONTEXT(2) 
PARAMETRIC_REPRESENTATION_CONTEXT() REPRESENTATION_CONTEXT('2D SPACE',''
  ) );
#3138 = ORIENTED_EDGE('',*,*,#3139,.F.);
#3139 = EDGE_CURVE('',#3093,#3117,#3140,.T.);
#3140 = SURFACE_CURVE('',#3141,(#3146,#3153),.PCURVE_S1.);
#3141 = CIRCLE('',#3142,7.7);
#3142 = AXIS2_PLACEMENT_3D('',#3143,#3144,#3145);
#3143 = CARTESIAN_POINT('',(0.,10.5,0.));
#3144 = DIRECTION('',(-0.,1.,0.));
#3145 = DIRECTION('',(1.,0.,0.));
#3146 = PCURVE('',#2293,#3147);
#3147 = DEFINITIONAL_REPRESENTATION('',(#3148),#3152);
#3148 = LINE('',#3149,#3150);
#3149 = CARTESIAN_POINT('',(1.570796326795,-0.149999999841));
#3150 = VECTOR('',#3151,1.);
#3151 = DIRECTION('',(-1.,0.));
#3152 = ( GEOMETRIC_REPRESENTATION_CONTEXT(2) 
PARAMETRIC_REPRESENTATION_CONTEXT() REPRESENTATION_CONTEXT('2D SPACE',''
  ) );
#3153 = PCURVE('',#3154,#3159);
#3154 = PLANE('',#3155);
#3155 = AXIS2_PLACEMENT_3D('',#3156,#3157,#3158);
#3156 = CARTESIAN_POINT('',(0.,10.5,0.));
#3157 = DIRECTION('',(0.,-1.,0.));
#3158 = DIRECTION('',(-1.,0.,0.));
#3159 = DEFINITIONAL_REPRESENTATION('',(#3160),#3168);
#3160 = ( BOUNDED_CURVE() B_SPLINE_CURVE(2,(#3161,#3162,#3163,#3164,
#3165,#3166,#3167),.UNSPECIFIED.,.T.,.F.) B_SPLINE_CURVE_WITH_KNOTS((1,2
    ,2,2,2,1),(-2.094395102393,0.,2.094395102393,4.188790204786,
6.28318530718,8.377580409573),.UNSPECIFIED.) CURVE() 
GEOMETRIC_REPRESENTATION_ITEM() RATIONAL_B_SPLINE_CURVE((1.,0.5,1.,0.5,
1.,0.5,1.)) REPRESENTATION_ITEM('') );
#3161 = CARTESIAN_POINT('',(-7.7,0.));
#3162 = CARTESIAN_POINT('',(-7.7,13.33679121828));
#3163 = CARTESIAN_POINT('',(3.85,6.66839560914));
#3164 = CARTESIAN_POINT('',(15.4,1.885956070687E-15));
#3165 = CARTESIAN_POINT('',(3.85,-6.66839560914));
#3166 = CARTESIAN_POINT('',(-7.7,-13.33679121828));
#3167 = CARTESIAN_POINT('',(-7.7,0.));
#3168 = ( GEOMETRIC_REPRESENTATION_CONTEXT(2) 
PARAMETRIC_REPRESENTATION_CONTEXT() REPRESENTATION_CONTEXT('2D SPACE',''
  ) );
#3169 = ADVANCED_FACE('',(#3170),#2326,.T.);
#3170 = FACE_BOUND('',#3171,.T.);
#3171 = EDGE_LOOP('',(#3172,#3173,#3174,#3175));
#3172 = ORIENTED_EDGE('',*,*,#3116,.T.);
#3173 = ORIENTED_EDGE('',*,*,#2311,.T.);
#3174 = ORIENTED_EDGE('',*,*,#3092,.F.);
#3175 = ORIENTED_EDGE('',*,*,#3176,.F.);
#3176 = EDGE_CURVE('',#3117,#3093,#3177,.T.);
#3177 = SURFACE_CURVE('',#3178,(#3183,#3190),.PCURVE_S1.);
#3178 = CIRCLE('',#3179,7.7);
#3179 = AXIS2_PLACEMENT_3D('',#3180,#3181,#3182);
#3180 = CARTESIAN_POINT('',(0.,10.5,0.));
#3181 = DIRECTION('',(0.,1.,-0.));
#3182 = DIRECTION('',(-1.,0.,0.));
#3183 = PCURVE('',#2326,#3184);
#3184 = DEFINITIONAL_REPRESENTATION('',(#3185),#3189);
#3185 = LINE('',#3186,#3187);
#3186 = CARTESIAN_POINT('',(4.712388980385,-0.149999999841));
#3187 = VECTOR('',#3188,1.);
#3188 = DIRECTION('',(-1.,0.));
#3189 = ( GEOMETRIC_REPRESENTATION_CONTEXT(2) 
PARAMETRIC_REPRESENTATION_CONTEXT() REPRESENTATION_CONTEXT('2D SPACE',''
  ) );
#3190 = PCURVE('',#3154,#3191);
#3191 = DEFINITIONAL_REPRESENTATION('',(#3192),#3200);
#3192 = ( BOUNDED_CURVE() B_SPLINE_CURVE(2,(#3193,#3194,#3195,#3196,
#3197,#3198,#3199),.UNSPECIFIED.,.T.,.F.) B_SPLINE_CURVE_WITH_KNOTS((1,2
    ,2,2,2,1),(-2.094395102393,0.,2.094395102393,4.188790204786,
6.28318530718,8.377580409573),.UNSPECIFIED.) CURVE() 
GEOMETRIC_REPRESENTATION_ITEM() RATIONAL_B_SPLINE_CURVE((1.,0.5,1.,0.5,
1.,0.5,1.)) REPRESENTATION_ITEM('') );
#3193 = CARTESIAN_POINT('',(7.7,0.));
#3194 = CARTESIAN_POINT('',(7.7,-13.33679121828));
#3195 = CARTESIAN_POINT('',(-3.85,-6.66839560914));
#3196 = CARTESIAN_POINT('',(-15.4,-1.885956070687E-15));
#3197 = CARTESIAN_POINT('',(-3.85,6.66839560914));
#3198 = CARTESIAN_POINT('',(7.7,13.33679121828));
#3199 = CARTESIAN_POINT('',(7.7,0.));
#3200 = ( GEOMETRIC_REPRESENTATION_CONTEXT(2) 
PARAMETRIC_REPRESENTATION_CONTEXT() REPRESENTATION_CONTEXT('2D SPACE',''
  ) );
#3201 = ADVANCED_FACE('',(#3202),#2360,.F.);
#3202 = FACE_BOUND('',#3203,.F.);
#3203 = EDGE_LOOP('',(#3204,#3205));
#3204 = ORIENTED_EDGE('',*,*,#2341,.T.);
#3205 = ORIENTED_EDGE('',*,*,#2418,.T.);
#3206 = ADVANCED_FACE('',(#3207,#3267),#2487,.T.);
#3207 = FACE_BOUND('',#3208,.F.);
#3208 = EDGE_LOOP('',(#3209,#3240));
#3209 = ORIENTED_EDGE('',*,*,#3210,.F.);
#3210 = EDGE_CURVE('',#3211,#3213,#3215,.T.);
#3211 = VERTEX_POINT('',#3212);
#3212 = CARTESIAN_POINT('',(-2.25,-34.,9.5));
#3213 = VERTEX_POINT('',#3214);
#3214 = CARTESIAN_POINT('',(2.25,-34.,9.5));
#3215 = SURFACE_CURVE('',#3216,(#3221,#3228),.PCURVE_S1.);
#3216 = CIRCLE('',#3217,2.25);
#3217 = AXIS2_PLACEMENT_3D('',#3218,#3219,#3220);
#3218 = CARTESIAN_POINT('',(0.,-34.,9.5));
#3219 = DIRECTION('',(0.,1.,-0.));
#3220 = DIRECTION('',(-1.,0.,0.));
#3221 = PCURVE('',#2487,#3222);
#3222 = DEFINITIONAL_REPRESENTATION('',(#3223),#3227);
#3223 = CIRCLE('',#3224,2.25);
#3224 = AXIS2_PLACEMENT_2D('',#3225,#3226);
#3225 = CARTESIAN_POINT('',(0.,9.5));
#3226 = DIRECTION('',(1.,0.));
#3227 = ( GEOMETRIC_REPRESENTATION_CONTEXT(2) 
PARAMETRIC_REPRESENTATION_CONTEXT() REPRESENTATION_CONTEXT('2D SPACE',''
  ) );
#3228 = PCURVE('',#3229,#3234);
#3229 = CYLINDRICAL_SURFACE('',#3230,2.25);
#3230 = AXIS2_PLACEMENT_3D('',#3231,#3232,#3233);
#3231 = CARTESIAN_POINT('',(0.,-26.3,9.5));
#3232 = DIRECTION('',(0.,1.,0.));
#3233 = DIRECTION('',(-1.,0.,0.));
#3234 = DEFINITIONAL_REPRESENTATION('',(#3235),#3239);
#3235 = LINE('',#3236,#3237);
#3236 = CARTESIAN_POINT('',(0.,-7.7));
#3237 = VECTOR('',#3238,1.);
#3238 = DIRECTION('',(1.,0.));
#3239 = ( GEOMETRIC_REPRESENTATION_CONTEXT(2) 
PARAMETRIC_REPRESENTATION_CONTEXT() REPRESENTATION_CONTEXT('2D SPACE',''
  ) );
#3240 = ORIENTED_EDGE('',*,*,#3241,.F.);
#3241 = EDGE_CURVE('',#3213,#3211,#3242,.T.);
#3242 = SURFACE_CURVE('',#3243,(#3248,#3255),.PCURVE_S1.);
#3243 = CIRCLE('',#3244,2.25);
#3244 = AXIS2_PLACEMENT_3D('',#3245,#3246,#3247);
#3245 = CARTESIAN_POINT('',(0.,-34.,9.5));
#3246 = DIRECTION('',(-0.,1.,0.));
#3247 = DIRECTION('',(1.,0.,0.));
#3248 = PCURVE('',#2487,#3249);
#3249 = DEFINITIONAL_REPRESENTATION('',(#3250),#3254);
#3250 = CIRCLE('',#3251,2.25);
#3251 = AXIS2_PLACEMENT_2D('',#3252,#3253);
#3252 = CARTESIAN_POINT('',(0.,9.5));
#3253 = DIRECTION('',(-1.,0.));
#3254 = ( GEOMETRIC_REPRESENTATION_CONTEXT(2) 
PARAMETRIC_REPRESENTATION_CONTEXT() REPRESENTATION_CONTEXT('2D SPACE',''
  ) );
#3255 = PCURVE('',#3256,#3261);
#3256 = CYLINDRICAL_SURFACE('',#3257,2.25);
#3257 = AXIS2_PLACEMENT_3D('',#3258,#3259,#3260);
#3258 = CARTESIAN_POINT('',(0.,-26.3,9.5));
#3259 = DIRECTION('',(0.,1.,0.));
#3260 = DIRECTION('',(-1.,0.,0.));
#3261 = DEFINITIONAL_REPRESENTATION('',(#3262),#3266);
#3262 = LINE('',#3263,#3264);
#3263 = CARTESIAN_POINT('',(3.14159265359,-7.7));
#3264 = VECTOR('',#3265,1.);
#3265 = DIRECTION('',(1.,0.));
#3266 = ( GEOMETRIC_REPRESENTATION_CONTEXT(2) 
PARAMETRIC_REPRESENTATION_CONTEXT() REPRESENTATION_CONTEXT('2D SPACE',''
  ) );
#3267 = FACE_BOUND('',#3268,.F.);
#3268 = EDGE_LOOP('',(#3269,#3270));
#3269 = ORIENTED_EDGE('',*,*,#2470,.F.);
#3270 = ORIENTED_EDGE('',*,*,#2529,.F.);
#3271 = ADVANCED_FACE('',(#3272,#3332),#2600,.T.);
#3272 = FACE_BOUND('',#3273,.F.);
#3273 = EDGE_LOOP('',(#3274,#3305));
#3274 = ORIENTED_EDGE('',*,*,#3275,.F.);
#3275 = EDGE_CURVE('',#3276,#3278,#3280,.T.);
#3276 = VERTEX_POINT('',#3277);
#3277 = CARTESIAN_POINT('',(-2.25,-34.,-9.5));
#3278 = VERTEX_POINT('',#3279);
#3279 = CARTESIAN_POINT('',(2.25,-34.,-9.5));
#3280 = SURFACE_CURVE('',#3281,(#3286,#3293),.PCURVE_S1.);
#3281 = CIRCLE('',#3282,2.25);
#3282 = AXIS2_PLACEMENT_3D('',#3283,#3284,#3285);
#3283 = CARTESIAN_POINT('',(0.,-34.,-9.5));
#3284 = DIRECTION('',(0.,1.,-0.));
#3285 = DIRECTION('',(-1.,0.,0.));
#3286 = PCURVE('',#2600,#3287);
#3287 = DEFINITIONAL_REPRESENTATION('',(#3288),#3292);
#3288 = CIRCLE('',#3289,2.25);
#3289 = AXIS2_PLACEMENT_2D('',#3290,#3291);
#3290 = CARTESIAN_POINT('',(0.,-9.5));
#3291 = DIRECTION('',(1.,0.));
#3292 = ( GEOMETRIC_REPRESENTATION_CONTEXT(2) 
PARAMETRIC_REPRESENTATION_CONTEXT() REPRESENTATION_CONTEXT('2D SPACE',''
  ) );
#3293 = PCURVE('',#3294,#3299);
#3294 = CYLINDRICAL_SURFACE('',#3295,2.25);
#3295 = AXIS2_PLACEMENT_3D('',#3296,#3297,#3298);
#3296 = CARTESIAN_POINT('',(0.,-26.3,-9.5));
#3297 = DIRECTION('',(0.,1.,0.));
#3298 = DIRECTION('',(-1.,0.,0.));
#3299 = DEFINITIONAL_REPRESENTATION('',(#3300),#3304);
#3300 = LINE('',#3301,#3302);
#3301 = CARTESIAN_POINT('',(0.,-7.7));
#3302 = VECTOR('',#3303,1.);
#3303 = DIRECTION('',(1.,0.));
#3304 = ( GEOMETRIC_REPRESENTATION_CONTEXT(2) 
PARAMETRIC_REPRESENTATION_CONTEXT() REPRESENTATION_CONTEXT('2D SPACE',''
  ) );
#3305 = ORIENTED_EDGE('',*,*,#3306,.F.);
#3306 = EDGE_CURVE('',#3278,#3276,#3307,.T.);
#3307 = SURFACE_CURVE('',#3308,(#3313,#3320),.PCURVE_S1.);
#3308 = CIRCLE('',#3309,2.25);
#3309 = AXIS2_PLACEMENT_3D('',#3310,#3311,#3312);
#3310 = CARTESIAN_POINT('',(0.,-34.,-9.5));
#3311 = DIRECTION('',(-0.,1.,0.));
#3312 = DIRECTION('',(1.,0.,0.));
#3313 = PCURVE('',#2600,#3314);
#3314 = DEFINITIONAL_REPRESENTATION('',(#3315),#3319);
#3315 = CIRCLE('',#3316,2.25);
#3316 = AXIS2_PLACEMENT_2D('',#3317,#3318);
#3317 = CARTESIAN_POINT('',(0.,-9.5));
#3318 = DIRECTION('',(-1.,0.));
#3319 = ( GEOMETRIC_REPRESENTATION_CONTEXT(2) 
PARAMETRIC_REPRESENTATION_CONTEXT() REPRESENTATION_CONTEXT('2D SPACE',''
  ) );
#3320 = PCURVE('',#3321,#3326);
#3321 = CYLINDRICAL_SURFACE('',#3322,2.25);
#3322 = AXIS2_PLACEMENT_3D('',#3323,#3324,#3325);
#3323 = CARTESIAN_POINT('',(0.,-26.3,-9.5));
#3324 = DIRECTION('',(0.,1.,0.));
#3325 = DIRECTION('',(-1.,0.,0.));
#3326 = DEFINITIONAL_REPRESENTATION('',(#3327),#3331);
#3327 = LINE('',#3328,#3329);
#3328 = CARTESIAN_POINT('',(3.14159265359,-7.7));
#3329 = VECTOR('',#3330,1.);
#3330 = DIRECTION('',(1.,0.));
#3331 = ( GEOMETRIC_REPRESENTATION_CONTEXT(2) 
PARAMETRIC_REPRESENTATION_CONTEXT() REPRESENTATION_CONTEXT('2D SPACE',''
  ) );
#3332 = FACE_BOUND('',#3333,.F.);
#3333 = EDGE_LOOP('',(#3334,#3335));
#3334 = ORIENTED_EDGE('',*,*,#2583,.F.);
#3335 = ORIENTED_EDGE('',*,*,#2642,.F.);
#3336 = ADVANCED_FACE('',(#3337),#2691,.T.);
#3337 = FACE_BOUND('',#3338,.T.);
#3338 = EDGE_LOOP('',(#3339,#3340));
#3339 = ORIENTED_EDGE('',*,*,#2672,.T.);
#3340 = ORIENTED_EDGE('',*,*,#2749,.T.);
#3341 = ADVANCED_FACE('',(#3342),#2796,.T.);
#3342 = FACE_BOUND('',#3343,.T.);
#3343 = EDGE_LOOP('',(#3344,#3345));
#3344 = ORIENTED_EDGE('',*,*,#2777,.T.);
#3345 = ORIENTED_EDGE('',*,*,#2854,.T.);
#3346 = ADVANCED_FACE('',(#3347),#2901,.T.);
#3347 = FACE_BOUND('',#3348,.T.);
#3348 = EDGE_LOOP('',(#3349,#3350));
#3349 = ORIENTED_EDGE('',*,*,#2882,.T.);
#3350 = ORIENTED_EDGE('',*,*,#2959,.T.);
#3351 = ADVANCED_FACE('',(#3352),#3006,.T.);
#3352 = FACE_BOUND('',#3353,.T.);
#3353 = EDGE_LOOP('',(#3354,#3355));
#3354 = ORIENTED_EDGE('',*,*,#2987,.T.);
#3355 = ORIENTED_EDGE('',*,*,#3064,.T.);
#3356 = ADVANCED_FACE('',(#3357,#3361),#3154,.F.);
#3357 = FACE_BOUND('',#3358,.F.);
#3358 = EDGE_LOOP('',(#3359,#3360));
#3359 = ORIENTED_EDGE('',*,*,#3139,.F.);
#3360 = ORIENTED_EDGE('',*,*,#3176,.F.);
#3361 = FACE_BOUND('',#3362,.F.);
#3362 = EDGE_LOOP('',(#3363,#3394));
#3363 = ORIENTED_EDGE('',*,*,#3364,.F.);
#3364 = EDGE_CURVE('',#3365,#3367,#3369,.T.);
#3365 = VERTEX_POINT('',#3366);
#3366 = CARTESIAN_POINT('',(6.8,10.5,0.));
#3367 = VERTEX_POINT('',#3368);
#3368 = CARTESIAN_POINT('',(-6.8,10.5,0.));
#3369 = SURFACE_CURVE('',#3370,(#3375,#3382),.PCURVE_S1.);
#3370 = CIRCLE('',#3371,6.8);
#3371 = AXIS2_PLACEMENT_3D('',#3372,#3373,#3374);
#3372 = CARTESIAN_POINT('',(-1.651442865887E-14,10.5,1.804312950744E-14)
  );
#3373 = DIRECTION('',(0.,-1.,0.));
#3374 = DIRECTION('',(1.,0.,0.));
#3375 = PCURVE('',#3154,#3376);
#3376 = DEFINITIONAL_REPRESENTATION('',(#3377),#3381);#3377 = CIRCLE('',#3378,6.8);
#3378 = AXIS2_PLACEMENT_2D('',#3379,#3380);
#3379 = CARTESIAN_POINT('',(1.651442865887E-14,-1.804312950744E-14));
#3380 = DIRECTION('',(-1.,-0.));
#3381 = ( GEOMETRIC_REPRESENTATION_CONTEXT(2) 
PARAMETRIC_REPRESENTATION_CONTEXT() REPRESENTATION_CONTEXT('2D SPACE',''
  ) );
#3382 = PCURVE('',#3383,#3388);
#3383 = CONICAL_SURFACE('',#3384,6.649999999711,0.785398163397);
#3384 = AXIS2_PLACEMENT_3D('',#3385,#3386,#3387);
#3385 = CARTESIAN_POINT('',(-1.654198321191E-14,10.34999999971,
    1.804312950744E-14));
#3386 = DIRECTION('',(0.,1.,0.));
#3387 = DIRECTION('',(0.,0.,-1.));
#3388 = DEFINITIONAL_REPRESENTATION('',(#3389),#3393);
#3389 = LINE('',#3390,#3391);
#3390 = CARTESIAN_POINT('',(4.712388980385,0.15000000029));
#3391 = VECTOR('',#3392,1.);
#3392 = DIRECTION('',(-1.,0.));
#3393 = ( GEOMETRIC_REPRESENTATION_CONTEXT(2) 
PARAMETRIC_REPRESENTATION_CONTEXT() REPRESENTATION_CONTEXT('2D SPACE',''
  ) );
#3394 = ORIENTED_EDGE('',*,*,#3395,.F.);
#3395 = EDGE_CURVE('',#3367,#3365,#3396,.T.);
#3396 = SURFACE_CURVE('',#3397,(#3402,#3409),.PCURVE_S1.);
#3397 = CIRCLE('',#3398,6.8);
#3398 = AXIS2_PLACEMENT_3D('',#3399,#3400,#3401);
#3399 = CARTESIAN_POINT('',(-1.651442865887E-14,10.5,0.));
#3400 = DIRECTION('',(0.,-1.,0.));
#3401 = DIRECTION('',(-1.,0.,0.));
#3402 = PCURVE('',#3154,#3403);
#3403 = DEFINITIONAL_REPRESENTATION('',(#3404),#3408);
#3404 = CIRCLE('',#3405,6.8);
#3405 = AXIS2_PLACEMENT_2D('',#3406,#3407);
#3406 = CARTESIAN_POINT('',(1.651442865887E-14,0.));
#3407 = DIRECTION('',(1.,0.));
#3408 = ( GEOMETRIC_REPRESENTATION_CONTEXT(2) 
PARAMETRIC_REPRESENTATION_CONTEXT() REPRESENTATION_CONTEXT('2D SPACE',''
  ) );
#3409 = PCURVE('',#3410,#3415);
#3410 = CONICAL_SURFACE('',#3411,6.649999999711,0.785398163397);
#3411 = AXIS2_PLACEMENT_3D('',#3412,#3413,#3414);
#3412 = CARTESIAN_POINT('',(-1.654198321191E-14,10.34999999971,0.));
#3413 = DIRECTION('',(0.,1.,0.));
#3414 = DIRECTION('',(0.,0.,-1.));
#3415 = DEFINITIONAL_REPRESENTATION('',(#3416),#3420);
#3416 = LINE('',#3417,#3418);
#3417 = CARTESIAN_POINT('',(1.570796326795,0.15000000029));
#3418 = VECTOR('',#3419,1.);
#3419 = DIRECTION('',(-1.,0.));
#3420 = ( GEOMETRIC_REPRESENTATION_CONTEXT(2) 
PARAMETRIC_REPRESENTATION_CONTEXT() REPRESENTATION_CONTEXT('2D SPACE',''
  ) );
#3421 = ADVANCED_FACE('',(#3422),#3229,.F.);
#3422 = FACE_BOUND('',#3423,.F.);
#3423 = EDGE_LOOP('',(#3424,#3447,#3476,#3497));
#3424 = ORIENTED_EDGE('',*,*,#3425,.F.);
#3425 = EDGE_CURVE('',#3426,#3213,#3428,.T.);
#3426 = VERTEX_POINT('',#3427);
#3427 = CARTESIAN_POINT('',(2.250001123359,-33.4999999,9.499997807185));
#3428 = SURFACE_CURVE('',#3429,(#3433,#3440),.PCURVE_S1.);
#3429 = LINE('',#3430,#3431);
#3430 = CARTESIAN_POINT('',(2.250016625746,-26.59998337355,
    9.499967546264));
#3431 = VECTOR('',#3432,1.);
#3432 = DIRECTION('',(-2.246717365647E-06,-0.999999999988,
    4.385630180192E-06));
#3433 = PCURVE('',#3229,#3434);
#3434 = DEFINITIONAL_REPRESENTATION('',(#3435),#3439);
#3435 = LINE('',#3436,#3437);
#3436 = CARTESIAN_POINT('',(3.141607077366,-0.299983373552));
#3437 = VECTOR('',#3438,1.);
#3438 = DIRECTION('',(-1.949154566082E-06,-0.999999999998));
#3439 = ( GEOMETRIC_REPRESENTATION_CONTEXT(2) 
PARAMETRIC_REPRESENTATION_CONTEXT() REPRESENTATION_CONTEXT('2D SPACE',''
  ) );
#3440 = PCURVE('',#3256,#3441);
#3441 = DEFINITIONAL_REPRESENTATION('',(#3442),#3446);
#3442 = LINE('',#3443,#3444);
#3443 = CARTESIAN_POINT('',(3.141607077366,-0.299983373552));
#3444 = VECTOR('',#3445,1.);
#3445 = DIRECTION('',(-1.949154566142E-06,-0.999999999998));
#3446 = ( GEOMETRIC_REPRESENTATION_CONTEXT(2) 
PARAMETRIC_REPRESENTATION_CONTEXT() REPRESENTATION_CONTEXT('2D SPACE',''
  ) );
#3447 = ORIENTED_EDGE('',*,*,#3448,.F.);
#3448 = EDGE_CURVE('',#3449,#3426,#3451,.T.);
#3449 = VERTEX_POINT('',#3450);
#3450 = CARTESIAN_POINT('',(-2.249999999911,-33.4999999,9.49999999853));
#3451 = SURFACE_CURVE('',#3452,(#3457,#3464),.PCURVE_S1.);
#3452 = CIRCLE('',#3453,2.25);
#3453 = AXIS2_PLACEMENT_3D('',#3454,#3455,#3456);
#3454 = CARTESIAN_POINT('',(0.,-33.4999999,9.5));
#3455 = DIRECTION('',(0.,1.,0.));
#3456 = DIRECTION('',(-1.,0.,0.));
#3457 = PCURVE('',#3229,#3458);
#3458 = DEFINITIONAL_REPRESENTATION('',(#3459),#3463);
#3459 = LINE('',#3460,#3461);
#3460 = CARTESIAN_POINT('',(-6.28318530718,-7.1999999));
#3461 = VECTOR('',#3462,1.);
#3462 = DIRECTION('',(1.,0.));
#3463 = ( GEOMETRIC_REPRESENTATION_CONTEXT(2) 
PARAMETRIC_REPRESENTATION_CONTEXT() REPRESENTATION_CONTEXT('2D SPACE',''
  ) );
#3464 = PCURVE('',#3465,#3470);
#3465 = PLANE('',#3466);
#3466 = AXIS2_PLACEMENT_3D('',#3467,#3468,#3469);
#3467 = CARTESIAN_POINT('',(0.,-33.4999999,0.));
#3468 = DIRECTION('',(0.,1.,0.));
#3469 = DIRECTION('',(0.,-0.,1.));
#3470 = DEFINITIONAL_REPRESENTATION('',(#3471),#3475);
#3471 = CIRCLE('',#3472,2.25);
#3472 = AXIS2_PLACEMENT_2D('',#3473,#3474);
#3473 = CARTESIAN_POINT('',(9.5,0.));
#3474 = DIRECTION('',(0.,-1.));
#3475 = ( GEOMETRIC_REPRESENTATION_CONTEXT(2) 
PARAMETRIC_REPRESENTATION_CONTEXT() REPRESENTATION_CONTEXT('2D SPACE',''
  ) );
#3476 = ORIENTED_EDGE('',*,*,#3477,.T.);
#3477 = EDGE_CURVE('',#3449,#3211,#3478,.T.);
#3478 = SURFACE_CURVE('',#3479,(#3483,#3490),.PCURVE_S1.);
#3479 = LINE('',#3480,#3481);
#3480 = CARTESIAN_POINT('',(-2.24999999868,-26.60000000132,
    9.499999978252));
#3481 = VECTOR('',#3482,1.);
#3482 = DIRECTION('',(-1.783554685641E-10,-1.,2.938905095785E-09));
#3483 = PCURVE('',#3229,#3484);
#3484 = DEFINITIONAL_REPRESENTATION('',(#3485),#3489);
#3485 = LINE('',#3486,#3487);
#3486 = CARTESIAN_POINT('',(-9.665778399892E-09,-0.30000000132));
#3487 = VECTOR('',#3488,1.);
#3488 = DIRECTION('',(1.306186270256E-09,-1.));
#3489 = ( GEOMETRIC_REPRESENTATION_CONTEXT(2) 
PARAMETRIC_REPRESENTATION_CONTEXT() REPRESENTATION_CONTEXT('2D SPACE',''
  ) );
#3490 = PCURVE('',#3256,#3491);
#3491 = DEFINITIONAL_REPRESENTATION('',(#3492),#3496);
#3492 = LINE('',#3493,#3494);
#3493 = CARTESIAN_POINT('',(6.283185297514,-0.30000000132));
#3494 = VECTOR('',#3495,1.);
#3495 = DIRECTION('',(1.306186270256E-09,-1.));
#3496 = ( GEOMETRIC_REPRESENTATION_CONTEXT(2) 
PARAMETRIC_REPRESENTATION_CONTEXT() REPRESENTATION_CONTEXT('2D SPACE',''
  ) );
#3497 = ORIENTED_EDGE('',*,*,#3210,.T.);
#3498 = ADVANCED_FACE('',(#3499),#3256,.F.);
#3499 = FACE_BOUND('',#3500,.F.);
#3500 = EDGE_LOOP('',(#3501,#3502,#3524,#3525));
#3501 = ORIENTED_EDGE('',*,*,#3477,.F.);
#3502 = ORIENTED_EDGE('',*,*,#3503,.F.);
#3503 = EDGE_CURVE('',#3426,#3449,#3504,.T.);
#3504 = SURFACE_CURVE('',#3505,(#3510,#3517),.PCURVE_S1.);
#3505 = CIRCLE('',#3506,2.25);
#3506 = AXIS2_PLACEMENT_3D('',#3507,#3508,#3509);
#3507 = CARTESIAN_POINT('',(0.,-33.4999999,9.5));
#3508 = DIRECTION('',(0.,1.,0.));
#3509 = DIRECTION('',(-1.,0.,0.));
#3510 = PCURVE('',#3256,#3511);
#3511 = DEFINITIONAL_REPRESENTATION('',(#3512),#3516);
#3512 = LINE('',#3513,#3514);
#3513 = CARTESIAN_POINT('',(1.7763568394E-15,-7.1999999));
#3514 = VECTOR('',#3515,1.);
#3515 = DIRECTION('',(1.,0.));
#3516 = ( GEOMETRIC_REPRESENTATION_CONTEXT(2) 
PARAMETRIC_REPRESENTATION_CONTEXT() REPRESENTATION_CONTEXT('2D SPACE',''
  ) );
#3517 = PCURVE('',#3465,#3518);
#3518 = DEFINITIONAL_REPRESENTATION('',(#3519),#3523);
#3519 = CIRCLE('',#3520,2.25);
#3520 = AXIS2_PLACEMENT_2D('',#3521,#3522);
#3521 = CARTESIAN_POINT('',(9.5,0.));
#3522 = DIRECTION('',(0.,-1.));
#3523 = ( GEOMETRIC_REPRESENTATION_CONTEXT(2) 
PARAMETRIC_REPRESENTATION_CONTEXT() REPRESENTATION_CONTEXT('2D SPACE',''
  ) );
#3524 = ORIENTED_EDGE('',*,*,#3425,.T.);
#3525 = ORIENTED_EDGE('',*,*,#3241,.T.);
#3526 = ADVANCED_FACE('',(#3527),#3294,.F.);
#3527 = FACE_BOUND('',#3528,.F.);
#3528 = EDGE_LOOP('',(#3529,#3552,#3581,#3602));
#3529 = ORIENTED_EDGE('',*,*,#3530,.F.);
#3530 = EDGE_CURVE('',#3531,#3278,#3533,.T.);
#3531 = VERTEX_POINT('',#3532);
#3532 = CARTESIAN_POINT('',(2.24999999991,-33.4999999,-9.499999998482));
#3533 = SURFACE_CURVE('',#3534,(#3538,#3545),.PCURVE_S1.);
#3534 = LINE('',#3535,#3536);
#3535 = CARTESIAN_POINT('',(2.249999998666,-26.60000000133,
    -9.499999977534));
#3536 = VECTOR('',#3537,1.);
#3537 = DIRECTION('',(1.802381667663E-10,-1.,-3.035961632789E-09));
#3538 = PCURVE('',#3294,#3539);
#3539 = DEFINITIONAL_REPRESENTATION('',(#3540),#3544);
#3540 = LINE('',#3541,#3542);
#3541 = CARTESIAN_POINT('',(3.141592643605,-0.300000001334));
#3542 = VECTOR('',#3543,1.);
#3543 = DIRECTION('',(1.349316214316E-09,-1.));
#3544 = ( GEOMETRIC_REPRESENTATION_CONTEXT(2) 
PARAMETRIC_REPRESENTATION_CONTEXT() REPRESENTATION_CONTEXT('2D SPACE',''
  ) );
#3545 = PCURVE('',#3321,#3546);
#3546 = DEFINITIONAL_REPRESENTATION('',(#3547),#3551);
#3547 = LINE('',#3548,#3549);
#3548 = CARTESIAN_POINT('',(3.141592643605,-0.300000001334));
#3549 = VECTOR('',#3550,1.);
#3550 = DIRECTION('',(1.349316214316E-09,-1.));
#3551 = ( GEOMETRIC_REPRESENTATION_CONTEXT(2) 
PARAMETRIC_REPRESENTATION_CONTEXT() REPRESENTATION_CONTEXT('2D SPACE',''
  ) );
#3552 = ORIENTED_EDGE('',*,*,#3553,.F.);
#3553 = EDGE_CURVE('',#3554,#3531,#3556,.T.);
#3554 = VERTEX_POINT('',#3555);
#3555 = CARTESIAN_POINT('',(-2.250001131706,-33.4999999,-9.499997773821)
  );
#3556 = SURFACE_CURVE('',#3557,(#3562,#3569),.PCURVE_S1.);
#3557 = CIRCLE('',#3558,2.25);
#3558 = AXIS2_PLACEMENT_3D('',#3559,#3560,#3561);
#3559 = CARTESIAN_POINT('',(0.,-33.4999999,-9.5));
#3560 = DIRECTION('',(0.,1.,0.));
#3561 = DIRECTION('',(-1.,0.,0.));
#3562 = PCURVE('',#3294,#3563);
#3563 = DEFINITIONAL_REPRESENTATION('',(#3564),#3568);
#3564 = LINE('',#3565,#3566);
#3565 = CARTESIAN_POINT('',(0.,-7.1999999));
#3566 = VECTOR('',#3567,1.);
#3567 = DIRECTION('',(1.,0.));
#3568 = ( GEOMETRIC_REPRESENTATION_CONTEXT(2) 
PARAMETRIC_REPRESENTATION_CONTEXT() REPRESENTATION_CONTEXT('2D SPACE',''
  ) );
#3569 = PCURVE('',#3570,#3575);
#3570 = PLANE('',#3571);
#3571 = AXIS2_PLACEMENT_3D('',#3572,#3573,#3574);
#3572 = CARTESIAN_POINT('',(0.,-33.4999999,0.));
#3573 = DIRECTION('',(0.,1.,0.));
#3574 = DIRECTION('',(0.,-0.,1.));
#3575 = DEFINITIONAL_REPRESENTATION('',(#3576),#3580);
#3576 = CIRCLE('',#3577,2.25);
#3577 = AXIS2_PLACEMENT_2D('',#3578,#3579);
#3578 = CARTESIAN_POINT('',(-9.5,0.));
#3579 = DIRECTION('',(0.,-1.));
#3580 = ( GEOMETRIC_REPRESENTATION_CONTEXT(2) 
PARAMETRIC_REPRESENTATION_CONTEXT() REPRESENTATION_CONTEXT('2D SPACE',''
  ) );
#3581 = ORIENTED_EDGE('',*,*,#3582,.T.);
#3582 = EDGE_CURVE('',#3554,#3276,#3583,.T.);
#3583 = SURFACE_CURVE('',#3584,(#3588,#3595),.PCURVE_S1.);
#3584 = LINE('',#3585,#3586);
#3585 = CARTESIAN_POINT('',(-2.250016749288,-26.59998324998,
    -9.499967052477));
#3586 = VECTOR('',#3587,1.);
#3587 = DIRECTION('',(2.263412189619E-06,-0.999999999988,
    -4.452357922736E-06));
#3588 = PCURVE('',#3294,#3589);
#3589 = DEFINITIONAL_REPRESENTATION('',(#3590),#3594);
#3590 = LINE('',#3591,#3592);
#3591 = CARTESIAN_POINT('',(1.464323454818E-05,-0.299983249988));
#3592 = VECTOR('',#3593,1.);
#3593 = DIRECTION('',(-1.978811000411E-06,-0.999999999998));
#3594 = ( GEOMETRIC_REPRESENTATION_CONTEXT(2) 
PARAMETRIC_REPRESENTATION_CONTEXT() REPRESENTATION_CONTEXT('2D SPACE',''
  ) );
#3595 = PCURVE('',#3321,#3596);
#3596 = DEFINITIONAL_REPRESENTATION('',(#3597),#3601);
#3597 = LINE('',#3598,#3599);
#3598 = CARTESIAN_POINT('',(6.283199950414,-0.299983249988));
#3599 = VECTOR('',#3600,1.);
#3600 = DIRECTION('',(-1.978811000411E-06,-0.999999999998));
#3601 = ( GEOMETRIC_REPRESENTATION_CONTEXT(2) 
PARAMETRIC_REPRESENTATION_CONTEXT() REPRESENTATION_CONTEXT('2D SPACE',''
  ) );
#3602 = ORIENTED_EDGE('',*,*,#3275,.T.);
#3603 = ADVANCED_FACE('',(#3604),#3321,.F.);
#3604 = FACE_BOUND('',#3605,.F.);
#3605 = EDGE_LOOP('',(#3606,#3607,#3629,#3630));
#3606 = ORIENTED_EDGE('',*,*,#3582,.F.);
#3607 = ORIENTED_EDGE('',*,*,#3608,.F.);
#3608 = EDGE_CURVE('',#3531,#3554,#3609,.T.);
#3609 = SURFACE_CURVE('',#3610,(#3615,#3622),.PCURVE_S1.);
#3610 = CIRCLE('',#3611,2.25);
#3611 = AXIS2_PLACEMENT_3D('',#3612,#3613,#3614);
#3612 = CARTESIAN_POINT('',(0.,-33.4999999,-9.5));
#3613 = DIRECTION('',(0.,1.,0.));
#3614 = DIRECTION('',(-1.,0.,0.));
#3615 = PCURVE('',#3321,#3616);
#3616 = DEFINITIONAL_REPRESENTATION('',(#3617),#3621);
#3617 = LINE('',#3618,#3619);
#3618 = CARTESIAN_POINT('',(0.,-7.1999999));
#3619 = VECTOR('',#3620,1.);
#3620 = DIRECTION('',(1.,0.));
#3621 = ( GEOMETRIC_REPRESENTATION_CONTEXT(2) 
PARAMETRIC_REPRESENTATION_CONTEXT() REPRESENTATION_CONTEXT('2D SPACE',''
  ) );
#3622 = PCURVE('',#3570,#3623);
#3623 = DEFINITIONAL_REPRESENTATION('',(#3624),#3628);
#3624 = CIRCLE('',#3625,2.25);
#3625 = AXIS2_PLACEMENT_2D('',#3626,#3627);
#3626 = CARTESIAN_POINT('',(-9.5,0.));
#3627 = DIRECTION('',(0.,-1.));
#3628 = ( GEOMETRIC_REPRESENTATION_CONTEXT(2) 
PARAMETRIC_REPRESENTATION_CONTEXT() REPRESENTATION_CONTEXT('2D SPACE',''
  ) );
#3629 = ORIENTED_EDGE('',*,*,#3530,.T.);
#3630 = ORIENTED_EDGE('',*,*,#3306,.T.);
#3631 = ADVANCED_FACE('',(#3632),#3383,.F.);
#3632 = FACE_BOUND('',#3633,.F.);
#3633 = EDGE_LOOP('',(#3634,#3635,#3658,#3687));
#3634 = ORIENTED_EDGE('',*,*,#3364,.T.);
#3635 = ORIENTED_EDGE('',*,*,#3636,.T.);
#3636 = EDGE_CURVE('',#3367,#3637,#3639,.T.);
#3637 = VERTEX_POINT('',#3638);
#3638 = CARTESIAN_POINT('',(-6.5,10.2,0.));
#3639 = SURFACE_CURVE('',#3640,(#3644,#3651),.PCURVE_S1.);
#3640 = LINE('',#3641,#3642);
#3641 = CARTESIAN_POINT('',(-6.799999999687,10.49999999969,
    3.656494525167E-09));
#3642 = VECTOR('',#3643,1.);
#3643 = DIRECTION('',(0.707106781187,-0.707106781186,-2.439780742183E-09
    ));
#3644 = PCURVE('',#3383,#3645);
#3645 = DEFINITIONAL_REPRESENTATION('',(#3646),#3650);
#3646 = LINE('',#3647,#3648);
#3647 = CARTESIAN_POINT('',(1.570796327333,0.149999999978));
#3648 = VECTOR('',#3649,1.);
#3649 = DIRECTION('',(-4.481008157123E-10,-1.));
#3650 = ( GEOMETRIC_REPRESENTATION_CONTEXT(2) 
PARAMETRIC_REPRESENTATION_CONTEXT() REPRESENTATION_CONTEXT('2D SPACE',''
  ) );
#3651 = PCURVE('',#3410,#3652);
#3652 = DEFINITIONAL_REPRESENTATION('',(#3653),#3657);
#3653 = LINE('',#3654,#3655);
#3654 = CARTESIAN_POINT('',(1.570796327333,0.149999999978));
#3655 = VECTOR('',#3656,1.);
#3656 = DIRECTION('',(-4.481000755636E-10,-1.));
#3657 = ( GEOMETRIC_REPRESENTATION_CONTEXT(2) 
PARAMETRIC_REPRESENTATION_CONTEXT() REPRESENTATION_CONTEXT('2D SPACE',''
  ) );
#3658 = ORIENTED_EDGE('',*,*,#3659,.F.);
#3659 = EDGE_CURVE('',#3660,#3637,#3662,.T.);
#3660 = VERTEX_POINT('',#3661);
#3661 = CARTESIAN_POINT('',(6.5,10.2,0.));
#3662 = SURFACE_CURVE('',#3663,(#3668,#3675),.PCURVE_S1.);
#3663 = CIRCLE('',#3664,6.5);
#3664 = AXIS2_PLACEMENT_3D('',#3665,#3666,#3667);
#3665 = CARTESIAN_POINT('',(0.,10.2,0.));
#3666 = DIRECTION('',(0.,-1.,0.));
#3667 = DIRECTION('',(1.,0.,0.));
#3668 = PCURVE('',#3383,#3669);
#3669 = DEFINITIONAL_REPRESENTATION('',(#3670),#3674);
#3670 = LINE('',#3671,#3672);
#3671 = CARTESIAN_POINT('',(4.712388980385,-0.149999999711));
#3672 = VECTOR('',#3673,1.);
#3673 = DIRECTION('',(-1.,-5.366344282686E-15));
#3674 = ( GEOMETRIC_REPRESENTATION_CONTEXT(2) 
PARAMETRIC_REPRESENTATION_CONTEXT() REPRESENTATION_CONTEXT('2D SPACE',''
  ) );
#3675 = PCURVE('',#3676,#3681);
#3676 = CYLINDRICAL_SURFACE('',#3677,6.5);
#3677 = AXIS2_PLACEMENT_3D('',#3678,#3679,#3680);
#3678 = CARTESIAN_POINT('',(0.,10.5,0.));
#3679 = DIRECTION('',(0.,1.,0.));
#3680 = DIRECTION('',(1.,0.,0.));
#3681 = DEFINITIONAL_REPRESENTATION('',(#3682),#3686);
#3682 = LINE('',#3683,#3684);
#3683 = CARTESIAN_POINT('',(6.28318530718,-0.3));
#3684 = VECTOR('',#3685,1.);
#3685 = DIRECTION('',(-1.,0.));
#3686 = ( GEOMETRIC_REPRESENTATION_CONTEXT(2) 
PARAMETRIC_REPRESENTATION_CONTEXT() REPRESENTATION_CONTEXT('2D SPACE',''
  ) );
#3687 = ORIENTED_EDGE('',*,*,#3688,.F.);
#3688 = EDGE_CURVE('',#3365,#3660,#3689,.T.);
#3689 = SURFACE_CURVE('',#3690,(#3694,#3701),.PCURVE_S1.);
#3690 = LINE('',#3691,#3692);
#3691 = CARTESIAN_POINT('',(6.799999999687,10.49999999969,
    -3.656494349926E-09));
#3692 = VECTOR('',#3693,1.);
#3693 = DIRECTION('',(-0.707106781187,-0.707106781187,2.439780800559E-09
    ));
#3694 = PCURVE('',#3383,#3695);
#3695 = DEFINITIONAL_REPRESENTATION('',(#3696),#3700);
#3696 = LINE('',#3697,#3698);
#3697 = CARTESIAN_POINT('',(4.712388980922,0.149999999978));
#3698 = VECTOR('',#3699,1.);
#3699 = DIRECTION('',(-4.481008157123E-10,-1.));
#3700 = ( GEOMETRIC_REPRESENTATION_CONTEXT(2) 
PARAMETRIC_REPRESENTATION_CONTEXT() REPRESENTATION_CONTEXT('2D SPACE',''
  ) );
#3701 = PCURVE('',#3410,#3702);
#3702 = DEFINITIONAL_REPRESENTATION('',(#3703),#3707);
#3703 = LINE('',#3704,#3705);
#3704 = CARTESIAN_POINT('',(-1.570796326257,0.149999999978));
#3705 = VECTOR('',#3706,1.);
#3706 = DIRECTION('',(-4.480978551176E-10,-1.));
#3707 = ( GEOMETRIC_REPRESENTATION_CONTEXT(2) 
PARAMETRIC_REPRESENTATION_CONTEXT() REPRESENTATION_CONTEXT('2D SPACE',''
  ) );
#3708 = ADVANCED_FACE('',(#3709),#3410,.F.);
#3709 = FACE_BOUND('',#3710,.F.);
#3710 = EDGE_LOOP('',(#3711,#3712,#3713,#3740));
#3711 = ORIENTED_EDGE('',*,*,#3395,.T.);
#3712 = ORIENTED_EDGE('',*,*,#3688,.T.);
#3713 = ORIENTED_EDGE('',*,*,#3714,.F.);
#3714 = EDGE_CURVE('',#3637,#3660,#3715,.T.);
#3715 = SURFACE_CURVE('',#3716,(#3721,#3728),.PCURVE_S1.);
#3716 = CIRCLE('',#3717,6.5);
#3717 = AXIS2_PLACEMENT_3D('',#3718,#3719,#3720);
#3718 = CARTESIAN_POINT('',(0.,10.2,0.));
#3719 = DIRECTION('',(0.,-1.,0.));
#3720 = DIRECTION('',(-1.,0.,0.));
#3721 = PCURVE('',#3410,#3722);
#3722 = DEFINITIONAL_REPRESENTATION('',(#3723),#3727);
#3723 = LINE('',#3724,#3725);
#3724 = CARTESIAN_POINT('',(1.570796326795,-0.149999999711));
#3725 = VECTOR('',#3726,1.);
#3726 = DIRECTION('',(-1.,5.366344282686E-15));
#3727 = ( GEOMETRIC_REPRESENTATION_CONTEXT(2) 
PARAMETRIC_REPRESENTATION_CONTEXT() REPRESENTATION_CONTEXT('2D SPACE',''
  ) );
#3728 = PCURVE('',#3729,#3734);
#3729 = CYLINDRICAL_SURFACE('',#3730,6.5);
#3730 = AXIS2_PLACEMENT_3D('',#3731,#3732,#3733);
#3731 = CARTESIAN_POINT('',(0.,10.5,0.));
#3732 = DIRECTION('',(0.,1.,0.));
#3733 = DIRECTION('',(1.,0.,0.));
#3734 = DEFINITIONAL_REPRESENTATION('',(#3735),#3739);
#3735 = LINE('',#3736,#3737);
#3736 = CARTESIAN_POINT('',(3.14159265359,-0.3));
#3737 = VECTOR('',#3738,1.);
#3738 = DIRECTION('',(-1.,0.));
#3739 = ( GEOMETRIC_REPRESENTATION_CONTEXT(2) 
PARAMETRIC_REPRESENTATION_CONTEXT() REPRESENTATION_CONTEXT('2D SPACE',''
  ) );
#3740 = ORIENTED_EDGE('',*,*,#3636,.F.);
#3741 = ADVANCED_FACE('',(#3742),#3465,.F.);
#3742 = FACE_BOUND('',#3743,.F.);
#3743 = EDGE_LOOP('',(#3744,#3745));
#3744 = ORIENTED_EDGE('',*,*,#3503,.T.);
#3745 = ORIENTED_EDGE('',*,*,#3448,.T.);
#3746 = ADVANCED_FACE('',(#3747),#3570,.F.);
#3747 = FACE_BOUND('',#3748,.F.);
#3748 = EDGE_LOOP('',(#3749,#3750));
#3749 = ORIENTED_EDGE('',*,*,#3608,.T.);
#3750 = ORIENTED_EDGE('',*,*,#3553,.T.);
#3751 = ADVANCED_FACE('',(#3752),#3676,.F.);
#3752 = FACE_BOUND('',#3753,.F.);
#3753 = EDGE_LOOP('',(#3754,#3777,#3778,#3801));
#3754 = ORIENTED_EDGE('',*,*,#3755,.F.);
#3755 = EDGE_CURVE('',#3660,#3756,#3758,.T.);
#3756 = VERTEX_POINT('',#3757);
#3757 = CARTESIAN_POINT('',(6.499999999928,7.0000001,-8.366111162935E-10
    ));
#3758 = SURFACE_CURVE('',#3759,(#3763,#3770),.PCURVE_S1.);
#3759 = LINE('',#3760,#3761);
#3760 = CARTESIAN_POINT('',(6.499999999775,10.19999999978,
    -2.621383021022E-09));
#3761 = VECTOR('',#3762,1.);
#3762 = DIRECTION('',(4.781669150696E-11,-1.,5.577412376954E-10));
#3763 = PCURVE('',#3676,#3764);
#3764 = DEFINITIONAL_REPRESENTATION('',(#3765),#3769);
#3765 = LINE('',#3766,#3767);
#3766 = CARTESIAN_POINT('',(6.28318530718,-0.30000000022));
#3767 = VECTOR('',#3768,1.);
#3768 = DIRECTION('',(0.,-1.));
#3769 = ( GEOMETRIC_REPRESENTATION_CONTEXT(2) 
PARAMETRIC_REPRESENTATION_CONTEXT() REPRESENTATION_CONTEXT('2D SPACE',''
  ) );
#3770 = PCURVE('',#3729,#3771);
#3771 = DEFINITIONAL_REPRESENTATION('',(#3772),#3776);
#3772 = LINE('',#3773,#3774);
#3773 = CARTESIAN_POINT('',(0.,-0.30000000022));
#3774 = VECTOR('',#3775,1.);
#3775 = DIRECTION('',(0.,-1.));
#3776 = ( GEOMETRIC_REPRESENTATION_CONTEXT(2) 
PARAMETRIC_REPRESENTATION_CONTEXT() REPRESENTATION_CONTEXT('2D SPACE',''
  ) );
#3777 = ORIENTED_EDGE('',*,*,#3659,.T.);
#3778 = ORIENTED_EDGE('',*,*,#3779,.T.);
#3779 = EDGE_CURVE('',#3637,#3780,#3782,.T.);
#3780 = VERTEX_POINT('',#3781);
#3781 = CARTESIAN_POINT('',(-6.499999999928,7.0000001,8.366111801262E-10
    ));
#3782 = SURFACE_CURVE('',#3783,(#3787,#3794),.PCURVE_S1.);
#3783 = LINE('',#3784,#3785);
#3784 = CARTESIAN_POINT('',(-6.499999999775,10.19999999978,
    2.62138322103E-09));
#3785 = VECTOR('',#3786,1.);
#3786 = DIRECTION('',(-4.781555766217E-11,-1.,-5.577412802502E-10));
#3787 = PCURVE('',#3676,#3788);
#3788 = DEFINITIONAL_REPRESENTATION('',(#3789),#3793);
#3789 = LINE('',#3790,#3791);
#3790 = CARTESIAN_POINT('',(3.141592653993,-0.30000000022));
#3791 = VECTOR('',#3792,1.);
#3792 = DIRECTION('',(-8.580625571777E-11,-1.));
#3793 = ( GEOMETRIC_REPRESENTATION_CONTEXT(2) 
PARAMETRIC_REPRESENTATION_CONTEXT() REPRESENTATION_CONTEXT('2D SPACE',''
  ) );
#3794 = PCURVE('',#3729,#3795);
#3795 = DEFINITIONAL_REPRESENTATION('',(#3796),#3800);
#3796 = LINE('',#3797,#3798);
#3797 = CARTESIAN_POINT('',(3.141592653993,-0.30000000022));
#3798 = VECTOR('',#3799,1.);
#3799 = DIRECTION('',(-8.580625571777E-11,-1.));
#3800 = ( GEOMETRIC_REPRESENTATION_CONTEXT(2) 
PARAMETRIC_REPRESENTATION_CONTEXT() REPRESENTATION_CONTEXT('2D SPACE',''
  ) );
#3801 = ORIENTED_EDGE('',*,*,#3802,.T.);
#3802 = EDGE_CURVE('',#3780,#3756,#3803,.T.);
#3803 = SURFACE_CURVE('',#3804,(#3809,#3816),.PCURVE_S1.);
#3804 = CIRCLE('',#3805,6.5);
#3805 = AXIS2_PLACEMENT_3D('',#3806,#3807,#3808);
#3806 = CARTESIAN_POINT('',(0.,7.0000001,0.));
#3807 = DIRECTION('',(-0.,1.,0.));
#3808 = DIRECTION('',(1.,0.,0.));
#3809 = PCURVE('',#3676,#3810);
#3810 = DEFINITIONAL_REPRESENTATION('',(#3811),#3815);
#3811 = LINE('',#3812,#3813);
#3812 = CARTESIAN_POINT('',(0.,-3.4999999));
#3813 = VECTOR('',#3814,1.);
#3814 = DIRECTION('',(1.,0.));
#3815 = ( GEOMETRIC_REPRESENTATION_CONTEXT(2) 
PARAMETRIC_REPRESENTATION_CONTEXT() REPRESENTATION_CONTEXT('2D SPACE',''
  ) );
#3816 = PCURVE('',#3817,#3822);
#3817 = PLANE('',#3818);
#3818 = AXIS2_PLACEMENT_3D('',#3819,#3820,#3821);
#3819 = CARTESIAN_POINT('',(0.,7.0000001,0.));
#3820 = DIRECTION('',(0.,1.,0.));
#3821 = DIRECTION('',(0.,-0.,1.));
#3822 = DEFINITIONAL_REPRESENTATION('',(#3823),#3827);
#3823 = CIRCLE('',#3824,6.5);
#3824 = AXIS2_PLACEMENT_2D('',#3825,#3826);
#3825 = CARTESIAN_POINT('',(0.,0.));
#3826 = DIRECTION('',(0.,1.));
#3827 = ( GEOMETRIC_REPRESENTATION_CONTEXT(2) 
PARAMETRIC_REPRESENTATION_CONTEXT() REPRESENTATION_CONTEXT('2D SPACE',''
  ) );
#3828 = ADVANCED_FACE('',(#3829),#3729,.F.);
#3829 = FACE_BOUND('',#3830,.F.);
#3830 = EDGE_LOOP('',(#3831,#3832,#3833,#3834));
#3831 = ORIENTED_EDGE('',*,*,#3779,.F.);
#3832 = ORIENTED_EDGE('',*,*,#3714,.T.);
#3833 = ORIENTED_EDGE('',*,*,#3755,.T.);
#3834 = ORIENTED_EDGE('',*,*,#3835,.T.);
#3835 = EDGE_CURVE('',#3756,#3780,#3836,.T.);
#3836 = SURFACE_CURVE('',#3837,(#3842,#3849),.PCURVE_S1.);
#3837 = CIRCLE('',#3838,6.5);
#3838 = AXIS2_PLACEMENT_3D('',#3839,#3840,#3841);
#3839 = CARTESIAN_POINT('',(0.,7.0000001,0.));
#3840 = DIRECTION('',(-0.,1.,0.));
#3841 = DIRECTION('',(1.,0.,0.));
#3842 = PCURVE('',#3729,#3843);
#3843 = DEFINITIONAL_REPRESENTATION('',(#3844),#3848);
#3844 = LINE('',#3845,#3846);
#3845 = CARTESIAN_POINT('',(0.,-3.4999999));
#3846 = VECTOR('',#3847,1.);
#3847 = DIRECTION('',(1.,0.));
#3848 = ( GEOMETRIC_REPRESENTATION_CONTEXT(2) 
PARAMETRIC_REPRESENTATION_CONTEXT() REPRESENTATION_CONTEXT('2D SPACE',''
  ) );
#3849 = PCURVE('',#3817,#3850);
#3850 = DEFINITIONAL_REPRESENTATION('',(#3851),#3855);
#3851 = CIRCLE('',#3852,6.5);
#3852 = AXIS2_PLACEMENT_2D('',#3853,#3854);
#3853 = CARTESIAN_POINT('',(0.,0.));
#3854 = DIRECTION('',(0.,1.));
#3855 = ( GEOMETRIC_REPRESENTATION_CONTEXT(2) 
PARAMETRIC_REPRESENTATION_CONTEXT() REPRESENTATION_CONTEXT('2D SPACE',''
  ) );
#3856 = ADVANCED_FACE('',(#3857,#3861),#3817,.T.);
#3857 = FACE_BOUND('',#3858,.T.);
#3858 = EDGE_LOOP('',(#3859,#3860));
#3859 = ORIENTED_EDGE('',*,*,#3802,.T.);
#3860 = ORIENTED_EDGE('',*,*,#3835,.T.);
#3861 = FACE_BOUND('',#3862,.T.);
#3862 = EDGE_LOOP('',(#3863,#3898));
#3863 = ORIENTED_EDGE('',*,*,#3864,.T.);
#3864 = EDGE_CURVE('',#3865,#3867,#3869,.T.);
#3865 = VERTEX_POINT('',#3866);
#3866 = CARTESIAN_POINT('',(0.,7.0000001,-3.));
#3867 = VERTEX_POINT('',#3868);
#3868 = CARTESIAN_POINT('',(0.,7.0000001,3.));
#3869 = SURFACE_CURVE('',#3870,(#3875,#3886),.PCURVE_S1.);
#3870 = CIRCLE('',#3871,3.);
#3871 = AXIS2_PLACEMENT_3D('',#3872,#3873,#3874);
#3872 = CARTESIAN_POINT('',(0.,7.0000001,0.));
#3873 = DIRECTION('',(0.,-1.,0.));
#3874 = DIRECTION('',(0.,0.,1.));
#3875 = PCURVE('',#3817,#3876);
#3876 = DEFINITIONAL_REPRESENTATION('',(#3877),#3885);
#3877 = ( BOUNDED_CURVE() B_SPLINE_CURVE(2,(#3878,#3879,#3880,#3881,
#3882,#3883,#3884),.UNSPECIFIED.,.T.,.F.) B_SPLINE_CURVE_WITH_KNOTS((1,2
    ,2,2,2,1),(-2.094395102393,0.,2.094395102393,4.188790204786,
6.28318530718,8.377580409573),.UNSPECIFIED.) CURVE() 
GEOMETRIC_REPRESENTATION_ITEM() RATIONAL_B_SPLINE_CURVE((1.,0.5,1.,0.5,
1.,0.5,1.)) REPRESENTATION_ITEM('') );
#3878 = CARTESIAN_POINT('',(3.,0.));
#3879 = CARTESIAN_POINT('',(3.,-5.196152422707));
#3880 = CARTESIAN_POINT('',(-1.5,-2.598076211353));
#3881 = CARTESIAN_POINT('',(-6.,-7.347880794884E-16));
#3882 = CARTESIAN_POINT('',(-1.5,2.598076211353));
#3883 = CARTESIAN_POINT('',(3.,5.196152422707));
#3884 = CARTESIAN_POINT('',(3.,0.));
#3885 = ( GEOMETRIC_REPRESENTATION_CONTEXT(2) 
PARAMETRIC_REPRESENTATION_CONTEXT() REPRESENTATION_CONTEXT('2D SPACE',''
  ) );
#3886 = PCURVE('',#3887,#3892);
#3887 = CYLINDRICAL_SURFACE('',#3888,3.);
#3888 = AXIS2_PLACEMENT_3D('',#3889,#3890,#3891);
#3889 = CARTESIAN_POINT('',(0.,30.625,0.));
#3890 = DIRECTION('',(0.,-1.,0.));
#3891 = DIRECTION('',(0.,0.,1.));
#3892 = DEFINITIONAL_REPRESENTATION('',(#3893),#3897);
#3893 = LINE('',#3894,#3895);
#3894 = CARTESIAN_POINT('',(0.,23.6249999));
#3895 = VECTOR('',#3896,1.);
#3896 = DIRECTION('',(1.,0.));
#3897 = ( GEOMETRIC_REPRESENTATION_CONTEXT(2) 
PARAMETRIC_REPRESENTATION_CONTEXT() REPRESENTATION_CONTEXT('2D SPACE',''
  ) );
#3898 = ORIENTED_EDGE('',*,*,#3899,.T.);
#3899 = EDGE_CURVE('',#3867,#3865,#3900,.T.);
#3900 = SURFACE_CURVE('',#3901,(#3906,#3917),.PCURVE_S1.);
#3901 = CIRCLE('',#3902,3.);
#3902 = AXIS2_PLACEMENT_3D('',#3903,#3904,#3905);
#3903 = CARTESIAN_POINT('',(0.,7.0000001,0.));
#3904 = DIRECTION('',(0.,-1.,0.));
#3905 = DIRECTION('',(0.,0.,1.));
#3906 = PCURVE('',#3817,#3907);
#3907 = DEFINITIONAL_REPRESENTATION('',(#3908),#3916);
#3908 = ( BOUNDED_CURVE() B_SPLINE_CURVE(2,(#3909,#3910,#3911,#3912,
#3913,#3914,#3915),.UNSPECIFIED.,.T.,.F.) B_SPLINE_CURVE_WITH_KNOTS((1,2
    ,2,2,2,1),(-2.094395102393,0.,2.094395102393,4.188790204786,
6.28318530718,8.377580409573),.UNSPECIFIED.) CURVE() 
GEOMETRIC_REPRESENTATION_ITEM() RATIONAL_B_SPLINE_CURVE((1.,0.5,1.,0.5,
1.,0.5,1.)) REPRESENTATION_ITEM('') );
#3909 = CARTESIAN_POINT('',(3.,0.));
#3910 = CARTESIAN_POINT('',(3.,-5.196152422707));
#3911 = CARTESIAN_POINT('',(-1.5,-2.598076211353));
#3912 = CARTESIAN_POINT('',(-6.,-7.347880794884E-16));
#3913 = CARTESIAN_POINT('',(-1.5,2.598076211353));
#3914 = CARTESIAN_POINT('',(3.,5.196152422707));
#3915 = CARTESIAN_POINT('',(3.,0.));
#3916 = ( GEOMETRIC_REPRESENTATION_CONTEXT(2) 
PARAMETRIC_REPRESENTATION_CONTEXT() REPRESENTATION_CONTEXT('2D SPACE',''
  ) );
#3917 = PCURVE('',#3918,#3923);
#3918 = CYLINDRICAL_SURFACE('',#3919,3.);
#3919 = AXIS2_PLACEMENT_3D('',#3920,#3921,#3922);
#3920 = CARTESIAN_POINT('',(0.,30.625,0.));
#3921 = DIRECTION('',(0.,-1.,0.));
#3922 = DIRECTION('',(0.,0.,1.));
#3923 = DEFINITIONAL_REPRESENTATION('',(#3924),#3928);
#3924 = LINE('',#3925,#3926);
#3925 = CARTESIAN_POINT('',(0.,23.6249999));
#3926 = VECTOR('',#3927,1.);
#3927 = DIRECTION('',(1.,0.));
#3928 = ( GEOMETRIC_REPRESENTATION_CONTEXT(2) 
PARAMETRIC_REPRESENTATION_CONTEXT() REPRESENTATION_CONTEXT('2D SPACE',''
  ) );
#3929 = ADVANCED_FACE('',(#3930),#3887,.T.);
#3930 = FACE_BOUND('',#3931,.T.);
#3931 = EDGE_LOOP('',(#3932,#3955,#3956,#3979));
#3932 = ORIENTED_EDGE('',*,*,#3933,.F.);
#3933 = EDGE_CURVE('',#3867,#3934,#3936,.T.);
#3934 = VERTEX_POINT('',#3935);
#3935 = CARTESIAN_POINT('',(0.,10.7,3.));
#3936 = SURFACE_CURVE('',#3937,(#3941,#3948),.PCURVE_S1.);
#3937 = LINE('',#3938,#3939);
#3938 = CARTESIAN_POINT('',(0.,0.,3.));
#3939 = VECTOR('',#3940,1.);
#3940 = DIRECTION('',(0.,1.,0.));
#3941 = PCURVE('',#3887,#3942);
#3942 = DEFINITIONAL_REPRESENTATION('',(#3943),#3947);
#3943 = LINE('',#3944,#3945);
#3944 = CARTESIAN_POINT('',(6.28318530718,30.625));
#3945 = VECTOR('',#3946,1.);
#3946 = DIRECTION('',(0.,-1.));
#3947 = ( GEOMETRIC_REPRESENTATION_CONTEXT(2) 
PARAMETRIC_REPRESENTATION_CONTEXT() REPRESENTATION_CONTEXT('2D SPACE',''
  ) );
#3948 = PCURVE('',#3918,#3949);
#3949 = DEFINITIONAL_REPRESENTATION('',(#3950),#3954);
#3950 = LINE('',#3951,#3952);
#3951 = CARTESIAN_POINT('',(0.,30.625));
#3952 = VECTOR('',#3953,1.);
#3953 = DIRECTION('',(0.,-1.));
#3954 = ( GEOMETRIC_REPRESENTATION_CONTEXT(2) 
PARAMETRIC_REPRESENTATION_CONTEXT() REPRESENTATION_CONTEXT('2D SPACE',''
  ) );
#3955 = ORIENTED_EDGE('',*,*,#3864,.F.);
#3956 = ORIENTED_EDGE('',*,*,#3957,.T.);
#3957 = EDGE_CURVE('',#3865,#3958,#3960,.T.);
#3958 = VERTEX_POINT('',#3959);
#3959 = CARTESIAN_POINT('',(0.,10.7,-3.));
#3960 = SURFACE_CURVE('',#3961,(#3965,#3972),.PCURVE_S1.);
#3961 = LINE('',#3962,#3963);
#3962 = CARTESIAN_POINT('',(0.,0.,-3.));
#3963 = VECTOR('',#3964,1.);
#3964 = DIRECTION('',(0.,1.,0.));
#3965 = PCURVE('',#3887,#3966);
#3966 = DEFINITIONAL_REPRESENTATION('',(#3967),#3971);
#3967 = LINE('',#3968,#3969);
#3968 = CARTESIAN_POINT('',(3.14159265359,30.625));
#3969 = VECTOR('',#3970,1.);
#3970 = DIRECTION('',(0.,-1.));
#3971 = ( GEOMETRIC_REPRESENTATION_CONTEXT(2) 
PARAMETRIC_REPRESENTATION_CONTEXT() REPRESENTATION_CONTEXT('2D SPACE',''
  ) );
#3972 = PCURVE('',#3918,#3973);
#3973 = DEFINITIONAL_REPRESENTATION('',(#3974),#3978);
#3974 = LINE('',#3975,#3976);
#3975 = CARTESIAN_POINT('',(3.14159265359,30.625));
#3976 = VECTOR('',#3977,1.);
#3977 = DIRECTION('',(0.,-1.));
#3978 = ( GEOMETRIC_REPRESENTATION_CONTEXT(2) 
PARAMETRIC_REPRESENTATION_CONTEXT() REPRESENTATION_CONTEXT('2D SPACE',''
  ) );
#3979 = ORIENTED_EDGE('',*,*,#3980,.T.);
#3980 = EDGE_CURVE('',#3958,#3934,#3981,.T.);
#3981 = SURFACE_CURVE('',#3982,(#3987,#3994),.PCURVE_S1.);
#3982 = CIRCLE('',#3983,3.);
#3983 = AXIS2_PLACEMENT_3D('',#3984,#3985,#3986);
#3984 = CARTESIAN_POINT('',(0.,10.7,0.));
#3985 = DIRECTION('',(0.,-1.,0.));
#3986 = DIRECTION('',(0.,0.,-1.));
#3987 = PCURVE('',#3887,#3988);
#3988 = DEFINITIONAL_REPRESENTATION('',(#3989),#3993);
#3989 = LINE('',#3990,#3991);
#3990 = CARTESIAN_POINT('',(3.14159265359,19.925));
#3991 = VECTOR('',#3992,1.);
#3992 = DIRECTION('',(1.,0.));
#3993 = ( GEOMETRIC_REPRESENTATION_CONTEXT(2) 
PARAMETRIC_REPRESENTATION_CONTEXT() REPRESENTATION_CONTEXT('2D SPACE',''
  ) );
#3994 = PCURVE('',#3995,#4000);
#3995 = PLANE('',#3996);
#3996 = AXIS2_PLACEMENT_3D('',#3997,#3998,#3999);
#3997 = CARTESIAN_POINT('',(0.,10.7,0.));
#3998 = DIRECTION('',(0.,-1.,0.));
#3999 = DIRECTION('',(0.,0.,-1.));
#4000 = DEFINITIONAL_REPRESENTATION('',(#4001),#4005);
#4001 = CIRCLE('',#4002,3.);
#4002 = AXIS2_PLACEMENT_2D('',#4003,#4004);
#4003 = CARTESIAN_POINT('',(0.,0.));
#4004 = DIRECTION('',(1.,0.));
#4005 = ( GEOMETRIC_REPRESENTATION_CONTEXT(2) 
PARAMETRIC_REPRESENTATION_CONTEXT() REPRESENTATION_CONTEXT('2D SPACE',''
  ) );
#4006 = ADVANCED_FACE('',(#4007),#3918,.T.);
#4007 = FACE_BOUND('',#4008,.T.);
#4008 = EDGE_LOOP('',(#4009,#4010,#4011,#4012));
#4009 = ORIENTED_EDGE('',*,*,#3957,.F.);
#4010 = ORIENTED_EDGE('',*,*,#3899,.F.);
#4011 = ORIENTED_EDGE('',*,*,#3933,.T.);
#4012 = ORIENTED_EDGE('',*,*,#4013,.T.);
#4013 = EDGE_CURVE('',#3934,#3958,#4014,.T.);
#4014 = SURFACE_CURVE('',#4015,(#4020,#4027),.PCURVE_S1.);
#4015 = CIRCLE('',#4016,3.);
#4016 = AXIS2_PLACEMENT_3D('',#4017,#4018,#4019);
#4017 = CARTESIAN_POINT('',(0.,10.7,0.));
#4018 = DIRECTION('',(0.,-1.,0.));
#4019 = DIRECTION('',(0.,0.,1.));
#4020 = PCURVE('',#3918,#4021);
#4021 = DEFINITIONAL_REPRESENTATION('',(#4022),#4026);
#4022 = LINE('',#4023,#4024);
#4023 = CARTESIAN_POINT('',(0.,19.925));
#4024 = VECTOR('',#4025,1.);
#4025 = DIRECTION('',(1.,0.));
#4026 = ( GEOMETRIC_REPRESENTATION_CONTEXT(2) 
PARAMETRIC_REPRESENTATION_CONTEXT() REPRESENTATION_CONTEXT('2D SPACE',''
  ) );
#4027 = PCURVE('',#3995,#4028);
#4028 = DEFINITIONAL_REPRESENTATION('',(#4029),#4033);
#4029 = CIRCLE('',#4030,3.);
#4030 = AXIS2_PLACEMENT_2D('',#4031,#4032);
#4031 = CARTESIAN_POINT('',(0.,0.));
#4032 = DIRECTION('',(-1.,0.));
#4033 = ( GEOMETRIC_REPRESENTATION_CONTEXT(2) 
PARAMETRIC_REPRESENTATION_CONTEXT() REPRESENTATION_CONTEXT('2D SPACE',''
  ) );
#4034 = ADVANCED_FACE('',(#4035,#4039),#3995,.F.);
#4035 = FACE_BOUND('',#4036,.F.);
#4036 = EDGE_LOOP('',(#4037,#4038));
#4037 = ORIENTED_EDGE('',*,*,#3980,.T.);
#4038 = ORIENTED_EDGE('',*,*,#4013,.T.);
#4039 = FACE_BOUND('',#4040,.F.);
#4040 = EDGE_LOOP('',(#4041,#4076));
#4041 = ORIENTED_EDGE('',*,*,#4042,.T.);
#4042 = EDGE_CURVE('',#4043,#4045,#4047,.T.);
#4043 = VERTEX_POINT('',#4044);
#4044 = CARTESIAN_POINT('',(0.,10.7,2.8));
#4045 = VERTEX_POINT('',#4046);
#4046 = CARTESIAN_POINT('',(0.,10.7,-2.8));
#4047 = SURFACE_CURVE('',#4048,(#4053,#4064),.PCURVE_S1.);
#4048 = CIRCLE('',#4049,2.8);
#4049 = AXIS2_PLACEMENT_3D('',#4050,#4051,#4052);
#4050 = CARTESIAN_POINT('',(0.,10.7,0.));
#4051 = DIRECTION('',(0.,1.,0.));
#4052 = DIRECTION('',(0.,0.,1.));
#4053 = PCURVE('',#3995,#4054);
#4054 = DEFINITIONAL_REPRESENTATION('',(#4055),#4063);
#4055 = ( BOUNDED_CURVE() B_SPLINE_CURVE(2,(#4056,#4057,#4058,#4059,
#4060,#4061,#4062),.UNSPECIFIED.,.T.,.F.) B_SPLINE_CURVE_WITH_KNOTS((1,2
    ,2,2,2,1),(-2.094395102393,0.,2.094395102393,4.188790204786,
6.28318530718,8.377580409573),.UNSPECIFIED.) CURVE() 
GEOMETRIC_REPRESENTATION_ITEM() RATIONAL_B_SPLINE_CURVE((1.,0.5,1.,0.5,
1.,0.5,1.)) REPRESENTATION_ITEM('') );
#4056 = CARTESIAN_POINT('',(-2.8,0.));
#4057 = CARTESIAN_POINT('',(-2.8,4.849742261193));
#4058 = CARTESIAN_POINT('',(1.4,2.424871130596));
#4059 = CARTESIAN_POINT('',(5.6,6.858022075225E-16));
#4060 = CARTESIAN_POINT('',(1.4,-2.424871130596));
#4061 = CARTESIAN_POINT('',(-2.8,-4.849742261193));
#4062 = CARTESIAN_POINT('',(-2.8,0.));
#4063 = ( GEOMETRIC_REPRESENTATION_CONTEXT(2) 
PARAMETRIC_REPRESENTATION_CONTEXT() REPRESENTATION_CONTEXT('2D SPACE',''
  ) );
#4064 = PCURVE('',#4065,#4070);
#4065 = CYLINDRICAL_SURFACE('',#4066,2.8);
#4066 = AXIS2_PLACEMENT_3D('',#4067,#4068,#4069);
#4067 = CARTESIAN_POINT('',(0.,11.225,0.));
#4068 = DIRECTION('',(0.,-1.,0.));
#4069 = DIRECTION('',(0.,0.,-1.));
#4070 = DEFINITIONAL_REPRESENTATION('',(#4071),#4075);
#4071 = LINE('',#4072,#4073);
#4072 = CARTESIAN_POINT('',(3.14159265359,0.525));
#4073 = VECTOR('',#4074,1.);
#4074 = DIRECTION('',(-1.,0.));
#4075 = ( GEOMETRIC_REPRESENTATION_CONTEXT(2) 
PARAMETRIC_REPRESENTATION_CONTEXT() REPRESENTATION_CONTEXT('2D SPACE',''
  ) );
#4076 = ORIENTED_EDGE('',*,*,#4077,.F.);
#4077 = EDGE_CURVE('',#4043,#4045,#4078,.T.);
#4078 = SURFACE_CURVE('',#4079,(#4084,#4091),.PCURVE_S1.);
#4079 = CIRCLE('',#4080,2.8);
#4080 = AXIS2_PLACEMENT_3D('',#4081,#4082,#4083);
#4081 = CARTESIAN_POINT('',(0.,10.7,0.));
#4082 = DIRECTION('',(0.,-1.,0.));
#4083 = DIRECTION('',(0.,0.,1.));
#4084 = PCURVE('',#3995,#4085);
#4085 = DEFINITIONAL_REPRESENTATION('',(#4086),#4090);
#4086 = CIRCLE('',#4087,2.8);
#4087 = AXIS2_PLACEMENT_2D('',#4088,#4089);
#4088 = CARTESIAN_POINT('',(0.,0.));
#4089 = DIRECTION('',(-1.,0.));
#4090 = ( GEOMETRIC_REPRESENTATION_CONTEXT(2) 
PARAMETRIC_REPRESENTATION_CONTEXT() REPRESENTATION_CONTEXT('2D SPACE',''
  ) );
#4091 = PCURVE('',#4092,#4097);
#4092 = CYLINDRICAL_SURFACE('',#4093,2.8);
#4093 = AXIS2_PLACEMENT_3D('',#4094,#4095,#4096);
#4094 = CARTESIAN_POINT('',(0.,11.225,0.));
#4095 = DIRECTION('',(0.,-1.,0.));
#4096 = DIRECTION('',(0.,0.,-1.));
#4097 = DEFINITIONAL_REPRESENTATION('',(#4098),#4102);
#4098 = LINE('',#4099,#4100);
#4099 = CARTESIAN_POINT('',(3.14159265359,0.525));
#4100 = VECTOR('',#4101,1.);
#4101 = DIRECTION('',(1.,0.));
#4102 = ( GEOMETRIC_REPRESENTATION_CONTEXT(2) 
PARAMETRIC_REPRESENTATION_CONTEXT() REPRESENTATION_CONTEXT('2D SPACE',''
  ) );
#4103 = ADVANCED_FACE('',(#4104),#4065,.T.);
#4104 = FACE_BOUND('',#4105,.T.);
#4105 = EDGE_LOOP('',(#4106,#4107,#4130,#4163));
#4106 = ORIENTED_EDGE('',*,*,#4042,.T.);
#4107 = ORIENTED_EDGE('',*,*,#4108,.F.);
#4108 = EDGE_CURVE('',#4109,#4045,#4111,.T.);
#4109 = VERTEX_POINT('',#4110);
#4110 = CARTESIAN_POINT('',(0.,11.2,-2.8));
#4111 = SURFACE_CURVE('',#4112,(#4116,#4123),.PCURVE_S1.);
#4112 = LINE('',#4113,#4114);
#4113 = CARTESIAN_POINT('',(0.,11.2,-2.8));
#4114 = VECTOR('',#4115,1.);
#4115 = DIRECTION('',(0.,-1.,0.));
#4116 = PCURVE('',#4065,#4117);
#4117 = DEFINITIONAL_REPRESENTATION('',(#4118),#4122);
#4118 = LINE('',#4119,#4120);
#4119 = CARTESIAN_POINT('',(0.,2.5E-02));
#4120 = VECTOR('',#4121,1.);
#4121 = DIRECTION('',(0.,1.));
#4122 = ( GEOMETRIC_REPRESENTATION_CONTEXT(2) 
PARAMETRIC_REPRESENTATION_CONTEXT() REPRESENTATION_CONTEXT('2D SPACE',''
  ) );
#4123 = PCURVE('',#4092,#4124);
#4124 = DEFINITIONAL_REPRESENTATION('',(#4125),#4129);
#4125 = LINE('',#4126,#4127);
#4126 = CARTESIAN_POINT('',(6.28318530718,2.5E-02));
#4127 = VECTOR('',#4128,1.);
#4128 = DIRECTION('',(0.,1.));
#4129 = ( GEOMETRIC_REPRESENTATION_CONTEXT(2) 
PARAMETRIC_REPRESENTATION_CONTEXT() REPRESENTATION_CONTEXT('2D SPACE',''
  ) );
#4130 = ORIENTED_EDGE('',*,*,#4131,.F.);
#4131 = EDGE_CURVE('',#4132,#4109,#4134,.T.);
#4132 = VERTEX_POINT('',#4133);
#4133 = CARTESIAN_POINT('',(0.,11.2,2.8));
#4134 = SURFACE_CURVE('',#4135,(#4140,#4147),.PCURVE_S1.);
#4135 = CIRCLE('',#4136,2.8);
#4136 = AXIS2_PLACEMENT_3D('',#4137,#4138,#4139);
#4137 = CARTESIAN_POINT('',(0.,11.2,0.));
#4138 = DIRECTION('',(0.,1.,0.));
#4139 = DIRECTION('',(0.,0.,1.));
#4140 = PCURVE('',#4065,#4141);
#4141 = DEFINITIONAL_REPRESENTATION('',(#4142),#4146);
#4142 = LINE('',#4143,#4144);
#4143 = CARTESIAN_POINT('',(3.14159265359,2.5E-02));
#4144 = VECTOR('',#4145,1.);
#4145 = DIRECTION('',(-1.,0.));
#4146 = ( GEOMETRIC_REPRESENTATION_CONTEXT(2) 
PARAMETRIC_REPRESENTATION_CONTEXT() REPRESENTATION_CONTEXT('2D SPACE',''
  ) );
#4147 = PCURVE('',#4148,#4153);
#4148 = PLANE('',#4149);
#4149 = AXIS2_PLACEMENT_3D('',#4150,#4151,#4152);
#4150 = CARTESIAN_POINT('',(0.,11.2,0.));
#4151 = DIRECTION('',(0.,-1.,0.));
#4152 = DIRECTION('',(0.,0.,-1.));
#4153 = DEFINITIONAL_REPRESENTATION('',(#4154),#4162);
#4154 = ( BOUNDED_CURVE() B_SPLINE_CURVE(2,(#4155,#4156,#4157,#4158,
#4159,#4160,#4161),.UNSPECIFIED.,.T.,.F.) B_SPLINE_CURVE_WITH_KNOTS((1,2
    ,2,2,2,1),(-2.094395102393,0.,2.094395102393,4.188790204786,
6.28318530718,8.377580409573),.UNSPECIFIED.) CURVE() 
GEOMETRIC_REPRESENTATION_ITEM() RATIONAL_B_SPLINE_CURVE((1.,0.5,1.,0.5,
1.,0.5,1.)) REPRESENTATION_ITEM('') );
#4155 = CARTESIAN_POINT('',(-2.8,0.));
#4156 = CARTESIAN_POINT('',(-2.8,4.849742261193));
#4157 = CARTESIAN_POINT('',(1.4,2.424871130596));
#4158 = CARTESIAN_POINT('',(5.6,6.858022075225E-16));
#4159 = CARTESIAN_POINT('',(1.4,-2.424871130596));
#4160 = CARTESIAN_POINT('',(-2.8,-4.849742261193));
#4161 = CARTESIAN_POINT('',(-2.8,0.));
#4162 = ( GEOMETRIC_REPRESENTATION_CONTEXT(2) 
PARAMETRIC_REPRESENTATION_CONTEXT() REPRESENTATION_CONTEXT('2D SPACE',''
  ) );
#4163 = ORIENTED_EDGE('',*,*,#4164,.T.);
#4164 = EDGE_CURVE('',#4132,#4043,#4165,.T.);
#4165 = SURFACE_CURVE('',#4166,(#4170,#4177),.PCURVE_S1.);
#4166 = LINE('',#4167,#4168);
#4167 = CARTESIAN_POINT('',(0.,11.2,2.8));
#4168 = VECTOR('',#4169,1.);
#4169 = DIRECTION('',(0.,-1.,0.));
#4170 = PCURVE('',#4065,#4171);
#4171 = DEFINITIONAL_REPRESENTATION('',(#4172),#4176);
#4172 = LINE('',#4173,#4174);
#4173 = CARTESIAN_POINT('',(3.14159265359,2.5E-02));
#4174 = VECTOR('',#4175,1.);
#4175 = DIRECTION('',(0.,1.));
#4176 = ( GEOMETRIC_REPRESENTATION_CONTEXT(2) 
PARAMETRIC_REPRESENTATION_CONTEXT() REPRESENTATION_CONTEXT('2D SPACE',''
  ) );
#4177 = PCURVE('',#4092,#4178);
#4178 = DEFINITIONAL_REPRESENTATION('',(#4179),#4183);
#4179 = LINE('',#4180,#4181);
#4180 = CARTESIAN_POINT('',(3.14159265359,2.5E-02));
#4181 = VECTOR('',#4182,1.);
#4182 = DIRECTION('',(0.,1.));
#4183 = ( GEOMETRIC_REPRESENTATION_CONTEXT(2) 
PARAMETRIC_REPRESENTATION_CONTEXT() REPRESENTATION_CONTEXT('2D SPACE',''
  ) );
#4184 = ADVANCED_FACE('',(#4185),#4092,.T.);
#4185 = FACE_BOUND('',#4186,.T.);
#4186 = EDGE_LOOP('',(#4187,#4209,#4210,#4211));
#4187 = ORIENTED_EDGE('',*,*,#4188,.T.);
#4188 = EDGE_CURVE('',#4132,#4109,#4189,.T.);
#4189 = SURFACE_CURVE('',#4190,(#4195,#4202),.PCURVE_S1.);
#4190 = CIRCLE('',#4191,2.8);
#4191 = AXIS2_PLACEMENT_3D('',#4192,#4193,#4194);
#4192 = CARTESIAN_POINT('',(0.,11.2,0.));
#4193 = DIRECTION('',(0.,-1.,0.));
#4194 = DIRECTION('',(0.,0.,1.));
#4195 = PCURVE('',#4092,#4196);
#4196 = DEFINITIONAL_REPRESENTATION('',(#4197),#4201);
#4197 = LINE('',#4198,#4199);
#4198 = CARTESIAN_POINT('',(3.14159265359,2.5E-02));
#4199 = VECTOR('',#4200,1.);
#4200 = DIRECTION('',(1.,0.));
#4201 = ( GEOMETRIC_REPRESENTATION_CONTEXT(2) 
PARAMETRIC_REPRESENTATION_CONTEXT() REPRESENTATION_CONTEXT('2D SPACE',''
  ) );
#4202 = PCURVE('',#4148,#4203);
#4203 = DEFINITIONAL_REPRESENTATION('',(#4204),#4208);
#4204 = CIRCLE('',#4205,2.8);
#4205 = AXIS2_PLACEMENT_2D('',#4206,#4207);
#4206 = CARTESIAN_POINT('',(0.,0.));
#4207 = DIRECTION('',(-1.,0.));
#4208 = ( GEOMETRIC_REPRESENTATION_CONTEXT(2) 
PARAMETRIC_REPRESENTATION_CONTEXT() REPRESENTATION_CONTEXT('2D SPACE',''
  ) );
#4209 = ORIENTED_EDGE('',*,*,#4108,.T.);
#4210 = ORIENTED_EDGE('',*,*,#4077,.F.);
#4211 = ORIENTED_EDGE('',*,*,#4164,.F.);
#4212 = ADVANCED_FACE('',(#4213,#4273),#4148,.T.);
#4213 = FACE_BOUND('',#4214,.F.);
#4214 = EDGE_LOOP('',(#4215,#4246));
#4215 = ORIENTED_EDGE('',*,*,#4216,.F.);
#4216 = EDGE_CURVE('',#4217,#4219,#4221,.T.);
#4217 = VERTEX_POINT('',#4218);
#4218 = CARTESIAN_POINT('',(0.,11.2,-3.));
#4219 = VERTEX_POINT('',#4220);
#4220 = CARTESIAN_POINT('',(0.,11.2,3.));#4221 = SURFACE_CURVE('',#4222,(#4227,#4234),.PCURVE_S1.);
#4222 = CIRCLE('',#4223,3.);
#4223 = AXIS2_PLACEMENT_3D('',#4224,#4225,#4226);
#4224 = CARTESIAN_POINT('',(0.,11.2,0.));
#4225 = DIRECTION('',(0.,-1.,0.));
#4226 = DIRECTION('',(0.,0.,-1.));
#4227 = PCURVE('',#4148,#4228);
#4228 = DEFINITIONAL_REPRESENTATION('',(#4229),#4233);
#4229 = CIRCLE('',#4230,3.);
#4230 = AXIS2_PLACEMENT_2D('',#4231,#4232);
#4231 = CARTESIAN_POINT('',(0.,0.));
#4232 = DIRECTION('',(1.,0.));
#4233 = ( GEOMETRIC_REPRESENTATION_CONTEXT(2) 
PARAMETRIC_REPRESENTATION_CONTEXT() REPRESENTATION_CONTEXT('2D SPACE',''
  ) );
#4234 = PCURVE('',#4235,#4240);
#4235 = CYLINDRICAL_SURFACE('',#4236,3.);
#4236 = AXIS2_PLACEMENT_3D('',#4237,#4238,#4239);
#4237 = CARTESIAN_POINT('',(0.,30.625,0.));
#4238 = DIRECTION('',(0.,-1.,0.));
#4239 = DIRECTION('',(0.,0.,1.));
#4240 = DEFINITIONAL_REPRESENTATION('',(#4241),#4245);
#4241 = LINE('',#4242,#4243);
#4242 = CARTESIAN_POINT('',(3.14159265359,19.425));
#4243 = VECTOR('',#4244,1.);
#4244 = DIRECTION('',(1.,0.));
#4245 = ( GEOMETRIC_REPRESENTATION_CONTEXT(2) 
PARAMETRIC_REPRESENTATION_CONTEXT() REPRESENTATION_CONTEXT('2D SPACE',''
  ) );
#4246 = ORIENTED_EDGE('',*,*,#4247,.F.);
#4247 = EDGE_CURVE('',#4219,#4217,#4248,.T.);
#4248 = SURFACE_CURVE('',#4249,(#4254,#4261),.PCURVE_S1.);
#4249 = CIRCLE('',#4250,3.);
#4250 = AXIS2_PLACEMENT_3D('',#4251,#4252,#4253);
#4251 = CARTESIAN_POINT('',(0.,11.2,0.));
#4252 = DIRECTION('',(0.,-1.,0.));
#4253 = DIRECTION('',(0.,0.,1.));
#4254 = PCURVE('',#4148,#4255);
#4255 = DEFINITIONAL_REPRESENTATION('',(#4256),#4260);
#4256 = CIRCLE('',#4257,3.);
#4257 = AXIS2_PLACEMENT_2D('',#4258,#4259);
#4258 = CARTESIAN_POINT('',(0.,0.));
#4259 = DIRECTION('',(-1.,0.));
#4260 = ( GEOMETRIC_REPRESENTATION_CONTEXT(2) 
PARAMETRIC_REPRESENTATION_CONTEXT() REPRESENTATION_CONTEXT('2D SPACE',''
  ) );
#4261 = PCURVE('',#4262,#4267);
#4262 = CYLINDRICAL_SURFACE('',#4263,3.);
#4263 = AXIS2_PLACEMENT_3D('',#4264,#4265,#4266);
#4264 = CARTESIAN_POINT('',(0.,30.625,0.));
#4265 = DIRECTION('',(0.,-1.,0.));
#4266 = DIRECTION('',(0.,0.,1.));
#4267 = DEFINITIONAL_REPRESENTATION('',(#4268),#4272);
#4268 = LINE('',#4269,#4270);
#4269 = CARTESIAN_POINT('',(0.,19.425));
#4270 = VECTOR('',#4271,1.);
#4271 = DIRECTION('',(1.,0.));
#4272 = ( GEOMETRIC_REPRESENTATION_CONTEXT(2) 
PARAMETRIC_REPRESENTATION_CONTEXT() REPRESENTATION_CONTEXT('2D SPACE',''
  ) );
#4273 = FACE_BOUND('',#4274,.F.);
#4274 = EDGE_LOOP('',(#4275,#4276));
#4275 = ORIENTED_EDGE('',*,*,#4188,.T.);
#4276 = ORIENTED_EDGE('',*,*,#4131,.F.);
#4277 = ADVANCED_FACE('',(#4278),#4235,.T.);
#4278 = FACE_BOUND('',#4279,.T.);
#4279 = EDGE_LOOP('',(#4280,#4311,#4332,#4333,#4356,#4385));
#4280 = ORIENTED_EDGE('',*,*,#4281,.T.);
#4281 = EDGE_CURVE('',#4282,#4284,#4286,.T.);
#4282 = VERTEX_POINT('',#4283);
#4283 = CARTESIAN_POINT('',(2.2360679775,17.,2.));
#4284 = VERTEX_POINT('',#4285);
#4285 = CARTESIAN_POINT('',(0.,17.,3.));
#4286 = SURFACE_CURVE('',#4287,(#4292,#4299),.PCURVE_S1.);
#4287 = CIRCLE('',#4288,3.);
#4288 = AXIS2_PLACEMENT_3D('',#4289,#4290,#4291);
#4289 = CARTESIAN_POINT('',(0.,17.,0.));
#4290 = DIRECTION('',(0.,-1.,0.));
#4291 = DIRECTION('',(0.7453559925,0.,0.666666666667));
#4292 = PCURVE('',#4235,#4293);
#4293 = DEFINITIONAL_REPRESENTATION('',(#4294),#4298);
#4294 = LINE('',#4295,#4296);
#4295 = CARTESIAN_POINT('',(5.442116636612,13.625));
#4296 = VECTOR('',#4297,1.);
#4297 = DIRECTION('',(1.,0.));
#4298 = ( GEOMETRIC_REPRESENTATION_CONTEXT(2) 
PARAMETRIC_REPRESENTATION_CONTEXT() REPRESENTATION_CONTEXT('2D SPACE',''
  ) );
#4299 = PCURVE('',#4300,#4305);
#4300 = PLANE('',#4301);
#4301 = AXIS2_PLACEMENT_3D('',#4302,#4303,#4304);
#4302 = CARTESIAN_POINT('',(50.,17.,2.));
#4303 = DIRECTION('',(0.,-1.,0.));
#4304 = DIRECTION('',(0.,0.,1.));
#4305 = DEFINITIONAL_REPRESENTATION('',(#4306),#4310);
#4306 = CIRCLE('',#4307,3.);
#4307 = AXIS2_PLACEMENT_2D('',#4308,#4309);
#4308 = CARTESIAN_POINT('',(-2.,50.));
#4309 = DIRECTION('',(0.666666666667,-0.7453559925));
#4310 = ( GEOMETRIC_REPRESENTATION_CONTEXT(2) 
PARAMETRIC_REPRESENTATION_CONTEXT() REPRESENTATION_CONTEXT('2D SPACE',''
  ) );
#4311 = ORIENTED_EDGE('',*,*,#4312,.F.);
#4312 = EDGE_CURVE('',#4219,#4284,#4313,.T.);
#4313 = SURFACE_CURVE('',#4314,(#4318,#4325),.PCURVE_S1.);
#4314 = LINE('',#4315,#4316);
#4315 = CARTESIAN_POINT('',(0.,11.2,3.));
#4316 = VECTOR('',#4317,1.);
#4317 = DIRECTION('',(0.,1.,0.));
#4318 = PCURVE('',#4235,#4319);
#4319 = DEFINITIONAL_REPRESENTATION('',(#4320),#4324);
#4320 = LINE('',#4321,#4322);
#4321 = CARTESIAN_POINT('',(6.28318530718,19.425));
#4322 = VECTOR('',#4323,1.);
#4323 = DIRECTION('',(0.,-1.));
#4324 = ( GEOMETRIC_REPRESENTATION_CONTEXT(2) 
PARAMETRIC_REPRESENTATION_CONTEXT() REPRESENTATION_CONTEXT('2D SPACE',''
  ) );
#4325 = PCURVE('',#4262,#4326);
#4326 = DEFINITIONAL_REPRESENTATION('',(#4327),#4331);
#4327 = LINE('',#4328,#4329);
#4328 = CARTESIAN_POINT('',(0.,19.425));
#4329 = VECTOR('',#4330,1.);
#4330 = DIRECTION('',(0.,-1.));
#4331 = ( GEOMETRIC_REPRESENTATION_CONTEXT(2) 
PARAMETRIC_REPRESENTATION_CONTEXT() REPRESENTATION_CONTEXT('2D SPACE',''
  ) );
#4332 = ORIENTED_EDGE('',*,*,#4216,.F.);
#4333 = ORIENTED_EDGE('',*,*,#4334,.T.);
#4334 = EDGE_CURVE('',#4217,#4335,#4337,.T.);
#4335 = VERTEX_POINT('',#4336);
#4336 = CARTESIAN_POINT('',(-3.813137855334E-10,28.50000000035,
    -2.999999999651));
#4337 = SURFACE_CURVE('',#4338,(#4342,#4349),.PCURVE_S1.);
#4338 = LINE('',#4339,#4340);
#4339 = CARTESIAN_POINT('',(0.,11.2,-3.));
#4340 = VECTOR('',#4341,1.);
#4341 = DIRECTION('',(-2.204128051559E-11,1.,2.01873456932E-11));
#4342 = PCURVE('',#4235,#4343);
#4343 = DEFINITIONAL_REPRESENTATION('',(#4344),#4348);
#4344 = LINE('',#4345,#4346);
#4345 = CARTESIAN_POINT('',(3.14159265359,19.425));
#4346 = VECTOR('',#4347,1.);
#4347 = DIRECTION('',(-7.347083763321E-12,-1.));
#4348 = ( GEOMETRIC_REPRESENTATION_CONTEXT(2) 
PARAMETRIC_REPRESENTATION_CONTEXT() REPRESENTATION_CONTEXT('2D SPACE',''
  ) );
#4349 = PCURVE('',#4262,#4350);
#4350 = DEFINITIONAL_REPRESENTATION('',(#4351),#4355);
#4351 = LINE('',#4352,#4353);
#4352 = CARTESIAN_POINT('',(3.14159265359,19.425));
#4353 = VECTOR('',#4354,1.);
#4354 = DIRECTION('',(-7.347083763321E-12,-1.));
#4355 = ( GEOMETRIC_REPRESENTATION_CONTEXT(2) 
PARAMETRIC_REPRESENTATION_CONTEXT() REPRESENTATION_CONTEXT('2D SPACE',''
  ) );
#4356 = ORIENTED_EDGE('',*,*,#4357,.F.);
#4357 = EDGE_CURVE('',#4358,#4335,#4360,.T.);
#4358 = VERTEX_POINT('',#4359);
#4359 = CARTESIAN_POINT('',(2.2360679775,28.5,2.));
#4360 = SURFACE_CURVE('',#4361,(#4366,#4373),.PCURVE_S1.);
#4361 = CIRCLE('',#4362,3.);
#4362 = AXIS2_PLACEMENT_3D('',#4363,#4364,#4365);
#4363 = CARTESIAN_POINT('',(0.,28.5,0.));
#4364 = DIRECTION('',(-0.,1.,0.));
#4365 = DIRECTION('',(0.7453559925,0.,0.666666666667));
#4366 = PCURVE('',#4235,#4367);
#4367 = DEFINITIONAL_REPRESENTATION('',(#4368),#4372);
#4368 = LINE('',#4369,#4370);
#4369 = CARTESIAN_POINT('',(5.442116636612,2.125));
#4370 = VECTOR('',#4371,1.);
#4371 = DIRECTION('',(-1.,0.));
#4372 = ( GEOMETRIC_REPRESENTATION_CONTEXT(2) 
PARAMETRIC_REPRESENTATION_CONTEXT() REPRESENTATION_CONTEXT('2D SPACE',''
  ) );
#4373 = PCURVE('',#4374,#4379);
#4374 = CONICAL_SURFACE('',#4375,2.75000000005,0.785398163397);
#4375 = AXIS2_PLACEMENT_3D('',#4376,#4377,#4378);
#4376 = CARTESIAN_POINT('',(0.,28.74999999995,0.));
#4377 = DIRECTION('',(0.,-1.,0.));
#4378 = DIRECTION('',(0.,0.,-1.));
#4379 = DEFINITIONAL_REPRESENTATION('',(#4380),#4384);
#4380 = LINE('',#4381,#4382);
#4381 = CARTESIAN_POINT('',(2.300523983022,0.24999999995));
#4382 = VECTOR('',#4383,1.);
#4383 = DIRECTION('',(-1.,8.531167628937E-17));
#4384 = ( GEOMETRIC_REPRESENTATION_CONTEXT(2) 
PARAMETRIC_REPRESENTATION_CONTEXT() REPRESENTATION_CONTEXT('2D SPACE',''
  ) );
#4385 = ORIENTED_EDGE('',*,*,#4386,.T.);
#4386 = EDGE_CURVE('',#4358,#4282,#4387,.T.);
#4387 = SURFACE_CURVE('',#4388,(#4392,#4399),.PCURVE_S1.);
#4388 = LINE('',#4389,#4390);
#4389 = CARTESIAN_POINT('',(2.2360679775,28.5,2.));
#4390 = VECTOR('',#4391,1.);
#4391 = DIRECTION('',(0.,-1.,0.));
#4392 = PCURVE('',#4235,#4393);
#4393 = DEFINITIONAL_REPRESENTATION('',(#4394),#4398);
#4394 = LINE('',#4395,#4396);
#4395 = CARTESIAN_POINT('',(5.442116636612,2.125));
#4396 = VECTOR('',#4397,1.);
#4397 = DIRECTION('',(0.,1.));
#4398 = ( GEOMETRIC_REPRESENTATION_CONTEXT(2) 
PARAMETRIC_REPRESENTATION_CONTEXT() REPRESENTATION_CONTEXT('2D SPACE',''
  ) );
#4399 = PCURVE('',#4400,#4405);
#4400 = PLANE('',#4401);
#4401 = AXIS2_PLACEMENT_3D('',#4402,#4403,#4404);
#4402 = CARTESIAN_POINT('',(50.,29.,2.));
#4403 = DIRECTION('',(0.,0.,-1.));
#4404 = DIRECTION('',(0.,-1.,0.));
#4405 = DEFINITIONAL_REPRESENTATION('',(#4406),#4410);
#4406 = LINE('',#4407,#4408);
#4407 = CARTESIAN_POINT('',(0.5,47.7639320225));
#4408 = VECTOR('',#4409,1.);
#4409 = DIRECTION('',(1.,0.));
#4410 = ( GEOMETRIC_REPRESENTATION_CONTEXT(2) 
PARAMETRIC_REPRESENTATION_CONTEXT() REPRESENTATION_CONTEXT('2D SPACE',''
  ) );
#4411 = ADVANCED_FACE('',(#4412),#4262,.T.);
#4412 = FACE_BOUND('',#4413,.T.);
#4413 = EDGE_LOOP('',(#4414,#4438,#4439,#4440,#4441,#4465));
#4414 = ORIENTED_EDGE('',*,*,#4415,.F.);
#4415 = EDGE_CURVE('',#4335,#4416,#4418,.T.);
#4416 = VERTEX_POINT('',#4417);
#4417 = CARTESIAN_POINT('',(-2.2360679775,28.5,2.));
#4418 = SURFACE_CURVE('',#4419,(#4424,#4431),.PCURVE_S1.);
#4419 = CIRCLE('',#4420,3.);
#4420 = AXIS2_PLACEMENT_3D('',#4421,#4422,#4423);
#4421 = CARTESIAN_POINT('',(0.,28.5,0.));
#4422 = DIRECTION('',(0.,1.,0.));
#4423 = DIRECTION('',(0.,0.,-1.));
#4424 = PCURVE('',#4262,#4425);
#4425 = DEFINITIONAL_REPRESENTATION('',(#4426),#4430);
#4426 = LINE('',#4427,#4428);
#4427 = CARTESIAN_POINT('',(3.14159265359,2.125));
#4428 = VECTOR('',#4429,1.);
#4429 = DIRECTION('',(-1.,0.));
#4430 = ( GEOMETRIC_REPRESENTATION_CONTEXT(2) 
PARAMETRIC_REPRESENTATION_CONTEXT() REPRESENTATION_CONTEXT('2D SPACE',''
  ) );
#4431 = PCURVE('',#4374,#4432);
#4432 = DEFINITIONAL_REPRESENTATION('',(#4433),#4437);
#4433 = LINE('',#4434,#4435);
#4434 = CARTESIAN_POINT('',(0.,0.24999999995));
#4435 = VECTOR('',#4436,1.);
#4436 = DIRECTION('',(-1.,0.));
#4437 = ( GEOMETRIC_REPRESENTATION_CONTEXT(2) 
PARAMETRIC_REPRESENTATION_CONTEXT() REPRESENTATION_CONTEXT('2D SPACE',''
  ) );
#4438 = ORIENTED_EDGE('',*,*,#4334,.F.);
#4439 = ORIENTED_EDGE('',*,*,#4247,.F.);
#4440 = ORIENTED_EDGE('',*,*,#4312,.T.);
#4441 = ORIENTED_EDGE('',*,*,#4442,.T.);
#4442 = EDGE_CURVE('',#4284,#4443,#4445,.T.);
#4443 = VERTEX_POINT('',#4444);
#4444 = CARTESIAN_POINT('',(-2.2360679775,17.,2.));
#4445 = SURFACE_CURVE('',#4446,(#4451,#4458),.PCURVE_S1.);
#4446 = CIRCLE('',#4447,3.);
#4447 = AXIS2_PLACEMENT_3D('',#4448,#4449,#4450);
#4448 = CARTESIAN_POINT('',(0.,17.,0.));
#4449 = DIRECTION('',(0.,-1.,0.));
#4450 = DIRECTION('',(0.,0.,1.));
#4451 = PCURVE('',#4262,#4452);
#4452 = DEFINITIONAL_REPRESENTATION('',(#4453),#4457);
#4453 = LINE('',#4454,#4455);
#4454 = CARTESIAN_POINT('',(0.,13.625));
#4455 = VECTOR('',#4456,1.);
#4456 = DIRECTION('',(1.,0.));
#4457 = ( GEOMETRIC_REPRESENTATION_CONTEXT(2) 
PARAMETRIC_REPRESENTATION_CONTEXT() REPRESENTATION_CONTEXT('2D SPACE',''
  ) );
#4458 = PCURVE('',#4300,#4459);
#4459 = DEFINITIONAL_REPRESENTATION('',(#4460),#4464);
#4460 = CIRCLE('',#4461,3.);
#4461 = AXIS2_PLACEMENT_2D('',#4462,#4463);
#4462 = CARTESIAN_POINT('',(-2.,50.));
#4463 = DIRECTION('',(1.,0.));
#4464 = ( GEOMETRIC_REPRESENTATION_CONTEXT(2) 
PARAMETRIC_REPRESENTATION_CONTEXT() REPRESENTATION_CONTEXT('2D SPACE',''
  ) );
#4465 = ORIENTED_EDGE('',*,*,#4466,.F.);
#4466 = EDGE_CURVE('',#4416,#4443,#4467,.T.);
#4467 = SURFACE_CURVE('',#4468,(#4472,#4479),.PCURVE_S1.);
#4468 = LINE('',#4469,#4470);
#4469 = CARTESIAN_POINT('',(-2.2360679775,28.5,2.));
#4470 = VECTOR('',#4471,1.);
#4471 = DIRECTION('',(0.,-1.,0.));
#4472 = PCURVE('',#4262,#4473);
#4473 = DEFINITIONAL_REPRESENTATION('',(#4474),#4478);
#4474 = LINE('',#4475,#4476);
#4475 = CARTESIAN_POINT('',(0.841068670568,2.125));
#4476 = VECTOR('',#4477,1.);
#4477 = DIRECTION('',(0.,1.));
#4478 = ( GEOMETRIC_REPRESENTATION_CONTEXT(2) 
PARAMETRIC_REPRESENTATION_CONTEXT() REPRESENTATION_CONTEXT('2D SPACE',''
  ) );
#4479 = PCURVE('',#4400,#4480);
#4480 = DEFINITIONAL_REPRESENTATION('',(#4481),#4485);
#4481 = LINE('',#4482,#4483);
#4482 = CARTESIAN_POINT('',(0.5,52.2360679775));
#4483 = VECTOR('',#4484,1.);
#4484 = DIRECTION('',(1.,0.));
#4485 = ( GEOMETRIC_REPRESENTATION_CONTEXT(2) 
PARAMETRIC_REPRESENTATION_CONTEXT() REPRESENTATION_CONTEXT('2D SPACE',''
  ) );
#4486 = ADVANCED_FACE('',(#4487),#4300,.F.);
#4487 = FACE_BOUND('',#4488,.F.);
#4488 = EDGE_LOOP('',(#4489,#4490,#4491));
#4489 = ORIENTED_EDGE('',*,*,#4281,.T.);
#4490 = ORIENTED_EDGE('',*,*,#4442,.T.);
#4491 = ORIENTED_EDGE('',*,*,#4492,.F.);
#4492 = EDGE_CURVE('',#4282,#4443,#4493,.T.);
#4493 = SURFACE_CURVE('',#4494,(#4498,#4505),.PCURVE_S1.);
#4494 = LINE('',#4495,#4496);
#4495 = CARTESIAN_POINT('',(2.2360679775,17.,2.));
#4496 = VECTOR('',#4497,1.);
#4497 = DIRECTION('',(-1.,0.,0.));
#4498 = PCURVE('',#4300,#4499);
#4499 = DEFINITIONAL_REPRESENTATION('',(#4500),#4504);
#4500 = LINE('',#4501,#4502);
#4501 = CARTESIAN_POINT('',(0.,47.7639320225));
#4502 = VECTOR('',#4503,1.);
#4503 = DIRECTION('',(0.,1.));
#4504 = ( GEOMETRIC_REPRESENTATION_CONTEXT(2) 
PARAMETRIC_REPRESENTATION_CONTEXT() REPRESENTATION_CONTEXT('2D SPACE',''
  ) );
#4505 = PCURVE('',#4400,#4506);
#4506 = DEFINITIONAL_REPRESENTATION('',(#4507),#4511);
#4507 = LINE('',#4508,#4509);
#4508 = CARTESIAN_POINT('',(12.,47.7639320225));
#4509 = VECTOR('',#4510,1.);
#4510 = DIRECTION('',(0.,1.));
#4511 = ( GEOMETRIC_REPRESENTATION_CONTEXT(2) 
PARAMETRIC_REPRESENTATION_CONTEXT() REPRESENTATION_CONTEXT('2D SPACE',''
  ) );
#4512 = ADVANCED_FACE('',(#4513),#4374,.T.);
#4513 = FACE_BOUND('',#4514,.T.);
#4514 = EDGE_LOOP('',(#4515,#4566,#4599,#4648,#4649));
#4515 = ORIENTED_EDGE('',*,*,#4516,.F.);
#4516 = EDGE_CURVE('',#4517,#4416,#4519,.T.);
#4517 = VERTEX_POINT('',#4518);
#4518 = CARTESIAN_POINT('',(-1.5,29.,2.));
#4519 = SURFACE_CURVE('',#4520,(#4527,#4556),.PCURVE_S1.);
#4520 = B_SPLINE_CURVE_WITH_KNOTS('',3,(#4521,#4522,#4523,#4524,#4525,
    #4526),.UNSPECIFIED.,.F.,.F.,(4,1,1,4),(0.,0.333333333333,
    0.666666666667,1.),.UNSPECIFIED.);
#4521 = CARTESIAN_POINT('',(-1.5,29.,2.));
#4522 = CARTESIAN_POINT('',(-1.576376267863,28.95417423928,2.));
#4523 = CARTESIAN_POINT('',(-1.732657970039,28.85591679116,2.));
#4524 = CARTESIAN_POINT('',(-1.977631335513,28.68922636696,2.));
#4525 = CARTESIAN_POINT('',(-2.148634314752,28.56516920448,2.));
#4526 = CARTESIAN_POINT('',(-2.2360679775,28.5,2.));
#4527 = PCURVE('',#4374,#4528);
#4528 = DEFINITIONAL_REPRESENTATION('',(#4529),#4555);
#4529 = B_SPLINE_CURVE_WITH_KNOTS('',3,(#4530,#4531,#4532,#4533,#4534,
    #4535,#4536,#4537,#4538,#4539,#4540,#4541,#4542,#4543,#4544,#4545,
    #4546,#4547,#4548,#4549,#4550,#4551,#4552,#4553,#4554),
  .UNSPECIFIED.,.F.,.F.,(4,1,1,1,1,1,1,1,1,1,1,1,1,1,1,1,1,1,1,1,1,1,4),
  (0.,4.545454545455E-02,9.090909090909E-02,0.136363636364,
    0.181818181818,0.227272727273,0.272727272727,0.318181818182,
    0.363636363636,0.409090909091,0.454545454545,0.5,0.545454545455,
    0.590909090909,0.636363636364,0.681818181818,0.727272727273,
    0.772727272727,0.818181818182,0.863636363636,0.909090909091,
    0.954545454545,1.),.QUASI_UNIFORM_KNOTS.);
#4530 = CARTESIAN_POINT('',(-2.498091544797,-0.25000000005));
#4531 = CARTESIAN_POINT('',(-2.49475875282,-0.243751036277));
#4532 = CARTESIAN_POINT('',(-2.488122188006,-0.231130335857));
#4533 = CARTESIAN_POINT('',(-2.47825570751,-0.211832164836));
#4534 = CARTESIAN_POINT('',(-2.468478946627,-0.19216805494));
#4535 = CARTESIAN_POINT('',(-2.458793105731,-0.172139246189));
#4536 = CARTESIAN_POINT('',(-2.449199285616,-0.15174700901));
#4537 = CARTESIAN_POINT('',(-2.439698484405,-0.130992667315));
#4538 = CARTESIAN_POINT('',(-2.430291570669,-0.109877520352));
#4539 = CARTESIAN_POINT('',(-2.420979408755,-8.84031185112E-02));
#4540 = CARTESIAN_POINT('',(-2.411762184308,-6.65697455729E-02));
#4541 = CARTESIAN_POINT('',(-2.402639756057,-4.43770680047E-02));
#4542 = CARTESIAN_POINT('',(-2.393612002559,-2.182489099136E-02));
#4543 = CARTESIAN_POINT('',(-2.384678740311,1.087025372247E-03));
#4544 = CARTESIAN_POINT('',(-2.375839743578,2.43589299859E-02));
#4545 = CARTESIAN_POINT('',(-2.367094758502,4.799104382318E-02));
#4546 = CARTESIAN_POINT('',(-2.358443438271,7.198374605714E-02));
#4547 = CARTESIAN_POINT('',(-2.349885621282,9.633680806839E-02));
#4548 = CARTESIAN_POINT('',(-2.341421548749,0.12104868122));
#4549 = CARTESIAN_POINT('',(-2.333051308177,0.146118020231));
#4550 = CARTESIAN_POINT('',(-2.324774939462,0.17154340644));
#4551 = CARTESIAN_POINT('',(-2.316592408321,0.197323423623));
#4552 = CARTESIAN_POINT('',(-2.30850362403,0.223456640644));
#4553 = CARTESIAN_POINT('',(-2.303173483066,0.24111328949));
#4554 = CARTESIAN_POINT('',(-2.300523983022,0.24999999995));
#4555 = ( GEOMETRIC_REPRESENTATION_CONTEXT(2) 
PARAMETRIC_REPRESENTATION_CONTEXT() REPRESENTATION_CONTEXT('2D SPACE',''
  ) );
#4556 = PCURVE('',#4400,#4557);
#4557 = DEFINITIONAL_REPRESENTATION('',(#4558),#4565);
#4558 = B_SPLINE_CURVE_WITH_KNOTS('',3,(#4559,#4560,#4561,#4562,#4563,
    #4564),.UNSPECIFIED.,.F.,.F.,(4,1,1,4),(0.,0.333333333333,
    0.666666666667,1.),.UNSPECIFIED.);
#4559 = CARTESIAN_POINT('',(0.,51.5));
#4560 = CARTESIAN_POINT('',(4.582576072E-02,51.576376267863));
#4561 = CARTESIAN_POINT('',(0.14408320884,51.732657970039));
#4562 = CARTESIAN_POINT('',(0.31077363304,51.977631335513));
#4563 = CARTESIAN_POINT('',(0.43483079552,52.148634314752));
#4564 = CARTESIAN_POINT('',(0.5,52.2360679775));
#4565 = ( GEOMETRIC_REPRESENTATION_CONTEXT(2) 
PARAMETRIC_REPRESENTATION_CONTEXT() REPRESENTATION_CONTEXT('2D SPACE',''
  ) );
#4566 = ORIENTED_EDGE('',*,*,#4567,.F.);
#4567 = EDGE_CURVE('',#4568,#4517,#4570,.T.);
#4568 = VERTEX_POINT('',#4569);
#4569 = CARTESIAN_POINT('',(1.5,29.,2.));
#4570 = SURFACE_CURVE('',#4571,(#4576,#4583),.PCURVE_S1.);
#4571 = CIRCLE('',#4572,2.5);
#4572 = AXIS2_PLACEMENT_3D('',#4573,#4574,#4575);
#4573 = CARTESIAN_POINT('',(0.,29.,0.));
#4574 = DIRECTION('',(-0.,1.,0.));
#4575 = DIRECTION('',(0.6,0.,0.8));
#4576 = PCURVE('',#4374,#4577);
#4577 = DEFINITIONAL_REPRESENTATION('',(#4578),#4582);
#4578 = LINE('',#4579,#4580);
#4579 = CARTESIAN_POINT('',(2.498091544797,-0.25000000005));
#4580 = VECTOR('',#4581,1.);
#4581 = DIRECTION('',(-1.,0.));
#4582 = ( GEOMETRIC_REPRESENTATION_CONTEXT(2) 
PARAMETRIC_REPRESENTATION_CONTEXT() REPRESENTATION_CONTEXT('2D SPACE',''
  ) );
#4583 = PCURVE('',#4584,#4589);
#4584 = PLANE('',#4585);
#4585 = AXIS2_PLACEMENT_3D('',#4586,#4587,#4588);
#4586 = CARTESIAN_POINT('',(0.,29.,0.));
#4587 = DIRECTION('',(0.,-1.,0.));
#4588 = DIRECTION('',(0.,0.,1.));
#4589 = DEFINITIONAL_REPRESENTATION('',(#4590),#4598);
#4590 = ( BOUNDED_CURVE() B_SPLINE_CURVE(2,(#4591,#4592,#4593,#4594,
#4595,#4596,#4597),.UNSPECIFIED.,.T.,.F.) B_SPLINE_CURVE_WITH_KNOTS((1,2
    ,2,2,2,1),(-2.094395102393,0.,2.094395102393,4.188790204786,
6.28318530718,8.377580409573),.UNSPECIFIED.) CURVE() 
GEOMETRIC_REPRESENTATION_ITEM() RATIONAL_B_SPLINE_CURVE((1.,0.5,1.,0.5,
1.,0.5,1.)) REPRESENTATION_ITEM('') );
#4591 = CARTESIAN_POINT('',(2.,-1.5));
#4592 = CARTESIAN_POINT('',(-0.598076211353,-4.964101615138));
#4593 = CARTESIAN_POINT('',(-2.299038105677,-0.982050807569));
#4594 = CARTESIAN_POINT('',(-4.,3.));
#4595 = CARTESIAN_POINT('',(0.299038105677,2.482050807569));
#4596 = CARTESIAN_POINT('',(4.598076211353,1.964101615138));
#4597 = CARTESIAN_POINT('',(2.,-1.5));
#4598 = ( GEOMETRIC_REPRESENTATION_CONTEXT(2) 
PARAMETRIC_REPRESENTATION_CONTEXT() REPRESENTATION_CONTEXT('2D SPACE',''
  ) );
#4599 = ORIENTED_EDGE('',*,*,#4600,.F.);
#4600 = EDGE_CURVE('',#4358,#4568,#4601,.T.);
#4601 = SURFACE_CURVE('',#4602,(#4609,#4638),.PCURVE_S1.);
#4602 = B_SPLINE_CURVE_WITH_KNOTS('',3,(#4603,#4604,#4605,#4606,#4607,
    #4608),.UNSPECIFIED.,.F.,.F.,(4,1,1,4),(0.,0.333333333333,
    0.666666666667,1.),.UNSPECIFIED.);
#4603 = CARTESIAN_POINT('',(2.2360679775,28.5,2.));
#4604 = CARTESIAN_POINT('',(2.148740805077,28.56508983127,2.));
#4605 = CARTESIAN_POINT('',(1.977883606263,28.68904734701,2.));
#4606 = CARTESIAN_POINT('',(1.732873777429,28.85577709383,2.));
#4607 = CARTESIAN_POINT('',(1.576470480403,28.95411771176,2.));
#4608 = CARTESIAN_POINT('',(1.5,29.,2.));
#4609 = PCURVE('',#4374,#4610);
#4610 = DEFINITIONAL_REPRESENTATION('',(#4611),#4637);
#4611 = B_SPLINE_CURVE_WITH_KNOTS('',3,(#4612,#4613,#4614,#4615,#4616,
    #4617,#4618,#4619,#4620,#4621,#4622,#4623,#4624,#4625,#4626,#4627,
    #4628,#4629,#4630,#4631,#4632,#4633,#4634,#4635,#4636),
  .UNSPECIFIED.,.F.,.F.,(4,1,1,1,1,1,1,1,1,1,1,1,1,1,1,1,1,1,1,1,1,1,4),
  (0.,4.545454545455E-02,9.090909090909E-02,0.136363636364,
    0.181818181818,0.227272727273,0.272727272727,0.318181818182,
    0.363636363636,0.409090909091,0.454545454545,0.5,0.545454545455,
    0.590909090909,0.636363636364,0.681818181818,0.727272727273,
    0.772727272727,0.818181818182,0.863636363636,0.909090909091,
    0.954545454545,1.),.QUASI_UNIFORM_KNOTS.);
#4612 = CARTESIAN_POINT('',(2.300523983022,0.24999999995));
#4613 = CARTESIAN_POINT('',(2.303170256381,0.241124113332));
#4614 = CARTESIAN_POINT('',(2.308494105906,0.22348801925));
#4615 = CARTESIAN_POINT('',(2.316574012011,0.197382317286));
#4616 = CARTESIAN_POINT('',(2.3247482957,0.171626458715));
#4617 = CARTESIAN_POINT('',(2.333017124431,0.146221838864));
#4618 = CARTESIAN_POINT('',(2.341380612223,0.121169841497));
#4619 = CARTESIAN_POINT('',(2.349838803727,9.647185305569E-02));
#4620 = CARTESIAN_POINT('',(2.358391695824,7.212920013325E-02));
#4621 = CARTESIAN_POINT('',(2.367039149784,4.814337680867E-02));
#4622 = CARTESIAN_POINT('',(2.375781348637,2.451479215598E-02));
#4623 = CARTESIAN_POINT('',(2.384618617623,1.243355559243E-03));
#4624 = CARTESIAN_POINT('',(2.393551194852,-2.16708937988E-02));
#4625 = CARTESIAN_POINT('',(2.402579284105,-4.422794011563E-02));
#4626 = CARTESIAN_POINT('',(2.41170304281,-6.642776095131E-02));
#4627 = CARTESIAN_POINT('',(2.420922564851,-8.827029733428E-02));
#4628 = CARTESIAN_POINT('',(2.430237948803,-0.10975560676));
#4629 = CARTESIAN_POINT('',(2.439649006566,-0.130883235191));
#4630 = CARTESIAN_POINT('',(2.449154967775,-0.151651678035));
#4631 = CARTESIAN_POINT('',(2.458755045087,-0.172059641666));
#4632 = CARTESIAN_POINT('',(2.468448328725,-0.192105814496));
#4633 = CARTESIAN_POINT('',(2.478233808038,-0.211788932334));
#4634 = CARTESIAN_POINT('',(2.488110375615,-0.23110775905));
#4635 = CARTESIAN_POINT('',(2.494754641944,-0.243743327683));
#4636 = CARTESIAN_POINT('',(2.498091544797,-0.25000000005));
#4637 = ( GEOMETRIC_REPRESENTATION_CONTEXT(2) 
PARAMETRIC_REPRESENTATION_CONTEXT() REPRESENTATION_CONTEXT('2D SPACE',''
  ) );
#4638 = PCURVE('',#4400,#4639);
#4639 = DEFINITIONAL_REPRESENTATION('',(#4640),#4647);
#4640 = B_SPLINE_CURVE_WITH_KNOTS('',3,(#4641,#4642,#4643,#4644,#4645,
    #4646),.UNSPECIFIED.,.F.,.F.,(4,1,1,4),(0.,0.333333333333,
    0.666666666667,1.),.UNSPECIFIED.);
#4641 = CARTESIAN_POINT('',(0.5,47.7639320225));
#4642 = CARTESIAN_POINT('',(0.43491016873,47.851259194923));
#4643 = CARTESIAN_POINT('',(0.31095265299,48.022116393737));
#4644 = CARTESIAN_POINT('',(0.14422290617,48.267126222571));
#4645 = CARTESIAN_POINT('',(4.588228824E-02,48.423529519597));
#4646 = CARTESIAN_POINT('',(0.,48.5));
#4647 = ( GEOMETRIC_REPRESENTATION_CONTEXT(2) 
PARAMETRIC_REPRESENTATION_CONTEXT() REPRESENTATION_CONTEXT('2D SPACE',''
  ) );
#4648 = ORIENTED_EDGE('',*,*,#4357,.T.);
#4649 = ORIENTED_EDGE('',*,*,#4415,.T.);
#4650 = ADVANCED_FACE('',(#4651),#4400,.F.);
#4651 = FACE_BOUND('',#4652,.F.);
#4652 = EDGE_LOOP('',(#4653,#4654,#4655,#4656,#4657,#4678));
#4653 = ORIENTED_EDGE('',*,*,#4386,.T.);
#4654 = ORIENTED_EDGE('',*,*,#4492,.T.);
#4655 = ORIENTED_EDGE('',*,*,#4466,.F.);
#4656 = ORIENTED_EDGE('',*,*,#4516,.F.);
#4657 = ORIENTED_EDGE('',*,*,#4658,.F.);
#4658 = EDGE_CURVE('',#4568,#4517,#4659,.T.);
#4659 = SURFACE_CURVE('',#4660,(#4664,#4671),.PCURVE_S1.);
#4660 = LINE('',#4661,#4662);
#4661 = CARTESIAN_POINT('',(1.5,29.,2.));
#4662 = VECTOR('',#4663,1.);
#4663 = DIRECTION('',(-1.,0.,0.));
#4664 = PCURVE('',#4400,#4665);
#4665 = DEFINITIONAL_REPRESENTATION('',(#4666),#4670);
#4666 = LINE('',#4667,#4668);
#4667 = CARTESIAN_POINT('',(0.,48.5));
#4668 = VECTOR('',#4669,1.);
#4669 = DIRECTION('',(0.,1.));
#4670 = ( GEOMETRIC_REPRESENTATION_CONTEXT(2) 
PARAMETRIC_REPRESENTATION_CONTEXT() REPRESENTATION_CONTEXT('2D SPACE',''
  ) );
#4671 = PCURVE('',#4584,#4672);
#4672 = DEFINITIONAL_REPRESENTATION('',(#4673),#4677);
#4673 = LINE('',#4674,#4675);
#4674 = CARTESIAN_POINT('',(2.,-1.5));
#4675 = VECTOR('',#4676,1.);
#4676 = DIRECTION('',(0.,1.));
#4677 = ( GEOMETRIC_REPRESENTATION_CONTEXT(2) 
PARAMETRIC_REPRESENTATION_CONTEXT() REPRESENTATION_CONTEXT('2D SPACE',''
  ) );
#4678 = ORIENTED_EDGE('',*,*,#4600,.F.);
#4679 = ADVANCED_FACE('',(#4680),#4584,.F.);
#4680 = FACE_BOUND('',#4681,.F.);
#4681 = EDGE_LOOP('',(#4682,#4683));
#4682 = ORIENTED_EDGE('',*,*,#4658,.T.);
#4683 = ORIENTED_EDGE('',*,*,#4567,.F.);
#4684 = ( GEOMETRIC_REPRESENTATION_CONTEXT(3) 
GLOBAL_UNCERTAINTY_ASSIGNED_CONTEXT((#4688)) 
GLOBAL_UNIT_ASSIGNED_CONTEXT((#4685,#4686,#4687)) REPRESENTATION_CONTEXT
('Context #1','3D Context with UNIT and UNCERTAINTY') );
#4685 = ( LENGTH_UNIT() NAMED_UNIT(*) SI_UNIT(.MILLI.,.METRE.) );
#4686 = ( NAMED_UNIT(*) PLANE_ANGLE_UNIT() SI_UNIT($,.RADIAN.) );
#4687 = ( NAMED_UNIT(*) SI_UNIT($,.STERADIAN.) SOLID_ANGLE_UNIT() );
#4688 = UNCERTAINTY_MEASURE_WITH_UNIT(LENGTH_MEASURE(5.E-07),#4685,
  'distance_accuracy_value','confusion accuracy');
#4689 = PRODUCT_RELATED_PRODUCT_CATEGORY('part',$,(#7));
ENDSEC;
END-ISO-10303-21;