ISO-10303-21;
HEADER;
FILE_DESCRIPTION(('Open CASCADE Model'),'2;1');
FILE_NAME('Open CASCADE Shape Model','2026-10-07T23:55:21',('Author'),(
    'Open CASCADE'),'Open CASCADE STEP processor 7.9','Open CASCADE 7.9'
  ,'Unknown');
FILE_SCHEMA(('AUTOMOTIVE_DESIGN { 1 0 10303 214 1 1 1 1 }'));
ENDSEC;
DATA;
#1 = APPLICATION_PROTOCOL_DEFINITION('international standard',
  'automotive_design',2000,#2);
#2 = APPLICATION_CONTEXT(
  'core data for automotive mechanical design processes');
#3 = SHAPE_DEFINITION_REPRESENTATION(#4,#10);
#4 = PRODUCT_DEFINITION_SHAPE('','',#5);
#5 = PRODUCT_DEFINITION('design','',#6,#9);
#6 = PRODUCT_DEFINITION_FORMATION('','',#7);
#7 = PRODUCT('Open CASCADE STEP translator 7.9 1',
  'Open CASCADE STEP translator 7.9 1','',(#8));
#8 = PRODUCT_CONTEXT('',#2,'mechanical');
#9 = PRODUCT_DEFINITION_CONTEXT('part definition',#2,'design');
#10 = ADVANCED_BREP_SHAPE_REPRESENTATION('',(#11,#15),#5537);
#11 = AXIS2_PLACEMENT_3D('',#12,#13,#14);
#12 = CARTESIAN_POINT('',(0.,0.,0.));
#13 = DIRECTION('',(0.,0.,1.));
#14 = DIRECTION('',(1.,0.,-0.));
#15 = MANIFOLD_SOLID_BREP('',#16);
#16 = CLOSED_SHELL('',(#17,#192,#275,#308,#391,#452,#480,#557,#590,#690,
    #723,#800,#828,#909,#941,#1126,#1435,#1512,#1545,#1622,#1655,#1732,
    #1765,#1842,#1875,#1952,#1985,#2062,#2095,#2172,#2205,#2282,#2315,
    #2392,#2420,#2497,#2530,#2607,#2640,#2717,#2745,#2822,#2850,#2927,
    #2955,#3032,#3060,#3141,#3173,#3178,#3255,#3288,#3365,#3398,#3403,
    #3408,#3413,#3418,#3483,#3564,#3596,#3677,#3709,#3786,#3819,#3884,
    #3949,#4026,#4054,#4131,#4159,#4236,#4264,#4337,#4342,#4347,#4424,
    #4452,#4521,#4602,#4630,#4695,#5176,#5209,#5290,#5366,#5416,#5465,
    #5493,#5525,#5530));
#17 = ADVANCED_FACE('',(#18),#33,.T.);
#18 = FACE_BOUND('',#19,.T.);
#19 = EDGE_LOOP('',(#20,#56,#79,#108,#137,#164,#165));
#20 = ORIENTED_EDGE('',*,*,#21,.T.);
#21 = EDGE_CURVE('',#22,#24,#26,.T.);
#22 = VERTEX_POINT('',#23);
#23 = CARTESIAN_POINT('',(-7.540087859597E-10,-49.48,-17.99999999996));
#24 = VERTEX_POINT('',#25);
#25 = CARTESIAN_POINT('',(7.540082055698E-10,-49.48,17.999999999967));
#26 = SURFACE_CURVE('',#27,(#32,#44),.PCURVE_S1.);
#27 = CIRCLE('',#28,18.);
#28 = AXIS2_PLACEMENT_3D('',#29,#30,#31);
#29 = CARTESIAN_POINT('',(0.,-49.48,0.));
#30 = DIRECTION('',(0.,1.,0.));
#31 = DIRECTION('',(0.,-0.,1.));
#32 = PCURVE('',#33,#38);
#33 = CYLINDRICAL_SURFACE('',#34,18.);
#34 = AXIS2_PLACEMENT_3D('',#35,#36,#37);
#35 = CARTESIAN_POINT('',(0.,-49.5,0.));
#36 = DIRECTION('',(0.,1.,0.));
#37 = DIRECTION('',(0.,-0.,1.));
#38 = DEFINITIONAL_REPRESENTATION('',(#39),#43);
#39 = LINE('',#40,#41);
#40 = CARTESIAN_POINT('',(0.,2.E-02));
#41 = VECTOR('',#42,1.);
#42 = DIRECTION('',(1.,0.));
#43 = ( GEOMETRIC_REPRESENTATION_CONTEXT(2) 
PARAMETRIC_REPRESENTATION_CONTEXT() REPRESENTATION_CONTEXT('2D SPACE',''
  ) );
#44 = PCURVE('',#45,#50);
#45 = CYLINDRICAL_SURFACE('',#46,18.);
#46 = AXIS2_PLACEMENT_3D('',#47,#48,#49);
#47 = CARTESIAN_POINT('',(0.,-49.5,0.));
#48 = DIRECTION('',(0.,1.,0.));
#49 = DIRECTION('',(0.,-0.,1.));
#50 = DEFINITIONAL_REPRESENTATION('',(#51),#55);
#51 = LINE('',#52,#53);
#52 = CARTESIAN_POINT('',(0.,2.E-02));
#53 = VECTOR('',#54,1.);
#54 = DIRECTION('',(1.,0.));
#55 = ( GEOMETRIC_REPRESENTATION_CONTEXT(2) 
PARAMETRIC_REPRESENTATION_CONTEXT() REPRESENTATION_CONTEXT('2D SPACE',''
  ) );
#56 = ORIENTED_EDGE('',*,*,#57,.T.);
#57 = EDGE_CURVE('',#24,#58,#60,.T.);
#58 = VERTEX_POINT('',#59);
#59 = CARTESIAN_POINT('',(3.271867458097E-13,7.98,18.));
#60 = SEAM_CURVE('',#61,(#65,#72),.PCURVE_S1.);
#61 = LINE('',#62,#63);
#62 = CARTESIAN_POINT('',(-4.40872847693E-15,-49.5,18.));
#63 = VECTOR('',#64,1.);
#64 = DIRECTION('',(0.,1.,0.));
#65 = PCURVE('',#33,#66);
#66 = DEFINITIONAL_REPRESENTATION('',(#67),#71);
#67 = LINE('',#68,#69);
#68 = CARTESIAN_POINT('',(0.,-0.));
#69 = VECTOR('',#70,1.);
#70 = DIRECTION('',(0.,1.));
#71 = ( GEOMETRIC_REPRESENTATION_CONTEXT(2) 
PARAMETRIC_REPRESENTATION_CONTEXT() REPRESENTATION_CONTEXT('2D SPACE',''
  ) );
#72 = PCURVE('',#33,#73);
#73 = DEFINITIONAL_REPRESENTATION('',(#74),#78);
#74 = LINE('',#75,#76);
#75 = CARTESIAN_POINT('',(6.28318530718,-0.));
#76 = VECTOR('',#77,1.);
#77 = DIRECTION('',(0.,1.));
#78 = ( GEOMETRIC_REPRESENTATION_CONTEXT(2) 
PARAMETRIC_REPRESENTATION_CONTEXT() REPRESENTATION_CONTEXT('2D SPACE',''
  ) );
#79 = ORIENTED_EDGE('',*,*,#80,.T.);
#80 = EDGE_CURVE('',#58,#81,#83,.T.);
#81 = VERTEX_POINT('',#82);
#82 = CARTESIAN_POINT('',(-17.99999999996,7.98,-1.023474459027E-09));
#83 = SURFACE_CURVE('',#84,(#89,#96),.PCURVE_S1.);
#84 = CIRCLE('',#85,18.);
#85 = AXIS2_PLACEMENT_3D('',#86,#87,#88);
#86 = CARTESIAN_POINT('',(0.,7.98,0.));
#87 = DIRECTION('',(0.,-1.,0.));
#88 = DIRECTION('',(-1.,0.,0.));
#89 = PCURVE('',#33,#90);
#90 = DEFINITIONAL_REPRESENTATION('',(#91),#95);
#91 = LINE('',#92,#93);
#92 = CARTESIAN_POINT('',(10.995574287564,57.48));
#93 = VECTOR('',#94,1.);
#94 = DIRECTION('',(-1.,0.));
#95 = ( GEOMETRIC_REPRESENTATION_CONTEXT(2) 
PARAMETRIC_REPRESENTATION_CONTEXT() REPRESENTATION_CONTEXT('2D SPACE',''
  ) );
#96 = PCURVE('',#97,#102);
#97 = CYLINDRICAL_SURFACE('',#98,18.);
#98 = AXIS2_PLACEMENT_3D('',#99,#100,#101);
#99 = CARTESIAN_POINT('',(0.,-49.5,0.));
#100 = DIRECTION('',(0.,1.,0.));
#101 = DIRECTION('',(0.,-0.,1.));
#102 = DEFINITIONAL_REPRESENTATION('',(#103),#107);
#103 = LINE('',#104,#105);
#104 = CARTESIAN_POINT('',(10.995574287564,57.48));
#105 = VECTOR('',#106,1.);
#106 = DIRECTION('',(-1.,0.));
#107 = ( GEOMETRIC_REPRESENTATION_CONTEXT(2) 
PARAMETRIC_REPRESENTATION_CONTEXT() REPRESENTATION_CONTEXT('2D SPACE',''
  ) );
#108 = ORIENTED_EDGE('',*,*,#109,.T.);
#109 = EDGE_CURVE('',#81,#110,#112,.T.);
#110 = VERTEX_POINT('',#111);
#111 = CARTESIAN_POINT('',(17.999999999961,7.98,1.023471658092E-09));
#112 = SURFACE_CURVE('',#113,(#118,#125),.PCURVE_S1.);
#113 = CIRCLE('',#114,18.);
#114 = AXIS2_PLACEMENT_3D('',#115,#116,#117);
#115 = CARTESIAN_POINT('',(0.,7.98,0.));
#116 = DIRECTION('',(0.,-1.,0.));
#117 = DIRECTION('',(-1.,0.,0.));
#118 = PCURVE('',#33,#119);
#119 = DEFINITIONAL_REPRESENTATION('',(#120),#124);
#120 = LINE('',#121,#122);
#121 = CARTESIAN_POINT('',(4.712388980385,57.48));
#122 = VECTOR('',#123,1.);
#123 = DIRECTION('',(-1.,0.));
#124 = ( GEOMETRIC_REPRESENTATION_CONTEXT(2) 
PARAMETRIC_REPRESENTATION_CONTEXT() REPRESENTATION_CONTEXT('2D SPACE',''
  ) );
#125 = PCURVE('',#126,#131);
#126 = CYLINDRICAL_SURFACE('',#127,18.);
#127 = AXIS2_PLACEMENT_3D('',#128,#129,#130);
#128 = CARTESIAN_POINT('',(0.,-49.5,0.));
#129 = DIRECTION('',(0.,1.,0.));
#130 = DIRECTION('',(0.,-0.,1.));
#131 = DEFINITIONAL_REPRESENTATION('',(#132),#136);
#132 = LINE('',#133,#134);
#133 = CARTESIAN_POINT('',(4.712388980385,57.48));
#134 = VECTOR('',#135,1.);
#135 = DIRECTION('',(-1.,0.));
#136 = ( GEOMETRIC_REPRESENTATION_CONTEXT(2) 
PARAMETRIC_REPRESENTATION_CONTEXT() REPRESENTATION_CONTEXT('2D SPACE',''
  ) );
#137 = ORIENTED_EDGE('',*,*,#138,.T.);
#138 = EDGE_CURVE('',#110,#58,#139,.T.);
#139 = SURFACE_CURVE('',#140,(#145,#152),.PCURVE_S1.);
#140 = CIRCLE('',#141,18.);
#141 = AXIS2_PLACEMENT_3D('',#142,#143,#144);
#142 = CARTESIAN_POINT('',(0.,7.98,0.));
#143 = DIRECTION('',(0.,-1.,0.));
#144 = DIRECTION('',(-1.,0.,0.));
#145 = PCURVE('',#33,#146);
#146 = DEFINITIONAL_REPRESENTATION('',(#147),#151);
#147 = LINE('',#148,#149);
#148 = CARTESIAN_POINT('',(4.712388980385,57.48));
#149 = VECTOR('',#150,1.);
#150 = DIRECTION('',(-1.,0.));
#151 = ( GEOMETRIC_REPRESENTATION_CONTEXT(2) 
PARAMETRIC_REPRESENTATION_CONTEXT() REPRESENTATION_CONTEXT('2D SPACE',''
  ) );
#152 = PCURVE('',#153,#158);
#153 = CYLINDRICAL_SURFACE('',#154,18.);
#154 = AXIS2_PLACEMENT_3D('',#155,#156,#157);
#155 = CARTESIAN_POINT('',(0.,-49.5,0.));
#156 = DIRECTION('',(0.,1.,0.));
#157 = DIRECTION('',(0.,-0.,1.));
#158 = DEFINITIONAL_REPRESENTATION('',(#159),#163);
#159 = LINE('',#160,#161);
#160 = CARTESIAN_POINT('',(4.712388980385,57.48));
#161 = VECTOR('',#162,1.);
#162 = DIRECTION('',(-1.,0.));
#163 = ( GEOMETRIC_REPRESENTATION_CONTEXT(2) 
PARAMETRIC_REPRESENTATION_CONTEXT() REPRESENTATION_CONTEXT('2D SPACE',''
  ) );
#164 = ORIENTED_EDGE('',*,*,#57,.F.);
#165 = ORIENTED_EDGE('',*,*,#166,.T.);
#166 = EDGE_CURVE('',#24,#22,#167,.T.);
#167 = SURFACE_CURVE('',#168,(#173,#180),.PCURVE_S1.);
#168 = CIRCLE('',#169,18.);
#169 = AXIS2_PLACEMENT_3D('',#170,#171,#172);
#170 = CARTESIAN_POINT('',(0.,-49.48,0.));
#171 = DIRECTION('',(0.,1.,0.));
#172 = DIRECTION('',(0.,-0.,1.));
#173 = PCURVE('',#33,#174);
#174 = DEFINITIONAL_REPRESENTATION('',(#175),#179);
#175 = LINE('',#176,#177);
#176 = CARTESIAN_POINT('',(0.,2.E-02));
#177 = VECTOR('',#178,1.);
#178 = DIRECTION('',(1.,0.));
#179 = ( GEOMETRIC_REPRESENTATION_CONTEXT(2) 
PARAMETRIC_REPRESENTATION_CONTEXT() REPRESENTATION_CONTEXT('2D SPACE',''
  ) );
#180 = PCURVE('',#181,#186);
#181 = CYLINDRICAL_SURFACE('',#182,18.);
#182 = AXIS2_PLACEMENT_3D('',#183,#184,#185);
#183 = CARTESIAN_POINT('',(0.,-49.5,0.));
#184 = DIRECTION('',(0.,1.,0.));
#185 = DIRECTION('',(0.,-0.,1.));
#186 = DEFINITIONAL_REPRESENTATION('',(#187),#191);
#187 = LINE('',#188,#189);
#188 = CARTESIAN_POINT('',(0.,2.E-02));
#189 = VECTOR('',#190,1.);
#190 = DIRECTION('',(1.,0.));
#191 = ( GEOMETRIC_REPRESENTATION_CONTEXT(2) 
PARAMETRIC_REPRESENTATION_CONTEXT() REPRESENTATION_CONTEXT('2D SPACE',''
  ) );
#192 = ADVANCED_FACE('',(#193),#45,.T.);
#193 = FACE_BOUND('',#194,.T.);
#194 = EDGE_LOOP('',(#195,#218,#219,#248));
#195 = ORIENTED_EDGE('',*,*,#196,.T.);
#196 = EDGE_CURVE('',#197,#24,#199,.T.);
#197 = VERTEX_POINT('',#198);
#198 = CARTESIAN_POINT('',(-4.40872847693E-15,-49.5,18.));
#199 = SURFACE_CURVE('',#200,(#204,#211),.PCURVE_S1.);
#200 = LINE('',#201,#202);
#201 = CARTESIAN_POINT('',(-4.40872847693E-15,-49.5,18.));
#202 = VECTOR('',#203,1.);
#203 = DIRECTION('',(0.,1.,0.));
#204 = PCURVE('',#45,#205);
#205 = DEFINITIONAL_REPRESENTATION('',(#206),#210);
#206 = LINE('',#207,#208);
#207 = CARTESIAN_POINT('',(6.28318530718,-0.));
#208 = VECTOR('',#209,1.);
#209 = DIRECTION('',(0.,1.));
#210 = ( GEOMETRIC_REPRESENTATION_CONTEXT(2) 
PARAMETRIC_REPRESENTATION_CONTEXT() REPRESENTATION_CONTEXT('2D SPACE',''
  ) );
#211 = PCURVE('',#181,#212);
#212 = DEFINITIONAL_REPRESENTATION('',(#213),#217);
#213 = LINE('',#214,#215);
#214 = CARTESIAN_POINT('',(0.,-0.));
#215 = VECTOR('',#216,1.);
#216 = DIRECTION('',(0.,1.));
#217 = ( GEOMETRIC_REPRESENTATION_CONTEXT(2) 
PARAMETRIC_REPRESENTATION_CONTEXT() REPRESENTATION_CONTEXT('2D SPACE',''
  ) );
#218 = ORIENTED_EDGE('',*,*,#21,.F.);
#219 = ORIENTED_EDGE('',*,*,#220,.F.);
#220 = EDGE_CURVE('',#221,#22,#223,.T.);
#221 = VERTEX_POINT('',#222);
#222 = CARTESIAN_POINT('',(-7.386831229563E-10,-49.5,-17.99999999998));
#223 = SURFACE_CURVE('',#224,(#228,#238),.PCURVE_S1.);
#224 = LINE('',#225,#226);
#225 = CARTESIAN_POINT('',(4.353296384336E-10,-51.00000000003,
    -17.99999999997));
#226 = VECTOR('',#227,1.);
#227 = DIRECTION('',(-7.824594897165E-10,1.,4.510762134071E-12));
#228 = PCURVE('',#45,#229);
#229 = DEFINITIONAL_REPRESENTATION('',(#230),#237);
#230 = B_SPLINE_CURVE_WITH_KNOTS('',5,(#231,#232,#233,#234,#235,#236),
  .UNSPECIFIED.,.F.,.F.,(6,6),(1.500000000031,1.520000000031),
  .PIECEWISE_BEZIER_KNOTS.);
#231 = CARTESIAN_POINT('',(3.141592653631,0.));
#232 = CARTESIAN_POINT('',(3.141592653631,3.999999999999E-03));
#233 = CARTESIAN_POINT('',(3.141592653631,7.999999999994E-03));
#234 = CARTESIAN_POINT('',(3.141592653631,1.2E-02));
#235 = CARTESIAN_POINT('',(3.141592653632,1.6E-02));
#236 = CARTESIAN_POINT('',(3.141592653632,2.E-02));
#237 = ( GEOMETRIC_REPRESENTATION_CONTEXT(2) 
PARAMETRIC_REPRESENTATION_CONTEXT() REPRESENTATION_CONTEXT('2D SPACE',''
  ) );
#238 = PCURVE('',#181,#239);
#239 = DEFINITIONAL_REPRESENTATION('',(#240),#247);
#240 = B_SPLINE_CURVE_WITH_KNOTS('',5,(#241,#242,#243,#244,#245,#246),
  .UNSPECIFIED.,.F.,.F.,(6,6),(1.500000000031,1.520000000031),
  .PIECEWISE_BEZIER_KNOTS.);
#241 = CARTESIAN_POINT('',(3.141592653631,0.));
#242 = CARTESIAN_POINT('',(3.141592653631,3.999999999999E-03));
#243 = CARTESIAN_POINT('',(3.141592653631,7.999999999994E-03));
#244 = CARTESIAN_POINT('',(3.141592653631,1.2E-02));
#245 = CARTESIAN_POINT('',(3.141592653632,1.6E-02));
#246 = CARTESIAN_POINT('',(3.141592653632,2.E-02));
#247 = ( GEOMETRIC_REPRESENTATION_CONTEXT(2) 
PARAMETRIC_REPRESENTATION_CONTEXT() REPRESENTATION_CONTEXT('2D SPACE',''
  ) );
#248 = ORIENTED_EDGE('',*,*,#249,.T.);
#249 = EDGE_CURVE('',#221,#197,#250,.T.);
#250 = SURFACE_CURVE('',#251,(#256,#263),.PCURVE_S1.);
#251 = CIRCLE('',#252,18.);
#252 = AXIS2_PLACEMENT_3D('',#253,#254,#255);
#253 = CARTESIAN_POINT('',(0.,-49.5,0.));
#254 = DIRECTION('',(0.,1.,0.));
#255 = DIRECTION('',(0.,-0.,1.));
#256 = PCURVE('',#45,#257);
#257 = DEFINITIONAL_REPRESENTATION('',(#258),#262);
#258 = LINE('',#259,#260);
#259 = CARTESIAN_POINT('',(0.,0.));
#260 = VECTOR('',#261,1.);
#261 = DIRECTION('',(1.,0.));
#262 = ( GEOMETRIC_REPRESENTATION_CONTEXT(2) 
PARAMETRIC_REPRESENTATION_CONTEXT() REPRESENTATION_CONTEXT('2D SPACE',''
  ) );
#263 = PCURVE('',#264,#269);
#264 = CYLINDRICAL_SURFACE('',#265,18.);
#265 = AXIS2_PLACEMENT_3D('',#266,#267,#268);
#266 = CARTESIAN_POINT('',(0.,-51.985,0.));
#267 = DIRECTION('',(0.,1.,0.));
#268 = DIRECTION('',(0.,0.,1.));
#269 = DEFINITIONAL_REPRESENTATION('',(#270),#274);
#270 = LINE('',#271,#272);
#271 = CARTESIAN_POINT('',(0.,2.485));
#272 = VECTOR('',#273,1.);
#273 = DIRECTION('',(1.,0.));
#274 = ( GEOMETRIC_REPRESENTATION_CONTEXT(2) 
PARAMETRIC_REPRESENTATION_CONTEXT() REPRESENTATION_CONTEXT('2D SPACE',''
  ) );
#275 = ADVANCED_FACE('',(#276),#181,.T.);
#276 = FACE_BOUND('',#277,.T.);
#277 = EDGE_LOOP('',(#278,#279,#280,#307));
#278 = ORIENTED_EDGE('',*,*,#166,.F.);
#279 = ORIENTED_EDGE('',*,*,#196,.F.);
#280 = ORIENTED_EDGE('',*,*,#281,.T.);
#281 = EDGE_CURVE('',#197,#221,#282,.T.);
#282 = SURFACE_CURVE('',#283,(#288,#295),.PCURVE_S1.);
#283 = CIRCLE('',#284,18.);
#284 = AXIS2_PLACEMENT_3D('',#285,#286,#287);
#285 = CARTESIAN_POINT('',(0.,-49.5,0.));
#286 = DIRECTION('',(0.,1.,0.));
#287 = DIRECTION('',(0.,-0.,1.));
#288 = PCURVE('',#181,#289);
#289 = DEFINITIONAL_REPRESENTATION('',(#290),#294);
#290 = LINE('',#291,#292);
#291 = CARTESIAN_POINT('',(0.,0.));
#292 = VECTOR('',#293,1.);
#293 = DIRECTION('',(1.,0.));
#294 = ( GEOMETRIC_REPRESENTATION_CONTEXT(2) 
PARAMETRIC_REPRESENTATION_CONTEXT() REPRESENTATION_CONTEXT('2D SPACE',''
  ) );
#295 = PCURVE('',#296,#301);
#296 = CYLINDRICAL_SURFACE('',#297,18.);
#297 = AXIS2_PLACEMENT_3D('',#298,#299,#300);
#298 = CARTESIAN_POINT('',(0.,-51.985,0.));
#299 = DIRECTION('',(0.,1.,0.));
#300 = DIRECTION('',(0.,0.,1.));
#301 = DEFINITIONAL_REPRESENTATION('',(#302),#306);
#302 = LINE('',#303,#304);
#303 = CARTESIAN_POINT('',(0.,2.485));
#304 = VECTOR('',#305,1.);
#305 = DIRECTION('',(1.,0.));
#306 = ( GEOMETRIC_REPRESENTATION_CONTEXT(2) 
PARAMETRIC_REPRESENTATION_CONTEXT() REPRESENTATION_CONTEXT('2D SPACE',''
  ) );
#307 = ORIENTED_EDGE('',*,*,#220,.T.);
#308 = ADVANCED_FACE('',(#309),#153,.T.);
#309 = FACE_BOUND('',#310,.T.);
#310 = EDGE_LOOP('',(#311,#334,#335,#364));
#311 = ORIENTED_EDGE('',*,*,#312,.F.);
#312 = EDGE_CURVE('',#58,#313,#315,.T.);
#313 = VERTEX_POINT('',#314);
#314 = CARTESIAN_POINT('',(-4.40872847693E-15,8.,18.));
#315 = SURFACE_CURVE('',#316,(#320,#327),.PCURVE_S1.);
#316 = LINE('',#317,#318);
#317 = CARTESIAN_POINT('',(-4.40872847693E-15,-49.5,18.));
#318 = VECTOR('',#319,1.);
#319 = DIRECTION('',(0.,1.,0.));
#320 = PCURVE('',#153,#321);
#321 = DEFINITIONAL_REPRESENTATION('',(#322),#326);
#322 = LINE('',#323,#324);
#323 = CARTESIAN_POINT('',(0.,-0.));
#324 = VECTOR('',#325,1.);
#325 = DIRECTION('',(0.,1.));
#326 = ( GEOMETRIC_REPRESENTATION_CONTEXT(2) 
PARAMETRIC_REPRESENTATION_CONTEXT() REPRESENTATION_CONTEXT('2D SPACE',''
  ) );
#327 = PCURVE('',#97,#328);
#328 = DEFINITIONAL_REPRESENTATION('',(#329),#333);
#329 = LINE('',#330,#331);
#330 = CARTESIAN_POINT('',(6.28318530718,-0.));
#331 = VECTOR('',#332,1.);
#332 = DIRECTION('',(0.,1.));
#333 = ( GEOMETRIC_REPRESENTATION_CONTEXT(2) 
PARAMETRIC_REPRESENTATION_CONTEXT() REPRESENTATION_CONTEXT('2D SPACE',''
  ) );
#334 = ORIENTED_EDGE('',*,*,#138,.F.);
#335 = ORIENTED_EDGE('',*,*,#336,.T.);
#336 = EDGE_CURVE('',#110,#337,#339,.T.);
#337 = VERTEX_POINT('',#338);
#338 = CARTESIAN_POINT('',(17.999999999981,8.,1.034941104425E-09));
#339 = SURFACE_CURVE('',#340,(#344,#354),.PCURVE_S1.);
#340 = LINE('',#341,#342);
#341 = CARTESIAN_POINT('',(17.99999999997,5.499999999969,
    -4.373804772354E-10));
#342 = VECTOR('',#343,1.);
#343 = DIRECTION('',(-3.437250484174E-12,1.,5.890532803666E-10));
#344 = PCURVE('',#153,#345);
#345 = DEFINITIONAL_REPRESENTATION('',(#346),#353);
#346 = B_SPLINE_CURVE_WITH_KNOTS('',5,(#347,#348,#349,#350,#351,#352),
  .UNSPECIFIED.,.F.,.F.,(6,6),(2.480000000031,2.500000000031),
  .PIECEWISE_BEZIER_KNOTS.);
#347 = CARTESIAN_POINT('',(1.570796326738,57.48));
#348 = CARTESIAN_POINT('',(1.570796326738,57.484));
#349 = CARTESIAN_POINT('',(1.570796326738,57.488));
#350 = CARTESIAN_POINT('',(1.570796326738,57.492));
#351 = CARTESIAN_POINT('',(1.570796326738,57.496));
#352 = CARTESIAN_POINT('',(1.570796326737,57.5));
#353 = ( GEOMETRIC_REPRESENTATION_CONTEXT(2) 
PARAMETRIC_REPRESENTATION_CONTEXT() REPRESENTATION_CONTEXT('2D SPACE',''
  ) );
#354 = PCURVE('',#126,#355);
#355 = DEFINITIONAL_REPRESENTATION('',(#356),#363);
#356 = B_SPLINE_CURVE_WITH_KNOTS('',5,(#357,#358,#359,#360,#361,#362),
  .UNSPECIFIED.,.F.,.F.,(6,6),(2.480000000031,2.500000000031),
  .PIECEWISE_BEZIER_KNOTS.);
#357 = CARTESIAN_POINT('',(1.570796326738,57.48));
#358 = CARTESIAN_POINT('',(1.570796326738,57.484));
#359 = CARTESIAN_POINT('',(1.570796326738,57.488));
#360 = CARTESIAN_POINT('',(1.570796326738,57.492));
#361 = CARTESIAN_POINT('',(1.570796326738,57.496));
#362 = CARTESIAN_POINT('',(1.570796326737,57.5));
#363 = ( GEOMETRIC_REPRESENTATION_CONTEXT(2) 
PARAMETRIC_REPRESENTATION_CONTEXT() REPRESENTATION_CONTEXT('2D SPACE',''
  ) );
#364 = ORIENTED_EDGE('',*,*,#365,.F.);
#365 = EDGE_CURVE('',#313,#337,#366,.T.);
#366 = SURFACE_CURVE('',#367,(#372,#379),.PCURVE_S1.);
#367 = CIRCLE('',#368,18.);
#368 = AXIS2_PLACEMENT_3D('',#369,#370,#371);
#369 = CARTESIAN_POINT('',(0.,8.,0.));
#370 = DIRECTION('',(0.,1.,0.));
#371 = DIRECTION('',(0.,-0.,1.));
#372 = PCURVE('',#153,#373);
#373 = DEFINITIONAL_REPRESENTATION('',(#374),#378);
#374 = LINE('',#375,#376);
#375 = CARTESIAN_POINT('',(0.,57.5));
#376 = VECTOR('',#377,1.);
#377 = DIRECTION('',(1.,0.));
#378 = ( GEOMETRIC_REPRESENTATION_CONTEXT(2) 
PARAMETRIC_REPRESENTATION_CONTEXT() REPRESENTATION_CONTEXT('2D SPACE',''
  ) );
#379 = PCURVE('',#380,#385);
#380 = CYLINDRICAL_SURFACE('',#381,18.);
#381 = AXIS2_PLACEMENT_3D('',#382,#383,#384);
#382 = CARTESIAN_POINT('',(0.,12.6,0.));
#383 = DIRECTION('',(0.,-1.,0.));
#384 = DIRECTION('',(-1.,0.,0.));
#385 = DEFINITIONAL_REPRESENTATION('',(#386),#390);
#386 = LINE('',#387,#388);
#387 = CARTESIAN_POINT('',(4.712388980385,4.6));
#388 = VECTOR('',#389,1.);
#389 = DIRECTION('',(-1.,0.));
#390 = ( GEOMETRIC_REPRESENTATION_CONTEXT(2) 
PARAMETRIC_REPRESENTATION_CONTEXT() REPRESENTATION_CONTEXT('2D SPACE',''
  ) );
#391 = ADVANCED_FACE('',(#392),#126,.T.);
#392 = FACE_BOUND('',#393,.T.);
#393 = EDGE_LOOP('',(#394,#395,#396,#425));
#394 = ORIENTED_EDGE('',*,*,#336,.F.);
#395 = ORIENTED_EDGE('',*,*,#109,.F.);
#396 = ORIENTED_EDGE('',*,*,#397,.T.);
#397 = EDGE_CURVE('',#81,#398,#400,.T.);
#398 = VERTEX_POINT('',#399);
#399 = CARTESIAN_POINT('',(-17.99999999998,8.,-1.035511158004E-09));
#400 = SURFACE_CURVE('',#401,(#405,#415),.PCURVE_S1.);
#401 = LINE('',#402,#403);
#402 = CARTESIAN_POINT('',(-17.99999999997,5.499999999969,
    4.373788963275E-10));
#403 = VECTOR('',#404,1.);
#404 = DIRECTION('',(3.435474127335E-12,1.,-5.89053772313E-10));
#405 = PCURVE('',#126,#406);
#406 = DEFINITIONAL_REPRESENTATION('',(#407),#414);
#407 = B_SPLINE_CURVE_WITH_KNOTS('',5,(#408,#409,#410,#411,#412,#413),
  .UNSPECIFIED.,.F.,.F.,(6,6),(2.480000000031,2.500000000031),
  .PIECEWISE_BEZIER_KNOTS.);
#408 = CARTESIAN_POINT('',(4.712388980328,57.48));
#409 = CARTESIAN_POINT('',(4.712388980328,57.484));
#410 = CARTESIAN_POINT('',(4.712388980328,57.488));
#411 = CARTESIAN_POINT('',(4.712388980327,57.492));
#412 = CARTESIAN_POINT('',(4.712388980327,57.496));
#413 = CARTESIAN_POINT('',(4.712388980327,57.5));
#414 = ( GEOMETRIC_REPRESENTATION_CONTEXT(2) 
PARAMETRIC_REPRESENTATION_CONTEXT() REPRESENTATION_CONTEXT('2D SPACE',''
  ) );
#415 = PCURVE('',#97,#416);
#416 = DEFINITIONAL_REPRESENTATION('',(#417),#424);
#417 = B_SPLINE_CURVE_WITH_KNOTS('',5,(#418,#419,#420,#421,#422,#423),
  .UNSPECIFIED.,.F.,.F.,(6,6),(2.480000000031,2.500000000031),
  .PIECEWISE_BEZIER_KNOTS.);
#418 = CARTESIAN_POINT('',(4.712388980328,57.48));
#419 = CARTESIAN_POINT('',(4.712388980328,57.484));
#420 = CARTESIAN_POINT('',(4.712388980328,57.488));
#421 = CARTESIAN_POINT('',(4.712388980327,57.492));
#422 = CARTESIAN_POINT('',(4.712388980327,57.496));
#423 = CARTESIAN_POINT('',(4.712388980327,57.5));
#424 = ( GEOMETRIC_REPRESENTATION_CONTEXT(2) 
PARAMETRIC_REPRESENTATION_CONTEXT() REPRESENTATION_CONTEXT('2D SPACE',''
  ) );
#425 = ORIENTED_EDGE('',*,*,#426,.F.);
#426 = EDGE_CURVE('',#337,#398,#427,.T.);
#427 = SURFACE_CURVE('',#428,(#433,#440),.PCURVE_S1.);
#428 = CIRCLE('',#429,18.);
#429 = AXIS2_PLACEMENT_3D('',#430,#431,#432);
#430 = CARTESIAN_POINT('',(0.,8.,0.));
#431 = DIRECTION('',(0.,1.,0.));
#432 = DIRECTION('',(0.,-0.,1.));
#433 = PCURVE('',#126,#434);
#434 = DEFINITIONAL_REPRESENTATION('',(#435),#439);
#435 = LINE('',#436,#437);
#436 = CARTESIAN_POINT('',(0.,57.5));
#437 = VECTOR('',#438,1.);
#438 = DIRECTION('',(1.,0.));
#439 = ( GEOMETRIC_REPRESENTATION_CONTEXT(2) 
PARAMETRIC_REPRESENTATION_CONTEXT() REPRESENTATION_CONTEXT('2D SPACE',''
  ) );
#440 = PCURVE('',#441,#446);
#441 = CYLINDRICAL_SURFACE('',#442,18.);
#442 = AXIS2_PLACEMENT_3D('',#443,#444,#445);
#443 = CARTESIAN_POINT('',(0.,12.6,0.));
#444 = DIRECTION('',(0.,-1.,0.));
#445 = DIRECTION('',(-1.,0.,0.));
#446 = DEFINITIONAL_REPRESENTATION('',(#447),#451);
#447 = LINE('',#448,#449);
#448 = CARTESIAN_POINT('',(4.712388980385,4.6));
#449 = VECTOR('',#450,1.);
#450 = DIRECTION('',(-1.,0.));
#451 = ( GEOMETRIC_REPRESENTATION_CONTEXT(2) 
PARAMETRIC_REPRESENTATION_CONTEXT() REPRESENTATION_CONTEXT('2D SPACE',''
  ) );
#452 = ADVANCED_FACE('',(#453),#97,.T.);
#453 = FACE_BOUND('',#454,.T.);
#454 = EDGE_LOOP('',(#455,#456,#457,#479));
#455 = ORIENTED_EDGE('',*,*,#80,.F.);
#456 = ORIENTED_EDGE('',*,*,#312,.T.);
#457 = ORIENTED_EDGE('',*,*,#458,.F.);
#458 = EDGE_CURVE('',#398,#313,#459,.T.);
#459 = SURFACE_CURVE('',#460,(#465,#472),.PCURVE_S1.);
#460 = CIRCLE('',#461,18.);
#461 = AXIS2_PLACEMENT_3D('',#462,#463,#464);
#462 = CARTESIAN_POINT('',(0.,8.,0.));
#463 = DIRECTION('',(0.,1.,0.));
#464 = DIRECTION('',(0.,-0.,1.));
#465 = PCURVE('',#97,#466);
#466 = DEFINITIONAL_REPRESENTATION('',(#467),#471);
#467 = LINE('',#468,#469);
#468 = CARTESIAN_POINT('',(0.,57.5));
#469 = VECTOR('',#470,1.);
#470 = DIRECTION('',(1.,0.));
#471 = ( GEOMETRIC_REPRESENTATION_CONTEXT(2) 
PARAMETRIC_REPRESENTATION_CONTEXT() REPRESENTATION_CONTEXT('2D SPACE',''
  ) );
#472 = PCURVE('',#380,#473);
#473 = DEFINITIONAL_REPRESENTATION('',(#474),#478);
#474 = LINE('',#475,#476);
#475 = CARTESIAN_POINT('',(10.995574287564,4.6));
#476 = VECTOR('',#477,1.);
#477 = DIRECTION('',(-1.,0.));
#478 = ( GEOMETRIC_REPRESENTATION_CONTEXT(2) 
PARAMETRIC_REPRESENTATION_CONTEXT() REPRESENTATION_CONTEXT('2D SPACE',''
  ) );
#479 = ORIENTED_EDGE('',*,*,#397,.F.);
#480 = ADVANCED_FACE('',(#481),#264,.T.);
#481 = FACE_BOUND('',#482,.T.);
#482 = EDGE_LOOP('',(#483,#506,#535,#556));
#483 = ORIENTED_EDGE('',*,*,#484,.F.);
#484 = EDGE_CURVE('',#485,#221,#487,.T.);
#485 = VERTEX_POINT('',#486);
#486 = CARTESIAN_POINT('',(0.,-51.,-18.));
#487 = SURFACE_CURVE('',#488,(#492,#499),.PCURVE_S1.);
#488 = LINE('',#489,#490);
#489 = CARTESIAN_POINT('',(4.353296384336E-10,-51.00000000003,
    -17.99999999997));
#490 = VECTOR('',#491,1.);
#491 = DIRECTION('',(-7.824594897165E-10,1.,4.510762134071E-12));
#492 = PCURVE('',#264,#493);
#493 = DEFINITIONAL_REPRESENTATION('',(#494),#498);
#494 = LINE('',#495,#496);
#495 = CARTESIAN_POINT('',(3.141592653566,0.984999999969));
#496 = VECTOR('',#497,1.);
#497 = DIRECTION('',(4.346982033591E-11,1.));
#498 = ( GEOMETRIC_REPRESENTATION_CONTEXT(2) 
PARAMETRIC_REPRESENTATION_CONTEXT() REPRESENTATION_CONTEXT('2D SPACE',''
  ) );
#499 = PCURVE('',#296,#500);
#500 = DEFINITIONAL_REPRESENTATION('',(#501),#505);
#501 = LINE('',#502,#503);
#502 = CARTESIAN_POINT('',(3.141592653566,0.984999999969));
#503 = VECTOR('',#504,1.);
#504 = DIRECTION('',(4.346982033591E-11,1.));
#505 = ( GEOMETRIC_REPRESENTATION_CONTEXT(2) 
PARAMETRIC_REPRESENTATION_CONTEXT() REPRESENTATION_CONTEXT('2D SPACE',''
  ) );
#506 = ORIENTED_EDGE('',*,*,#507,.T.);
#507 = EDGE_CURVE('',#485,#508,#510,.T.);
#508 = VERTEX_POINT('',#509);
#509 = CARTESIAN_POINT('',(0.,-51.,18.));
#510 = SURFACE_CURVE('',#511,(#516,#523),.PCURVE_S1.);
#511 = CIRCLE('',#512,18.);
#512 = AXIS2_PLACEMENT_3D('',#513,#514,#515);
#513 = CARTESIAN_POINT('',(0.,-51.,0.));
#514 = DIRECTION('',(0.,1.,0.));
#515 = DIRECTION('',(0.,0.,-1.));
#516 = PCURVE('',#264,#517);
#517 = DEFINITIONAL_REPRESENTATION('',(#518),#522);
#518 = LINE('',#519,#520);
#519 = CARTESIAN_POINT('',(3.14159265359,0.985));
#520 = VECTOR('',#521,1.);
#521 = DIRECTION('',(1.,0.));
#522 = ( GEOMETRIC_REPRESENTATION_CONTEXT(2) 
PARAMETRIC_REPRESENTATION_CONTEXT() REPRESENTATION_CONTEXT('2D SPACE',''
  ) );
#523 = PCURVE('',#524,#529);
#524 = CONICAL_SURFACE('',#525,17.74999999997,0.785398163397);
#525 = AXIS2_PLACEMENT_3D('',#526,#527,#528);
#526 = CARTESIAN_POINT('',(0.,-51.25000000003,0.));
#527 = DIRECTION('',(0.,1.,0.));
#528 = DIRECTION('',(0.,0.,-1.));
#529 = DEFINITIONAL_REPRESENTATION('',(#530),#534);
#530 = LINE('',#531,#532);
#531 = CARTESIAN_POINT('',(0.,0.250000000031));
#532 = VECTOR('',#533,1.);
#533 = DIRECTION('',(1.,0.));
#534 = ( GEOMETRIC_REPRESENTATION_CONTEXT(2) 
PARAMETRIC_REPRESENTATION_CONTEXT() REPRESENTATION_CONTEXT('2D SPACE',''
  ) );
#535 = ORIENTED_EDGE('',*,*,#536,.F.);
#536 = EDGE_CURVE('',#197,#508,#537,.T.);
#537 = SURFACE_CURVE('',#538,(#542,#549),.PCURVE_S1.);
#538 = LINE('',#539,#540);
#539 = CARTESIAN_POINT('',(1.912044219306E-09,-47.99999999995,
    17.99999999996));
#540 = VECTOR('',#541,1.);
#541 = DIRECTION('',(-7.824567660147E-10,-1.,4.510762134071E-12));
#542 = PCURVE('',#264,#543);
#543 = DEFINITIONAL_REPRESENTATION('',(#544),#548);
#544 = LINE('',#545,#546);
#545 = CARTESIAN_POINT('',(6.28318530718,3.985000000044));
#546 = VECTOR('',#547,1.);
#547 = DIRECTION('',(0.,-1.));
#548 = ( GEOMETRIC_REPRESENTATION_CONTEXT(2) 
PARAMETRIC_REPRESENTATION_CONTEXT() REPRESENTATION_CONTEXT('2D SPACE',''
  ) );
#549 = PCURVE('',#296,#550);
#550 = DEFINITIONAL_REPRESENTATION('',(#551),#555);
#551 = LINE('',#552,#553);
#552 = CARTESIAN_POINT('',(0.,3.985000000044));
#553 = VECTOR('',#554,1.);
#554 = DIRECTION('',(0.,-1.));
#555 = ( GEOMETRIC_REPRESENTATION_CONTEXT(2) 
PARAMETRIC_REPRESENTATION_CONTEXT() REPRESENTATION_CONTEXT('2D SPACE',''
  ) );
#556 = ORIENTED_EDGE('',*,*,#249,.F.);
#557 = ADVANCED_FACE('',(#558),#296,.T.);
#558 = FACE_BOUND('',#559,.T.);
#559 = EDGE_LOOP('',(#560,#561,#562,#589));
#560 = ORIENTED_EDGE('',*,*,#281,.F.);
#561 = ORIENTED_EDGE('',*,*,#536,.T.);
#562 = ORIENTED_EDGE('',*,*,#563,.T.);
#563 = EDGE_CURVE('',#508,#485,#564,.T.);
#564 = SURFACE_CURVE('',#565,(#570,#577),.PCURVE_S1.);
#565 = CIRCLE('',#566,18.);
#566 = AXIS2_PLACEMENT_3D('',#567,#568,#569);
#567 = CARTESIAN_POINT('',(0.,-51.,0.));
#568 = DIRECTION('',(0.,1.,0.));
#569 = DIRECTION('',(0.,0.,1.));
#570 = PCURVE('',#296,#571);
#571 = DEFINITIONAL_REPRESENTATION('',(#572),#576);
#572 = LINE('',#573,#574);
#573 = CARTESIAN_POINT('',(0.,0.985));
#574 = VECTOR('',#575,1.);
#575 = DIRECTION('',(1.,0.));
#576 = ( GEOMETRIC_REPRESENTATION_CONTEXT(2) 
PARAMETRIC_REPRESENTATION_CONTEXT() REPRESENTATION_CONTEXT('2D SPACE',''
  ) );
#577 = PCURVE('',#578,#583);
#578 = CONICAL_SURFACE('',#579,17.74999999997,0.785398163397);
#579 = AXIS2_PLACEMENT_3D('',#580,#581,#582);
#580 = CARTESIAN_POINT('',(6.273535275649E-14,-51.25000000003,0.));
#581 = DIRECTION('',(0.,1.,0.));
#582 = DIRECTION('',(0.,0.,-1.));
#583 = DEFINITIONAL_REPRESENTATION('',(#584),#588);
#584 = LINE('',#585,#586);
#585 = CARTESIAN_POINT('',(3.14159265359,0.250000000031));
#586 = VECTOR('',#587,1.);
#587 = DIRECTION('',(1.,0.));
#588 = ( GEOMETRIC_REPRESENTATION_CONTEXT(2) 
PARAMETRIC_REPRESENTATION_CONTEXT() REPRESENTATION_CONTEXT('2D SPACE',''
  ) );
#589 = ORIENTED_EDGE('',*,*,#484,.T.);
#590 = ADVANCED_FACE('',(#591),#380,.T.);
#591 = FACE_BOUND('',#592,.T.);
#592 = EDGE_LOOP('',(#593,#594,#617,#646,#689));
#593 = ORIENTED_EDGE('',*,*,#365,.T.);
#594 = ORIENTED_EDGE('',*,*,#595,.T.);
#595 = EDGE_CURVE('',#337,#596,#598,.T.);
#596 = VERTEX_POINT('',#597);
#597 = CARTESIAN_POINT('',(18.,9.5,0.));
#598 = SURFACE_CURVE('',#599,(#603,#610),.PCURVE_S1.);
#599 = LINE('',#600,#601);
#600 = CARTESIAN_POINT('',(17.99999999997,5.499999999969,
    -4.373804772354E-10));
#601 = VECTOR('',#602,1.);
#602 = DIRECTION('',(-3.437250484174E-12,1.,5.890532803666E-10));
#603 = PCURVE('',#380,#604);
#604 = DEFINITIONAL_REPRESENTATION('',(#605),#609);
#605 = LINE('',#606,#607);
#606 = CARTESIAN_POINT('',(3.141592653565,7.100000000031));
#607 = VECTOR('',#608,1.);
#608 = DIRECTION('',(3.272515591846E-11,-1.));
#609 = ( GEOMETRIC_REPRESENTATION_CONTEXT(2) 
PARAMETRIC_REPRESENTATION_CONTEXT() REPRESENTATION_CONTEXT('2D SPACE',''
  ) );
#610 = PCURVE('',#441,#611);
#611 = DEFINITIONAL_REPRESENTATION('',(#612),#616);
#612 = LINE('',#613,#614);
#613 = CARTESIAN_POINT('',(3.141592653565,7.100000000031));
#614 = VECTOR('',#615,1.);
#615 = DIRECTION('',(3.272515591846E-11,-1.));
#616 = ( GEOMETRIC_REPRESENTATION_CONTEXT(2) 
PARAMETRIC_REPRESENTATION_CONTEXT() REPRESENTATION_CONTEXT('2D SPACE',''
  ) );
#617 = ORIENTED_EDGE('',*,*,#618,.F.);
#618 = EDGE_CURVE('',#619,#596,#621,.T.);
#619 = VERTEX_POINT('',#620);
#620 = CARTESIAN_POINT('',(-18.,9.5,0.));
#621 = SURFACE_CURVE('',#622,(#627,#634),.PCURVE_S1.);
#622 = CIRCLE('',#623,18.);
#623 = AXIS2_PLACEMENT_3D('',#624,#625,#626);
#624 = CARTESIAN_POINT('',(0.,9.5,0.));
#625 = DIRECTION('',(0.,1.,-0.));
#626 = DIRECTION('',(-1.,0.,0.));
#627 = PCURVE('',#380,#628);
#628 = DEFINITIONAL_REPRESENTATION('',(#629),#633);
#629 = LINE('',#630,#631);
#630 = CARTESIAN_POINT('',(6.28318530718,3.1));
#631 = VECTOR('',#632,1.);
#632 = DIRECTION('',(-1.,0.));
#633 = ( GEOMETRIC_REPRESENTATION_CONTEXT(2) 
PARAMETRIC_REPRESENTATION_CONTEXT() REPRESENTATION_CONTEXT('2D SPACE',''
  ) );
#634 = PCURVE('',#635,#640);
#635 = CONICAL_SURFACE('',#636,17.74999999994,0.785398163397);
#636 = AXIS2_PLACEMENT_3D('',#637,#638,#639);
#637 = CARTESIAN_POINT('',(0.,9.750000000057,0.));
#638 = DIRECTION('',(0.,-1.,0.));
#639 = DIRECTION('',(0.,0.,-1.));
#640 = DEFINITIONAL_REPRESENTATION('',(#641),#645);
#641 = LINE('',#642,#643);
#642 = CARTESIAN_POINT('',(4.712388980385,0.250000000059));
#643 = VECTOR('',#644,1.);
#644 = DIRECTION('',(-1.,0.));
#645 = ( GEOMETRIC_REPRESENTATION_CONTEXT(2) 
PARAMETRIC_REPRESENTATION_CONTEXT() REPRESENTATION_CONTEXT('2D SPACE',''
  ) );
#646 = ORIENTED_EDGE('',*,*,#647,.F.);
#647 = EDGE_CURVE('',#398,#619,#648,.T.);
#648 = SURFACE_CURVE('',#649,(#653,#660),.PCURVE_S1.);
#649 = LINE('',#650,#651);
#650 = CARTESIAN_POINT('',(-17.99999999997,5.499999999969,
    4.373788963275E-10));
#651 = VECTOR('',#652,1.);
#652 = DIRECTION('',(3.435474127335E-12,1.,-5.89053772313E-10));
#653 = PCURVE('',#380,#654);
#654 = DEFINITIONAL_REPRESENTATION('',(#655),#659);
#655 = LINE('',#656,#657);
#656 = CARTESIAN_POINT('',(6.28318530718,7.100000000031));
#657 = VECTOR('',#658,1.);
#658 = DIRECTION('',(0.,-1.));
#659 = ( GEOMETRIC_REPRESENTATION_CONTEXT(2) 
PARAMETRIC_REPRESENTATION_CONTEXT() REPRESENTATION_CONTEXT('2D SPACE',''
  ) );
#660 = PCURVE('',#441,#661);
#661 = DEFINITIONAL_REPRESENTATION('',(#662),#688);
#662 = B_SPLINE_CURVE_WITH_KNOTS('',3,(#663,#664,#665,#666,#667,#668,
    #669,#670,#671,#672,#673,#674,#675,#676,#677,#678,#679,#680,#681,
    #682,#683,#684,#685,#686,#687),.UNSPECIFIED.,.F.,.F.,(4,1,1,1,1,1,1,
    1,1,1,1,1,1,1,1,1,1,1,1,1,1,1,4),(3.100009164033E-11,0.181818181849,
    0.363636363667,0.545454545486,0.727272727304,0.909090909122,
    1.09090909094,1.272727272758,1.454545454576,1.636363636395,
    1.818181818213,2.000000000031,2.181818181849,2.363636363667,
    2.545454545486,2.727272727304,2.909090909122,3.09090909094,
    3.272727272758,3.454545454576,3.636363636395,3.818181818213,
    4.000000000031),.QUASI_UNIFORM_KNOTS.);
#663 = CARTESIAN_POINT('',(0.,7.1));
#664 = CARTESIAN_POINT('',(-1.286595521479E-11,7.039393939394));
#665 = CARTESIAN_POINT('',(-2.273444629456E-11,6.918181818182));
#666 = CARTESIAN_POINT('',(-1.122377298235E-11,6.736363636364));
#667 = CARTESIAN_POINT('',(-6.764286210131E-12,6.554545454545));
#668 = CARTESIAN_POINT('',(-4.134632097835E-13,6.372727272727));
#669 = CARTESIAN_POINT('',(5.428530488555E-12,6.190909090909));
#670 = CARTESIAN_POINT('',(1.140751894436E-11,6.009090909091));
#671 = CARTESIAN_POINT('',(1.734980004789E-11,5.827272727273));
#672 = CARTESIAN_POINT('',(2.330191580308E-11,5.645454545455));
#673 = CARTESIAN_POINT('',(2.92514003039E-11,5.463636363636));
#674 = CARTESIAN_POINT('',(3.520157517053E-11,5.281818181818));
#675 = CARTESIAN_POINT('',(4.11516198283E-11,5.1));
#676 = CARTESIAN_POINT('',(4.710149495568E-11,4.918181818182));
#677 = CARTESIAN_POINT('',(5.30521784135E-11,4.736363636364));
#678 = CARTESIAN_POINT('',(5.899979807996E-11,4.554545454545));
#679 = CARTESIAN_POINT('',(6.495886458144E-11,4.372727272727));
#680 = CARTESIAN_POINT('',(7.087520753416E-11,4.190909090909));
#681 = CARTESIAN_POINT('',(7.695099784694E-11,4.009090909091));
#682 = CARTESIAN_POINT('',(8.243172226824E-11,3.827272727273));
#683 = CARTESIAN_POINT('',(9.013326289537E-11,3.645454545455));
#684 = CARTESIAN_POINT('',(8.954660459068E-11,3.463636363636));
#685 = CARTESIAN_POINT('',(1.198919258074E-10,3.281818181818));
#686 = CARTESIAN_POINT('',(6.316232718262E-11,3.160606060606));
#687 = CARTESIAN_POINT('',(0.,3.1));
#688 = ( GEOMETRIC_REPRESENTATION_CONTEXT(2) 
PARAMETRIC_REPRESENTATION_CONTEXT() REPRESENTATION_CONTEXT('2D SPACE',''
  ) );
#689 = ORIENTED_EDGE('',*,*,#458,.T.);
#690 = ADVANCED_FACE('',(#691),#441,.T.);
#691 = FACE_BOUND('',#692,.T.);
#692 = EDGE_LOOP('',(#693,#694,#695,#722));
#693 = ORIENTED_EDGE('',*,*,#426,.T.);
#694 = ORIENTED_EDGE('',*,*,#647,.T.);
#695 = ORIENTED_EDGE('',*,*,#696,.F.);
#696 = EDGE_CURVE('',#596,#619,#697,.T.);
#697 = SURFACE_CURVE('',#698,(#703,#710),.PCURVE_S1.);
#698 = CIRCLE('',#699,18.);
#699 = AXIS2_PLACEMENT_3D('',#700,#701,#702);
#700 = CARTESIAN_POINT('',(0.,9.5,0.));
#701 = DIRECTION('',(-0.,1.,0.));
#702 = DIRECTION('',(1.,0.,0.));
#703 = PCURVE('',#441,#704);
#704 = DEFINITIONAL_REPRESENTATION('',(#705),#709);
#705 = LINE('',#706,#707);
#706 = CARTESIAN_POINT('',(3.14159265359,3.1));
#707 = VECTOR('',#708,1.);
#708 = DIRECTION('',(-1.,0.));
#709 = ( GEOMETRIC_REPRESENTATION_CONTEXT(2) 
PARAMETRIC_REPRESENTATION_CONTEXT() REPRESENTATION_CONTEXT('2D SPACE',''
  ) );
#710 = PCURVE('',#711,#716);
#711 = CONICAL_SURFACE('',#712,17.74999999994,0.785398163397);
#712 = AXIS2_PLACEMENT_3D('',#713,#714,#715);
#713 = CARTESIAN_POINT('',(0.,9.750000000057,0.));
#714 = DIRECTION('',(0.,-1.,0.));
#715 = DIRECTION('',(0.,0.,-1.));
#716 = DEFINITIONAL_REPRESENTATION('',(#717),#721);
#717 = LINE('',#718,#719);
#718 = CARTESIAN_POINT('',(1.570796326795,0.250000000059));
#719 = VECTOR('',#720,1.);
#720 = DIRECTION('',(-1.,0.));
#721 = ( GEOMETRIC_REPRESENTATION_CONTEXT(2) 
PARAMETRIC_REPRESENTATION_CONTEXT() REPRESENTATION_CONTEXT('2D SPACE',''
  ) );
#722 = ORIENTED_EDGE('',*,*,#595,.F.);
#723 = ADVANCED_FACE('',(#724),#524,.T.);
#724 = FACE_BOUND('',#725,.T.);
#725 = EDGE_LOOP('',(#726,#749,#778,#799));
#726 = ORIENTED_EDGE('',*,*,#727,.T.);
#727 = EDGE_CURVE('',#485,#728,#730,.T.);
#728 = VERTEX_POINT('',#729);
#729 = CARTESIAN_POINT('',(0.,-51.5,-17.5));
#730 = SURFACE_CURVE('',#731,(#735,#742),.PCURVE_S1.);
#731 = LINE('',#732,#733);
#732 = CARTESIAN_POINT('',(4.353296384336E-10,-51.00000000003,
    -17.99999999997));
#733 = VECTOR('',#734,1.);
#734 = DIRECTION('',(1.824159428984E-10,-0.707106781187,0.707106781187)
  );
#735 = PCURVE('',#524,#736);
#736 = DEFINITIONAL_REPRESENTATION('',(#737),#741);
#737 = LINE('',#738,#739);
#738 = CARTESIAN_POINT('',(0.,0.250000000001));
#739 = VECTOR('',#740,1.);
#740 = DIRECTION('',(0.,-1.));
#741 = ( GEOMETRIC_REPRESENTATION_CONTEXT(2) 
PARAMETRIC_REPRESENTATION_CONTEXT() REPRESENTATION_CONTEXT('2D SPACE',''
  ) );
#742 = PCURVE('',#578,#743);
#743 = DEFINITIONAL_REPRESENTATION('',(#744),#748);
#744 = LINE('',#745,#746);
#745 = CARTESIAN_POINT('',(6.28318530718,0.250000000001));
#746 = VECTOR('',#747,1.);
#747 = DIRECTION('',(0.,-1.));
#748 = ( GEOMETRIC_REPRESENTATION_CONTEXT(2) 
PARAMETRIC_REPRESENTATION_CONTEXT() REPRESENTATION_CONTEXT('2D SPACE',''
  ) );
#749 = ORIENTED_EDGE('',*,*,#750,.T.);
#750 = EDGE_CURVE('',#728,#751,#753,.T.);
#751 = VERTEX_POINT('',#752);
#752 = CARTESIAN_POINT('',(0.,-51.5,17.5));
#753 = SURFACE_CURVE('',#754,(#759,#766),.PCURVE_S1.);
#754 = CIRCLE('',#755,17.5);
#755 = AXIS2_PLACEMENT_3D('',#756,#757,#758);
#756 = CARTESIAN_POINT('',(0.,-51.5,0.));
#757 = DIRECTION('',(0.,1.,0.));
#758 = DIRECTION('',(0.,0.,-1.));
#759 = PCURVE('',#524,#760);
#760 = DEFINITIONAL_REPRESENTATION('',(#761),#765);
#761 = LINE('',#762,#763);
#762 = CARTESIAN_POINT('',(0.,-0.249999999969));
#763 = VECTOR('',#764,1.);
#764 = DIRECTION('',(1.,0.));
#765 = ( GEOMETRIC_REPRESENTATION_CONTEXT(2) 
PARAMETRIC_REPRESENTATION_CONTEXT() REPRESENTATION_CONTEXT('2D SPACE',''
  ) );
#766 = PCURVE('',#767,#772);
#767 = PLANE('',#768);
#768 = AXIS2_PLACEMENT_3D('',#769,#770,#771);
#769 = CARTESIAN_POINT('',(0.,-51.5,0.));
#770 = DIRECTION('',(0.,1.,0.));
#771 = DIRECTION('',(0.,0.,1.));
#772 = DEFINITIONAL_REPRESENTATION('',(#773),#777);
#773 = CIRCLE('',#774,17.5);
#774 = AXIS2_PLACEMENT_2D('',#775,#776);
#775 = CARTESIAN_POINT('',(0.,0.));
#776 = DIRECTION('',(-1.,0.));
#777 = ( GEOMETRIC_REPRESENTATION_CONTEXT(2) 
PARAMETRIC_REPRESENTATION_CONTEXT() REPRESENTATION_CONTEXT('2D SPACE',''
  ) );
#778 = ORIENTED_EDGE('',*,*,#779,.F.);
#779 = EDGE_CURVE('',#508,#751,#780,.T.);
#780 = SURFACE_CURVE('',#781,(#785,#792),.PCURVE_S1.);
#781 = LINE('',#782,#783);
#782 = CARTESIAN_POINT('',(-4.353260787959E-10,-51.00000000003,
    17.99999999997));
#783 = VECTOR('',#784,1.);
#784 = DIRECTION('',(-1.824122287821E-10,-0.707106781187,-0.707106781187
    ));
#785 = PCURVE('',#524,#786);
#786 = DEFINITIONAL_REPRESENTATION('',(#787),#791);
#787 = LINE('',#788,#789);
#788 = CARTESIAN_POINT('',(3.141592653566,0.250000000001));
#789 = VECTOR('',#790,1.);
#790 = DIRECTION('',(-1.612221467439E-11,-1.));
#791 = ( GEOMETRIC_REPRESENTATION_CONTEXT(2) 
PARAMETRIC_REPRESENTATION_CONTEXT() REPRESENTATION_CONTEXT('2D SPACE',''
  ) );
#792 = PCURVE('',#578,#793);
#793 = DEFINITIONAL_REPRESENTATION('',(#794),#798);
#794 = LINE('',#795,#796);
#795 = CARTESIAN_POINT('',(3.141592653566,0.250000000001));
#796 = VECTOR('',#797,1.);
#797 = DIRECTION('',(-1.612310285281E-11,-1.));
#798 = ( GEOMETRIC_REPRESENTATION_CONTEXT(2) 
PARAMETRIC_REPRESENTATION_CONTEXT() REPRESENTATION_CONTEXT('2D SPACE',''
  ) );
#799 = ORIENTED_EDGE('',*,*,#507,.F.);
#800 = ADVANCED_FACE('',(#801),#578,.T.);
#801 = FACE_BOUND('',#802,.T.);
#802 = EDGE_LOOP('',(#803,#804,#826,#827));
#803 = ORIENTED_EDGE('',*,*,#779,.T.);
#804 = ORIENTED_EDGE('',*,*,#805,.T.);
#805 = EDGE_CURVE('',#751,#728,#806,.T.);
#806 = SURFACE_CURVE('',#807,(#812,#819),.PCURVE_S1.);
#807 = CIRCLE('',#808,17.5);
#808 = AXIS2_PLACEMENT_3D('',#809,#810,#811);
#809 = CARTESIAN_POINT('',(6.273535275649E-14,-51.5,0.));
#810 = DIRECTION('',(0.,1.,0.));
#811 = DIRECTION('',(0.,0.,1.));
#812 = PCURVE('',#578,#813);
#813 = DEFINITIONAL_REPRESENTATION('',(#814),#818);
#814 = LINE('',#815,#816);
#815 = CARTESIAN_POINT('',(3.14159265359,-0.249999999969));
#816 = VECTOR('',#817,1.);
#817 = DIRECTION('',(1.,0.));
#818 = ( GEOMETRIC_REPRESENTATION_CONTEXT(2) 
PARAMETRIC_REPRESENTATION_CONTEXT() REPRESENTATION_CONTEXT('2D SPACE',''
  ) );
#819 = PCURVE('',#767,#820);
#820 = DEFINITIONAL_REPRESENTATION('',(#821),#825);
#821 = CIRCLE('',#822,17.5);
#822 = AXIS2_PLACEMENT_2D('',#823,#824);
#823 = CARTESIAN_POINT('',(0.,6.273535275649E-14));
#824 = DIRECTION('',(1.,0.));
#825 = ( GEOMETRIC_REPRESENTATION_CONTEXT(2) 
PARAMETRIC_REPRESENTATION_CONTEXT() REPRESENTATION_CONTEXT('2D SPACE',''
  ) );
#826 = ORIENTED_EDGE('',*,*,#727,.F.);
#827 = ORIENTED_EDGE('',*,*,#563,.F.);
#828 = ADVANCED_FACE('',(#829),#635,.T.);
#829 = FACE_BOUND('',#830,.T.);
#830 = EDGE_LOOP('',(#831,#854,#855,#878));
#831 = ORIENTED_EDGE('',*,*,#832,.T.);
#832 = EDGE_CURVE('',#833,#619,#835,.T.);
#833 = VERTEX_POINT('',#834);
#834 = CARTESIAN_POINT('',(-17.5,10.,-1.205782607043E-14));
#835 = SURFACE_CURVE('',#836,(#840,#847),.PCURVE_S1.);
#836 = LINE('',#837,#838);#837 = CARTESIAN_POINT('',(-17.49999999994,10.00000000006,
    -2.487382126289E-09));
#838 = VECTOR('',#839,1.);
#839 = DIRECTION('',(-0.707106781187,-0.707106781187,8.040453697112E-10)
  );
#840 = PCURVE('',#635,#841);
#841 = DEFINITIONAL_REPRESENTATION('',(#842),#846);
#842 = LINE('',#843,#844);
#843 = CARTESIAN_POINT('',(4.712388980527,-0.250000000002));
#844 = VECTOR('',#845,1.);
#845 = DIRECTION('',(-7.106848443071E-11,1.));
#846 = ( GEOMETRIC_REPRESENTATION_CONTEXT(2) 
PARAMETRIC_REPRESENTATION_CONTEXT() REPRESENTATION_CONTEXT('2D SPACE',''
  ) );
#847 = PCURVE('',#711,#848);
#848 = DEFINITIONAL_REPRESENTATION('',(#849),#853);
#849 = LINE('',#850,#851);
#850 = CARTESIAN_POINT('',(-1.570796326653,-0.250000000002));
#851 = VECTOR('',#852,1.);
#852 = DIRECTION('',(-7.106848443071E-11,1.));
#853 = ( GEOMETRIC_REPRESENTATION_CONTEXT(2) 
PARAMETRIC_REPRESENTATION_CONTEXT() REPRESENTATION_CONTEXT('2D SPACE',''
  ) );
#854 = ORIENTED_EDGE('',*,*,#618,.T.);
#855 = ORIENTED_EDGE('',*,*,#856,.F.);
#856 = EDGE_CURVE('',#857,#596,#859,.T.);
#857 = VERTEX_POINT('',#858);
#858 = CARTESIAN_POINT('',(17.5,10.,0.));
#859 = SURFACE_CURVE('',#860,(#864,#871),.PCURVE_S1.);
#860 = LINE('',#861,#862);
#861 = CARTESIAN_POINT('',(17.49999999994,10.00000000006,
    2.48737364035E-09));
#862 = VECTOR('',#863,1.);
#863 = DIRECTION('',(0.707106781187,-0.707106781186,-8.040383873914E-10)
  );
#864 = PCURVE('',#635,#865);
#865 = DEFINITIONAL_REPRESENTATION('',(#866),#870);
#866 = LINE('',#867,#868);
#867 = CARTESIAN_POINT('',(1.570796326937,-0.250000000002));
#868 = VECTOR('',#869,1.);
#869 = DIRECTION('',(-7.106759625229E-11,1.));
#870 = ( GEOMETRIC_REPRESENTATION_CONTEXT(2) 
PARAMETRIC_REPRESENTATION_CONTEXT() REPRESENTATION_CONTEXT('2D SPACE',''
  ) );
#871 = PCURVE('',#711,#872);
#872 = DEFINITIONAL_REPRESENTATION('',(#873),#877);
#873 = LINE('',#874,#875);
#874 = CARTESIAN_POINT('',(1.570796326937,-0.250000000002));
#875 = VECTOR('',#876,1.);
#876 = DIRECTION('',(-7.106759625229E-11,1.));
#877 = ( GEOMETRIC_REPRESENTATION_CONTEXT(2) 
PARAMETRIC_REPRESENTATION_CONTEXT() REPRESENTATION_CONTEXT('2D SPACE',''
  ) );
#878 = ORIENTED_EDGE('',*,*,#879,.F.);
#879 = EDGE_CURVE('',#833,#857,#880,.T.);
#880 = SURFACE_CURVE('',#881,(#886,#893),.PCURVE_S1.);
#881 = CIRCLE('',#882,17.5);
#882 = AXIS2_PLACEMENT_3D('',#883,#884,#885);
#883 = CARTESIAN_POINT('',(0.,10.,0.));
#884 = DIRECTION('',(0.,1.,-0.));
#885 = DIRECTION('',(-1.,0.,0.));
#886 = PCURVE('',#635,#887);
#887 = DEFINITIONAL_REPRESENTATION('',(#888),#892);
#888 = LINE('',#889,#890);
#889 = CARTESIAN_POINT('',(4.712388980385,-0.249999999942));
#890 = VECTOR('',#891,1.);
#891 = DIRECTION('',(-1.,0.));
#892 = ( GEOMETRIC_REPRESENTATION_CONTEXT(2) 
PARAMETRIC_REPRESENTATION_CONTEXT() REPRESENTATION_CONTEXT('2D SPACE',''
  ) );
#893 = PCURVE('',#894,#899);
#894 = PLANE('',#895);
#895 = AXIS2_PLACEMENT_3D('',#896,#897,#898);
#896 = CARTESIAN_POINT('',(0.,10.,0.));
#897 = DIRECTION('',(0.,-1.,0.));
#898 = DIRECTION('',(-1.,0.,0.));
#899 = DEFINITIONAL_REPRESENTATION('',(#900),#908);
#900 = ( BOUNDED_CURVE() B_SPLINE_CURVE(2,(#901,#902,#903,#904,#905,#906
,#907),.UNSPECIFIED.,.T.,.F.) B_SPLINE_CURVE_WITH_KNOTS((1,2,2,2,2,1),(
    -2.094395102393,0.,2.094395102393,4.188790204786,6.28318530718,
8.377580409573),.UNSPECIFIED.) CURVE() GEOMETRIC_REPRESENTATION_ITEM() 
RATIONAL_B_SPLINE_CURVE((1.,0.5,1.,0.5,1.,0.5,1.)) REPRESENTATION_ITEM(
  '') );
#901 = CARTESIAN_POINT('',(17.5,0.));
#902 = CARTESIAN_POINT('',(17.5,-30.31088913245));
#903 = CARTESIAN_POINT('',(-8.75,-15.15544456622));
#904 = CARTESIAN_POINT('',(-35.,-4.286263797016E-15));
#905 = CARTESIAN_POINT('',(-8.75,15.155444566228));
#906 = CARTESIAN_POINT('',(17.5,30.310889132455));
#907 = CARTESIAN_POINT('',(17.5,0.));
#908 = ( GEOMETRIC_REPRESENTATION_CONTEXT(2) 
PARAMETRIC_REPRESENTATION_CONTEXT() REPRESENTATION_CONTEXT('2D SPACE',''
  ) );
#909 = ADVANCED_FACE('',(#910),#711,.T.);
#910 = FACE_BOUND('',#911,.T.);
#911 = EDGE_LOOP('',(#912,#913,#914,#915));
#912 = ORIENTED_EDGE('',*,*,#856,.T.);
#913 = ORIENTED_EDGE('',*,*,#696,.T.);
#914 = ORIENTED_EDGE('',*,*,#832,.F.);
#915 = ORIENTED_EDGE('',*,*,#916,.F.);
#916 = EDGE_CURVE('',#857,#833,#917,.T.);
#917 = SURFACE_CURVE('',#918,(#923,#930),.PCURVE_S1.);
#918 = CIRCLE('',#919,17.5);
#919 = AXIS2_PLACEMENT_3D('',#920,#921,#922);
#920 = CARTESIAN_POINT('',(0.,10.,0.));
#921 = DIRECTION('',(-0.,1.,0.));
#922 = DIRECTION('',(1.,0.,0.));
#923 = PCURVE('',#711,#924);
#924 = DEFINITIONAL_REPRESENTATION('',(#925),#929);
#925 = LINE('',#926,#927);
#926 = CARTESIAN_POINT('',(1.570796326795,-0.249999999942));
#927 = VECTOR('',#928,1.);
#928 = DIRECTION('',(-1.,0.));
#929 = ( GEOMETRIC_REPRESENTATION_CONTEXT(2) 
PARAMETRIC_REPRESENTATION_CONTEXT() REPRESENTATION_CONTEXT('2D SPACE',''
  ) );
#930 = PCURVE('',#894,#931);
#931 = DEFINITIONAL_REPRESENTATION('',(#932),#940);
#932 = ( BOUNDED_CURVE() B_SPLINE_CURVE(2,(#933,#934,#935,#936,#937,#938
,#939),.UNSPECIFIED.,.T.,.F.) B_SPLINE_CURVE_WITH_KNOTS((1,2,2,2,2,1),(
    -2.094395102393,0.,2.094395102393,4.188790204786,6.28318530718,
8.377580409573),.UNSPECIFIED.) CURVE() GEOMETRIC_REPRESENTATION_ITEM() 
RATIONAL_B_SPLINE_CURVE((1.,0.5,1.,0.5,1.,0.5,1.)) REPRESENTATION_ITEM(
  '') );
#933 = CARTESIAN_POINT('',(-17.5,0.));
#934 = CARTESIAN_POINT('',(-17.5,30.310889132455));
#935 = CARTESIAN_POINT('',(8.75,15.155444566228));
#936 = CARTESIAN_POINT('',(35.,4.286263797016E-15));
#937 = CARTESIAN_POINT('',(8.75,-15.15544456622));
#938 = CARTESIAN_POINT('',(-17.5,-30.31088913245));
#939 = CARTESIAN_POINT('',(-17.5,0.));
#940 = ( GEOMETRIC_REPRESENTATION_CONTEXT(2) 
PARAMETRIC_REPRESENTATION_CONTEXT() REPRESENTATION_CONTEXT('2D SPACE',''
  ) );
#941 = ADVANCED_FACE('',(#942,#946,#1006,#1066),#767,.F.);
#942 = FACE_BOUND('',#943,.F.);
#943 = EDGE_LOOP('',(#944,#945));
#944 = ORIENTED_EDGE('',*,*,#805,.T.);
#945 = ORIENTED_EDGE('',*,*,#750,.T.);
#946 = FACE_BOUND('',#947,.F.);
#947 = EDGE_LOOP('',(#948,#979));
#948 = ORIENTED_EDGE('',*,*,#949,.F.);
#949 = EDGE_CURVE('',#950,#952,#954,.T.);
#950 = VERTEX_POINT('',#951);
#951 = CARTESIAN_POINT('',(0.,-51.5,8.3));
#952 = VERTEX_POINT('',#953);
#953 = CARTESIAN_POINT('',(0.,-51.5,-8.3));
#954 = SURFACE_CURVE('',#955,(#960,#967),.PCURVE_S1.);
#955 = CIRCLE('',#956,8.3);
#956 = AXIS2_PLACEMENT_3D('',#957,#958,#959);
#957 = CARTESIAN_POINT('',(-2.204035673561E-14,-51.5,1.103809103446E-14)
  );
#958 = DIRECTION('',(0.,1.,0.));
#959 = DIRECTION('',(0.,0.,1.));
#960 = PCURVE('',#767,#961);
#961 = DEFINITIONAL_REPRESENTATION('',(#962),#966);
#962 = CIRCLE('',#963,8.3);
#963 = AXIS2_PLACEMENT_2D('',#964,#965);
#964 = CARTESIAN_POINT('',(1.103809103446E-14,-2.204035673561E-14));
#965 = DIRECTION('',(1.,0.));
#966 = ( GEOMETRIC_REPRESENTATION_CONTEXT(2) 
PARAMETRIC_REPRESENTATION_CONTEXT() REPRESENTATION_CONTEXT('2D SPACE',''
  ) );
#967 = PCURVE('',#968,#973);
#968 = CONICAL_SURFACE('',#969,8.149999999538,0.785398163397);
#969 = AXIS2_PLACEMENT_3D('',#970,#971,#972);
#970 = CARTESIAN_POINT('',(-2.204035673561E-14,-51.34999999953,
    1.104727588548E-14));
#971 = DIRECTION('',(0.,-1.,0.));
#972 = DIRECTION('',(0.,0.,-1.));
#973 = DEFINITIONAL_REPRESENTATION('',(#974),#978);
#974 = LINE('',#975,#976);
#975 = CARTESIAN_POINT('',(3.14159265359,0.150000000462));
#976 = VECTOR('',#977,1.);
#977 = DIRECTION('',(-1.,0.));
#978 = ( GEOMETRIC_REPRESENTATION_CONTEXT(2) 
PARAMETRIC_REPRESENTATION_CONTEXT() REPRESENTATION_CONTEXT('2D SPACE',''
  ) );
#979 = ORIENTED_EDGE('',*,*,#980,.F.);
#980 = EDGE_CURVE('',#952,#950,#981,.T.);
#981 = SURFACE_CURVE('',#982,(#987,#994),.PCURVE_S1.);
#982 = CIRCLE('',#983,8.3);
#983 = AXIS2_PLACEMENT_3D('',#984,#985,#986);
#984 = CARTESIAN_POINT('',(0.,-51.5,1.103809103446E-14));
#985 = DIRECTION('',(0.,1.,0.));
#986 = DIRECTION('',(0.,0.,-1.));
#987 = PCURVE('',#767,#988);
#988 = DEFINITIONAL_REPRESENTATION('',(#989),#993);
#989 = CIRCLE('',#990,8.3);
#990 = AXIS2_PLACEMENT_2D('',#991,#992);
#991 = CARTESIAN_POINT('',(1.103809103446E-14,0.));
#992 = DIRECTION('',(-1.,0.));
#993 = ( GEOMETRIC_REPRESENTATION_CONTEXT(2) 
PARAMETRIC_REPRESENTATION_CONTEXT() REPRESENTATION_CONTEXT('2D SPACE',''
  ) );
#994 = PCURVE('',#995,#1000);
#995 = CONICAL_SURFACE('',#996,8.149999999538,0.785398163397);
#996 = AXIS2_PLACEMENT_3D('',#997,#998,#999);
#997 = CARTESIAN_POINT('',(0.,-51.34999999953,1.104727588548E-14));
#998 = DIRECTION('',(0.,-1.,0.));
#999 = DIRECTION('',(0.,0.,-1.));
#1000 = DEFINITIONAL_REPRESENTATION('',(#1001),#1005);
#1001 = LINE('',#1002,#1003);
#1002 = CARTESIAN_POINT('',(6.28318530718,0.150000000462));
#1003 = VECTOR('',#1004,1.);
#1004 = DIRECTION('',(-1.,0.));
#1005 = ( GEOMETRIC_REPRESENTATION_CONTEXT(2) 
PARAMETRIC_REPRESENTATION_CONTEXT() REPRESENTATION_CONTEXT('2D SPACE',''
  ) );
#1006 = FACE_BOUND('',#1007,.F.);
#1007 = EDGE_LOOP('',(#1008,#1039));
#1008 = ORIENTED_EDGE('',*,*,#1009,.F.);
#1009 = EDGE_CURVE('',#1010,#1012,#1014,.T.);
#1010 = VERTEX_POINT('',#1011);
#1011 = CARTESIAN_POINT('',(-1.75,-51.5,11.));
#1012 = VERTEX_POINT('',#1013);
#1013 = CARTESIAN_POINT('',(1.75,-51.5,11.));
#1014 = SURFACE_CURVE('',#1015,(#1020,#1027),.PCURVE_S1.);
#1015 = CIRCLE('',#1016,1.75);
#1016 = AXIS2_PLACEMENT_3D('',#1017,#1018,#1019);
#1017 = CARTESIAN_POINT('',(0.,-51.5,11.));
#1018 = DIRECTION('',(0.,1.,-0.));
#1019 = DIRECTION('',(-1.,0.,0.));
#1020 = PCURVE('',#767,#1021);
#1021 = DEFINITIONAL_REPRESENTATION('',(#1022),#1026);
#1022 = CIRCLE('',#1023,1.75);
#1023 = AXIS2_PLACEMENT_2D('',#1024,#1025);
#1024 = CARTESIAN_POINT('',(11.,0.));
#1025 = DIRECTION('',(0.,-1.));
#1026 = ( GEOMETRIC_REPRESENTATION_CONTEXT(2) 
PARAMETRIC_REPRESENTATION_CONTEXT() REPRESENTATION_CONTEXT('2D SPACE',''
  ) );
#1027 = PCURVE('',#1028,#1033);
#1028 = CONICAL_SURFACE('',#1029,1.649999995486,0.785398163397);
#1029 = AXIS2_PLACEMENT_3D('',#1030,#1031,#1032);
#1030 = CARTESIAN_POINT('',(0.,-51.39999999548,11.));
#1031 = DIRECTION('',(0.,-1.,0.));
#1032 = DIRECTION('',(0.,0.,-1.));
#1033 = DEFINITIONAL_REPRESENTATION('',(#1034),#1038);
#1034 = LINE('',#1035,#1036);
#1035 = CARTESIAN_POINT('',(4.712388980385,0.100000004514));
#1036 = VECTOR('',#1037,1.);
#1037 = DIRECTION('',(-1.,0.));
#1038 = ( GEOMETRIC_REPRESENTATION_CONTEXT(2) 
PARAMETRIC_REPRESENTATION_CONTEXT() REPRESENTATION_CONTEXT('2D SPACE',''
  ) );
#1039 = ORIENTED_EDGE('',*,*,#1040,.F.);
#1040 = EDGE_CURVE('',#1012,#1010,#1041,.T.);
#1041 = SURFACE_CURVE('',#1042,(#1047,#1054),.PCURVE_S1.);
#1042 = CIRCLE('',#1043,1.75);
#1043 = AXIS2_PLACEMENT_3D('',#1044,#1045,#1046);
#1044 = CARTESIAN_POINT('',(0.,-51.5,11.));
#1045 = DIRECTION('',(-0.,1.,0.));
#1046 = DIRECTION('',(1.,0.,0.));
#1047 = PCURVE('',#767,#1048);
#1048 = DEFINITIONAL_REPRESENTATION('',(#1049),#1053);
#1049 = CIRCLE('',#1050,1.75);
#1050 = AXIS2_PLACEMENT_2D('',#1051,#1052);
#1051 = CARTESIAN_POINT('',(11.,0.));
#1052 = DIRECTION('',(0.,1.));
#1053 = ( GEOMETRIC_REPRESENTATION_CONTEXT(2) 
PARAMETRIC_REPRESENTATION_CONTEXT() REPRESENTATION_CONTEXT('2D SPACE',''
  ) );
#1054 = PCURVE('',#1055,#1060);
#1055 = CONICAL_SURFACE('',#1056,1.649999995486,0.785398163397);
#1056 = AXIS2_PLACEMENT_3D('',#1057,#1058,#1059);
#1057 = CARTESIAN_POINT('',(0.,-51.39999999548,11.));
#1058 = DIRECTION('',(0.,-1.,0.));
#1059 = DIRECTION('',(0.,0.,-1.));
#1060 = DEFINITIONAL_REPRESENTATION('',(#1061),#1065);
#1061 = LINE('',#1062,#1063);
#1062 = CARTESIAN_POINT('',(7.853981633974,0.100000004514));
#1063 = VECTOR('',#1064,1.);
#1064 = DIRECTION('',(-1.,0.));
#1065 = ( GEOMETRIC_REPRESENTATION_CONTEXT(2) 
PARAMETRIC_REPRESENTATION_CONTEXT() REPRESENTATION_CONTEXT('2D SPACE',''
  ) );
#1066 = FACE_BOUND('',#1067,.F.);
#1067 = EDGE_LOOP('',(#1068,#1099));
#1068 = ORIENTED_EDGE('',*,*,#1069,.F.);
#1069 = EDGE_CURVE('',#1070,#1072,#1074,.T.);
#1070 = VERTEX_POINT('',#1071);
#1071 = CARTESIAN_POINT('',(-1.75,-51.5,-11.));
#1072 = VERTEX_POINT('',#1073);
#1073 = CARTESIAN_POINT('',(1.75,-51.5,-11.));
#1074 = SURFACE_CURVE('',#1075,(#1080,#1087),.PCURVE_S1.);
#1075 = CIRCLE('',#1076,1.75);
#1076 = AXIS2_PLACEMENT_3D('',#1077,#1078,#1079);
#1077 = CARTESIAN_POINT('',(0.,-51.5,-11.));
#1078 = DIRECTION('',(0.,1.,-0.));
#1079 = DIRECTION('',(-1.,0.,0.));
#1080 = PCURVE('',#767,#1081);
#1081 = DEFINITIONAL_REPRESENTATION('',(#1082),#1086);
#1082 = CIRCLE('',#1083,1.75);
#1083 = AXIS2_PLACEMENT_2D('',#1084,#1085);
#1084 = CARTESIAN_POINT('',(-11.,0.));
#1085 = DIRECTION('',(0.,-1.));
#1086 = ( GEOMETRIC_REPRESENTATION_CONTEXT(2) 
PARAMETRIC_REPRESENTATION_CONTEXT() REPRESENTATION_CONTEXT('2D SPACE',''
  ) );
#1087 = PCURVE('',#1088,#1093);
#1088 = CONICAL_SURFACE('',#1089,1.649999995486,0.785398163397);
#1089 = AXIS2_PLACEMENT_3D('',#1090,#1091,#1092);
#1090 = CARTESIAN_POINT('',(0.,-51.39999999548,-11.));
#1091 = DIRECTION('',(0.,-1.,0.));
#1092 = DIRECTION('',(0.,0.,-1.));
#1093 = DEFINITIONAL_REPRESENTATION('',(#1094),#1098);
#1094 = LINE('',#1095,#1096);
#1095 = CARTESIAN_POINT('',(4.712388980385,0.100000004514));
#1096 = VECTOR('',#1097,1.);
#1097 = DIRECTION('',(-1.,0.));
#1098 = ( GEOMETRIC_REPRESENTATION_CONTEXT(2) 
PARAMETRIC_REPRESENTATION_CONTEXT() REPRESENTATION_CONTEXT('2D SPACE',''
  ) );
#1099 = ORIENTED_EDGE('',*,*,#1100,.F.);
#1100 = EDGE_CURVE('',#1072,#1070,#1101,.T.);
#1101 = SURFACE_CURVE('',#1102,(#1107,#1114),.PCURVE_S1.);
#1102 = CIRCLE('',#1103,1.75);
#1103 = AXIS2_PLACEMENT_3D('',#1104,#1105,#1106);
#1104 = CARTESIAN_POINT('',(0.,-51.5,-11.));
#1105 = DIRECTION('',(-0.,1.,0.));
#1106 = DIRECTION('',(1.,0.,0.));
#1107 = PCURVE('',#767,#1108);
#1108 = DEFINITIONAL_REPRESENTATION('',(#1109),#1113);
#1109 = CIRCLE('',#1110,1.75);
#1110 = AXIS2_PLACEMENT_2D('',#1111,#1112);
#1111 = CARTESIAN_POINT('',(-11.,0.));
#1112 = DIRECTION('',(0.,1.));
#1113 = ( GEOMETRIC_REPRESENTATION_CONTEXT(2) 
PARAMETRIC_REPRESENTATION_CONTEXT() REPRESENTATION_CONTEXT('2D SPACE',''
  ) );
#1114 = PCURVE('',#1115,#1120);
#1115 = CONICAL_SURFACE('',#1116,1.649999995486,0.785398163397);
#1116 = AXIS2_PLACEMENT_3D('',#1117,#1118,#1119);
#1117 = CARTESIAN_POINT('',(0.,-51.39999999548,-11.));
#1118 = DIRECTION('',(0.,-1.,0.));
#1119 = DIRECTION('',(0.,0.,-1.));
#1120 = DEFINITIONAL_REPRESENTATION('',(#1121),#1125);
#1121 = LINE('',#1122,#1123);
#1122 = CARTESIAN_POINT('',(7.853981633974,0.100000004514));
#1123 = VECTOR('',#1124,1.);
#1124 = DIRECTION('',(-1.,0.));
#1125 = ( GEOMETRIC_REPRESENTATION_CONTEXT(2) 
PARAMETRIC_REPRESENTATION_CONTEXT() REPRESENTATION_CONTEXT('2D SPACE',''
  ) );
#1126 = ADVANCED_FACE('',(#1127,#1131,#1191,#1251,#1311,#1371),#894,.F.
  );
#1127 = FACE_BOUND('',#1128,.F.);
#1128 = EDGE_LOOP('',(#1129,#1130));
#1129 = ORIENTED_EDGE('',*,*,#879,.F.);
#1130 = ORIENTED_EDGE('',*,*,#916,.F.);
#1131 = FACE_BOUND('',#1132,.F.);
#1132 = EDGE_LOOP('',(#1133,#1164));
#1133 = ORIENTED_EDGE('',*,*,#1134,.F.);
#1134 = EDGE_CURVE('',#1135,#1137,#1139,.T.);
#1135 = VERTEX_POINT('',#1136);
#1136 = CARTESIAN_POINT('',(-12.45,10.,0.));
#1137 = VERTEX_POINT('',#1138);
#1138 = CARTESIAN_POINT('',(-15.55,10.,0.));
#1139 = SURFACE_CURVE('',#1140,(#1145,#1152),.PCURVE_S1.);
#1140 = CIRCLE('',#1141,1.55);
#1141 = AXIS2_PLACEMENT_3D('',#1142,#1143,#1144);
#1142 = CARTESIAN_POINT('',(-14.,10.,0.));
#1143 = DIRECTION('',(0.,-1.,0.));
#1144 = DIRECTION('',(1.,0.,0.));
#1145 = PCURVE('',#894,#1146);
#1146 = DEFINITIONAL_REPRESENTATION('',(#1147),#1151);
#1147 = CIRCLE('',#1148,1.55);
#1148 = AXIS2_PLACEMENT_2D('',#1149,#1150);
#1149 = CARTESIAN_POINT('',(14.,0.));
#1150 = DIRECTION('',(-1.,-0.));
#1151 = ( GEOMETRIC_REPRESENTATION_CONTEXT(2) 
PARAMETRIC_REPRESENTATION_CONTEXT() REPRESENTATION_CONTEXT('2D SPACE',''
  ) );
#1152 = PCURVE('',#1153,#1158);
#1153 = CONICAL_SURFACE('',#1154,1.399999996325,0.785398163397);
#1154 = AXIS2_PLACEMENT_3D('',#1155,#1156,#1157);
#1155 = CARTESIAN_POINT('',(-14.,9.849999996325,0.));
#1156 = DIRECTION('',(0.,1.,0.));
#1157 = DIRECTION('',(0.,0.,-1.));
#1158 = DEFINITIONAL_REPRESENTATION('',(#1159),#1163);
#1159 = LINE('',#1160,#1161);
#1160 = CARTESIAN_POINT('',(4.712388980385,0.150000003675));
#1161 = VECTOR('',#1162,1.);
#1162 = DIRECTION('',(-1.,0.));
#1163 = ( GEOMETRIC_REPRESENTATION_CONTEXT(2) 
PARAMETRIC_REPRESENTATION_CONTEXT() REPRESENTATION_CONTEXT('2D SPACE',''
  ) );
#1164 = ORIENTED_EDGE('',*,*,#1165,.F.);
#1165 = EDGE_CURVE('',#1137,#1135,#1166,.T.);
#1166 = SURFACE_CURVE('',#1167,(#1172,#1179),.PCURVE_S1.);
#1167 = CIRCLE('',#1168,1.55);
#1168 = AXIS2_PLACEMENT_3D('',#1169,#1170,#1171);
#1169 = CARTESIAN_POINT('',(-14.,10.,0.));
#1170 = DIRECTION('',(0.,-1.,0.));
#1171 = DIRECTION('',(-1.,0.,0.));
#1172 = PCURVE('',#894,#1173);
#1173 = DEFINITIONAL_REPRESENTATION('',(#1174),#1178);
#1174 = CIRCLE('',#1175,1.55);
#1175 = AXIS2_PLACEMENT_2D('',#1176,#1177);
#1176 = CARTESIAN_POINT('',(14.,0.));
#1177 = DIRECTION('',(1.,0.));
#1178 = ( GEOMETRIC_REPRESENTATION_CONTEXT(2) 
PARAMETRIC_REPRESENTATION_CONTEXT() REPRESENTATION_CONTEXT('2D SPACE',''
  ) );
#1179 = PCURVE('',#1180,#1185);
#1180 = CONICAL_SURFACE('',#1181,1.399999996325,0.785398163397);
#1181 = AXIS2_PLACEMENT_3D('',#1182,#1183,#1184);
#1182 = CARTESIAN_POINT('',(-14.,9.849999996325,0.));
#1183 = DIRECTION('',(0.,1.,0.));
#1184 = DIRECTION('',(0.,0.,-1.));
#1185 = DEFINITIONAL_REPRESENTATION('',(#1186),#1190);
#1186 = LINE('',#1187,#1188);
#1187 = CARTESIAN_POINT('',(7.853981633974,0.150000003675));
#1188 = VECTOR('',#1189,1.);
#1189 = DIRECTION('',(-1.,0.));
#1190 = ( GEOMETRIC_REPRESENTATION_CONTEXT(2) 
PARAMETRIC_REPRESENTATION_CONTEXT() REPRESENTATION_CONTEXT('2D SPACE',''
  ) );
#1191 = FACE_BOUND('',#1192,.F.);
#1192 = EDGE_LOOP('',(#1193,#1224));
#1193 = ORIENTED_EDGE('',*,*,#1194,.F.);
#1194 = EDGE_CURVE('',#1195,#1197,#1199,.T.);
#1195 = VERTEX_POINT('',#1196);
#1196 = CARTESIAN_POINT('',(0.,10.,-12.45));
#1197 = VERTEX_POINT('',#1198);
#1198 = CARTESIAN_POINT('',(0.,10.,-15.55));
#1199 = SURFACE_CURVE('',#1200,(#1205,#1212),.PCURVE_S1.);
#1200 = CIRCLE('',#1201,1.55);
#1201 = AXIS2_PLACEMENT_3D('',#1202,#1203,#1204);
#1202 = CARTESIAN_POINT('',(0.,10.,-14.));
#1203 = DIRECTION('',(0.,-1.,0.));
#1204 = DIRECTION('',(0.,0.,1.));
#1205 = PCURVE('',#894,#1206);
#1206 = DEFINITIONAL_REPRESENTATION('',(#1207),#1211);
#1207 = CIRCLE('',#1208,1.55);
#1208 = AXIS2_PLACEMENT_2D('',#1209,#1210);
#1209 = CARTESIAN_POINT('',(0.,14.));
#1210 = DIRECTION('',(0.,-1.));
#1211 = ( GEOMETRIC_REPRESENTATION_CONTEXT(2) 
PARAMETRIC_REPRESENTATION_CONTEXT() REPRESENTATION_CONTEXT('2D SPACE',''
  ) );
#1212 = PCURVE('',#1213,#1218);
#1213 = CONICAL_SURFACE('',#1214,1.399999996325,0.785398163397);
#1214 = AXIS2_PLACEMENT_3D('',#1215,#1216,#1217);
#1215 = CARTESIAN_POINT('',(0.,9.849999996325,-14.));
#1216 = DIRECTION('',(0.,1.,0.));
#1217 = DIRECTION('',(0.,0.,-1.));
#1218 = DEFINITIONAL_REPRESENTATION('',(#1219),#1223);
#1219 = LINE('',#1220,#1221);
#1220 = CARTESIAN_POINT('',(3.14159265359,0.150000003675));
#1221 = VECTOR('',#1222,1.);
#1222 = DIRECTION('',(-1.,0.));
#1223 = ( GEOMETRIC_REPRESENTATION_CONTEXT(2) 
PARAMETRIC_REPRESENTATION_CONTEXT() REPRESENTATION_CONTEXT('2D SPACE',''
  ) );
#1224 = ORIENTED_EDGE('',*,*,#1225,.F.);
#1225 = EDGE_CURVE('',#1197,#1195,#1226,.T.);
#1226 = SURFACE_CURVE('',#1227,(#1232,#1239),.PCURVE_S1.);
#1227 = CIRCLE('',#1228,1.55);
#1228 = AXIS2_PLACEMENT_3D('',#1229,#1230,#1231);
#1229 = CARTESIAN_POINT('',(0.,10.,-14.));
#1230 = DIRECTION('',(0.,-1.,0.));
#1231 = DIRECTION('',(0.,0.,-1.));
#1232 = PCURVE('',#894,#1233);
#1233 = DEFINITIONAL_REPRESENTATION('',(#1234),#1238);
#1234 = CIRCLE('',#1235,1.55);
#1235 = AXIS2_PLACEMENT_2D('',#1236,#1237);
#1236 = CARTESIAN_POINT('',(0.,14.));
#1237 = DIRECTION('',(0.,1.));
#1238 = ( GEOMETRIC_REPRESENTATION_CONTEXT(2) 
PARAMETRIC_REPRESENTATION_CONTEXT() REPRESENTATION_CONTEXT('2D SPACE',''
  ) );
#1239 = PCURVE('',#1240,#1245);
#1240 = CONICAL_SURFACE('',#1241,1.399999996325,0.785398163397);
#1241 = AXIS2_PLACEMENT_3D('',#1242,#1243,#1244);
#1242 = CARTESIAN_POINT('',(0.,9.849999996325,-14.));
#1243 = DIRECTION('',(0.,1.,0.));
#1244 = DIRECTION('',(0.,0.,-1.));
#1245 = DEFINITIONAL_REPRESENTATION('',(#1246),#1250);
#1246 = LINE('',#1247,#1248);
#1247 = CARTESIAN_POINT('',(6.28318530718,0.150000003675));
#1248 = VECTOR('',#1249,1.);
#1249 = DIRECTION('',(-1.,0.));
#1250 = ( GEOMETRIC_REPRESENTATION_CONTEXT(2) 
PARAMETRIC_REPRESENTATION_CONTEXT() REPRESENTATION_CONTEXT('2D SPACE',''
  ) );
#1251 = FACE_BOUND('',#1252,.F.);
#1252 = EDGE_LOOP('',(#1253,#1284));
#1253 = ORIENTED_EDGE('',*,*,#1254,.F.);
#1254 = EDGE_CURVE('',#1255,#1257,#1259,.T.);
#1255 = VERTEX_POINT('',#1256);
#1256 = CARTESIAN_POINT('',(12.45,10.,0.));
#1257 = VERTEX_POINT('',#1258);
#1258 = CARTESIAN_POINT('',(15.55,10.,0.));
#1259 = SURFACE_CURVE('',#1260,(#1265,#1272),.PCURVE_S1.);
#1260 = CIRCLE('',#1261,1.55);
#1261 = AXIS2_PLACEMENT_3D('',#1262,#1263,#1264);
#1262 = CARTESIAN_POINT('',(14.,10.,0.));
#1263 = DIRECTION('',(0.,-1.,0.));
#1264 = DIRECTION('',(-1.,0.,0.));
#1265 = PCURVE('',#894,#1266);
#1266 = DEFINITIONAL_REPRESENTATION('',(#1267),#1271);
#1267 = CIRCLE('',#1268,1.55);
#1268 = AXIS2_PLACEMENT_2D('',#1269,#1270);
#1269 = CARTESIAN_POINT('',(-14.,0.));
#1270 = DIRECTION('',(1.,0.));
#1271 = ( GEOMETRIC_REPRESENTATION_CONTEXT(2) 
PARAMETRIC_REPRESENTATION_CONTEXT() REPRESENTATION_CONTEXT('2D SPACE',''
  ) );
#1272 = PCURVE('',#1273,#1278);
#1273 = CONICAL_SURFACE('',#1274,1.399999996325,0.785398163397);
#1274 = AXIS2_PLACEMENT_3D('',#1275,#1276,#1277);
#1275 = CARTESIAN_POINT('',(14.,9.849999996325,0.));
#1276 = DIRECTION('',(0.,1.,0.));
#1277 = DIRECTION('',(0.,0.,-1.));
#1278 = DEFINITIONAL_REPRESENTATION('',(#1279),#1283);
#1279 = LINE('',#1280,#1281);
#1280 = CARTESIAN_POINT('',(7.853981633974,0.150000003675));
#1281 = VECTOR('',#1282,1.);
#1282 = DIRECTION('',(-1.,0.));
#1283 = ( GEOMETRIC_REPRESENTATION_CONTEXT(2) 
PARAMETRIC_REPRESENTATION_CONTEXT() REPRESENTATION_CONTEXT('2D SPACE',''
  ) );
#1284 = ORIENTED_EDGE('',*,*,#1285,.F.);
#1285 = EDGE_CURVE('',#1257,#1255,#1286,.T.);
#1286 = SURFACE_CURVE('',#1287,(#1292,#1299),.PCURVE_S1.);
#1287 = CIRCLE('',#1288,1.55);
#1288 = AXIS2_PLACEMENT_3D('',#1289,#1290,#1291);
#1289 = CARTESIAN_POINT('',(14.,10.,0.));
#1290 = DIRECTION('',(0.,-1.,0.));
#1291 = DIRECTION('',(1.,0.,0.));
#1292 = PCURVE('',#894,#1293);
#1293 = DEFINITIONAL_REPRESENTATION('',(#1294),#1298);
#1294 = CIRCLE('',#1295,1.55);
#1295 = AXIS2_PLACEMENT_2D('',#1296,#1297);
#1296 = CARTESIAN_POINT('',(-14.,0.));
#1297 = DIRECTION('',(-1.,-0.));
#1298 = ( GEOMETRIC_REPRESENTATION_CONTEXT(2) 
PARAMETRIC_REPRESENTATION_CONTEXT() REPRESENTATION_CONTEXT('2D SPACE',''
  ) );
#1299 = PCURVE('',#1300,#1305);
#1300 = CONICAL_SURFACE('',#1301,1.399999996325,0.785398163397);
#1301 = AXIS2_PLACEMENT_3D('',#1302,#1303,#1304);
#1302 = CARTESIAN_POINT('',(14.,9.849999996325,0.));
#1303 = DIRECTION('',(0.,1.,0.));
#1304 = DIRECTION('',(0.,0.,-1.));
#1305 = DEFINITIONAL_REPRESENTATION('',(#1306),#1310);
#1306 = LINE('',#1307,#1308);
#1307 = CARTESIAN_POINT('',(4.712388980385,0.150000003675));
#1308 = VECTOR('',#1309,1.);
#1309 = DIRECTION('',(-1.,0.));
#1310 = ( GEOMETRIC_REPRESENTATION_CONTEXT(2) 
PARAMETRIC_REPRESENTATION_CONTEXT() REPRESENTATION_CONTEXT('2D SPACE',''
  ) );
#1311 = FACE_BOUND('',#1312,.F.);
#1312 = EDGE_LOOP('',(#1313,#1344));
#1313 = ORIENTED_EDGE('',*,*,#1314,.F.);
#1314 = EDGE_CURVE('',#1315,#1317,#1319,.T.);
#1315 = VERTEX_POINT('',#1316);
#1316 = CARTESIAN_POINT('',(0.,10.,12.45));
#1317 = VERTEX_POINT('',#1318);
#1318 = CARTESIAN_POINT('',(0.,10.,15.55));
#1319 = SURFACE_CURVE('',#1320,(#1325,#1332),.PCURVE_S1.);
#1320 = CIRCLE('',#1321,1.55);
#1321 = AXIS2_PLACEMENT_3D('',#1322,#1323,#1324);
#1322 = CARTESIAN_POINT('',(0.,10.,14.));
#1323 = DIRECTION('',(0.,-1.,0.));
#1324 = DIRECTION('',(0.,0.,-1.));
#1325 = PCURVE('',#894,#1326);
#1326 = DEFINITIONAL_REPRESENTATION('',(#1327),#1331);
#1327 = CIRCLE('',#1328,1.55);
#1328 = AXIS2_PLACEMENT_2D('',#1329,#1330);
#1329 = CARTESIAN_POINT('',(0.,-14.));
#1330 = DIRECTION('',(0.,1.));
#1331 = ( GEOMETRIC_REPRESENTATION_CONTEXT(2) 
PARAMETRIC_REPRESENTATION_CONTEXT() REPRESENTATION_CONTEXT('2D SPACE',''
  ) );
#1332 = PCURVE('',#1333,#1338);
#1333 = CONICAL_SURFACE('',#1334,1.399999996325,0.785398163397);
#1334 = AXIS2_PLACEMENT_3D('',#1335,#1336,#1337);
#1335 = CARTESIAN_POINT('',(0.,9.849999996325,14.));
#1336 = DIRECTION('',(0.,1.,0.));
#1337 = DIRECTION('',(0.,0.,-1.));
#1338 = DEFINITIONAL_REPRESENTATION('',(#1339),#1343);
#1339 = LINE('',#1340,#1341);
#1340 = CARTESIAN_POINT('',(6.28318530718,0.150000003675));
#1341 = VECTOR('',#1342,1.);
#1342 = DIRECTION('',(-1.,0.));
#1343 = ( GEOMETRIC_REPRESENTATION_CONTEXT(2) 
PARAMETRIC_REPRESENTATION_CONTEXT() REPRESENTATION_CONTEXT('2D SPACE',''
  ) );
#1344 = ORIENTED_EDGE('',*,*,#1345,.F.);
#1345 = EDGE_CURVE('',#1317,#1315,#1346,.T.);
#1346 = SURFACE_CURVE('',#1347,(#1352,#1359),.PCURVE_S1.);
#1347 = CIRCLE('',#1348,1.55);
#1348 = AXIS2_PLACEMENT_3D('',#1349,#1350,#1351);
#1349 = CARTESIAN_POINT('',(0.,10.,14.));
#1350 = DIRECTION('',(0.,-1.,0.));
#1351 = DIRECTION('',(0.,0.,1.));
#1352 = PCURVE('',#894,#1353);
#1353 = DEFINITIONAL_REPRESENTATION('',(#1354),#1358);
#1354 = CIRCLE('',#1355,1.55);
#1355 = AXIS2_PLACEMENT_2D('',#1356,#1357);
#1356 = CARTESIAN_POINT('',(0.,-14.));
#1357 = DIRECTION('',(0.,-1.));
#1358 = ( GEOMETRIC_REPRESENTATION_CONTEXT(2) 
PARAMETRIC_REPRESENTATION_CONTEXT() REPRESENTATION_CONTEXT('2D SPACE',''
  ) );
#1359 = PCURVE('',#1360,#1365);
#1360 = CONICAL_SURFACE('',#1361,1.399999996325,0.785398163397);
#1361 = AXIS2_PLACEMENT_3D('',#1362,#1363,#1364);
#1362 = CARTESIAN_POINT('',(0.,9.849999996325,14.));
#1363 = DIRECTION('',(0.,1.,0.));
#1364 = DIRECTION('',(0.,0.,-1.));
#1365 = DEFINITIONAL_REPRESENTATION('',(#1366),#1370);
#1366 = LINE('',#1367,#1368);
#1367 = CARTESIAN_POINT('',(3.14159265359,0.150000003675));
#1368 = VECTOR('',#1369,1.);
#1369 = DIRECTION('',(-1.,0.));
#1370 = ( GEOMETRIC_REPRESENTATION_CONTEXT(2) 
PARAMETRIC_REPRESENTATION_CONTEXT() REPRESENTATION_CONTEXT('2D SPACE',''
  ) );
#1371 = FACE_BOUND('',#1372,.F.);
#1372 = EDGE_LOOP('',(#1373,#1408));
#1373 = ORIENTED_EDGE('',*,*,#1374,.T.);
#1374 = EDGE_CURVE('',#1375,#1377,#1379,.T.);
#1375 = VERTEX_POINT('',#1376);
#1376 = CARTESIAN_POINT('',(10.5,10.,0.));
#1377 = VERTEX_POINT('',#1378);
#1378 = CARTESIAN_POINT('',(-10.5,10.,0.));
#1379 = SURFACE_CURVE('',#1380,(#1385,#1396),.PCURVE_S1.);
#1380 = CIRCLE('',#1381,10.5);
#1381 = AXIS2_PLACEMENT_3D('',#1382,#1383,#1384);
#1382 = CARTESIAN_POINT('',(0.,10.,0.));
#1383 = DIRECTION('',(-0.,1.,0.));
#1384 = DIRECTION('',(1.,0.,0.));
#1385 = PCURVE('',#894,#1386);
#1386 = DEFINITIONAL_REPRESENTATION('',(#1387),#1395);
#1387 = ( BOUNDED_CURVE() B_SPLINE_CURVE(2,(#1388,#1389,#1390,#1391,
#1392,#1393,#1394),.UNSPECIFIED.,.T.,.F.) B_SPLINE_CURVE_WITH_KNOTS((1,2
    ,2,2,2,1),(-2.094395102393,0.,2.094395102393,4.188790204786,
6.28318530718,8.377580409573),.UNSPECIFIED.) CURVE() 
GEOMETRIC_REPRESENTATION_ITEM() RATIONAL_B_SPLINE_CURVE((1.,0.5,1.,0.5,
1.,0.5,1.)) REPRESENTATION_ITEM('') );
#1388 = CARTESIAN_POINT('',(-10.5,0.));
#1389 = CARTESIAN_POINT('',(-10.5,18.186533479473));
#1390 = CARTESIAN_POINT('',(5.25,9.093266739737));
#1391 = CARTESIAN_POINT('',(21.,2.571758278209E-15));
#1392 = CARTESIAN_POINT('',(5.25,-9.093266739737));
#1393 = CARTESIAN_POINT('',(-10.5,-18.18653347947));
#1394 = CARTESIAN_POINT('',(-10.5,0.));
#1395 = ( GEOMETRIC_REPRESENTATION_CONTEXT(2) 
PARAMETRIC_REPRESENTATION_CONTEXT() REPRESENTATION_CONTEXT('2D SPACE',''
  ) );
#1396 = PCURVE('',#1397,#1402);
#1397 = CYLINDRICAL_SURFACE('',#1398,10.5);
#1398 = AXIS2_PLACEMENT_3D('',#1399,#1400,#1401);
#1399 = CARTESIAN_POINT('',(0.,12.6,0.));
#1400 = DIRECTION('',(0.,-1.,0.));
#1401 = DIRECTION('',(-1.,0.,0.));
#1402 = DEFINITIONAL_REPRESENTATION('',(#1403),#1407);
#1403 = LINE('',#1404,#1405);
#1404 = CARTESIAN_POINT('',(3.14159265359,2.6));
#1405 = VECTOR('',#1406,1.);
#1406 = DIRECTION('',(-1.,0.));
#1407 = ( GEOMETRIC_REPRESENTATION_CONTEXT(2) 
PARAMETRIC_REPRESENTATION_CONTEXT() REPRESENTATION_CONTEXT('2D SPACE',''
  ) );
#1408 = ORIENTED_EDGE('',*,*,#1409,.F.);
#1409 = EDGE_CURVE('',#1375,#1377,#1410,.T.);
#1410 = SURFACE_CURVE('',#1411,(#1416,#1423),.PCURVE_S1.);
#1411 = CIRCLE('',#1412,10.5);
#1412 = AXIS2_PLACEMENT_3D('',#1413,#1414,#1415);
#1413 = CARTESIAN_POINT('',(0.,10.,0.));
#1414 = DIRECTION('',(0.,-1.,0.));
#1415 = DIRECTION('',(1.,0.,0.));
#1416 = PCURVE('',#894,#1417);
#1417 = DEFINITIONAL_REPRESENTATION('',(#1418),#1422);
#1418 = CIRCLE('',#1419,10.5);
#1419 = AXIS2_PLACEMENT_2D('',#1420,#1421);
#1420 = CARTESIAN_POINT('',(0.,0.));
#1421 = DIRECTION('',(-1.,-0.));
#1422 = ( GEOMETRIC_REPRESENTATION_CONTEXT(2) 
PARAMETRIC_REPRESENTATION_CONTEXT() REPRESENTATION_CONTEXT('2D SPACE',''
  ) );
#1423 = PCURVE('',#1424,#1429);
#1424 = CYLINDRICAL_SURFACE('',#1425,10.5);
#1425 = AXIS2_PLACEMENT_3D('',#1426,#1427,#1428);
#1426 = CARTESIAN_POINT('',(0.,12.6,0.));
#1427 = DIRECTION('',(0.,-1.,0.));
#1428 = DIRECTION('',(-1.,0.,0.));
#1429 = DEFINITIONAL_REPRESENTATION('',(#1430),#1434);
#1430 = LINE('',#1431,#1432);
#1431 = CARTESIAN_POINT('',(3.14159265359,2.6));
#1432 = VECTOR('',#1433,1.);
#1433 = DIRECTION('',(1.,0.));
#1434 = ( GEOMETRIC_REPRESENTATION_CONTEXT(2) 
PARAMETRIC_REPRESENTATION_CONTEXT() REPRESENTATION_CONTEXT('2D SPACE',''
  ) );
#1435 = ADVANCED_FACE('',(#1436),#968,.F.);
#1436 = FACE_BOUND('',#1437,.F.);
#1437 = EDGE_LOOP('',(#1438,#1439,#1462,#1491));
#1438 = ORIENTED_EDGE('',*,*,#949,.T.);
#1439 = ORIENTED_EDGE('',*,*,#1440,.T.);
#1440 = EDGE_CURVE('',#952,#1441,#1443,.T.);
#1441 = VERTEX_POINT('',#1442);
#1442 = CARTESIAN_POINT('',(0.,-51.2,-8.));
#1443 = SURFACE_CURVE('',#1444,(#1448,#1455),.PCURVE_S1.);
#1444 = LINE('',#1445,#1446);
#1445 = CARTESIAN_POINT('',(-6.467610286126E-09,-51.49999999944,
    -8.299999999448));
#1446 = VECTOR('',#1447,1.);
#1447 = DIRECTION('',(4.224320605577E-09,0.707106781187,0.707106781186)
  );
#1448 = PCURVE('',#968,#1449);
#1449 = DEFINITIONAL_REPRESENTATION('',(#1450),#1454);
#1450 = LINE('',#1451,#1452);
#1451 = CARTESIAN_POINT('',(0.,0.14999999991));
#1452 = VECTOR('',#1453,1.);
#1453 = DIRECTION('',(0.,-1.));
#1454 = ( GEOMETRIC_REPRESENTATION_CONTEXT(2) 
PARAMETRIC_REPRESENTATION_CONTEXT() REPRESENTATION_CONTEXT('2D SPACE',''
  ) );
#1455 = PCURVE('',#995,#1456);
#1456 = DEFINITIONAL_REPRESENTATION('',(#1457),#1461);
#1457 = LINE('',#1458,#1459);
#1458 = CARTESIAN_POINT('',(6.28318530718,0.14999999991));
#1459 = VECTOR('',#1460,1.);
#1460 = DIRECTION('',(0.,-1.));
#1461 = ( GEOMETRIC_REPRESENTATION_CONTEXT(2) 
PARAMETRIC_REPRESENTATION_CONTEXT() REPRESENTATION_CONTEXT('2D SPACE',''
  ) );
#1462 = ORIENTED_EDGE('',*,*,#1463,.F.);
#1463 = EDGE_CURVE('',#1464,#1441,#1466,.T.);
#1464 = VERTEX_POINT('',#1465);
#1465 = CARTESIAN_POINT('',(0.,-51.2,8.));
#1466 = SURFACE_CURVE('',#1467,(#1472,#1479),.PCURVE_S1.);
#1467 = CIRCLE('',#1468,8.);
#1468 = AXIS2_PLACEMENT_3D('',#1469,#1470,#1471);
#1469 = CARTESIAN_POINT('',(0.,-51.2,0.));
#1470 = DIRECTION('',(0.,1.,0.));
#1471 = DIRECTION('',(0.,0.,1.));
#1472 = PCURVE('',#968,#1473);
#1473 = DEFINITIONAL_REPRESENTATION('',(#1474),#1478);
#1474 = LINE('',#1475,#1476);
#1475 = CARTESIAN_POINT('',(3.14159265359,-0.149999999538));
#1476 = VECTOR('',#1477,1.);
#1477 = DIRECTION('',(-1.,3.39222927299E-15));
#1478 = ( GEOMETRIC_REPRESENTATION_CONTEXT(2) 
PARAMETRIC_REPRESENTATION_CONTEXT() REPRESENTATION_CONTEXT('2D SPACE',''
  ) );
#1479 = PCURVE('',#1480,#1485);
#1480 = CYLINDRICAL_SURFACE('',#1481,8.);
#1481 = AXIS2_PLACEMENT_3D('',#1482,#1483,#1484);
#1482 = CARTESIAN_POINT('',(0.,-51.985,0.));
#1483 = DIRECTION('',(0.,1.,0.));
#1484 = DIRECTION('',(0.,0.,1.));
#1485 = DEFINITIONAL_REPRESENTATION('',(#1486),#1490);
#1486 = LINE('',#1487,#1488);
#1487 = CARTESIAN_POINT('',(0.,0.785));
#1488 = VECTOR('',#1489,1.);
#1489 = DIRECTION('',(1.,0.));
#1490 = ( GEOMETRIC_REPRESENTATION_CONTEXT(2) 
PARAMETRIC_REPRESENTATION_CONTEXT() REPRESENTATION_CONTEXT('2D SPACE',''
  ) );
#1491 = ORIENTED_EDGE('',*,*,#1492,.F.);
#1492 = EDGE_CURVE('',#950,#1464,#1493,.T.);
#1493 = SURFACE_CURVE('',#1494,(#1498,#1505),.PCURVE_S1.);
#1494 = LINE('',#1495,#1496);
#1495 = CARTESIAN_POINT('',(6.467618966402E-09,-51.49999999944,
    8.299999999448));
#1496 = VECTOR('',#1497,1.);
#1497 = DIRECTION('',(-4.224331245605E-09,0.707106781187,-0.707106781187
    ));
#1498 = PCURVE('',#968,#1499);
#1499 = DEFINITIONAL_REPRESENTATION('',(#1500),#1504);
#1500 = LINE('',#1501,#1502);
#1501 = CARTESIAN_POINT('',(3.141592652811,0.14999999991));
#1502 = VECTOR('',#1503,1.);
#1503 = DIRECTION('',(6.493590850216E-10,-1.));
#1504 = ( GEOMETRIC_REPRESENTATION_CONTEXT(2) 
PARAMETRIC_REPRESENTATION_CONTEXT() REPRESENTATION_CONTEXT('2D SPACE',''
  ) );
#1505 = PCURVE('',#995,#1506);
#1506 = DEFINITIONAL_REPRESENTATION('',(#1507),#1511);
#1507 = LINE('',#1508,#1509);
#1508 = CARTESIAN_POINT('',(3.141592652811,0.14999999991));
#1509 = VECTOR('',#1510,1.);
#1510 = DIRECTION('',(6.493590850216E-10,-1.));
#1511 = ( GEOMETRIC_REPRESENTATION_CONTEXT(2) 
PARAMETRIC_REPRESENTATION_CONTEXT() REPRESENTATION_CONTEXT('2D SPACE',''
  ) );
#1512 = ADVANCED_FACE('',(#1513),#995,.F.);
#1513 = FACE_BOUND('',#1514,.F.);
#1514 = EDGE_LOOP('',(#1515,#1516,#1517,#1544));
#1515 = ORIENTED_EDGE('',*,*,#980,.T.);
#1516 = ORIENTED_EDGE('',*,*,#1492,.T.);
#1517 = ORIENTED_EDGE('',*,*,#1518,.F.);
#1518 = EDGE_CURVE('',#1441,#1464,#1519,.T.);
#1519 = SURFACE_CURVE('',#1520,(#1525,#1532),.PCURVE_S1.);
#1520 = CIRCLE('',#1521,8.);
#1521 = AXIS2_PLACEMENT_3D('',#1522,#1523,#1524);
#1522 = CARTESIAN_POINT('',(0.,-51.2,0.));
#1523 = DIRECTION('',(0.,1.,0.));
#1524 = DIRECTION('',(0.,0.,-1.));
#1525 = PCURVE('',#995,#1526);
#1526 = DEFINITIONAL_REPRESENTATION('',(#1527),#1531);
#1527 = LINE('',#1528,#1529);
#1528 = CARTESIAN_POINT('',(6.28318530718,-0.149999999538));
#1529 = VECTOR('',#1530,1.);
#1530 = DIRECTION('',(-1.,-3.39222927299E-15));
#1531 = ( GEOMETRIC_REPRESENTATION_CONTEXT(2) 
PARAMETRIC_REPRESENTATION_CONTEXT() REPRESENTATION_CONTEXT('2D SPACE',''
  ) );
#1532 = PCURVE('',#1533,#1538);
#1533 = CYLINDRICAL_SURFACE('',#1534,8.);
#1534 = AXIS2_PLACEMENT_3D('',#1535,#1536,#1537);
#1535 = CARTESIAN_POINT('',(0.,-51.985,0.));
#1536 = DIRECTION('',(0.,1.,0.));
#1537 = DIRECTION('',(0.,0.,1.));
#1538 = DEFINITIONAL_REPRESENTATION('',(#1539),#1543);
#1539 = LINE('',#1540,#1541);
#1540 = CARTESIAN_POINT('',(3.14159265359,0.785));
#1541 = VECTOR('',#1542,1.);
#1542 = DIRECTION('',(1.,0.));
#1543 = ( GEOMETRIC_REPRESENTATION_CONTEXT(2) 
PARAMETRIC_REPRESENTATION_CONTEXT() REPRESENTATION_CONTEXT('2D SPACE',''
  ) );
#1544 = ORIENTED_EDGE('',*,*,#1440,.F.);
#1545 = ADVANCED_FACE('',(#1546),#1028,.F.);
#1546 = FACE_BOUND('',#1547,.F.);
#1547 = EDGE_LOOP('',(#1548,#1549,#1572,#1601));
#1548 = ORIENTED_EDGE('',*,*,#1009,.T.);
#1549 = ORIENTED_EDGE('',*,*,#1550,.T.);
#1550 = EDGE_CURVE('',#1012,#1551,#1553,.T.);
#1551 = VERTEX_POINT('',#1552);
#1552 = CARTESIAN_POINT('',(1.55,-51.3,11.));
#1553 = SURFACE_CURVE('',#1554,(#1558,#1565),.PCURVE_S1.);
#1554 = LINE('',#1555,#1556);
#1555 = CARTESIAN_POINT('',(1.749999993063,-51.49999999306,
    10.99999995923));
#1556 = VECTOR('',#1557,1.);
#1557 = DIRECTION('',(-0.707106781186,0.707106781187,4.838520072268E-08)
  );
#1558 = PCURVE('',#1028,#1559);
#1559 = DEFINITIONAL_REPRESENTATION('',(#1560),#1564);
#1560 = LINE('',#1561,#1562);
#1561 = CARTESIAN_POINT('',(1.570796303498,9.999999757701E-02));
#1562 = VECTOR('',#1563,1.);
#1563 = DIRECTION('',(2.911604068955E-08,-1.));
#1564 = ( GEOMETRIC_REPRESENTATION_CONTEXT(2) 
PARAMETRIC_REPRESENTATION_CONTEXT() REPRESENTATION_CONTEXT('2D SPACE',''
  ) );
#1565 = PCURVE('',#1055,#1566);
#1566 = DEFINITIONAL_REPRESENTATION('',(#1567),#1571);
#1567 = LINE('',#1568,#1569);
#1568 = CARTESIAN_POINT('',(7.853981610677,9.999999757701E-02));
#1569 = VECTOR('',#1570,1.);
#1570 = DIRECTION('',(2.911604068955E-08,-1.));
#1571 = ( GEOMETRIC_REPRESENTATION_CONTEXT(2) 
PARAMETRIC_REPRESENTATION_CONTEXT() REPRESENTATION_CONTEXT('2D SPACE',''
  ) );
#1572 = ORIENTED_EDGE('',*,*,#1573,.F.);
#1573 = EDGE_CURVE('',#1574,#1551,#1576,.T.);
#1574 = VERTEX_POINT('',#1575);
#1575 = CARTESIAN_POINT('',(-1.55,-51.3,11.));
#1576 = SURFACE_CURVE('',#1577,(#1582,#1589),.PCURVE_S1.);
#1577 = CIRCLE('',#1578,1.55);
#1578 = AXIS2_PLACEMENT_3D('',#1579,#1580,#1581);
#1579 = CARTESIAN_POINT('',(0.,-51.3,11.));
#1580 = DIRECTION('',(0.,1.,-0.));
#1581 = DIRECTION('',(-1.,0.,0.));
#1582 = PCURVE('',#1028,#1583);
#1583 = DEFINITIONAL_REPRESENTATION('',(#1584),#1588);
#1584 = LINE('',#1585,#1586);
#1585 = CARTESIAN_POINT('',(4.712388980385,-9.999999548601E-02));
#1586 = VECTOR('',#1587,1.);
#1587 = DIRECTION('',(-1.,0.));
#1588 = ( GEOMETRIC_REPRESENTATION_CONTEXT(2) 
PARAMETRIC_REPRESENTATION_CONTEXT() REPRESENTATION_CONTEXT('2D SPACE',''
  ) );
#1589 = PCURVE('',#1590,#1595);
#1590 = CYLINDRICAL_SURFACE('',#1591,1.55);
#1591 = AXIS2_PLACEMENT_3D('',#1592,#1593,#1594);
#1592 = CARTESIAN_POINT('',(0.,-1.5,11.));
#1593 = DIRECTION('',(0.,-1.,0.));
#1594 = DIRECTION('',(1.,0.,0.));
#1595 = DEFINITIONAL_REPRESENTATION('',(#1596),#1600);
#1596 = LINE('',#1597,#1598);
#1597 = CARTESIAN_POINT('',(3.14159265359,49.8));
#1598 = VECTOR('',#1599,1.);
#1599 = DIRECTION('',(-1.,0.));
#1600 = ( GEOMETRIC_REPRESENTATION_CONTEXT(2) 
PARAMETRIC_REPRESENTATION_CONTEXT() REPRESENTATION_CONTEXT('2D SPACE',''
  ) );
#1601 = ORIENTED_EDGE('',*,*,#1602,.F.);
#1602 = EDGE_CURVE('',#1010,#1574,#1603,.T.);
#1603 = SURFACE_CURVE('',#1604,(#1608,#1615),.PCURVE_S1.);
#1604 = LINE('',#1605,#1606);
#1605 = CARTESIAN_POINT('',(-1.749999993063,-51.49999999306,
    11.00000004077));
#1606 = VECTOR('',#1607,1.);
#1607 = DIRECTION('',(0.707106781186,0.707106781187,-4.838520072268E-08)
  );
#1608 = PCURVE('',#1028,#1609);
#1609 = DEFINITIONAL_REPRESENTATION('',(#1610),#1614);
#1610 = LINE('',#1611,#1612);
#1611 = CARTESIAN_POINT('',(4.712388957088,9.999999757701E-02));
#1612 = VECTOR('',#1613,1.);
#1613 = DIRECTION('',(2.911604291E-08,-1.));
#1614 = ( GEOMETRIC_REPRESENTATION_CONTEXT(2) 
PARAMETRIC_REPRESENTATION_CONTEXT() REPRESENTATION_CONTEXT('2D SPACE',''
  ) );
#1615 = PCURVE('',#1055,#1616);
#1616 = DEFINITIONAL_REPRESENTATION('',(#1617),#1621);
#1617 = LINE('',#1618,#1619);
#1618 = CARTESIAN_POINT('',(4.712388957088,9.999999757701E-02));
#1619 = VECTOR('',#1620,1.);
#1620 = DIRECTION('',(2.911604291E-08,-1.));
#1621 = ( GEOMETRIC_REPRESENTATION_CONTEXT(2) 
PARAMETRIC_REPRESENTATION_CONTEXT() REPRESENTATION_CONTEXT('2D SPACE',''
  ) );
#1622 = ADVANCED_FACE('',(#1623),#1055,.F.);
#1623 = FACE_BOUND('',#1624,.F.);
#1624 = EDGE_LOOP('',(#1625,#1626,#1627,#1654));
#1625 = ORIENTED_EDGE('',*,*,#1040,.T.);
#1626 = ORIENTED_EDGE('',*,*,#1602,.T.);
#1627 = ORIENTED_EDGE('',*,*,#1628,.F.);
#1628 = EDGE_CURVE('',#1551,#1574,#1629,.T.);
#1629 = SURFACE_CURVE('',#1630,(#1635,#1642),.PCURVE_S1.);
#1630 = CIRCLE('',#1631,1.55);
#1631 = AXIS2_PLACEMENT_3D('',#1632,#1633,#1634);
#1632 = CARTESIAN_POINT('',(0.,-51.3,11.));
#1633 = DIRECTION('',(-0.,1.,0.));
#1634 = DIRECTION('',(1.,0.,0.));
#1635 = PCURVE('',#1055,#1636);
#1636 = DEFINITIONAL_REPRESENTATION('',(#1637),#1641);
#1637 = LINE('',#1638,#1639);
#1638 = CARTESIAN_POINT('',(7.853981633974,-9.999999548601E-02));
#1639 = VECTOR('',#1640,1.);
#1640 = DIRECTION('',(-1.,0.));
#1641 = ( GEOMETRIC_REPRESENTATION_CONTEXT(2) 
PARAMETRIC_REPRESENTATION_CONTEXT() REPRESENTATION_CONTEXT('2D SPACE',''
  ) );
#1642 = PCURVE('',#1643,#1648);
#1643 = CYLINDRICAL_SURFACE('',#1644,1.55);
#1644 = AXIS2_PLACEMENT_3D('',#1645,#1646,#1647);
#1645 = CARTESIAN_POINT('',(0.,-1.5,11.));
#1646 = DIRECTION('',(0.,-1.,0.));
#1647 = DIRECTION('',(1.,0.,0.));
#1648 = DEFINITIONAL_REPRESENTATION('',(#1649),#1653);
#1649 = LINE('',#1650,#1651);
#1650 = CARTESIAN_POINT('',(6.28318530718,49.8));
#1651 = VECTOR('',#1652,1.);
#1652 = DIRECTION('',(-1.,0.));
#1653 = ( GEOMETRIC_REPRESENTATION_CONTEXT(2) 
PARAMETRIC_REPRESENTATION_CONTEXT() REPRESENTATION_CONTEXT('2D SPACE',''
  ) );
#1654 = ORIENTED_EDGE('',*,*,#1550,.F.);
#1655 = ADVANCED_FACE('',(#1656),#1088,.F.);
#1656 = FACE_BOUND('',#1657,.F.);
#1657 = EDGE_LOOP('',(#1658,#1659,#1682,#1711));
#1658 = ORIENTED_EDGE('',*,*,#1069,.T.);
#1659 = ORIENTED_EDGE('',*,*,#1660,.T.);
#1660 = EDGE_CURVE('',#1072,#1661,#1663,.T.);
#1661 = VERTEX_POINT('',#1662);
#1662 = CARTESIAN_POINT('',(1.55,-51.3,-11.));
#1663 = SURFACE_CURVE('',#1664,(#1668,#1675),.PCURVE_S1.);
#1664 = LINE('',#1665,#1666);
#1665 = CARTESIAN_POINT('',(1.749999993063,-51.49999999306,
    -11.00000004077));
#1666 = VECTOR('',#1667,1.);
#1667 = DIRECTION('',(-0.707106781186,0.707106781187,4.838518816194E-08)
  );
#1668 = PCURVE('',#1088,#1669);
#1669 = DEFINITIONAL_REPRESENTATION('',(#1670),#1674);
#1670 = LINE('',#1671,#1672);
#1671 = CARTESIAN_POINT('',(1.570796303498,9.999999757701E-02));
#1672 = VECTOR('',#1673,1.);
#1673 = DIRECTION('',(2.91160284771E-08,-1.));
#1674 = ( GEOMETRIC_REPRESENTATION_CONTEXT(2) 
PARAMETRIC_REPRESENTATION_CONTEXT() REPRESENTATION_CONTEXT('2D SPACE',''
  ) );
#1675 = PCURVE('',#1115,#1676);
#1676 = DEFINITIONAL_REPRESENTATION('',(#1677),#1681);
#1677 = LINE('',#1678,#1679);
#1678 = CARTESIAN_POINT('',(7.853981610677,9.999999757701E-02));
#1679 = VECTOR('',#1680,1.);
#1680 = DIRECTION('',(2.91160284771E-08,-1.));
#1681 = ( GEOMETRIC_REPRESENTATION_CONTEXT(2) 
PARAMETRIC_REPRESENTATION_CONTEXT() REPRESENTATION_CONTEXT('2D SPACE',''
  ) );
#1682 = ORIENTED_EDGE('',*,*,#1683,.F.);
#1683 = EDGE_CURVE('',#1684,#1661,#1686,.T.);
#1684 = VERTEX_POINT('',#1685);
#1685 = CARTESIAN_POINT('',(-1.55,-51.3,-11.));
#1686 = SURFACE_CURVE('',#1687,(#1692,#1699),.PCURVE_S1.);
#1687 = CIRCLE('',#1688,1.55);
#1688 = AXIS2_PLACEMENT_3D('',#1689,#1690,#1691);#1689 = CARTESIAN_POINT('',(0.,-51.3,-11.));
#1690 = DIRECTION('',(0.,1.,-0.));
#1691 = DIRECTION('',(-1.,0.,0.));
#1692 = PCURVE('',#1088,#1693);
#1693 = DEFINITIONAL_REPRESENTATION('',(#1694),#1698);
#1694 = LINE('',#1695,#1696);
#1695 = CARTESIAN_POINT('',(4.712388980385,-9.999999548601E-02));
#1696 = VECTOR('',#1697,1.);
#1697 = DIRECTION('',(-1.,0.));
#1698 = ( GEOMETRIC_REPRESENTATION_CONTEXT(2) 
PARAMETRIC_REPRESENTATION_CONTEXT() REPRESENTATION_CONTEXT('2D SPACE',''
  ) );
#1699 = PCURVE('',#1700,#1705);
#1700 = CYLINDRICAL_SURFACE('',#1701,1.55);
#1701 = AXIS2_PLACEMENT_3D('',#1702,#1703,#1704);
#1702 = CARTESIAN_POINT('',(0.,-1.5,-11.));
#1703 = DIRECTION('',(0.,-1.,0.));
#1704 = DIRECTION('',(1.,0.,0.));
#1705 = DEFINITIONAL_REPRESENTATION('',(#1706),#1710);
#1706 = LINE('',#1707,#1708);
#1707 = CARTESIAN_POINT('',(3.14159265359,49.8));
#1708 = VECTOR('',#1709,1.);
#1709 = DIRECTION('',(-1.,0.));
#1710 = ( GEOMETRIC_REPRESENTATION_CONTEXT(2) 
PARAMETRIC_REPRESENTATION_CONTEXT() REPRESENTATION_CONTEXT('2D SPACE',''
  ) );
#1711 = ORIENTED_EDGE('',*,*,#1712,.F.);
#1712 = EDGE_CURVE('',#1070,#1684,#1713,.T.);
#1713 = SURFACE_CURVE('',#1714,(#1718,#1725),.PCURVE_S1.);
#1714 = LINE('',#1715,#1716);
#1715 = CARTESIAN_POINT('',(-1.749999993063,-51.49999999306,
    -10.99999995923));
#1716 = VECTOR('',#1717,1.);
#1717 = DIRECTION('',(0.707106781186,0.707106781187,-4.838520072268E-08)
  );
#1718 = PCURVE('',#1088,#1719);
#1719 = DEFINITIONAL_REPRESENTATION('',(#1720),#1724);
#1720 = LINE('',#1721,#1722);
#1721 = CARTESIAN_POINT('',(4.712388957088,9.999999757701E-02));
#1722 = VECTOR('',#1723,1.);
#1723 = DIRECTION('',(2.911604291E-08,-1.));
#1724 = ( GEOMETRIC_REPRESENTATION_CONTEXT(2) 
PARAMETRIC_REPRESENTATION_CONTEXT() REPRESENTATION_CONTEXT('2D SPACE',''
  ) );
#1725 = PCURVE('',#1115,#1726);
#1726 = DEFINITIONAL_REPRESENTATION('',(#1727),#1731);
#1727 = LINE('',#1728,#1729);
#1728 = CARTESIAN_POINT('',(4.712388957088,9.999999757701E-02));
#1729 = VECTOR('',#1730,1.);
#1730 = DIRECTION('',(2.911604291E-08,-1.));
#1731 = ( GEOMETRIC_REPRESENTATION_CONTEXT(2) 
PARAMETRIC_REPRESENTATION_CONTEXT() REPRESENTATION_CONTEXT('2D SPACE',''
  ) );
#1732 = ADVANCED_FACE('',(#1733),#1115,.F.);
#1733 = FACE_BOUND('',#1734,.F.);
#1734 = EDGE_LOOP('',(#1735,#1736,#1737,#1764));
#1735 = ORIENTED_EDGE('',*,*,#1100,.T.);
#1736 = ORIENTED_EDGE('',*,*,#1712,.T.);
#1737 = ORIENTED_EDGE('',*,*,#1738,.F.);
#1738 = EDGE_CURVE('',#1661,#1684,#1739,.T.);
#1739 = SURFACE_CURVE('',#1740,(#1745,#1752),.PCURVE_S1.);
#1740 = CIRCLE('',#1741,1.55);
#1741 = AXIS2_PLACEMENT_3D('',#1742,#1743,#1744);
#1742 = CARTESIAN_POINT('',(0.,-51.3,-11.));
#1743 = DIRECTION('',(-0.,1.,0.));
#1744 = DIRECTION('',(1.,0.,0.));
#1745 = PCURVE('',#1115,#1746);
#1746 = DEFINITIONAL_REPRESENTATION('',(#1747),#1751);
#1747 = LINE('',#1748,#1749);
#1748 = CARTESIAN_POINT('',(7.853981633974,-9.999999548601E-02));
#1749 = VECTOR('',#1750,1.);
#1750 = DIRECTION('',(-1.,0.));
#1751 = ( GEOMETRIC_REPRESENTATION_CONTEXT(2) 
PARAMETRIC_REPRESENTATION_CONTEXT() REPRESENTATION_CONTEXT('2D SPACE',''
  ) );
#1752 = PCURVE('',#1753,#1758);
#1753 = CYLINDRICAL_SURFACE('',#1754,1.55);
#1754 = AXIS2_PLACEMENT_3D('',#1755,#1756,#1757);
#1755 = CARTESIAN_POINT('',(0.,-1.5,-11.));
#1756 = DIRECTION('',(0.,-1.,0.));
#1757 = DIRECTION('',(1.,0.,0.));
#1758 = DEFINITIONAL_REPRESENTATION('',(#1759),#1763);
#1759 = LINE('',#1760,#1761);
#1760 = CARTESIAN_POINT('',(6.28318530718,49.8));
#1761 = VECTOR('',#1762,1.);
#1762 = DIRECTION('',(-1.,0.));
#1763 = ( GEOMETRIC_REPRESENTATION_CONTEXT(2) 
PARAMETRIC_REPRESENTATION_CONTEXT() REPRESENTATION_CONTEXT('2D SPACE',''
  ) );
#1764 = ORIENTED_EDGE('',*,*,#1660,.F.);
#1765 = ADVANCED_FACE('',(#1766),#1153,.F.);
#1766 = FACE_BOUND('',#1767,.F.);
#1767 = EDGE_LOOP('',(#1768,#1769,#1792,#1821));
#1768 = ORIENTED_EDGE('',*,*,#1134,.T.);
#1769 = ORIENTED_EDGE('',*,*,#1770,.T.);
#1770 = EDGE_CURVE('',#1137,#1771,#1773,.T.);
#1771 = VERTEX_POINT('',#1772);
#1772 = CARTESIAN_POINT('',(-15.25,9.7,0.));
#1773 = SURFACE_CURVE('',#1774,(#1778,#1785),.PCURVE_S1.);
#1774 = LINE('',#1775,#1776);
#1775 = CARTESIAN_POINT('',(-15.54999999321,9.999999993211,
    -4.188064946778E-08));
#1776 = VECTOR('',#1777,1.);
#1777 = DIRECTION('',(0.707106781187,-0.707106781187,3.900780911257E-08)
  );
#1778 = PCURVE('',#1153,#1779);
#1779 = DEFINITIONAL_REPRESENTATION('',(#1780),#1784);
#1780 = LINE('',#1781,#1782);
#1781 = CARTESIAN_POINT('',(1.570796299775,0.149999996886));
#1782 = VECTOR('',#1783,1.);
#1783 = DIRECTION('',(2.251647905164E-08,-1.));
#1784 = ( GEOMETRIC_REPRESENTATION_CONTEXT(2) 
PARAMETRIC_REPRESENTATION_CONTEXT() REPRESENTATION_CONTEXT('2D SPACE',''
  ) );
#1785 = PCURVE('',#1180,#1786);
#1786 = DEFINITIONAL_REPRESENTATION('',(#1787),#1791);
#1787 = LINE('',#1788,#1789);
#1788 = CARTESIAN_POINT('',(7.853981606955,0.149999996886));
#1789 = VECTOR('',#1790,1.);
#1790 = DIRECTION('',(2.251647905164E-08,-1.));
#1791 = ( GEOMETRIC_REPRESENTATION_CONTEXT(2) 
PARAMETRIC_REPRESENTATION_CONTEXT() REPRESENTATION_CONTEXT('2D SPACE',''
  ) );
#1792 = ORIENTED_EDGE('',*,*,#1793,.F.);
#1793 = EDGE_CURVE('',#1794,#1771,#1796,.T.);
#1794 = VERTEX_POINT('',#1795);
#1795 = CARTESIAN_POINT('',(-12.75,9.7,0.));
#1796 = SURFACE_CURVE('',#1797,(#1802,#1809),.PCURVE_S1.);
#1797 = CIRCLE('',#1798,1.25);
#1798 = AXIS2_PLACEMENT_3D('',#1799,#1800,#1801);
#1799 = CARTESIAN_POINT('',(-14.,9.7,0.));
#1800 = DIRECTION('',(0.,-1.,0.));
#1801 = DIRECTION('',(1.,0.,0.));
#1802 = PCURVE('',#1153,#1803);
#1803 = DEFINITIONAL_REPRESENTATION('',(#1804),#1808);
#1804 = LINE('',#1805,#1806);
#1805 = CARTESIAN_POINT('',(4.712388980385,-0.149999996325));
#1806 = VECTOR('',#1807,1.);
#1807 = DIRECTION('',(-1.,0.));
#1808 = ( GEOMETRIC_REPRESENTATION_CONTEXT(2) 
PARAMETRIC_REPRESENTATION_CONTEXT() REPRESENTATION_CONTEXT('2D SPACE',''
  ) );
#1809 = PCURVE('',#1810,#1815);
#1810 = CYLINDRICAL_SURFACE('',#1811,1.25);
#1811 = AXIS2_PLACEMENT_3D('',#1812,#1813,#1814);
#1812 = CARTESIAN_POINT('',(-14.,3.436370437526,0.));
#1813 = DIRECTION('',(0.,1.,0.));
#1814 = DIRECTION('',(1.,0.,0.));
#1815 = DEFINITIONAL_REPRESENTATION('',(#1816),#1820);
#1816 = LINE('',#1817,#1818);
#1817 = CARTESIAN_POINT('',(6.28318530718,6.263629562474));
#1818 = VECTOR('',#1819,1.);
#1819 = DIRECTION('',(-1.,0.));
#1820 = ( GEOMETRIC_REPRESENTATION_CONTEXT(2) 
PARAMETRIC_REPRESENTATION_CONTEXT() REPRESENTATION_CONTEXT('2D SPACE',''
  ) );
#1821 = ORIENTED_EDGE('',*,*,#1822,.F.);
#1822 = EDGE_CURVE('',#1135,#1794,#1823,.T.);
#1823 = SURFACE_CURVE('',#1824,(#1828,#1835),.PCURVE_S1.);
#1824 = LINE('',#1825,#1826);
#1825 = CARTESIAN_POINT('',(-12.45000000679,9.999999993211,
    4.188064879258E-08));
#1826 = VECTOR('',#1827,1.);
#1827 = DIRECTION('',(-0.707106781187,-0.707106781187,
    -3.900780822556E-08));
#1828 = PCURVE('',#1153,#1829);
#1829 = DEFINITIONAL_REPRESENTATION('',(#1830),#1834);
#1830 = LINE('',#1831,#1832);
#1831 = CARTESIAN_POINT('',(4.712388953365,0.149999996886));
#1832 = VECTOR('',#1833,1.);
#1833 = DIRECTION('',(2.251648053194E-08,-1.));
#1834 = ( GEOMETRIC_REPRESENTATION_CONTEXT(2) 
PARAMETRIC_REPRESENTATION_CONTEXT() REPRESENTATION_CONTEXT('2D SPACE',''
  ) );
#1835 = PCURVE('',#1180,#1836);
#1836 = DEFINITIONAL_REPRESENTATION('',(#1837),#1841);
#1837 = LINE('',#1838,#1839);
#1838 = CARTESIAN_POINT('',(4.712388953365,0.149999996886));
#1839 = VECTOR('',#1840,1.);
#1840 = DIRECTION('',(2.251648053194E-08,-1.));
#1841 = ( GEOMETRIC_REPRESENTATION_CONTEXT(2) 
PARAMETRIC_REPRESENTATION_CONTEXT() REPRESENTATION_CONTEXT('2D SPACE',''
  ) );
#1842 = ADVANCED_FACE('',(#1843),#1180,.F.);
#1843 = FACE_BOUND('',#1844,.F.);
#1844 = EDGE_LOOP('',(#1845,#1846,#1847,#1874));
#1845 = ORIENTED_EDGE('',*,*,#1165,.T.);
#1846 = ORIENTED_EDGE('',*,*,#1822,.T.);
#1847 = ORIENTED_EDGE('',*,*,#1848,.F.);
#1848 = EDGE_CURVE('',#1771,#1794,#1849,.T.);
#1849 = SURFACE_CURVE('',#1850,(#1855,#1862),.PCURVE_S1.);
#1850 = CIRCLE('',#1851,1.25);
#1851 = AXIS2_PLACEMENT_3D('',#1852,#1853,#1854);
#1852 = CARTESIAN_POINT('',(-14.,9.7,0.));
#1853 = DIRECTION('',(0.,-1.,0.));
#1854 = DIRECTION('',(-1.,0.,0.));
#1855 = PCURVE('',#1180,#1856);
#1856 = DEFINITIONAL_REPRESENTATION('',(#1857),#1861);
#1857 = LINE('',#1858,#1859);
#1858 = CARTESIAN_POINT('',(7.853981633974,-0.149999996325));
#1859 = VECTOR('',#1860,1.);
#1860 = DIRECTION('',(-1.,0.));
#1861 = ( GEOMETRIC_REPRESENTATION_CONTEXT(2) 
PARAMETRIC_REPRESENTATION_CONTEXT() REPRESENTATION_CONTEXT('2D SPACE',''
  ) );
#1862 = PCURVE('',#1863,#1868);
#1863 = CYLINDRICAL_SURFACE('',#1864,1.25);
#1864 = AXIS2_PLACEMENT_3D('',#1865,#1866,#1867);
#1865 = CARTESIAN_POINT('',(-14.,3.436370437526,0.));
#1866 = DIRECTION('',(0.,1.,0.));
#1867 = DIRECTION('',(1.,0.,0.));
#1868 = DEFINITIONAL_REPRESENTATION('',(#1869),#1873);
#1869 = LINE('',#1870,#1871);
#1870 = CARTESIAN_POINT('',(3.14159265359,6.263629562474));
#1871 = VECTOR('',#1872,1.);
#1872 = DIRECTION('',(-1.,0.));
#1873 = ( GEOMETRIC_REPRESENTATION_CONTEXT(2) 
PARAMETRIC_REPRESENTATION_CONTEXT() REPRESENTATION_CONTEXT('2D SPACE',''
  ) );
#1874 = ORIENTED_EDGE('',*,*,#1770,.F.);
#1875 = ADVANCED_FACE('',(#1876),#1213,.F.);
#1876 = FACE_BOUND('',#1877,.F.);
#1877 = EDGE_LOOP('',(#1878,#1879,#1902,#1931));
#1878 = ORIENTED_EDGE('',*,*,#1194,.T.);
#1879 = ORIENTED_EDGE('',*,*,#1880,.T.);
#1880 = EDGE_CURVE('',#1197,#1881,#1883,.T.);
#1881 = VERTEX_POINT('',#1882);
#1882 = CARTESIAN_POINT('',(0.,9.7,-15.25));
#1883 = SURFACE_CURVE('',#1884,(#1888,#1895),.PCURVE_S1.);
#1884 = LINE('',#1885,#1886);
#1885 = CARTESIAN_POINT('',(4.188064747195E-08,9.999999993211,
    -15.54999999321));
#1886 = VECTOR('',#1887,1.);
#1887 = DIRECTION('',(-3.900780759916E-08,-0.707106781187,0.707106781187
    ));
#1888 = PCURVE('',#1213,#1889);
#1889 = DEFINITIONAL_REPRESENTATION('',(#1890),#1894);
#1890 = LINE('',#1891,#1892);
#1891 = CARTESIAN_POINT('',(-2.701977308561E-08,0.149999996886));
#1892 = VECTOR('',#1893,1.);
#1893 = DIRECTION('',(2.251648053194E-08,-1.));
#1894 = ( GEOMETRIC_REPRESENTATION_CONTEXT(2) 
PARAMETRIC_REPRESENTATION_CONTEXT() REPRESENTATION_CONTEXT('2D SPACE',''
  ) );
#1895 = PCURVE('',#1240,#1896);
#1896 = DEFINITIONAL_REPRESENTATION('',(#1897),#1901);
#1897 = LINE('',#1898,#1899);
#1898 = CARTESIAN_POINT('',(6.28318528016,0.149999996886));
#1899 = VECTOR('',#1900,1.);
#1900 = DIRECTION('',(2.251648053194E-08,-1.));
#1901 = ( GEOMETRIC_REPRESENTATION_CONTEXT(2) 
PARAMETRIC_REPRESENTATION_CONTEXT() REPRESENTATION_CONTEXT('2D SPACE',''
  ) );
#1902 = ORIENTED_EDGE('',*,*,#1903,.F.);
#1903 = EDGE_CURVE('',#1904,#1881,#1906,.T.);
#1904 = VERTEX_POINT('',#1905);
#1905 = CARTESIAN_POINT('',(0.,9.7,-12.75));
#1906 = SURFACE_CURVE('',#1907,(#1912,#1919),.PCURVE_S1.);
#1907 = CIRCLE('',#1908,1.25);
#1908 = AXIS2_PLACEMENT_3D('',#1909,#1910,#1911);
#1909 = CARTESIAN_POINT('',(0.,9.7,-14.));
#1910 = DIRECTION('',(0.,-1.,0.));
#1911 = DIRECTION('',(0.,0.,1.));
#1912 = PCURVE('',#1213,#1913);
#1913 = DEFINITIONAL_REPRESENTATION('',(#1914),#1918);
#1914 = LINE('',#1915,#1916);
#1915 = CARTESIAN_POINT('',(3.14159265359,-0.149999996325));
#1916 = VECTOR('',#1917,1.);
#1917 = DIRECTION('',(-1.,0.));
#1918 = ( GEOMETRIC_REPRESENTATION_CONTEXT(2) 
PARAMETRIC_REPRESENTATION_CONTEXT() REPRESENTATION_CONTEXT('2D SPACE',''
  ) );
#1919 = PCURVE('',#1920,#1925);
#1920 = CYLINDRICAL_SURFACE('',#1921,1.25);
#1921 = AXIS2_PLACEMENT_3D('',#1922,#1923,#1924);
#1922 = CARTESIAN_POINT('',(0.,3.436370437526,-14.));
#1923 = DIRECTION('',(0.,1.,0.));
#1924 = DIRECTION('',(0.,0.,1.));
#1925 = DEFINITIONAL_REPRESENTATION('',(#1926),#1930);
#1926 = LINE('',#1927,#1928);
#1927 = CARTESIAN_POINT('',(6.28318530718,6.263629562474));
#1928 = VECTOR('',#1929,1.);
#1929 = DIRECTION('',(-1.,0.));
#1930 = ( GEOMETRIC_REPRESENTATION_CONTEXT(2) 
PARAMETRIC_REPRESENTATION_CONTEXT() REPRESENTATION_CONTEXT('2D SPACE',''
  ) );
#1931 = ORIENTED_EDGE('',*,*,#1932,.F.);
#1932 = EDGE_CURVE('',#1195,#1904,#1933,.T.);
#1933 = SURFACE_CURVE('',#1934,(#1938,#1945),.PCURVE_S1.);
#1934 = LINE('',#1935,#1936);
#1935 = CARTESIAN_POINT('',(-4.188064980759E-08,9.999999993211,
    -12.45000000679));
#1936 = VECTOR('',#1937,1.);
#1937 = DIRECTION('',(3.900780778196E-08,-0.707106781187,-0.707106781187
    ));
#1938 = PCURVE('',#1213,#1939);
#1939 = DEFINITIONAL_REPRESENTATION('',(#1940),#1944);
#1940 = LINE('',#1941,#1942);
#1941 = CARTESIAN_POINT('',(3.14159262657,0.149999996886));
#1942 = VECTOR('',#1943,1.);
#1943 = DIRECTION('',(2.251647609104E-08,-1.));
#1944 = ( GEOMETRIC_REPRESENTATION_CONTEXT(2) 
PARAMETRIC_REPRESENTATION_CONTEXT() REPRESENTATION_CONTEXT('2D SPACE',''
  ) );
#1945 = PCURVE('',#1240,#1946);
#1946 = DEFINITIONAL_REPRESENTATION('',(#1947),#1951);
#1947 = LINE('',#1948,#1949);
#1948 = CARTESIAN_POINT('',(3.14159262657,0.149999996886));
#1949 = VECTOR('',#1950,1.);
#1950 = DIRECTION('',(2.251647609104E-08,-1.));
#1951 = ( GEOMETRIC_REPRESENTATION_CONTEXT(2) 
PARAMETRIC_REPRESENTATION_CONTEXT() REPRESENTATION_CONTEXT('2D SPACE',''
  ) );
#1952 = ADVANCED_FACE('',(#1953),#1240,.F.);
#1953 = FACE_BOUND('',#1954,.F.);
#1954 = EDGE_LOOP('',(#1955,#1956,#1957,#1984));
#1955 = ORIENTED_EDGE('',*,*,#1225,.T.);
#1956 = ORIENTED_EDGE('',*,*,#1932,.T.);
#1957 = ORIENTED_EDGE('',*,*,#1958,.F.);
#1958 = EDGE_CURVE('',#1881,#1904,#1959,.T.);
#1959 = SURFACE_CURVE('',#1960,(#1965,#1972),.PCURVE_S1.);
#1960 = CIRCLE('',#1961,1.25);
#1961 = AXIS2_PLACEMENT_3D('',#1962,#1963,#1964);
#1962 = CARTESIAN_POINT('',(0.,9.7,-14.));
#1963 = DIRECTION('',(0.,-1.,0.));
#1964 = DIRECTION('',(0.,0.,-1.));
#1965 = PCURVE('',#1240,#1966);
#1966 = DEFINITIONAL_REPRESENTATION('',(#1967),#1971);
#1967 = LINE('',#1968,#1969);
#1968 = CARTESIAN_POINT('',(6.28318530718,-0.149999996325));
#1969 = VECTOR('',#1970,1.);
#1970 = DIRECTION('',(-1.,0.));
#1971 = ( GEOMETRIC_REPRESENTATION_CONTEXT(2) 
PARAMETRIC_REPRESENTATION_CONTEXT() REPRESENTATION_CONTEXT('2D SPACE',''
  ) );
#1972 = PCURVE('',#1973,#1978);
#1973 = CYLINDRICAL_SURFACE('',#1974,1.25);
#1974 = AXIS2_PLACEMENT_3D('',#1975,#1976,#1977);
#1975 = CARTESIAN_POINT('',(0.,3.436370437526,-14.));
#1976 = DIRECTION('',(0.,1.,0.));
#1977 = DIRECTION('',(0.,0.,1.));
#1978 = DEFINITIONAL_REPRESENTATION('',(#1979),#1983);
#1979 = LINE('',#1980,#1981);
#1980 = CARTESIAN_POINT('',(3.14159265359,6.263629562474));
#1981 = VECTOR('',#1982,1.);
#1982 = DIRECTION('',(-1.,0.));
#1983 = ( GEOMETRIC_REPRESENTATION_CONTEXT(2) 
PARAMETRIC_REPRESENTATION_CONTEXT() REPRESENTATION_CONTEXT('2D SPACE',''
  ) );
#1984 = ORIENTED_EDGE('',*,*,#1880,.F.);
#1985 = ADVANCED_FACE('',(#1986),#1273,.F.);
#1986 = FACE_BOUND('',#1987,.F.);
#1987 = EDGE_LOOP('',(#1988,#1989,#2012,#2041));
#1988 = ORIENTED_EDGE('',*,*,#1254,.T.);
#1989 = ORIENTED_EDGE('',*,*,#1990,.T.);
#1990 = EDGE_CURVE('',#1257,#1991,#1993,.T.);
#1991 = VERTEX_POINT('',#1992);
#1992 = CARTESIAN_POINT('',(15.25,9.7,0.));
#1993 = SURFACE_CURVE('',#1994,(#1998,#2005),.PCURVE_S1.);
#1994 = LINE('',#1995,#1996);
#1995 = CARTESIAN_POINT('',(15.54999999321,9.999999993211,
    4.188064734583E-08));
#1996 = VECTOR('',#1997,1.);
#1997 = DIRECTION('',(-0.707106781187,-0.707106781187,
    -3.900780849618E-08));
#1998 = PCURVE('',#1273,#1999);
#1999 = DEFINITIONAL_REPRESENTATION('',(#2000),#2004);
#2000 = LINE('',#2001,#2002);
#2001 = CARTESIAN_POINT('',(4.712388953365,0.149999996886));
#2002 = VECTOR('',#2003,1.);
#2003 = DIRECTION('',(2.251648053194E-08,-1.));
#2004 = ( GEOMETRIC_REPRESENTATION_CONTEXT(2) 
PARAMETRIC_REPRESENTATION_CONTEXT() REPRESENTATION_CONTEXT('2D SPACE',''
  ) );
#2005 = PCURVE('',#1300,#2006);
#2006 = DEFINITIONAL_REPRESENTATION('',(#2007),#2011);
#2007 = LINE('',#2008,#2009);
#2008 = CARTESIAN_POINT('',(4.712388953365,0.149999996886));
#2009 = VECTOR('',#2010,1.);
#2010 = DIRECTION('',(2.251648053194E-08,-1.));
#2011 = ( GEOMETRIC_REPRESENTATION_CONTEXT(2) 
PARAMETRIC_REPRESENTATION_CONTEXT() REPRESENTATION_CONTEXT('2D SPACE',''
  ) );
#2012 = ORIENTED_EDGE('',*,*,#2013,.F.);
#2013 = EDGE_CURVE('',#2014,#1991,#2016,.T.);
#2014 = VERTEX_POINT('',#2015);
#2015 = CARTESIAN_POINT('',(12.75,9.7,0.));
#2016 = SURFACE_CURVE('',#2017,(#2022,#2029),.PCURVE_S1.);
#2017 = CIRCLE('',#2018,1.25);
#2018 = AXIS2_PLACEMENT_3D('',#2019,#2020,#2021);
#2019 = CARTESIAN_POINT('',(14.,9.7,0.));
#2020 = DIRECTION('',(0.,-1.,0.));
#2021 = DIRECTION('',(-1.,0.,0.));
#2022 = PCURVE('',#1273,#2023);
#2023 = DEFINITIONAL_REPRESENTATION('',(#2024),#2028);
#2024 = LINE('',#2025,#2026);
#2025 = CARTESIAN_POINT('',(7.853981633974,-0.149999996325));
#2026 = VECTOR('',#2027,1.);
#2027 = DIRECTION('',(-1.,0.));
#2028 = ( GEOMETRIC_REPRESENTATION_CONTEXT(2) 
PARAMETRIC_REPRESENTATION_CONTEXT() REPRESENTATION_CONTEXT('2D SPACE',''
  ) );
#2029 = PCURVE('',#2030,#2035);
#2030 = CYLINDRICAL_SURFACE('',#2031,1.25);
#2031 = AXIS2_PLACEMENT_3D('',#2032,#2033,#2034);
#2032 = CARTESIAN_POINT('',(14.,3.436370437526,0.));
#2033 = DIRECTION('',(0.,1.,0.));
#2034 = DIRECTION('',(-1.,0.,0.));
#2035 = DEFINITIONAL_REPRESENTATION('',(#2036),#2040);
#2036 = LINE('',#2037,#2038);
#2037 = CARTESIAN_POINT('',(6.28318530718,6.263629562474));
#2038 = VECTOR('',#2039,1.);
#2039 = DIRECTION('',(-1.,0.));
#2040 = ( GEOMETRIC_REPRESENTATION_CONTEXT(2) 
PARAMETRIC_REPRESENTATION_CONTEXT() REPRESENTATION_CONTEXT('2D SPACE',''
  ) );
#2041 = ORIENTED_EDGE('',*,*,#2042,.F.);
#2042 = EDGE_CURVE('',#1255,#2014,#2043,.T.);
#2043 = SURFACE_CURVE('',#2044,(#2048,#2055),.PCURVE_S1.);
#2044 = LINE('',#2045,#2046);
#2045 = CARTESIAN_POINT('',(12.45000000679,9.999999993211,
    -4.188065032909E-08));
#2046 = VECTOR('',#2047,1.);
#2047 = DIRECTION('',(0.707106781187,-0.707106781186,3.900780798643E-08)
  );
#2048 = PCURVE('',#1273,#2049);
#2049 = DEFINITIONAL_REPRESENTATION('',(#2050),#2054);
#2050 = LINE('',#2051,#2052);
#2051 = CARTESIAN_POINT('',(7.853981606955,0.149999996886));
#2052 = VECTOR('',#2053,1.);
#2053 = DIRECTION('',(2.251647757134E-08,-1.));
#2054 = ( GEOMETRIC_REPRESENTATION_CONTEXT(2) 
PARAMETRIC_REPRESENTATION_CONTEXT() REPRESENTATION_CONTEXT('2D SPACE',''
  ) );
#2055 = PCURVE('',#1300,#2056);
#2056 = DEFINITIONAL_REPRESENTATION('',(#2057),#2061);
#2057 = LINE('',#2058,#2059);
#2058 = CARTESIAN_POINT('',(1.570796299775,0.149999996886));
#2059 = VECTOR('',#2060,1.);
#2060 = DIRECTION('',(2.251647757134E-08,-1.));
#2061 = ( GEOMETRIC_REPRESENTATION_CONTEXT(2) 
PARAMETRIC_REPRESENTATION_CONTEXT() REPRESENTATION_CONTEXT('2D SPACE',''
  ) );
#2062 = ADVANCED_FACE('',(#2063),#1300,.F.);
#2063 = FACE_BOUND('',#2064,.F.);
#2064 = EDGE_LOOP('',(#2065,#2066,#2067,#2094));
#2065 = ORIENTED_EDGE('',*,*,#1285,.T.);
#2066 = ORIENTED_EDGE('',*,*,#2042,.T.);
#2067 = ORIENTED_EDGE('',*,*,#2068,.F.);
#2068 = EDGE_CURVE('',#1991,#2014,#2069,.T.);
#2069 = SURFACE_CURVE('',#2070,(#2075,#2082),.PCURVE_S1.);
#2070 = CIRCLE('',#2071,1.25);
#2071 = AXIS2_PLACEMENT_3D('',#2072,#2073,#2074);
#2072 = CARTESIAN_POINT('',(14.,9.7,0.));
#2073 = DIRECTION('',(0.,-1.,0.));
#2074 = DIRECTION('',(1.,0.,0.));
#2075 = PCURVE('',#1300,#2076);
#2076 = DEFINITIONAL_REPRESENTATION('',(#2077),#2081);
#2077 = LINE('',#2078,#2079);
#2078 = CARTESIAN_POINT('',(4.712388980385,-0.149999996325));
#2079 = VECTOR('',#2080,1.);
#2080 = DIRECTION('',(-1.,0.));
#2081 = ( GEOMETRIC_REPRESENTATION_CONTEXT(2) 
PARAMETRIC_REPRESENTATION_CONTEXT() REPRESENTATION_CONTEXT('2D SPACE',''
  ) );
#2082 = PCURVE('',#2083,#2088);
#2083 = CYLINDRICAL_SURFACE('',#2084,1.25);
#2084 = AXIS2_PLACEMENT_3D('',#2085,#2086,#2087);
#2085 = CARTESIAN_POINT('',(14.,3.436370437526,0.));
#2086 = DIRECTION('',(0.,1.,0.));
#2087 = DIRECTION('',(-1.,0.,0.));
#2088 = DEFINITIONAL_REPRESENTATION('',(#2089),#2093);
#2089 = LINE('',#2090,#2091);
#2090 = CARTESIAN_POINT('',(3.14159265359,6.263629562474));
#2091 = VECTOR('',#2092,1.);
#2092 = DIRECTION('',(-1.,0.));
#2093 = ( GEOMETRIC_REPRESENTATION_CONTEXT(2) 
PARAMETRIC_REPRESENTATION_CONTEXT() REPRESENTATION_CONTEXT('2D SPACE',''
  ) );
#2094 = ORIENTED_EDGE('',*,*,#1990,.F.);
#2095 = ADVANCED_FACE('',(#2096),#1333,.F.);
#2096 = FACE_BOUND('',#2097,.F.);
#2097 = EDGE_LOOP('',(#2098,#2099,#2122,#2151));
#2098 = ORIENTED_EDGE('',*,*,#1314,.T.);
#2099 = ORIENTED_EDGE('',*,*,#2100,.T.);
#2100 = EDGE_CURVE('',#1317,#2101,#2103,.T.);
#2101 = VERTEX_POINT('',#2102);
#2102 = CARTESIAN_POINT('',(0.,9.7,15.25));
#2103 = SURFACE_CURVE('',#2104,(#2108,#2115),.PCURVE_S1.);
#2104 = LINE('',#2105,#2106);
#2105 = CARTESIAN_POINT('',(-4.188064607272E-08,9.999999993211,
    15.54999999321));
#2106 = VECTOR('',#2107,1.);
#2107 = DIRECTION('',(3.900780768186E-08,-0.707106781186,-0.707106781187
    ));
#2108 = PCURVE('',#1333,#2109);
#2109 = DEFINITIONAL_REPRESENTATION('',(#2110),#2114);
#2110 = LINE('',#2111,#2112);
#2111 = CARTESIAN_POINT('',(3.14159262657,0.149999996886));
#2112 = VECTOR('',#2113,1.);
#2113 = DIRECTION('',(2.251647905164E-08,-1.));
#2114 = ( GEOMETRIC_REPRESENTATION_CONTEXT(2) 
PARAMETRIC_REPRESENTATION_CONTEXT() REPRESENTATION_CONTEXT('2D SPACE',''
  ) );
#2115 = PCURVE('',#1360,#2116);
#2116 = DEFINITIONAL_REPRESENTATION('',(#2117),#2121);
#2117 = LINE('',#2118,#2119);
#2118 = CARTESIAN_POINT('',(3.14159262657,0.149999996886));
#2119 = VECTOR('',#2120,1.);
#2120 = DIRECTION('',(2.251647905164E-08,-1.));
#2121 = ( GEOMETRIC_REPRESENTATION_CONTEXT(2) 
PARAMETRIC_REPRESENTATION_CONTEXT() REPRESENTATION_CONTEXT('2D SPACE',''
  ) );
#2122 = ORIENTED_EDGE('',*,*,#2123,.F.);
#2123 = EDGE_CURVE('',#2124,#2101,#2126,.T.);
#2124 = VERTEX_POINT('',#2125);
#2125 = CARTESIAN_POINT('',(0.,9.7,12.75));
#2126 = SURFACE_CURVE('',#2127,(#2132,#2139),.PCURVE_S1.);
#2127 = CIRCLE('',#2128,1.25);
#2128 = AXIS2_PLACEMENT_3D('',#2129,#2130,#2131);
#2129 = CARTESIAN_POINT('',(0.,9.7,14.));
#2130 = DIRECTION('',(0.,-1.,0.));
#2131 = DIRECTION('',(0.,0.,-1.));
#2132 = PCURVE('',#1333,#2133);
#2133 = DEFINITIONAL_REPRESENTATION('',(#2134),#2138);
#2134 = LINE('',#2135,#2136);
#2135 = CARTESIAN_POINT('',(6.28318530718,-0.149999996325));
#2136 = VECTOR('',#2137,1.);
#2137 = DIRECTION('',(-1.,0.));
#2138 = ( GEOMETRIC_REPRESENTATION_CONTEXT(2) 
PARAMETRIC_REPRESENTATION_CONTEXT() REPRESENTATION_CONTEXT('2D SPACE',''
  ) );
#2139 = PCURVE('',#2140,#2145);
#2140 = CYLINDRICAL_SURFACE('',#2141,1.25);
#2141 = AXIS2_PLACEMENT_3D('',#2142,#2143,#2144);
#2142 = CARTESIAN_POINT('',(0.,3.436370437526,14.));
#2143 = DIRECTION('',(0.,1.,0.));
#2144 = DIRECTION('',(0.,0.,-1.));
#2145 = DEFINITIONAL_REPRESENTATION('',(#2146),#2150);
#2146 = LINE('',#2147,#2148);
#2147 = CARTESIAN_POINT('',(6.28318530718,6.263629562474));
#2148 = VECTOR('',#2149,1.);
#2149 = DIRECTION('',(-1.,0.));
#2150 = ( GEOMETRIC_REPRESENTATION_CONTEXT(2) 
PARAMETRIC_REPRESENTATION_CONTEXT() REPRESENTATION_CONTEXT('2D SPACE',''
  ) );
#2151 = ORIENTED_EDGE('',*,*,#2152,.F.);
#2152 = EDGE_CURVE('',#1315,#2124,#2153,.T.);
#2153 = SURFACE_CURVE('',#2154,(#2158,#2165),.PCURVE_S1.);
#2154 = LINE('',#2155,#2156);
#2155 = CARTESIAN_POINT('',(4.18806506722E-08,9.999999993211,
    12.45000000679));
#2156 = VECTOR('',#2157,1.);
#2157 = DIRECTION('',(-3.900780809761E-08,-0.707106781186,0.707106781187
    ));
#2158 = PCURVE('',#1333,#2159);
#2159 = DEFINITIONAL_REPRESENTATION('',(#2160),#2164);
#2160 = LINE('',#2161,#2162);
#2161 = CARTESIAN_POINT('',(6.28318528016,0.149999996886));
#2162 = VECTOR('',#2163,1.);
#2163 = DIRECTION('',(2.251647757134E-08,-1.));
#2164 = ( GEOMETRIC_REPRESENTATION_CONTEXT(2) 
PARAMETRIC_REPRESENTATION_CONTEXT() REPRESENTATION_CONTEXT('2D SPACE',''
  ) );
#2165 = PCURVE('',#1360,#2166);
#2166 = DEFINITIONAL_REPRESENTATION('',(#2167),#2171);
#2167 = LINE('',#2168,#2169);
#2168 = CARTESIAN_POINT('',(-2.701977486197E-08,0.149999996886));
#2169 = VECTOR('',#2170,1.);
#2170 = DIRECTION('',(2.251647757134E-08,-1.));
#2171 = ( GEOMETRIC_REPRESENTATION_CONTEXT(2) 
PARAMETRIC_REPRESENTATION_CONTEXT() REPRESENTATION_CONTEXT('2D SPACE',''
  ) );
#2172 = ADVANCED_FACE('',(#2173),#1360,.F.);
#2173 = FACE_BOUND('',#2174,.F.);
#2174 = EDGE_LOOP('',(#2175,#2176,#2177,#2204));
#2175 = ORIENTED_EDGE('',*,*,#1345,.T.);
#2176 = ORIENTED_EDGE('',*,*,#2152,.T.);
#2177 = ORIENTED_EDGE('',*,*,#2178,.F.);
#2178 = EDGE_CURVE('',#2101,#2124,#2179,.T.);
#2179 = SURFACE_CURVE('',#2180,(#2185,#2192),.PCURVE_S1.);
#2180 = CIRCLE('',#2181,1.25);
#2181 = AXIS2_PLACEMENT_3D('',#2182,#2183,#2184);
#2182 = CARTESIAN_POINT('',(0.,9.7,14.));
#2183 = DIRECTION('',(0.,-1.,0.));
#2184 = DIRECTION('',(0.,0.,1.));
#2185 = PCURVE('',#1360,#2186);
#2186 = DEFINITIONAL_REPRESENTATION('',(#2187),#2191);
#2187 = LINE('',#2188,#2189);
#2188 = CARTESIAN_POINT('',(3.14159265359,-0.149999996325));
#2189 = VECTOR('',#2190,1.);
#2190 = DIRECTION('',(-1.,0.));
#2191 = ( GEOMETRIC_REPRESENTATION_CONTEXT(2) 
PARAMETRIC_REPRESENTATION_CONTEXT() REPRESENTATION_CONTEXT('2D SPACE',''
  ) );
#2192 = PCURVE('',#2193,#2198);
#2193 = CYLINDRICAL_SURFACE('',#2194,1.25);
#2194 = AXIS2_PLACEMENT_3D('',#2195,#2196,#2197);
#2195 = CARTESIAN_POINT('',(0.,3.436370437526,14.));
#2196 = DIRECTION('',(0.,1.,0.));
#2197 = DIRECTION('',(0.,0.,-1.));
#2198 = DEFINITIONAL_REPRESENTATION('',(#2199),#2203);
#2199 = LINE('',#2200,#2201);
#2200 = CARTESIAN_POINT('',(3.14159265359,6.263629562474));
#2201 = VECTOR('',#2202,1.);
#2202 = DIRECTION('',(-1.,0.));
#2203 = ( GEOMETRIC_REPRESENTATION_CONTEXT(2) 
PARAMETRIC_REPRESENTATION_CONTEXT() REPRESENTATION_CONTEXT('2D SPACE',''
  ) );
#2204 = ORIENTED_EDGE('',*,*,#2100,.F.);
#2205 = ADVANCED_FACE('',(#2206),#1397,.T.);
#2206 = FACE_BOUND('',#2207,.T.);
#2207 = EDGE_LOOP('',(#2208,#2231,#2232,#2255));
#2208 = ORIENTED_EDGE('',*,*,#2209,.F.);
#2209 = EDGE_CURVE('',#1375,#2210,#2212,.T.);
#2210 = VERTEX_POINT('',#2211);
#2211 = CARTESIAN_POINT('',(10.5,11.7,0.));
#2212 = SURFACE_CURVE('',#2213,(#2217,#2224),.PCURVE_S1.);
#2213 = LINE('',#2214,#2215);
#2214 = CARTESIAN_POINT('',(10.5,10.,0.));
#2215 = VECTOR('',#2216,1.);
#2216 = DIRECTION('',(-9.496612645689E-11,1.,1.828926890205E-09));
#2217 = PCURVE('',#1397,#2218);
#2218 = DEFINITIONAL_REPRESENTATION('',(#2219),#2223);
#2219 = LINE('',#2220,#2221);
#2220 = CARTESIAN_POINT('',(3.14159265359,2.6));
#2221 = VECTOR('',#2222,1.);
#2222 = DIRECTION('',(1.741835434058E-10,-1.));
#2223 = ( GEOMETRIC_REPRESENTATION_CONTEXT(2) 
PARAMETRIC_REPRESENTATION_CONTEXT() REPRESENTATION_CONTEXT('2D SPACE',''
  ) );
#2224 = PCURVE('',#1424,#2225);
#2225 = DEFINITIONAL_REPRESENTATION('',(#2226),#2230);
#2226 = LINE('',#2227,#2228);
#2227 = CARTESIAN_POINT('',(3.14159265359,2.6));
#2228 = VECTOR('',#2229,1.);
#2229 = DIRECTION('',(1.741835434058E-10,-1.));
#2230 = ( GEOMETRIC_REPRESENTATION_CONTEXT(2) 
PARAMETRIC_REPRESENTATION_CONTEXT() REPRESENTATION_CONTEXT('2D SPACE',''
  ) );
#2231 = ORIENTED_EDGE('',*,*,#1374,.T.);
#2232 = ORIENTED_EDGE('',*,*,#2233,.T.);
#2233 = EDGE_CURVE('',#1377,#2234,#2236,.T.);
#2234 = VERTEX_POINT('',#2235);
#2235 = CARTESIAN_POINT('',(-10.5,11.7,0.));
#2236 = SURFACE_CURVE('',#2237,(#2241,#2248),.PCURVE_S1.);
#2237 = LINE('',#2238,#2239);
#2238 = CARTESIAN_POINT('',(-10.5,10.,0.));
#2239 = VECTOR('',#2240,1.);
#2240 = DIRECTION('',(9.49744857832E-11,1.,-1.828925707853E-09));
#2241 = PCURVE('',#1397,#2242);
#2242 = DEFINITIONAL_REPRESENTATION('',(#2243),#2247);
#2243 = LINE('',#2244,#2245);
#2244 = CARTESIAN_POINT('',(0.,2.6));
#2245 = VECTOR('',#2246,1.);
#2246 = DIRECTION('',(0.,-1.));
#2247 = ( GEOMETRIC_REPRESENTATION_CONTEXT(2) 
PARAMETRIC_REPRESENTATION_CONTEXT() REPRESENTATION_CONTEXT('2D SPACE',''
  ) );
#2248 = PCURVE('',#1424,#2249);
#2249 = DEFINITIONAL_REPRESENTATION('',(#2250),#2254);
#2250 = LINE('',#2251,#2252);
#2251 = CARTESIAN_POINT('',(6.28318530718,2.6));
#2252 = VECTOR('',#2253,1.);
#2253 = DIRECTION('',(0.,-1.));
#2254 = ( GEOMETRIC_REPRESENTATION_CONTEXT(2) 
PARAMETRIC_REPRESENTATION_CONTEXT() REPRESENTATION_CONTEXT('2D SPACE',''
  ) );
#2255 = ORIENTED_EDGE('',*,*,#2256,.F.);
#2256 = EDGE_CURVE('',#2210,#2234,#2257,.T.);
#2257 = SURFACE_CURVE('',#2258,(#2263,#2270),.PCURVE_S1.);
#2258 = CIRCLE('',#2259,10.5);
#2259 = AXIS2_PLACEMENT_3D('',#2260,#2261,#2262);
#2260 = CARTESIAN_POINT('',(0.,11.7,0.));
#2261 = DIRECTION('',(-0.,1.,0.));
#2262 = DIRECTION('',(1.,0.,0.));
#2263 = PCURVE('',#1397,#2264);
#2264 = DEFINITIONAL_REPRESENTATION('',(#2265),#2269);
#2265 = LINE('',#2266,#2267);
#2266 = CARTESIAN_POINT('',(3.14159265359,0.9));
#2267 = VECTOR('',#2268,1.);
#2268 = DIRECTION('',(-1.,0.));
#2269 = ( GEOMETRIC_REPRESENTATION_CONTEXT(2) 
PARAMETRIC_REPRESENTATION_CONTEXT() REPRESENTATION_CONTEXT('2D SPACE',''
  ) );
#2270 = PCURVE('',#2271,#2276);
#2271 = CONICAL_SURFACE('',#2272,10.3499999998,0.785398163397);
#2272 = AXIS2_PLACEMENT_3D('',#2273,#2274,#2275);
#2273 = CARTESIAN_POINT('',(2.740862369447E-14,11.8500000002,0.));
#2274 = DIRECTION('',(0.,-1.,0.));
#2275 = DIRECTION('',(0.,0.,-1.));
#2276 = DEFINITIONAL_REPRESENTATION('',(#2277),#2281);
#2277 = LINE('',#2278,#2279);
#2278 = CARTESIAN_POINT('',(1.570796326795,0.1500000002));
#2279 = VECTOR('',#2280,1.);
#2280 = DIRECTION('',(-1.,8.483696782174E-15));
#2281 = ( GEOMETRIC_REPRESENTATION_CONTEXT(2) 
PARAMETRIC_REPRESENTATION_CONTEXT() REPRESENTATION_CONTEXT('2D SPACE',''
  ) );
#2282 = ADVANCED_FACE('',(#2283),#1424,.T.);
#2283 = FACE_BOUND('',#2284,.T.);
#2284 = EDGE_LOOP('',(#2285,#2286,#2287,#2288));
#2285 = ORIENTED_EDGE('',*,*,#2233,.F.);
#2286 = ORIENTED_EDGE('',*,*,#1409,.F.);
#2287 = ORIENTED_EDGE('',*,*,#2209,.T.);
#2288 = ORIENTED_EDGE('',*,*,#2289,.F.);
#2289 = EDGE_CURVE('',#2234,#2210,#2290,.T.);
#2290 = SURFACE_CURVE('',#2291,(#2296,#2303),.PCURVE_S1.);
#2291 = CIRCLE('',#2292,10.5);
#2292 = AXIS2_PLACEMENT_3D('',#2293,#2294,#2295);
#2293 = CARTESIAN_POINT('',(0.,11.7,0.));
#2294 = DIRECTION('',(0.,1.,-0.));
#2295 = DIRECTION('',(-1.,0.,0.));
#2296 = PCURVE('',#1424,#2297);
#2297 = DEFINITIONAL_REPRESENTATION('',(#2298),#2302);
#2298 = LINE('',#2299,#2300);
#2299 = CARTESIAN_POINT('',(6.28318530718,0.9));
#2300 = VECTOR('',#2301,1.);
#2301 = DIRECTION('',(-1.,0.));
#2302 = ( GEOMETRIC_REPRESENTATION_CONTEXT(2) 
PARAMETRIC_REPRESENTATION_CONTEXT() REPRESENTATION_CONTEXT('2D SPACE',''
  ) );
#2303 = PCURVE('',#2304,#2309);
#2304 = CONICAL_SURFACE('',#2305,10.3499999998,0.785398163397);
#2305 = AXIS2_PLACEMENT_3D('',#2306,#2307,#2308);
#2306 = CARTESIAN_POINT('',(2.740862369447E-14,11.8500000002,0.));
#2307 = DIRECTION('',(0.,-1.,0.));
#2308 = DIRECTION('',(0.,0.,-1.));
#2309 = DEFINITIONAL_REPRESENTATION('',(#2310),#2314);
#2310 = LINE('',#2311,#2312);
#2311 = CARTESIAN_POINT('',(4.712388980385,0.1500000002));
#2312 = VECTOR('',#2313,1.);
#2313 = DIRECTION('',(-1.,-8.483696782174E-15));
#2314 = ( GEOMETRIC_REPRESENTATION_CONTEXT(2) 
PARAMETRIC_REPRESENTATION_CONTEXT() REPRESENTATION_CONTEXT('2D SPACE',''
  ) );
#2315 = ADVANCED_FACE('',(#2316),#1480,.F.);
#2316 = FACE_BOUND('',#2317,.F.);
#2317 = EDGE_LOOP('',(#2318,#2349,#2370,#2371));
#2318 = ORIENTED_EDGE('',*,*,#2319,.F.);
#2319 = EDGE_CURVE('',#2320,#2322,#2324,.T.);
#2320 = VERTEX_POINT('',#2321);
#2321 = CARTESIAN_POINT('',(6.584701764331E-08,-49.5,7.999999999676));
#2322 = VERTEX_POINT('',#2323);
#2323 = CARTESIAN_POINT('',(-6.584701389586E-08,-49.5,-7.999999999676));
#2324 = SURFACE_CURVE('',#2325,(#2330,#2337),.PCURVE_S1.);
#2325 = CIRCLE('',#2326,8.);
#2326 = AXIS2_PLACEMENT_3D('',#2327,#2328,#2329);
#2327 = CARTESIAN_POINT('',(0.,-49.5,0.));
#2328 = DIRECTION('',(0.,1.,0.));
#2329 = DIRECTION('',(0.,-0.,1.));
#2330 = PCURVE('',#1480,#2331);
#2331 = DEFINITIONAL_REPRESENTATION('',(#2332),#2336);
#2332 = LINE('',#2333,#2334);
#2333 = CARTESIAN_POINT('',(0.,2.485));
#2334 = VECTOR('',#2335,1.);
#2335 = DIRECTION('',(1.,0.));
#2336 = ( GEOMETRIC_REPRESENTATION_CONTEXT(2) 
PARAMETRIC_REPRESENTATION_CONTEXT() REPRESENTATION_CONTEXT('2D SPACE',''
  ) );
#2337 = PCURVE('',#2338,#2343);
#2338 = PLANE('',#2339);
#2339 = AXIS2_PLACEMENT_3D('',#2340,#2341,#2342);
#2340 = CARTESIAN_POINT('',(0.,-49.5,0.));
#2341 = DIRECTION('',(0.,1.,0.));
#2342 = DIRECTION('',(0.,-0.,1.));
#2343 = DEFINITIONAL_REPRESENTATION('',(#2344),#2348);
#2344 = CIRCLE('',#2345,8.);
#2345 = AXIS2_PLACEMENT_2D('',#2346,#2347);
#2346 = CARTESIAN_POINT('',(0.,0.));
#2347 = DIRECTION('',(1.,0.));
#2348 = ( GEOMETRIC_REPRESENTATION_CONTEXT(2) 
PARAMETRIC_REPRESENTATION_CONTEXT() REPRESENTATION_CONTEXT('2D SPACE',''
  ) );
#2349 = ORIENTED_EDGE('',*,*,#2350,.T.);
#2350 = EDGE_CURVE('',#2320,#1464,#2351,.T.);
#2351 = SURFACE_CURVE('',#2352,(#2356,#2363),.PCURVE_S1.);
#2352 = LINE('',#2353,#2354);
#2353 = CARTESIAN_POINT('',(3.321235275411E-07,-42.1,8.));
#2354 = VECTOR('',#2355,1.);
#2355 = DIRECTION('',(-3.598331214835E-08,-1.,-4.383365465663E-11));
#2356 = PCURVE('',#1480,#2357);
#2357 = DEFINITIONAL_REPRESENTATION('',(#2358),#2362);
#2358 = LINE('',#2359,#2360);
#2359 = CARTESIAN_POINT('',(4.151544094264E-08,9.885));
#2360 = VECTOR('',#2361,1.);
#2361 = DIRECTION('',(-4.562136367323E-09,-1.));
#2362 = ( GEOMETRIC_REPRESENTATION_CONTEXT(2) 
PARAMETRIC_REPRESENTATION_CONTEXT() REPRESENTATION_CONTEXT('2D SPACE',''
  ) );
#2363 = PCURVE('',#1533,#2364);
#2364 = DEFINITIONAL_REPRESENTATION('',(#2365),#2369);
#2365 = LINE('',#2366,#2367);
#2366 = CARTESIAN_POINT('',(6.283185348695,9.885));
#2367 = VECTOR('',#2368,1.);
#2368 = DIRECTION('',(-4.562136358554E-09,-1.));
#2369 = ( GEOMETRIC_REPRESENTATION_CONTEXT(2) 
PARAMETRIC_REPRESENTATION_CONTEXT() REPRESENTATION_CONTEXT('2D SPACE',''
  ) );
#2370 = ORIENTED_EDGE('',*,*,#1463,.T.);
#2371 = ORIENTED_EDGE('',*,*,#2372,.F.);
#2372 = EDGE_CURVE('',#2322,#1441,#2373,.T.);
#2373 = SURFACE_CURVE('',#2374,(#2378,#2385),.PCURVE_S1.);
#2374 = LINE('',#2375,#2376);
#2375 = CARTESIAN_POINT('',(-3.321235256162E-07,-42.1,-8.));
#2376 = VECTOR('',#2377,1.);
#2377 = DIRECTION('',(3.598331239464E-08,-1.,4.383404506473E-11));
#2378 = PCURVE('',#1480,#2379);
#2379 = DEFINITIONAL_REPRESENTATION('',(#2380),#2384);
#2380 = LINE('',#2381,#2382);
#2381 = CARTESIAN_POINT('',(3.141592695105,9.885));
#2382 = VECTOR('',#2383,1.);
#2383 = DIRECTION('',(-4.497914031464E-09,-1.));
#2384 = ( GEOMETRIC_REPRESENTATION_CONTEXT(2) 
PARAMETRIC_REPRESENTATION_CONTEXT() REPRESENTATION_CONTEXT('2D SPACE',''
  ) );
#2385 = PCURVE('',#1533,#2386);
#2386 = DEFINITIONAL_REPRESENTATION('',(#2387),#2391);
#2387 = LINE('',#2388,#2389);
#2388 = CARTESIAN_POINT('',(3.141592695105,9.885));
#2389 = VECTOR('',#2390,1.);
#2390 = DIRECTION('',(-4.497914031464E-09,-1.));
#2391 = ( GEOMETRIC_REPRESENTATION_CONTEXT(2) 
PARAMETRIC_REPRESENTATION_CONTEXT() REPRESENTATION_CONTEXT('2D SPACE',''
  ) );
#2392 = ADVANCED_FACE('',(#2393),#1533,.F.);
#2393 = FACE_BOUND('',#2394,.F.);
#2394 = EDGE_LOOP('',(#2395,#2417,#2418,#2419));
#2395 = ORIENTED_EDGE('',*,*,#2396,.F.);
#2396 = EDGE_CURVE('',#2322,#2320,#2397,.T.);
#2397 = SURFACE_CURVE('',#2398,(#2403,#2410),.PCURVE_S1.);
#2398 = CIRCLE('',#2399,8.);
#2399 = AXIS2_PLACEMENT_3D('',#2400,#2401,#2402);
#2400 = CARTESIAN_POINT('',(0.,-49.5,0.));
#2401 = DIRECTION('',(0.,1.,0.));
#2402 = DIRECTION('',(0.,-0.,1.));
#2403 = PCURVE('',#1533,#2404);
#2404 = DEFINITIONAL_REPRESENTATION('',(#2405),#2409);
#2405 = LINE('',#2406,#2407);
#2406 = CARTESIAN_POINT('',(0.,2.485));
#2407 = VECTOR('',#2408,1.);
#2408 = DIRECTION('',(1.,0.));
#2409 = ( GEOMETRIC_REPRESENTATION_CONTEXT(2) 
PARAMETRIC_REPRESENTATION_CONTEXT() REPRESENTATION_CONTEXT('2D SPACE',''
  ) );
#2410 = PCURVE('',#2338,#2411);
#2411 = DEFINITIONAL_REPRESENTATION('',(#2412),#2416);
#2412 = CIRCLE('',#2413,8.);
#2413 = AXIS2_PLACEMENT_2D('',#2414,#2415);
#2414 = CARTESIAN_POINT('',(0.,0.));
#2415 = DIRECTION('',(1.,0.));
#2416 = ( GEOMETRIC_REPRESENTATION_CONTEXT(2) 
PARAMETRIC_REPRESENTATION_CONTEXT() REPRESENTATION_CONTEXT('2D SPACE',''
  ) );
#2417 = ORIENTED_EDGE('',*,*,#2372,.T.);
#2418 = ORIENTED_EDGE('',*,*,#1518,.T.);
#2419 = ORIENTED_EDGE('',*,*,#2350,.F.);
#2420 = ADVANCED_FACE('',(#2421),#1590,.F.);
#2421 = FACE_BOUND('',#2422,.F.);
#2422 = EDGE_LOOP('',(#2423,#2424,#2447,#2476));
#2423 = ORIENTED_EDGE('',*,*,#1573,.T.);
#2424 = ORIENTED_EDGE('',*,*,#2425,.F.);
#2425 = EDGE_CURVE('',#2426,#1551,#2428,.T.);
#2426 = VERTEX_POINT('',#2427);
#2427 = CARTESIAN_POINT('',(1.55,-50.3,11.));
#2428 = SURFACE_CURVE('',#2429,(#2433,#2440),.PCURVE_S1.);
#2429 = LINE('',#2430,#2431);
#2430 = CARTESIAN_POINT('',(1.54999999606,-50.30000000394,11.00000000505
    ));
#2431 = VECTOR('',#2432,1.);
#2432 = DIRECTION('',(-6.681466548299E-10,-1.,-3.21297142751E-08));
#2433 = PCURVE('',#1590,#2434);
#2434 = DEFINITIONAL_REPRESENTATION('',(#2435),#2439);
#2435 = LINE('',#2436,#2437);
#2436 = CARTESIAN_POINT('',(3.258064040779E-09,48.80000000394));
#2437 = VECTOR('',#2438,1.);
#2438 = DIRECTION('',(-2.072884797144E-08,1.));
#2439 = ( GEOMETRIC_REPRESENTATION_CONTEXT(2) 
PARAMETRIC_REPRESENTATION_CONTEXT() REPRESENTATION_CONTEXT('2D SPACE',''
  ) );
#2440 = PCURVE('',#1643,#2441);
#2441 = DEFINITIONAL_REPRESENTATION('',(#2442),#2446);
#2442 = LINE('',#2443,#2444);
#2443 = CARTESIAN_POINT('',(6.283185310438,48.80000000394));
#2444 = VECTOR('',#2445,1.);
#2445 = DIRECTION('',(-2.072884815163E-08,1.));
#2446 = ( GEOMETRIC_REPRESENTATION_CONTEXT(2) 
PARAMETRIC_REPRESENTATION_CONTEXT() REPRESENTATION_CONTEXT('2D SPACE',''
  ) );
#2447 = ORIENTED_EDGE('',*,*,#2448,.F.);
#2448 = EDGE_CURVE('',#2449,#2426,#2451,.T.);
#2449 = VERTEX_POINT('',#2450);
#2450 = CARTESIAN_POINT('',(-1.55,-50.3,11.));
#2451 = SURFACE_CURVE('',#2452,(#2457,#2464),.PCURVE_S1.);
#2452 = CIRCLE('',#2453,1.55);
#2453 = AXIS2_PLACEMENT_3D('',#2454,#2455,#2456);
#2454 = CARTESIAN_POINT('',(0.,-50.3,11.));
#2455 = DIRECTION('',(0.,1.,-0.));
#2456 = DIRECTION('',(-1.,0.,0.));
#2457 = PCURVE('',#1590,#2458);
#2458 = DEFINITIONAL_REPRESENTATION('',(#2459),#2463);
#2459 = LINE('',#2460,#2461);
#2460 = CARTESIAN_POINT('',(3.14159265359,48.8));
#2461 = VECTOR('',#2462,1.);
#2462 = DIRECTION('',(-1.,0.));
#2463 = ( GEOMETRIC_REPRESENTATION_CONTEXT(2) 
PARAMETRIC_REPRESENTATION_CONTEXT() REPRESENTATION_CONTEXT('2D SPACE',''
  ) );
#2464 = PCURVE('',#2465,#2470);
#2465 = CONICAL_SURFACE('',#2466,1.670710674035,0.785398163397);
#2466 = AXIS2_PLACEMENT_3D('',#2467,#2468,#2469);
#2467 = CARTESIAN_POINT('',(0.,-50.17928932596,11.));
#2468 = DIRECTION('',(0.,1.,0.));
#2469 = DIRECTION('',(0.,0.,-1.));
#2470 = DEFINITIONAL_REPRESENTATION('',(#2471),#2475);
#2471 = LINE('',#2472,#2473);
#2472 = CARTESIAN_POINT('',(1.570796326795,-0.120710674035));
#2473 = VECTOR('',#2474,1.);
#2474 = DIRECTION('',(1.,0.));
#2475 = ( GEOMETRIC_REPRESENTATION_CONTEXT(2) 
PARAMETRIC_REPRESENTATION_CONTEXT() REPRESENTATION_CONTEXT('2D SPACE',''
  ) );
#2476 = ORIENTED_EDGE('',*,*,#2477,.T.);
#2477 = EDGE_CURVE('',#2449,#1574,#2478,.T.);
#2478 = SURFACE_CURVE('',#2479,(#2483,#2490),.PCURVE_S1.);
#2479 = LINE('',#2480,#2481);
#2480 = CARTESIAN_POINT('',(-1.54999999606,-50.30000000394,
    10.99999999495));
#2481 = VECTOR('',#2482,1.);
#2482 = DIRECTION('',(6.681468768745E-10,-1.,3.21297142751E-08));
#2483 = PCURVE('',#1590,#2484);
#2484 = DEFINITIONAL_REPRESENTATION('',(#2485),#2489);
#2485 = LINE('',#2486,#2487);
#2486 = CARTESIAN_POINT('',(3.141592656848,48.80000000394));
#2487 = VECTOR('',#2488,1.);
#2488 = DIRECTION('',(-2.072884797144E-08,1.));
#2489 = ( GEOMETRIC_REPRESENTATION_CONTEXT(2) 
PARAMETRIC_REPRESENTATION_CONTEXT() REPRESENTATION_CONTEXT('2D SPACE',''
  ) );
#2490 = PCURVE('',#1643,#2491);
#2491 = DEFINITIONAL_REPRESENTATION('',(#2492),#2496);
#2492 = LINE('',#2493,#2494);
#2493 = CARTESIAN_POINT('',(3.141592656848,48.80000000394));
#2494 = VECTOR('',#2495,1.);
#2495 = DIRECTION('',(-2.072884752735E-08,1.));
#2496 = ( GEOMETRIC_REPRESENTATION_CONTEXT(2) 
PARAMETRIC_REPRESENTATION_CONTEXT() REPRESENTATION_CONTEXT('2D SPACE',''
  ) );
#2497 = ADVANCED_FACE('',(#2498),#1643,.F.);
#2498 = FACE_BOUND('',#2499,.F.);
#2499 = EDGE_LOOP('',(#2500,#2501,#2502,#2529));
#2500 = ORIENTED_EDGE('',*,*,#1628,.T.);
#2501 = ORIENTED_EDGE('',*,*,#2477,.F.);
#2502 = ORIENTED_EDGE('',*,*,#2503,.F.);
#2503 = EDGE_CURVE('',#2426,#2449,#2504,.T.);
#2504 = SURFACE_CURVE('',#2505,(#2510,#2517),.PCURVE_S1.);
#2505 = CIRCLE('',#2506,1.55);
#2506 = AXIS2_PLACEMENT_3D('',#2507,#2508,#2509);
#2507 = CARTESIAN_POINT('',(0.,-50.3,11.));
#2508 = DIRECTION('',(-0.,1.,0.));
#2509 = DIRECTION('',(1.,0.,0.));
#2510 = PCURVE('',#1643,#2511);
#2511 = DEFINITIONAL_REPRESENTATION('',(#2512),#2516);
#2512 = LINE('',#2513,#2514);
#2513 = CARTESIAN_POINT('',(6.28318530718,48.8));
#2514 = VECTOR('',#2515,1.);
#2515 = DIRECTION('',(-1.,0.));
#2516 = ( GEOMETRIC_REPRESENTATION_CONTEXT(2) 
PARAMETRIC_REPRESENTATION_CONTEXT() REPRESENTATION_CONTEXT('2D SPACE',''
  ) );
#2517 = PCURVE('',#2518,#2523);
#2518 = CONICAL_SURFACE('',#2519,1.670710674035,0.785398163397);
#2519 = AXIS2_PLACEMENT_3D('',#2520,#2521,#2522);
#2520 = CARTESIAN_POINT('',(0.,-50.17928932596,11.));
#2521 = DIRECTION('',(0.,1.,0.));
#2522 = DIRECTION('',(0.,0.,-1.));
#2523 = DEFINITIONAL_REPRESENTATION('',(#2524),#2528);
#2524 = LINE('',#2525,#2526);
#2525 = CARTESIAN_POINT('',(4.712388980385,-0.120710674035));
#2526 = VECTOR('',#2527,1.);
#2527 = DIRECTION('',(1.,0.));
#2528 = ( GEOMETRIC_REPRESENTATION_CONTEXT(2) 
PARAMETRIC_REPRESENTATION_CONTEXT() REPRESENTATION_CONTEXT('2D SPACE',''
  ) );
#2529 = ORIENTED_EDGE('',*,*,#2425,.T.);
#2530 = ADVANCED_FACE('',(#2531),#1700,.F.);
#2531 = FACE_BOUND('',#2532,.F.);
#2532 = EDGE_LOOP('',(#2533,#2534,#2557,#2586));
#2533 = ORIENTED_EDGE('',*,*,#1683,.T.);
#2534 = ORIENTED_EDGE('',*,*,#2535,.F.);
#2535 = EDGE_CURVE('',#2536,#1661,#2538,.T.);
#2536 = VERTEX_POINT('',#2537);
#2537 = CARTESIAN_POINT('',(1.55,-50.3,-11.));
#2538 = SURFACE_CURVE('',#2539,(#2543,#2550),.PCURVE_S1.);
#2539 = LINE('',#2540,#2541);
#2540 = CARTESIAN_POINT('',(1.54999999606,-50.30000000394,
    -10.99999999495));
#2541 = VECTOR('',#2542,1.);
#2542 = DIRECTION('',(-6.681464327853E-10,-1.,-3.212971249874E-08));
#2543 = PCURVE('',#1700,#2544);#2544 = DEFINITIONAL_REPRESENTATION('',(#2545),#2549);
#2545 = LINE('',#2546,#2547);
#2546 = CARTESIAN_POINT('',(3.258064040779E-09,48.80000000394));
#2547 = VECTOR('',#2548,1.);
#2548 = DIRECTION('',(-2.072884619508E-08,1.));
#2549 = ( GEOMETRIC_REPRESENTATION_CONTEXT(2) 
PARAMETRIC_REPRESENTATION_CONTEXT() REPRESENTATION_CONTEXT('2D SPACE',''
  ) );
#2550 = PCURVE('',#1753,#2551);
#2551 = DEFINITIONAL_REPRESENTATION('',(#2552),#2556);
#2552 = LINE('',#2553,#2554);
#2553 = CARTESIAN_POINT('',(6.283185310438,48.80000000394));
#2554 = VECTOR('',#2555,1.);
#2555 = DIRECTION('',(-2.072884637527E-08,1.));
#2556 = ( GEOMETRIC_REPRESENTATION_CONTEXT(2) 
PARAMETRIC_REPRESENTATION_CONTEXT() REPRESENTATION_CONTEXT('2D SPACE',''
  ) );
#2557 = ORIENTED_EDGE('',*,*,#2558,.F.);
#2558 = EDGE_CURVE('',#2559,#2536,#2561,.T.);
#2559 = VERTEX_POINT('',#2560);
#2560 = CARTESIAN_POINT('',(-1.55,-50.3,-11.));
#2561 = SURFACE_CURVE('',#2562,(#2567,#2574),.PCURVE_S1.);
#2562 = CIRCLE('',#2563,1.55);
#2563 = AXIS2_PLACEMENT_3D('',#2564,#2565,#2566);
#2564 = CARTESIAN_POINT('',(0.,-50.3,-11.));
#2565 = DIRECTION('',(0.,1.,-0.));
#2566 = DIRECTION('',(-1.,0.,0.));
#2567 = PCURVE('',#1700,#2568);
#2568 = DEFINITIONAL_REPRESENTATION('',(#2569),#2573);
#2569 = LINE('',#2570,#2571);
#2570 = CARTESIAN_POINT('',(3.14159265359,48.8));
#2571 = VECTOR('',#2572,1.);
#2572 = DIRECTION('',(-1.,0.));
#2573 = ( GEOMETRIC_REPRESENTATION_CONTEXT(2) 
PARAMETRIC_REPRESENTATION_CONTEXT() REPRESENTATION_CONTEXT('2D SPACE',''
  ) );
#2574 = PCURVE('',#2575,#2580);
#2575 = CONICAL_SURFACE('',#2576,1.670710674035,0.785398163397);
#2576 = AXIS2_PLACEMENT_3D('',#2577,#2578,#2579);
#2577 = CARTESIAN_POINT('',(0.,-50.17928932596,-11.));
#2578 = DIRECTION('',(0.,1.,0.));
#2579 = DIRECTION('',(0.,0.,-1.));
#2580 = DEFINITIONAL_REPRESENTATION('',(#2581),#2585);
#2581 = LINE('',#2582,#2583);
#2582 = CARTESIAN_POINT('',(1.570796326795,-0.120710674035));
#2583 = VECTOR('',#2584,1.);
#2584 = DIRECTION('',(1.,0.));
#2585 = ( GEOMETRIC_REPRESENTATION_CONTEXT(2) 
PARAMETRIC_REPRESENTATION_CONTEXT() REPRESENTATION_CONTEXT('2D SPACE',''
  ) );
#2586 = ORIENTED_EDGE('',*,*,#2587,.T.);
#2587 = EDGE_CURVE('',#2559,#1684,#2588,.T.);
#2588 = SURFACE_CURVE('',#2589,(#2593,#2600),.PCURVE_S1.);
#2589 = LINE('',#2590,#2591);
#2590 = CARTESIAN_POINT('',(-1.54999999606,-50.30000000394,
    -11.00000000505));
#2591 = VECTOR('',#2592,1.);
#2592 = DIRECTION('',(6.681464327853E-10,-1.,3.212971605146E-08));
#2593 = PCURVE('',#1700,#2594);
#2594 = DEFINITIONAL_REPRESENTATION('',(#2595),#2599);
#2595 = LINE('',#2596,#2597);
#2596 = CARTESIAN_POINT('',(3.141592656848,48.80000000394));
#2597 = VECTOR('',#2598,1.);
#2598 = DIRECTION('',(-2.07288497478E-08,1.));
#2599 = ( GEOMETRIC_REPRESENTATION_CONTEXT(2) 
PARAMETRIC_REPRESENTATION_CONTEXT() REPRESENTATION_CONTEXT('2D SPACE',''
  ) );
#2600 = PCURVE('',#1753,#2601);
#2601 = DEFINITIONAL_REPRESENTATION('',(#2602),#2606);
#2602 = LINE('',#2603,#2604);
#2603 = CARTESIAN_POINT('',(3.141592656848,48.80000000394));
#2604 = VECTOR('',#2605,1.);
#2605 = DIRECTION('',(-2.072884885962E-08,1.));
#2606 = ( GEOMETRIC_REPRESENTATION_CONTEXT(2) 
PARAMETRIC_REPRESENTATION_CONTEXT() REPRESENTATION_CONTEXT('2D SPACE',''
  ) );
#2607 = ADVANCED_FACE('',(#2608),#1753,.F.);
#2608 = FACE_BOUND('',#2609,.F.);
#2609 = EDGE_LOOP('',(#2610,#2611,#2612,#2639));
#2610 = ORIENTED_EDGE('',*,*,#1738,.T.);
#2611 = ORIENTED_EDGE('',*,*,#2587,.F.);
#2612 = ORIENTED_EDGE('',*,*,#2613,.F.);
#2613 = EDGE_CURVE('',#2536,#2559,#2614,.T.);
#2614 = SURFACE_CURVE('',#2615,(#2620,#2627),.PCURVE_S1.);
#2615 = CIRCLE('',#2616,1.55);
#2616 = AXIS2_PLACEMENT_3D('',#2617,#2618,#2619);
#2617 = CARTESIAN_POINT('',(0.,-50.3,-11.));
#2618 = DIRECTION('',(-0.,1.,0.));
#2619 = DIRECTION('',(1.,0.,0.));
#2620 = PCURVE('',#1753,#2621);
#2621 = DEFINITIONAL_REPRESENTATION('',(#2622),#2626);
#2622 = LINE('',#2623,#2624);
#2623 = CARTESIAN_POINT('',(6.28318530718,48.8));
#2624 = VECTOR('',#2625,1.);
#2625 = DIRECTION('',(-1.,0.));
#2626 = ( GEOMETRIC_REPRESENTATION_CONTEXT(2) 
PARAMETRIC_REPRESENTATION_CONTEXT() REPRESENTATION_CONTEXT('2D SPACE',''
  ) );
#2627 = PCURVE('',#2628,#2633);
#2628 = CONICAL_SURFACE('',#2629,1.670710674035,0.785398163397);
#2629 = AXIS2_PLACEMENT_3D('',#2630,#2631,#2632);
#2630 = CARTESIAN_POINT('',(0.,-50.17928932596,-11.));
#2631 = DIRECTION('',(0.,1.,0.));
#2632 = DIRECTION('',(0.,0.,-1.));
#2633 = DEFINITIONAL_REPRESENTATION('',(#2634),#2638);
#2634 = LINE('',#2635,#2636);
#2635 = CARTESIAN_POINT('',(4.712388980385,-0.120710674035));
#2636 = VECTOR('',#2637,1.);
#2637 = DIRECTION('',(1.,0.));
#2638 = ( GEOMETRIC_REPRESENTATION_CONTEXT(2) 
PARAMETRIC_REPRESENTATION_CONTEXT() REPRESENTATION_CONTEXT('2D SPACE',''
  ) );
#2639 = ORIENTED_EDGE('',*,*,#2535,.T.);
#2640 = ADVANCED_FACE('',(#2641),#1810,.F.);
#2641 = FACE_BOUND('',#2642,.F.);
#2642 = EDGE_LOOP('',(#2643,#2674,#2695,#2696));
#2643 = ORIENTED_EDGE('',*,*,#2644,.T.);
#2644 = EDGE_CURVE('',#2645,#2647,#2649,.T.);
#2645 = VERTEX_POINT('',#2646);
#2646 = CARTESIAN_POINT('',(-15.24999999723,8.,-1.704973676891E-08));
#2647 = VERTEX_POINT('',#2648);
#2648 = CARTESIAN_POINT('',(-12.75000000276,8.,1.704973684523E-08));
#2649 = SURFACE_CURVE('',#2650,(#2655,#2662),.PCURVE_S1.);
#2650 = CIRCLE('',#2651,1.25);
#2651 = AXIS2_PLACEMENT_3D('',#2652,#2653,#2654);
#2652 = CARTESIAN_POINT('',(-14.,8.,0.));
#2653 = DIRECTION('',(-0.,1.,0.));
#2654 = DIRECTION('',(1.,0.,0.));
#2655 = PCURVE('',#1810,#2656);
#2656 = DEFINITIONAL_REPRESENTATION('',(#2657),#2661);
#2657 = LINE('',#2658,#2659);
#2658 = CARTESIAN_POINT('',(0.,4.563629562474));
#2659 = VECTOR('',#2660,1.);
#2660 = DIRECTION('',(1.,0.));
#2661 = ( GEOMETRIC_REPRESENTATION_CONTEXT(2) 
PARAMETRIC_REPRESENTATION_CONTEXT() REPRESENTATION_CONTEXT('2D SPACE',''
  ) );
#2662 = PCURVE('',#2663,#2668);
#2663 = PLANE('',#2664);
#2664 = AXIS2_PLACEMENT_3D('',#2665,#2666,#2667);
#2665 = CARTESIAN_POINT('',(0.,8.,0.));
#2666 = DIRECTION('',(0.,1.,0.));
#2667 = DIRECTION('',(0.,-0.,1.));
#2668 = DEFINITIONAL_REPRESENTATION('',(#2669),#2673);
#2669 = CIRCLE('',#2670,1.25);
#2670 = AXIS2_PLACEMENT_2D('',#2671,#2672);
#2671 = CARTESIAN_POINT('',(0.,-14.));
#2672 = DIRECTION('',(0.,1.));
#2673 = ( GEOMETRIC_REPRESENTATION_CONTEXT(2) 
PARAMETRIC_REPRESENTATION_CONTEXT() REPRESENTATION_CONTEXT('2D SPACE',''
  ) );
#2674 = ORIENTED_EDGE('',*,*,#2675,.T.);
#2675 = EDGE_CURVE('',#2647,#1794,#2676,.T.);
#2676 = SURFACE_CURVE('',#2677,(#2681,#2688),.PCURVE_S1.);
#2677 = LINE('',#2678,#2679);
#2678 = CARTESIAN_POINT('',(-12.75,4.5,0.));
#2679 = VECTOR('',#2680,1.);
#2680 = DIRECTION('',(-7.897006132182E-10,1.,4.871353384352E-09));
#2681 = PCURVE('',#1810,#2682);
#2682 = DEFINITIONAL_REPRESENTATION('',(#2683),#2687);
#2683 = LINE('',#2684,#2685);
#2684 = CARTESIAN_POINT('',(6.28318530718,1.063629562474));
#2685 = VECTOR('',#2686,1.);
#2686 = DIRECTION('',(-3.897082656579E-09,1.));
#2687 = ( GEOMETRIC_REPRESENTATION_CONTEXT(2) 
PARAMETRIC_REPRESENTATION_CONTEXT() REPRESENTATION_CONTEXT('2D SPACE',''
  ) );
#2688 = PCURVE('',#1863,#2689);
#2689 = DEFINITIONAL_REPRESENTATION('',(#2690),#2694);
#2690 = LINE('',#2691,#2692);
#2691 = CARTESIAN_POINT('',(0.,1.063629562474));
#2692 = VECTOR('',#2693,1.);
#2693 = DIRECTION('',(-3.897082656579E-09,1.));
#2694 = ( GEOMETRIC_REPRESENTATION_CONTEXT(2) 
PARAMETRIC_REPRESENTATION_CONTEXT() REPRESENTATION_CONTEXT('2D SPACE',''
  ) );
#2695 = ORIENTED_EDGE('',*,*,#1793,.T.);
#2696 = ORIENTED_EDGE('',*,*,#2697,.F.);
#2697 = EDGE_CURVE('',#2645,#1771,#2698,.T.);
#2698 = SURFACE_CURVE('',#2699,(#2703,#2710),.PCURVE_S1.);
#2699 = LINE('',#2700,#2701);
#2700 = CARTESIAN_POINT('',(-15.25,4.5,0.));
#2701 = VECTOR('',#2702,1.);
#2702 = DIRECTION('',(7.897009548253E-10,1.,-4.871353362545E-09));
#2703 = PCURVE('',#1810,#2704);
#2704 = DEFINITIONAL_REPRESENTATION('',(#2705),#2709);
#2705 = LINE('',#2706,#2707);
#2706 = CARTESIAN_POINT('',(3.14159265359,1.063629562474));
#2707 = VECTOR('',#2708,1.);
#2708 = DIRECTION('',(-3.897082656579E-09,1.));
#2709 = ( GEOMETRIC_REPRESENTATION_CONTEXT(2) 
PARAMETRIC_REPRESENTATION_CONTEXT() REPRESENTATION_CONTEXT('2D SPACE',''
  ) );
#2710 = PCURVE('',#1863,#2711);
#2711 = DEFINITIONAL_REPRESENTATION('',(#2712),#2716);
#2712 = LINE('',#2713,#2714);
#2713 = CARTESIAN_POINT('',(3.14159265359,1.063629562474));
#2714 = VECTOR('',#2715,1.);
#2715 = DIRECTION('',(-3.897082656579E-09,1.));
#2716 = ( GEOMETRIC_REPRESENTATION_CONTEXT(2) 
PARAMETRIC_REPRESENTATION_CONTEXT() REPRESENTATION_CONTEXT('2D SPACE',''
  ) );
#2717 = ADVANCED_FACE('',(#2718),#1863,.F.);
#2718 = FACE_BOUND('',#2719,.F.);
#2719 = EDGE_LOOP('',(#2720,#2742,#2743,#2744));
#2720 = ORIENTED_EDGE('',*,*,#2721,.T.);
#2721 = EDGE_CURVE('',#2647,#2645,#2722,.T.);
#2722 = SURFACE_CURVE('',#2723,(#2728,#2735),.PCURVE_S1.);
#2723 = CIRCLE('',#2724,1.25);
#2724 = AXIS2_PLACEMENT_3D('',#2725,#2726,#2727);
#2725 = CARTESIAN_POINT('',(-14.,8.,0.));
#2726 = DIRECTION('',(-0.,1.,0.));
#2727 = DIRECTION('',(1.,0.,0.));
#2728 = PCURVE('',#1863,#2729);
#2729 = DEFINITIONAL_REPRESENTATION('',(#2730),#2734);
#2730 = LINE('',#2731,#2732);
#2731 = CARTESIAN_POINT('',(-6.28318530718,4.563629562474));
#2732 = VECTOR('',#2733,1.);
#2733 = DIRECTION('',(1.,0.));
#2734 = ( GEOMETRIC_REPRESENTATION_CONTEXT(2) 
PARAMETRIC_REPRESENTATION_CONTEXT() REPRESENTATION_CONTEXT('2D SPACE',''
  ) );
#2735 = PCURVE('',#2663,#2736);
#2736 = DEFINITIONAL_REPRESENTATION('',(#2737),#2741);
#2737 = CIRCLE('',#2738,1.25);
#2738 = AXIS2_PLACEMENT_2D('',#2739,#2740);
#2739 = CARTESIAN_POINT('',(0.,-14.));
#2740 = DIRECTION('',(0.,1.));
#2741 = ( GEOMETRIC_REPRESENTATION_CONTEXT(2) 
PARAMETRIC_REPRESENTATION_CONTEXT() REPRESENTATION_CONTEXT('2D SPACE',''
  ) );
#2742 = ORIENTED_EDGE('',*,*,#2697,.T.);
#2743 = ORIENTED_EDGE('',*,*,#1848,.T.);
#2744 = ORIENTED_EDGE('',*,*,#2675,.F.);
#2745 = ADVANCED_FACE('',(#2746),#1920,.F.);
#2746 = FACE_BOUND('',#2747,.F.);
#2747 = EDGE_LOOP('',(#2748,#2779,#2800,#2801));
#2748 = ORIENTED_EDGE('',*,*,#2749,.T.);
#2749 = EDGE_CURVE('',#2750,#2752,#2754,.T.);
#2750 = VERTEX_POINT('',#2751);
#2751 = CARTESIAN_POINT('',(1.704973741357E-08,8.,-15.24999999723));
#2752 = VERTEX_POINT('',#2753);
#2753 = CARTESIAN_POINT('',(-1.704973620229E-08,8.,-12.75000000276));
#2754 = SURFACE_CURVE('',#2755,(#2760,#2767),.PCURVE_S1.);
#2755 = CIRCLE('',#2756,1.25);
#2756 = AXIS2_PLACEMENT_3D('',#2757,#2758,#2759);
#2757 = CARTESIAN_POINT('',(0.,8.,-14.));
#2758 = DIRECTION('',(0.,1.,0.));
#2759 = DIRECTION('',(0.,-0.,1.));
#2760 = PCURVE('',#1920,#2761);
#2761 = DEFINITIONAL_REPRESENTATION('',(#2762),#2766);
#2762 = LINE('',#2763,#2764);
#2763 = CARTESIAN_POINT('',(0.,4.563629562474));
#2764 = VECTOR('',#2765,1.);
#2765 = DIRECTION('',(1.,0.));
#2766 = ( GEOMETRIC_REPRESENTATION_CONTEXT(2) 
PARAMETRIC_REPRESENTATION_CONTEXT() REPRESENTATION_CONTEXT('2D SPACE',''
  ) );
#2767 = PCURVE('',#2768,#2773);
#2768 = PLANE('',#2769);
#2769 = AXIS2_PLACEMENT_3D('',#2770,#2771,#2772);
#2770 = CARTESIAN_POINT('',(0.,8.,0.));
#2771 = DIRECTION('',(0.,1.,0.));
#2772 = DIRECTION('',(0.,-0.,1.));
#2773 = DEFINITIONAL_REPRESENTATION('',(#2774),#2778);
#2774 = CIRCLE('',#2775,1.25);
#2775 = AXIS2_PLACEMENT_2D('',#2776,#2777);
#2776 = CARTESIAN_POINT('',(-14.,0.));
#2777 = DIRECTION('',(1.,0.));
#2778 = ( GEOMETRIC_REPRESENTATION_CONTEXT(2) 
PARAMETRIC_REPRESENTATION_CONTEXT() REPRESENTATION_CONTEXT('2D SPACE',''
  ) );
#2779 = ORIENTED_EDGE('',*,*,#2780,.T.);
#2780 = EDGE_CURVE('',#2752,#1904,#2781,.T.);
#2781 = SURFACE_CURVE('',#2782,(#2786,#2793),.PCURVE_S1.);
#2782 = LINE('',#2783,#2784);
#2783 = CARTESIAN_POINT('',(0.,4.5,-12.75));
#2784 = VECTOR('',#2785,1.);
#2785 = DIRECTION('',(-4.871353200655E-09,1.,-7.897009548253E-10));
#2786 = PCURVE('',#1920,#2787);
#2787 = DEFINITIONAL_REPRESENTATION('',(#2788),#2792);
#2788 = LINE('',#2789,#2790);
#2789 = CARTESIAN_POINT('',(6.28318530718,1.063629562474));
#2790 = VECTOR('',#2791,1.);
#2791 = DIRECTION('',(-3.897082656579E-09,1.));
#2792 = ( GEOMETRIC_REPRESENTATION_CONTEXT(2) 
PARAMETRIC_REPRESENTATION_CONTEXT() REPRESENTATION_CONTEXT('2D SPACE',''
  ) );
#2793 = PCURVE('',#1973,#2794);
#2794 = DEFINITIONAL_REPRESENTATION('',(#2795),#2799);
#2795 = LINE('',#2796,#2797);
#2796 = CARTESIAN_POINT('',(0.,1.063629562474));
#2797 = VECTOR('',#2798,1.);
#2798 = DIRECTION('',(-3.897082656579E-09,1.));
#2799 = ( GEOMETRIC_REPRESENTATION_CONTEXT(2) 
PARAMETRIC_REPRESENTATION_CONTEXT() REPRESENTATION_CONTEXT('2D SPACE',''
  ) );
#2800 = ORIENTED_EDGE('',*,*,#1903,.T.);
#2801 = ORIENTED_EDGE('',*,*,#2802,.F.);
#2802 = EDGE_CURVE('',#2750,#1881,#2803,.T.);
#2803 = SURFACE_CURVE('',#2804,(#2808,#2815),.PCURVE_S1.);
#2804 = LINE('',#2805,#2806);
#2805 = CARTESIAN_POINT('',(0.,4.5,-15.25));
#2806 = VECTOR('',#2807,1.);
#2807 = DIRECTION('',(4.871353546733E-09,1.,7.897006132182E-10));
#2808 = PCURVE('',#1920,#2809);
#2809 = DEFINITIONAL_REPRESENTATION('',(#2810),#2814);
#2810 = LINE('',#2811,#2812);
#2811 = CARTESIAN_POINT('',(3.14159265359,1.063629562474));
#2812 = VECTOR('',#2813,1.);
#2813 = DIRECTION('',(-3.897082827382E-09,1.));
#2814 = ( GEOMETRIC_REPRESENTATION_CONTEXT(2) 
PARAMETRIC_REPRESENTATION_CONTEXT() REPRESENTATION_CONTEXT('2D SPACE',''
  ) );
#2815 = PCURVE('',#1973,#2816);
#2816 = DEFINITIONAL_REPRESENTATION('',(#2817),#2821);
#2817 = LINE('',#2818,#2819);
#2818 = CARTESIAN_POINT('',(3.14159265359,1.063629562474));
#2819 = VECTOR('',#2820,1.);
#2820 = DIRECTION('',(-3.897082998186E-09,1.));
#2821 = ( GEOMETRIC_REPRESENTATION_CONTEXT(2) 
PARAMETRIC_REPRESENTATION_CONTEXT() REPRESENTATION_CONTEXT('2D SPACE',''
  ) );
#2822 = ADVANCED_FACE('',(#2823),#1973,.F.);
#2823 = FACE_BOUND('',#2824,.F.);
#2824 = EDGE_LOOP('',(#2825,#2847,#2848,#2849));
#2825 = ORIENTED_EDGE('',*,*,#2826,.T.);
#2826 = EDGE_CURVE('',#2752,#2750,#2827,.T.);
#2827 = SURFACE_CURVE('',#2828,(#2833,#2840),.PCURVE_S1.);
#2828 = CIRCLE('',#2829,1.25);
#2829 = AXIS2_PLACEMENT_3D('',#2830,#2831,#2832);
#2830 = CARTESIAN_POINT('',(0.,8.,-14.));
#2831 = DIRECTION('',(0.,1.,0.));
#2832 = DIRECTION('',(0.,-0.,1.));
#2833 = PCURVE('',#1973,#2834);
#2834 = DEFINITIONAL_REPRESENTATION('',(#2835),#2839);
#2835 = LINE('',#2836,#2837);
#2836 = CARTESIAN_POINT('',(-6.28318530718,4.563629562474));
#2837 = VECTOR('',#2838,1.);
#2838 = DIRECTION('',(1.,0.));
#2839 = ( GEOMETRIC_REPRESENTATION_CONTEXT(2) 
PARAMETRIC_REPRESENTATION_CONTEXT() REPRESENTATION_CONTEXT('2D SPACE',''
  ) );
#2840 = PCURVE('',#2768,#2841);
#2841 = DEFINITIONAL_REPRESENTATION('',(#2842),#2846);
#2842 = CIRCLE('',#2843,1.25);
#2843 = AXIS2_PLACEMENT_2D('',#2844,#2845);
#2844 = CARTESIAN_POINT('',(-14.,0.));
#2845 = DIRECTION('',(1.,0.));
#2846 = ( GEOMETRIC_REPRESENTATION_CONTEXT(2) 
PARAMETRIC_REPRESENTATION_CONTEXT() REPRESENTATION_CONTEXT('2D SPACE',''
  ) );
#2847 = ORIENTED_EDGE('',*,*,#2802,.T.);
#2848 = ORIENTED_EDGE('',*,*,#1958,.T.);
#2849 = ORIENTED_EDGE('',*,*,#2780,.F.);
#2850 = ADVANCED_FACE('',(#2851),#2030,.F.);
#2851 = FACE_BOUND('',#2852,.F.);
#2852 = EDGE_LOOP('',(#2853,#2884,#2905,#2906));
#2853 = ORIENTED_EDGE('',*,*,#2854,.T.);
#2854 = EDGE_CURVE('',#2855,#2857,#2859,.T.);
#2855 = VERTEX_POINT('',#2856);
#2856 = CARTESIAN_POINT('',(15.249999997236,8.,1.704973677372E-08));
#2857 = VERTEX_POINT('',#2858);
#2858 = CARTESIAN_POINT('',(12.750000002764,8.,-1.704973689675E-08));
#2859 = SURFACE_CURVE('',#2860,(#2865,#2872),.PCURVE_S1.);
#2860 = CIRCLE('',#2861,1.25);
#2861 = AXIS2_PLACEMENT_3D('',#2862,#2863,#2864);
#2862 = CARTESIAN_POINT('',(14.,8.,0.));
#2863 = DIRECTION('',(0.,1.,0.));
#2864 = DIRECTION('',(-1.,0.,0.));
#2865 = PCURVE('',#2030,#2866);
#2866 = DEFINITIONAL_REPRESENTATION('',(#2867),#2871);
#2867 = LINE('',#2868,#2869);
#2868 = CARTESIAN_POINT('',(0.,4.563629562474));
#2869 = VECTOR('',#2870,1.);
#2870 = DIRECTION('',(1.,0.));
#2871 = ( GEOMETRIC_REPRESENTATION_CONTEXT(2) 
PARAMETRIC_REPRESENTATION_CONTEXT() REPRESENTATION_CONTEXT('2D SPACE',''
  ) );
#2872 = PCURVE('',#2873,#2878);
#2873 = PLANE('',#2874);
#2874 = AXIS2_PLACEMENT_3D('',#2875,#2876,#2877);
#2875 = CARTESIAN_POINT('',(0.,8.,0.));
#2876 = DIRECTION('',(0.,1.,0.));
#2877 = DIRECTION('',(0.,-0.,1.));
#2878 = DEFINITIONAL_REPRESENTATION('',(#2879),#2883);
#2879 = CIRCLE('',#2880,1.25);
#2880 = AXIS2_PLACEMENT_2D('',#2881,#2882);
#2881 = CARTESIAN_POINT('',(0.,14.));
#2882 = DIRECTION('',(0.,-1.));
#2883 = ( GEOMETRIC_REPRESENTATION_CONTEXT(2) 
PARAMETRIC_REPRESENTATION_CONTEXT() REPRESENTATION_CONTEXT('2D SPACE',''
  ) );
#2884 = ORIENTED_EDGE('',*,*,#2885,.T.);
#2885 = EDGE_CURVE('',#2857,#2014,#2886,.T.);
#2886 = SURFACE_CURVE('',#2887,(#2891,#2898),.PCURVE_S1.);
#2887 = LINE('',#2888,#2889);
#2888 = CARTESIAN_POINT('',(12.75,4.5,0.));
#2889 = VECTOR('',#2890,1.);
#2890 = DIRECTION('',(7.897009548253E-10,1.,-4.871353399071E-09));
#2891 = PCURVE('',#2030,#2892);
#2892 = DEFINITIONAL_REPRESENTATION('',(#2893),#2897);
#2893 = LINE('',#2894,#2895);
#2894 = CARTESIAN_POINT('',(6.28318530718,1.063629562474));
#2895 = VECTOR('',#2896,1.);
#2896 = DIRECTION('',(-3.897082656579E-09,1.));
#2897 = ( GEOMETRIC_REPRESENTATION_CONTEXT(2) 
PARAMETRIC_REPRESENTATION_CONTEXT() REPRESENTATION_CONTEXT('2D SPACE',''
  ) );
#2898 = PCURVE('',#2083,#2899);
#2899 = DEFINITIONAL_REPRESENTATION('',(#2900),#2904);
#2900 = LINE('',#2901,#2902);
#2901 = CARTESIAN_POINT('',(0.,1.063629562474));
#2902 = VECTOR('',#2903,1.);
#2903 = DIRECTION('',(-3.897082656579E-09,1.));
#2904 = ( GEOMETRIC_REPRESENTATION_CONTEXT(2) 
PARAMETRIC_REPRESENTATION_CONTEXT() REPRESENTATION_CONTEXT('2D SPACE',''
  ) );
#2905 = ORIENTED_EDGE('',*,*,#2013,.T.);
#2906 = ORIENTED_EDGE('',*,*,#2907,.F.);
#2907 = EDGE_CURVE('',#2855,#1991,#2908,.T.);
#2908 = SURFACE_CURVE('',#2909,(#2913,#2920),.PCURVE_S1.);
#2909 = LINE('',#2910,#2911);
#2910 = CARTESIAN_POINT('',(15.25,4.5,0.));
#2911 = VECTOR('',#2912,1.);
#2912 = DIRECTION('',(-7.897006132182E-10,1.,4.871353363921E-09));
#2913 = PCURVE('',#2030,#2914);
#2914 = DEFINITIONAL_REPRESENTATION('',(#2915),#2919);
#2915 = LINE('',#2916,#2917);
#2916 = CARTESIAN_POINT('',(3.14159265359,1.063629562474));
#2917 = VECTOR('',#2918,1.);
#2918 = DIRECTION('',(-3.897082656579E-09,1.));
#2919 = ( GEOMETRIC_REPRESENTATION_CONTEXT(2) 
PARAMETRIC_REPRESENTATION_CONTEXT() REPRESENTATION_CONTEXT('2D SPACE',''
  ) );
#2920 = PCURVE('',#2083,#2921);
#2921 = DEFINITIONAL_REPRESENTATION('',(#2922),#2926);
#2922 = LINE('',#2923,#2924);
#2923 = CARTESIAN_POINT('',(3.14159265359,1.063629562474));
#2924 = VECTOR('',#2925,1.);
#2925 = DIRECTION('',(-3.897082656579E-09,1.));
#2926 = ( GEOMETRIC_REPRESENTATION_CONTEXT(2) 
PARAMETRIC_REPRESENTATION_CONTEXT() REPRESENTATION_CONTEXT('2D SPACE',''
  ) );
#2927 = ADVANCED_FACE('',(#2928),#2083,.F.);
#2928 = FACE_BOUND('',#2929,.F.);
#2929 = EDGE_LOOP('',(#2930,#2952,#2953,#2954));
#2930 = ORIENTED_EDGE('',*,*,#2931,.T.);
#2931 = EDGE_CURVE('',#2857,#2855,#2932,.T.);
#2932 = SURFACE_CURVE('',#2933,(#2938,#2945),.PCURVE_S1.);
#2933 = CIRCLE('',#2934,1.25);
#2934 = AXIS2_PLACEMENT_3D('',#2935,#2936,#2937);
#2935 = CARTESIAN_POINT('',(14.,8.,0.));
#2936 = DIRECTION('',(0.,1.,0.));
#2937 = DIRECTION('',(-1.,0.,0.));
#2938 = PCURVE('',#2083,#2939);
#2939 = DEFINITIONAL_REPRESENTATION('',(#2940),#2944);
#2940 = LINE('',#2941,#2942);
#2941 = CARTESIAN_POINT('',(-6.28318530718,4.563629562474));
#2942 = VECTOR('',#2943,1.);
#2943 = DIRECTION('',(1.,0.));
#2944 = ( GEOMETRIC_REPRESENTATION_CONTEXT(2) 
PARAMETRIC_REPRESENTATION_CONTEXT() REPRESENTATION_CONTEXT('2D SPACE',''
  ) );
#2945 = PCURVE('',#2873,#2946);
#2946 = DEFINITIONAL_REPRESENTATION('',(#2947),#2951);
#2947 = CIRCLE('',#2948,1.25);
#2948 = AXIS2_PLACEMENT_2D('',#2949,#2950);
#2949 = CARTESIAN_POINT('',(0.,14.));
#2950 = DIRECTION('',(0.,-1.));
#2951 = ( GEOMETRIC_REPRESENTATION_CONTEXT(2) 
PARAMETRIC_REPRESENTATION_CONTEXT() REPRESENTATION_CONTEXT('2D SPACE',''
  ) );
#2952 = ORIENTED_EDGE('',*,*,#2907,.T.);
#2953 = ORIENTED_EDGE('',*,*,#2068,.T.);
#2954 = ORIENTED_EDGE('',*,*,#2885,.F.);
#2955 = ADVANCED_FACE('',(#2956),#2140,.F.);
#2956 = FACE_BOUND('',#2957,.F.);
#2957 = EDGE_LOOP('',(#2958,#2989,#3010,#3011));
#2958 = ORIENTED_EDGE('',*,*,#2959,.T.);
#2959 = EDGE_CURVE('',#2960,#2962,#2964,.T.);
#2960 = VERTEX_POINT('',#2961);
#2961 = CARTESIAN_POINT('',(-1.704973585056E-08,8.,15.249999997236));
#2962 = VERTEX_POINT('',#2963);
#2963 = CARTESIAN_POINT('',(1.704973749778E-08,8.,12.750000002764));
#2964 = SURFACE_CURVE('',#2965,(#2970,#2977),.PCURVE_S1.);
#2965 = CIRCLE('',#2966,1.25);
#2966 = AXIS2_PLACEMENT_3D('',#2967,#2968,#2969);
#2967 = CARTESIAN_POINT('',(0.,8.,14.));
#2968 = DIRECTION('',(0.,1.,0.));
#2969 = DIRECTION('',(0.,0.,-1.));
#2970 = PCURVE('',#2140,#2971);
#2971 = DEFINITIONAL_REPRESENTATION('',(#2972),#2976);
#2972 = LINE('',#2973,#2974);
#2973 = CARTESIAN_POINT('',(0.,4.563629562474));
#2974 = VECTOR('',#2975,1.);
#2975 = DIRECTION('',(1.,0.));
#2976 = ( GEOMETRIC_REPRESENTATION_CONTEXT(2) 
PARAMETRIC_REPRESENTATION_CONTEXT() REPRESENTATION_CONTEXT('2D SPACE',''
  ) );
#2977 = PCURVE('',#2978,#2983);
#2978 = PLANE('',#2979);
#2979 = AXIS2_PLACEMENT_3D('',#2980,#2981,#2982);
#2980 = CARTESIAN_POINT('',(0.,8.,0.));
#2981 = DIRECTION('',(0.,1.,0.));
#2982 = DIRECTION('',(0.,-0.,1.));
#2983 = DEFINITIONAL_REPRESENTATION('',(#2984),#2988);
#2984 = CIRCLE('',#2985,1.25);
#2985 = AXIS2_PLACEMENT_2D('',#2986,#2987);
#2986 = CARTESIAN_POINT('',(14.,0.));
#2987 = DIRECTION('',(-1.,0.));
#2988 = ( GEOMETRIC_REPRESENTATION_CONTEXT(2) 
PARAMETRIC_REPRESENTATION_CONTEXT() REPRESENTATION_CONTEXT('2D SPACE',''
  ) );
#2989 = ORIENTED_EDGE('',*,*,#2990,.T.);
#2990 = EDGE_CURVE('',#2962,#2124,#2991,.T.);
#2991 = SURFACE_CURVE('',#2992,(#2996,#3003),.PCURVE_S1.);
#2992 = LINE('',#2993,#2994);
#2993 = CARTESIAN_POINT('',(0.,4.5,12.75));
#2994 = VECTOR('',#2995,1.);
#2995 = DIRECTION('',(4.871353570794E-09,1.,7.897009548253E-10));
#2996 = PCURVE('',#2140,#2997);
#2997 = DEFINITIONAL_REPRESENTATION('',(#2998),#3002);
#2998 = LINE('',#2999,#3000);
#2999 = CARTESIAN_POINT('',(6.28318530718,1.063629562474));
#3000 = VECTOR('',#3001,1.);
#3001 = DIRECTION('',(-3.897082827382E-09,1.));
#3002 = ( GEOMETRIC_REPRESENTATION_CONTEXT(2) 
PARAMETRIC_REPRESENTATION_CONTEXT() REPRESENTATION_CONTEXT('2D SPACE',''
  ) );
#3003 = PCURVE('',#2193,#3004);
#3004 = DEFINITIONAL_REPRESENTATION('',(#3005),#3009);
#3005 = LINE('',#3006,#3007);
#3006 = CARTESIAN_POINT('',(0.,1.063629562474));
#3007 = VECTOR('',#3008,1.);
#3008 = DIRECTION('',(-3.897082827382E-09,1.));
#3009 = ( GEOMETRIC_REPRESENTATION_CONTEXT(2) 
PARAMETRIC_REPRESENTATION_CONTEXT() REPRESENTATION_CONTEXT('2D SPACE',''
  ) );
#3010 = ORIENTED_EDGE('',*,*,#2123,.T.);
#3011 = ORIENTED_EDGE('',*,*,#3012,.F.);
#3012 = EDGE_CURVE('',#2960,#2101,#3013,.T.);
#3013 = SURFACE_CURVE('',#3014,(#3018,#3025),.PCURVE_S1.);
#3014 = LINE('',#3015,#3016);
#3015 = CARTESIAN_POINT('',(0.,4.5,15.25));
#3016 = VECTOR('',#3017,1.);
#3017 = DIRECTION('',(-4.87135310016E-09,1.,-7.897009548253E-10));
#3018 = PCURVE('',#2140,#3019);
#3019 = DEFINITIONAL_REPRESENTATION('',(#3020),#3024);
#3020 = LINE('',#3021,#3022);
#3021 = CARTESIAN_POINT('',(3.14159265359,1.063629562474));
#3022 = VECTOR('',#3023,1.);
#3023 = DIRECTION('',(-3.897082485775E-09,1.));
#3024 = ( GEOMETRIC_REPRESENTATION_CONTEXT(2) 
PARAMETRIC_REPRESENTATION_CONTEXT() REPRESENTATION_CONTEXT('2D SPACE',''
  ) );
#3025 = PCURVE('',#2193,#3026);
#3026 = DEFINITIONAL_REPRESENTATION('',(#3027),#3031);
#3027 = LINE('',#3028,#3029);
#3028 = CARTESIAN_POINT('',(3.14159265359,1.063629562474));
#3029 = VECTOR('',#3030,1.);
#3030 = DIRECTION('',(-3.897082314972E-09,1.));
#3031 = ( GEOMETRIC_REPRESENTATION_CONTEXT(2) 
PARAMETRIC_REPRESENTATION_CONTEXT() REPRESENTATION_CONTEXT('2D SPACE',''
  ) );
#3032 = ADVANCED_FACE('',(#3033),#2193,.F.);
#3033 = FACE_BOUND('',#3034,.F.);
#3034 = EDGE_LOOP('',(#3035,#3057,#3058,#3059));
#3035 = ORIENTED_EDGE('',*,*,#3036,.T.);
#3036 = EDGE_CURVE('',#2962,#2960,#3037,.T.);
#3037 = SURFACE_CURVE('',#3038,(#3043,#3050),.PCURVE_S1.);
#3038 = CIRCLE('',#3039,1.25);
#3039 = AXIS2_PLACEMENT_3D('',#3040,#3041,#3042);
#3040 = CARTESIAN_POINT('',(0.,8.,14.));
#3041 = DIRECTION('',(0.,1.,0.));
#3042 = DIRECTION('',(0.,0.,-1.));
#3043 = PCURVE('',#2193,#3044);
#3044 = DEFINITIONAL_REPRESENTATION('',(#3045),#3049);
#3045 = LINE('',#3046,#3047);
#3046 = CARTESIAN_POINT('',(-6.28318530718,4.563629562474));
#3047 = VECTOR('',#3048,1.);
#3048 = DIRECTION('',(1.,0.));
#3049 = ( GEOMETRIC_REPRESENTATION_CONTEXT(2) 
PARAMETRIC_REPRESENTATION_CONTEXT() REPRESENTATION_CONTEXT('2D SPACE',''
  ) );
#3050 = PCURVE('',#2978,#3051);
#3051 = DEFINITIONAL_REPRESENTATION('',(#3052),#3056);
#3052 = CIRCLE('',#3053,1.25);
#3053 = AXIS2_PLACEMENT_2D('',#3054,#3055);
#3054 = CARTESIAN_POINT('',(14.,0.));
#3055 = DIRECTION('',(-1.,0.));
#3056 = ( GEOMETRIC_REPRESENTATION_CONTEXT(2) 
PARAMETRIC_REPRESENTATION_CONTEXT() REPRESENTATION_CONTEXT('2D SPACE',''
  ) );
#3057 = ORIENTED_EDGE('',*,*,#3012,.T.);
#3058 = ORIENTED_EDGE('',*,*,#2178,.T.);
#3059 = ORIENTED_EDGE('',*,*,#2990,.F.);
#3060 = ADVANCED_FACE('',(#3061),#2271,.T.);
#3061 = FACE_BOUND('',#3062,.T.);
#3062 = EDGE_LOOP('',(#3063,#3086,#3087,#3110));
#3063 = ORIENTED_EDGE('',*,*,#3064,.T.);
#3064 = EDGE_CURVE('',#3065,#2210,#3067,.T.);
#3065 = VERTEX_POINT('',#3066);
#3066 = CARTESIAN_POINT('',(10.2,12.,0.));
#3067 = SURFACE_CURVE('',#3068,(#3072,#3079),.PCURVE_S1.);
#3068 = LINE('',#3069,#3070);
#3069 = CARTESIAN_POINT('',(10.19999999979,12.00000000021,
    4.027124278018E-09));
#3070 = VECTOR('',#3071,1.);
#3071 = DIRECTION('',(0.707106781186,-0.707106781187,-2.163623494592E-09
    ));
#3072 = PCURVE('',#2271,#3073);
#3073 = DEFINITIONAL_REPRESENTATION('',(#3074),#3078);
#3074 = LINE('',#3075,#3076);
#3075 = CARTESIAN_POINT('',(1.57079632719,-0.15000000001));
#3076 = VECTOR('',#3077,1.);
#3077 = DIRECTION('',(-3.290138531989E-10,1.));
#3078 = ( GEOMETRIC_REPRESENTATION_CONTEXT(2) 
PARAMETRIC_REPRESENTATION_CONTEXT() REPRESENTATION_CONTEXT('2D SPACE',''
  ) );
#3079 = PCURVE('',#2304,#3080);
#3080 = DEFINITIONAL_REPRESENTATION('',(#3081),#3085);
#3081 = LINE('',#3082,#3083);
#3082 = CARTESIAN_POINT('',(1.57079632719,-0.15000000001));
#3083 = VECTOR('',#3084,1.);
#3084 = DIRECTION('',(-3.290138531989E-10,1.));
#3085 = ( GEOMETRIC_REPRESENTATION_CONTEXT(2) 
PARAMETRIC_REPRESENTATION_CONTEXT() REPRESENTATION_CONTEXT('2D SPACE',''
  ) );
#3086 = ORIENTED_EDGE('',*,*,#2256,.T.);
#3087 = ORIENTED_EDGE('',*,*,#3088,.F.);
#3088 = EDGE_CURVE('',#3089,#2234,#3091,.T.);
#3089 = VERTEX_POINT('',#3090);
#3090 = CARTESIAN_POINT('',(-10.2,12.,0.));
#3091 = SURFACE_CURVE('',#3092,(#3096,#3103),.PCURVE_S1.);
#3092 = LINE('',#3093,#3094);
#3093 = CARTESIAN_POINT('',(-10.19999999979,12.00000000021,
    -4.02712091964E-09));
#3094 = VECTOR('',#3095,1.);
#3095 = DIRECTION('',(-0.707106781187,-0.707106781186,2.16362031643E-09)
  );
#3096 = PCURVE('',#2271,#3097);
#3097 = DEFINITIONAL_REPRESENTATION('',(#3098),#3102);
#3098 = LINE('',#3099,#3100);
#3099 = CARTESIAN_POINT('',(-1.5707963264,-0.15000000001));
#3100 = VECTOR('',#3101,1.);
#3101 = DIRECTION('',(-3.290138531989E-10,1.));
#3102 = ( GEOMETRIC_REPRESENTATION_CONTEXT(2) 
PARAMETRIC_REPRESENTATION_CONTEXT() REPRESENTATION_CONTEXT('2D SPACE',''
  ) );
#3103 = PCURVE('',#2304,#3104);
#3104 = DEFINITIONAL_REPRESENTATION('',(#3105),#3109);
#3105 = LINE('',#3106,#3107);
#3106 = CARTESIAN_POINT('',(4.71238898078,-0.15000000001));
#3107 = VECTOR('',#3108,1.);
#3108 = DIRECTION('',(-3.290138531989E-10,1.));
#3109 = ( GEOMETRIC_REPRESENTATION_CONTEXT(2) 
PARAMETRIC_REPRESENTATION_CONTEXT() REPRESENTATION_CONTEXT('2D SPACE',''
  ) );
#3110 = ORIENTED_EDGE('',*,*,#3111,.F.);
#3111 = EDGE_CURVE('',#3065,#3089,#3112,.T.);
#3112 = SURFACE_CURVE('',#3113,(#3118,#3125),.PCURVE_S1.);
#3113 = CIRCLE('',#3114,10.2);
#3114 = AXIS2_PLACEMENT_3D('',#3115,#3116,#3117);
#3115 = CARTESIAN_POINT('',(2.743617824741E-14,12.,0.));
#3116 = DIRECTION('',(-0.,1.,0.));
#3117 = DIRECTION('',(1.,0.,0.));
#3118 = PCURVE('',#2271,#3119);
#3119 = DEFINITIONAL_REPRESENTATION('',(#3120),#3124);
#3120 = LINE('',#3121,#3122);
#3121 = CARTESIAN_POINT('',(1.570796326795,-0.1499999998));
#3122 = VECTOR('',#3123,1.);
#3123 = DIRECTION('',(-1.,0.));
#3124 = ( GEOMETRIC_REPRESENTATION_CONTEXT(2) 
PARAMETRIC_REPRESENTATION_CONTEXT() REPRESENTATION_CONTEXT('2D SPACE',''
  ) );
#3125 = PCURVE('',#3126,#3131);
#3126 = PLANE('',#3127);
#3127 = AXIS2_PLACEMENT_3D('',#3128,#3129,#3130);
#3128 = CARTESIAN_POINT('',(0.,12.,0.));
#3129 = DIRECTION('',(0.,-1.,0.));
#3130 = DIRECTION('',(-1.,0.,0.));
#3131 = DEFINITIONAL_REPRESENTATION('',(#3132),#3140);
#3132 = ( BOUNDED_CURVE() B_SPLINE_CURVE(2,(#3133,#3134,#3135,#3136,
#3137,#3138,#3139),.UNSPECIFIED.,.T.,.F.) B_SPLINE_CURVE_WITH_KNOTS((1,2
    ,2,2,2,1),(-2.094395102393,0.,2.094395102393,4.188790204786,
6.28318530718,8.377580409573),.UNSPECIFIED.) CURVE() 
GEOMETRIC_REPRESENTATION_ITEM() RATIONAL_B_SPLINE_CURVE((1.,0.5,1.,0.5,
1.,0.5,1.)) REPRESENTATION_ITEM('') );
#3133 = CARTESIAN_POINT('',(-10.2,0.));
#3134 = CARTESIAN_POINT('',(-10.2,17.666918237203));
#3135 = CARTESIAN_POINT('',(5.1,8.833459118601));
#3136 = CARTESIAN_POINT('',(20.4,2.498279470261E-15));
#3137 = CARTESIAN_POINT('',(5.1,-8.833459118601));
#3138 = CARTESIAN_POINT('',(-10.2,-17.6669182372));
#3139 = CARTESIAN_POINT('',(-10.2,0.));
#3140 = ( GEOMETRIC_REPRESENTATION_CONTEXT(2) 
PARAMETRIC_REPRESENTATION_CONTEXT() REPRESENTATION_CONTEXT('2D SPACE',''
  ) );
#3141 = ADVANCED_FACE('',(#3142),#2304,.T.);
#3142 = FACE_BOUND('',#3143,.T.);
#3143 = EDGE_LOOP('',(#3144,#3145,#3146,#3147));
#3144 = ORIENTED_EDGE('',*,*,#3088,.T.);
#3145 = ORIENTED_EDGE('',*,*,#2289,.T.);
#3146 = ORIENTED_EDGE('',*,*,#3064,.F.);
#3147 = ORIENTED_EDGE('',*,*,#3148,.F.);
#3148 = EDGE_CURVE('',#3089,#3065,#3149,.T.);
#3149 = SURFACE_CURVE('',#3150,(#3155,#3162),.PCURVE_S1.);
#3150 = CIRCLE('',#3151,10.2);
#3151 = AXIS2_PLACEMENT_3D('',#3152,#3153,#3154);
#3152 = CARTESIAN_POINT('',(2.743617824741E-14,12.,0.));
#3153 = DIRECTION('',(0.,1.,-0.));
#3154 = DIRECTION('',(-1.,0.,0.));
#3155 = PCURVE('',#2304,#3156);
#3156 = DEFINITIONAL_REPRESENTATION('',(#3157),#3161);
#3157 = LINE('',#3158,#3159);
#3158 = CARTESIAN_POINT('',(4.712388980385,-0.1499999998));
#3159 = VECTOR('',#3160,1.);
#3160 = DIRECTION('',(-1.,0.));
#3161 = ( GEOMETRIC_REPRESENTATION_CONTEXT(2) 
PARAMETRIC_REPRESENTATION_CONTEXT() REPRESENTATION_CONTEXT('2D SPACE',''
  ) );
#3162 = PCURVE('',#3126,#3163);
#3163 = DEFINITIONAL_REPRESENTATION('',(#3164),#3172);
#3164 = ( BOUNDED_CURVE() B_SPLINE_CURVE(2,(#3165,#3166,#3167,#3168,
#3169,#3170,#3171),.UNSPECIFIED.,.T.,.F.) B_SPLINE_CURVE_WITH_KNOTS((1,2
    ,2,2,2,1),(-2.094395102393,0.,2.094395102393,4.188790204786,
6.28318530718,8.377580409573),.UNSPECIFIED.) CURVE() 
GEOMETRIC_REPRESENTATION_ITEM() RATIONAL_B_SPLINE_CURVE((1.,0.5,1.,0.5,
1.,0.5,1.)) REPRESENTATION_ITEM('') );
#3165 = CARTESIAN_POINT('',(10.2,0.));
#3166 = CARTESIAN_POINT('',(10.2,-17.6669182372));
#3167 = CARTESIAN_POINT('',(-5.1,-8.833459118601));
#3168 = CARTESIAN_POINT('',(-20.4,-2.498279470261E-15));
#3169 = CARTESIAN_POINT('',(-5.1,8.833459118601));
#3170 = CARTESIAN_POINT('',(10.2,17.666918237203));
#3171 = CARTESIAN_POINT('',(10.2,0.));
#3172 = ( GEOMETRIC_REPRESENTATION_CONTEXT(2) 
PARAMETRIC_REPRESENTATION_CONTEXT() REPRESENTATION_CONTEXT('2D SPACE',''
  ) );
#3173 = ADVANCED_FACE('',(#3174),#2338,.F.);
#3174 = FACE_BOUND('',#3175,.F.);
#3175 = EDGE_LOOP('',(#3176,#3177));
#3176 = ORIENTED_EDGE('',*,*,#2396,.T.);
#3177 = ORIENTED_EDGE('',*,*,#2319,.T.);
#3178 = ADVANCED_FACE('',(#3179),#2465,.F.);
#3179 = FACE_BOUND('',#3180,.F.);
#3180 = EDGE_LOOP('',(#3181,#3212,#3233,#3234));
#3181 = ORIENTED_EDGE('',*,*,#3182,.T.);
#3182 = EDGE_CURVE('',#3183,#3185,#3187,.T.);
#3183 = VERTEX_POINT('',#3184);
#3184 = CARTESIAN_POINT('',(1.791421356237,-50.05857864376,
    11.00000001167));
#3185 = VERTEX_POINT('',#3186);
#3186 = CARTESIAN_POINT('',(-1.791421356237,-50.05857864376,
    10.99999998833));
#3187 = SURFACE_CURVE('',#3188,(#3193,#3200),.PCURVE_S1.);
#3188 = CIRCLE('',#3189,1.791421356237);
#3189 = AXIS2_PLACEMENT_3D('',#3190,#3191,#3192);
#3190 = CARTESIAN_POINT('',(0.,-50.05857864376,11.));
#3191 = DIRECTION('',(0.,-1.,0.));
#3192 = DIRECTION('',(1.,0.,6.516243546645E-09));
#3193 = PCURVE('',#2465,#3194);
#3194 = DEFINITIONAL_REPRESENTATION('',(#3195),#3199);
#3195 = LINE('',#3196,#3197);
#3196 = CARTESIAN_POINT('',(4.712388973868,0.120710682202));
#3197 = VECTOR('',#3198,1.);
#3198 = DIRECTION('',(-1.,0.));
#3199 = ( GEOMETRIC_REPRESENTATION_CONTEXT(2) 
PARAMETRIC_REPRESENTATION_CONTEXT() REPRESENTATION_CONTEXT('2D SPACE',''
  ) );
#3200 = PCURVE('',#3201,#3206);
#3201 = CONICAL_SURFACE('',#3202,1.862132031834,1.178097245096);
#3202 = AXIS2_PLACEMENT_3D('',#3203,#3204,#3205);
#3203 = CARTESIAN_POINT('',(0.,-50.02928932292,11.));
#3204 = DIRECTION('',(0.,1.,0.));
#3205 = DIRECTION('',(0.,0.,-1.));
#3206 = DEFINITIONAL_REPRESENTATION('',(#3207),#3211);
#3207 = LINE('',#3208,#3209);
#3208 = CARTESIAN_POINT('',(4.712388973868,-2.928932083682E-02));
#3209 = VECTOR('',#3210,1.);
#3210 = DIRECTION('',(-1.,0.));
#3211 = ( GEOMETRIC_REPRESENTATION_CONTEXT(2) 
PARAMETRIC_REPRESENTATION_CONTEXT() REPRESENTATION_CONTEXT('2D SPACE',''
  ) );
#3212 = ORIENTED_EDGE('',*,*,#3213,.F.);
#3213 = EDGE_CURVE('',#2449,#3185,#3214,.T.);
#3214 = SURFACE_CURVE('',#3215,(#3219,#3226),.PCURVE_S1.);
#3215 = LINE('',#3216,#3217);
#3216 = CARTESIAN_POINT('',(-1.54999999606,-50.30000000394,
    10.99999999495));
#3217 = VECTOR('',#3218,1.);
#3218 = DIRECTION('',(-0.707106779041,0.707106783332,-2.607884680666E-07
    ));
#3219 = PCURVE('',#2465,#3220);
#3220 = DEFINITIONAL_REPRESENTATION('',(#3221),#3225);
#3221 = LINE('',#3222,#3223);
#3222 = CARTESIAN_POINT('',(1.570796323537,-0.120710677975));
#3223 = VECTOR('',#3224,1.);
#3224 = DIRECTION('',(-2.040572514289E-07,1.));
#3225 = ( GEOMETRIC_REPRESENTATION_CONTEXT(2) 
PARAMETRIC_REPRESENTATION_CONTEXT() REPRESENTATION_CONTEXT('2D SPACE',''
  ) );
#3226 = PCURVE('',#2518,#3227);
#3227 = DEFINITIONAL_REPRESENTATION('',(#3228),#3232);
#3228 = LINE('',#3229,#3230);
#3229 = CARTESIAN_POINT('',(7.853981630716,-0.120710677975));
#3230 = VECTOR('',#3231,1.);
#3231 = DIRECTION('',(-2.040572514289E-07,1.));
#3232 = ( GEOMETRIC_REPRESENTATION_CONTEXT(2) 
PARAMETRIC_REPRESENTATION_CONTEXT() REPRESENTATION_CONTEXT('2D SPACE',''
  ) );
#3233 = ORIENTED_EDGE('',*,*,#2448,.T.);
#3234 = ORIENTED_EDGE('',*,*,#3235,.T.);
#3235 = EDGE_CURVE('',#2426,#3183,#3236,.T.);
#3236 = SURFACE_CURVE('',#3237,(#3241,#3248),.PCURVE_S1.);
#3237 = LINE('',#3238,#3239);
#3238 = CARTESIAN_POINT('',(1.54999999606,-50.30000000394,11.00000000505
    ));
#3239 = VECTOR('',#3240,1.);
#3240 = DIRECTION('',(0.707106779041,0.707106783332,2.607884628638E-07)
  );
#3241 = PCURVE('',#2465,#3242);
#3242 = DEFINITIONAL_REPRESENTATION('',(#3243),#3247);
#3243 = LINE('',#3244,#3245);
#3244 = CARTESIAN_POINT('',(4.712388977127,-0.120710677975));
#3245 = VECTOR('',#3246,1.);
#3246 = DIRECTION('',(-2.040572459104E-07,1.));
#3247 = ( GEOMETRIC_REPRESENTATION_CONTEXT(2) 
PARAMETRIC_REPRESENTATION_CONTEXT() REPRESENTATION_CONTEXT('2D SPACE',''
  ) );
#3248 = PCURVE('',#2518,#3249);
#3249 = DEFINITIONAL_REPRESENTATION('',(#3250),#3254);
#3250 = LINE('',#3251,#3252);
#3251 = CARTESIAN_POINT('',(4.712388977127,-0.120710677975));
#3252 = VECTOR('',#3253,1.);
#3253 = DIRECTION('',(-2.040572459104E-07,1.));
#3254 = ( GEOMETRIC_REPRESENTATION_CONTEXT(2) 
PARAMETRIC_REPRESENTATION_CONTEXT() REPRESENTATION_CONTEXT('2D SPACE',''
  ) );
#3255 = ADVANCED_FACE('',(#3256),#2518,.F.);
#3256 = FACE_BOUND('',#3257,.F.);
#3257 = EDGE_LOOP('',(#3258,#3285,#3286,#3287));
#3258 = ORIENTED_EDGE('',*,*,#3259,.T.);
#3259 = EDGE_CURVE('',#3185,#3183,#3260,.T.);
#3260 = SURFACE_CURVE('',#3261,(#3266,#3273),.PCURVE_S1.);
#3261 = CIRCLE('',#3262,1.791421356237);
#3262 = AXIS2_PLACEMENT_3D('',#3263,#3264,#3265);
#3263 = CARTESIAN_POINT('',(0.,-50.05857864376,11.));
#3264 = DIRECTION('',(0.,-1.,0.));
#3265 = DIRECTION('',(-1.,-0.,-6.516241563463E-09));
#3266 = PCURVE('',#2518,#3267);
#3267 = DEFINITIONAL_REPRESENTATION('',(#3268),#3272);
#3268 = LINE('',#3269,#3270);
#3269 = CARTESIAN_POINT('',(7.853981627458,0.120710682202));
#3270 = VECTOR('',#3271,1.);
#3271 = DIRECTION('',(-1.,0.));
#3272 = ( GEOMETRIC_REPRESENTATION_CONTEXT(2) 
PARAMETRIC_REPRESENTATION_CONTEXT() REPRESENTATION_CONTEXT('2D SPACE',''
  ) );
#3273 = PCURVE('',#3274,#3279);
#3274 = CONICAL_SURFACE('',#3275,1.862132031834,1.178097245096);
#3275 = AXIS2_PLACEMENT_3D('',#3276,#3277,#3278);
#3276 = CARTESIAN_POINT('',(0.,-50.02928932292,11.));
#3277 = DIRECTION('',(0.,1.,0.));
#3278 = DIRECTION('',(0.,0.,-1.));
#3279 = DEFINITIONAL_REPRESENTATION('',(#3280),#3284);
#3280 = LINE('',#3281,#3282);
#3281 = CARTESIAN_POINT('',(7.853981627458,-2.928932083682E-02));
#3282 = VECTOR('',#3283,1.);
#3283 = DIRECTION('',(-1.,0.));
#3284 = ( GEOMETRIC_REPRESENTATION_CONTEXT(2) 
PARAMETRIC_REPRESENTATION_CONTEXT() REPRESENTATION_CONTEXT('2D SPACE',''
  ) );
#3285 = ORIENTED_EDGE('',*,*,#3235,.F.);
#3286 = ORIENTED_EDGE('',*,*,#2503,.T.);
#3287 = ORIENTED_EDGE('',*,*,#3213,.T.);
#3288 = ADVANCED_FACE('',(#3289),#2575,.F.);
#3289 = FACE_BOUND('',#3290,.F.);
#3290 = EDGE_LOOP('',(#3291,#3322,#3343,#3344));
#3291 = ORIENTED_EDGE('',*,*,#3292,.T.);
#3292 = EDGE_CURVE('',#3293,#3295,#3297,.T.);
#3293 = VERTEX_POINT('',#3294);
#3294 = CARTESIAN_POINT('',(1.791421356237,-50.05857864376,
    -10.99999998833));
#3295 = VERTEX_POINT('',#3296);
#3296 = CARTESIAN_POINT('',(-1.791421356237,-50.05857864376,
    -11.00000001167));
#3297 = SURFACE_CURVE('',#3298,(#3303,#3310),.PCURVE_S1.);
#3298 = CIRCLE('',#3299,1.791421356237);
#3299 = AXIS2_PLACEMENT_3D('',#3300,#3301,#3302);
#3300 = CARTESIAN_POINT('',(0.,-50.05857864376,-11.));
#3301 = DIRECTION('',(0.,-1.,0.));
#3302 = DIRECTION('',(1.,0.,6.516242555054E-09));
#3303 = PCURVE('',#2575,#3304);
#3304 = DEFINITIONAL_REPRESENTATION('',(#3305),#3309);
#3305 = LINE('',#3306,#3307);
#3306 = CARTESIAN_POINT('',(4.712388973868,0.120710682202));
#3307 = VECTOR('',#3308,1.);
#3308 = DIRECTION('',(-1.,0.));
#3309 = ( GEOMETRIC_REPRESENTATION_CONTEXT(2) 
PARAMETRIC_REPRESENTATION_CONTEXT() REPRESENTATION_CONTEXT('2D SPACE',''
  ) );
#3310 = PCURVE('',#3311,#3316);
#3311 = CONICAL_SURFACE('',#3312,1.862132031834,1.178097245096);
#3312 = AXIS2_PLACEMENT_3D('',#3313,#3314,#3315);
#3313 = CARTESIAN_POINT('',(0.,-50.02928932292,-11.));
#3314 = DIRECTION('',(0.,1.,0.));
#3315 = DIRECTION('',(0.,0.,-1.));
#3316 = DEFINITIONAL_REPRESENTATION('',(#3317),#3321);
#3317 = LINE('',#3318,#3319);
#3318 = CARTESIAN_POINT('',(4.712388973868,-2.928932083682E-02));
#3319 = VECTOR('',#3320,1.);
#3320 = DIRECTION('',(-1.,0.));
#3321 = ( GEOMETRIC_REPRESENTATION_CONTEXT(2) 
PARAMETRIC_REPRESENTATION_CONTEXT() REPRESENTATION_CONTEXT('2D SPACE',''
  ) );
#3322 = ORIENTED_EDGE('',*,*,#3323,.F.);
#3323 = EDGE_CURVE('',#2559,#3295,#3324,.T.);
#3324 = SURFACE_CURVE('',#3325,(#3329,#3336),.PCURVE_S1.);
#3325 = LINE('',#3326,#3327);
#3326 = CARTESIAN_POINT('',(-1.54999999606,-50.30000000394,
    -11.00000000505));
#3327 = VECTOR('',#3328,1.);
#3328 = DIRECTION('',(-0.707106779041,0.707106783332,-2.607884784723E-07
    ));
#3329 = PCURVE('',#2575,#3330);
#3330 = DEFINITIONAL_REPRESENTATION('',(#3331),#3335);
#3331 = LINE('',#3332,#3333);
#3332 = CARTESIAN_POINT('',(1.570796323537,-0.120710677975));
#3333 = VECTOR('',#3334,1.);
#3334 = DIRECTION('',(-2.040572597065E-07,1.));
#3335 = ( GEOMETRIC_REPRESENTATION_CONTEXT(2) 
PARAMETRIC_REPRESENTATION_CONTEXT() REPRESENTATION_CONTEXT('2D SPACE',''
  ) );
#3336 = PCURVE('',#2628,#3337);
#3337 = DEFINITIONAL_REPRESENTATION('',(#3338),#3342);
#3338 = LINE('',#3339,#3340);
#3339 = CARTESIAN_POINT('',(7.853981630716,-0.120710677975));
#3340 = VECTOR('',#3341,1.);
#3341 = DIRECTION('',(-2.040572597065E-07,1.));
#3342 = ( GEOMETRIC_REPRESENTATION_CONTEXT(2) 
PARAMETRIC_REPRESENTATION_CONTEXT() REPRESENTATION_CONTEXT('2D SPACE',''
  ) );
#3343 = ORIENTED_EDGE('',*,*,#2558,.T.);
#3344 = ORIENTED_EDGE('',*,*,#3345,.T.);
#3345 = EDGE_CURVE('',#2536,#3293,#3346,.T.);
#3346 = SURFACE_CURVE('',#3347,(#3351,#3358),.PCURVE_S1.);
#3347 = LINE('',#3348,#3349);
#3348 = CARTESIAN_POINT('',(1.54999999606,-50.30000000394,
    -10.99999999495));
#3349 = VECTOR('',#3350,1.);
#3350 = DIRECTION('',(0.707106779041,0.707106783332,2.607884524581E-07)
  );
#3351 = PCURVE('',#2575,#3352);
#3352 = DEFINITIONAL_REPRESENTATION('',(#3353),#3357);
#3353 = LINE('',#3354,#3355);
#3354 = CARTESIAN_POINT('',(4.712388977127,-0.120710677975));
#3355 = VECTOR('',#3356,1.);
#3356 = DIRECTION('',(-2.040572385525E-07,1.));
#3357 = ( GEOMETRIC_REPRESENTATION_CONTEXT(2) 
PARAMETRIC_REPRESENTATION_CONTEXT() REPRESENTATION_CONTEXT('2D SPACE',''
  ) );
#3358 = PCURVE('',#2628,#3359);
#3359 = DEFINITIONAL_REPRESENTATION('',(#3360),#3364);
#3360 = LINE('',#3361,#3362);
#3361 = CARTESIAN_POINT('',(4.712388977127,-0.120710677975));
#3362 = VECTOR('',#3363,1.);
#3363 = DIRECTION('',(-2.040572385525E-07,1.));
#3364 = ( GEOMETRIC_REPRESENTATION_CONTEXT(2) 
PARAMETRIC_REPRESENTATION_CONTEXT() REPRESENTATION_CONTEXT('2D SPACE',''
  ) );
#3365 = ADVANCED_FACE('',(#3366),#2628,.F.);
#3366 = FACE_BOUND('',#3367,.F.);
#3367 = EDGE_LOOP('',(#3368,#3395,#3396,#3397));
#3368 = ORIENTED_EDGE('',*,*,#3369,.T.);
#3369 = EDGE_CURVE('',#3295,#3293,#3370,.T.);
#3370 = SURFACE_CURVE('',#3371,(#3376,#3383),.PCURVE_S1.);
#3371 = CIRCLE('',#3372,1.791421356237);
#3372 = AXIS2_PLACEMENT_3D('',#3373,#3374,#3375);
#3373 = CARTESIAN_POINT('',(0.,-50.05857864376,-11.));
#3374 = DIRECTION('',(0.,-1.,0.));
#3375 = DIRECTION('',(-1.,-0.,-6.516242555054E-09));
#3376 = PCURVE('',#2628,#3377);
#3377 = DEFINITIONAL_REPRESENTATION('',(#3378),#3382);
#3378 = LINE('',#3379,#3380);
#3379 = CARTESIAN_POINT('',(7.853981627458,0.120710682202));
#3380 = VECTOR('',#3381,1.);
#3381 = DIRECTION('',(-1.,0.));
#3382 = ( GEOMETRIC_REPRESENTATION_CONTEXT(2) 
PARAMETRIC_REPRESENTATION_CONTEXT() REPRESENTATION_CONTEXT('2D SPACE',''
  ) );
#3383 = PCURVE('',#3384,#3389);
#3384 = CONICAL_SURFACE('',#3385,1.862132031834,1.178097245096);
#3385 = AXIS2_PLACEMENT_3D('',#3386,#3387,#3388);
#3386 = CARTESIAN_POINT('',(0.,-50.02928932292,-11.));
#3387 = DIRECTION('',(0.,1.,0.));
#3388 = DIRECTION('',(0.,0.,-1.));
#3389 = DEFINITIONAL_REPRESENTATION('',(#3390),#3394);
#3390 = LINE('',#3391,#3392);#3391 = CARTESIAN_POINT('',(7.853981627458,-2.928932083682E-02));
#3392 = VECTOR('',#3393,1.);
#3393 = DIRECTION('',(-1.,0.));
#3394 = ( GEOMETRIC_REPRESENTATION_CONTEXT(2) 
PARAMETRIC_REPRESENTATION_CONTEXT() REPRESENTATION_CONTEXT('2D SPACE',''
  ) );
#3395 = ORIENTED_EDGE('',*,*,#3345,.F.);
#3396 = ORIENTED_EDGE('',*,*,#2613,.T.);
#3397 = ORIENTED_EDGE('',*,*,#3323,.T.);
#3398 = ADVANCED_FACE('',(#3399),#2663,.T.);
#3399 = FACE_BOUND('',#3400,.T.);
#3400 = EDGE_LOOP('',(#3401,#3402));
#3401 = ORIENTED_EDGE('',*,*,#2644,.T.);
#3402 = ORIENTED_EDGE('',*,*,#2721,.T.);
#3403 = ADVANCED_FACE('',(#3404),#2768,.T.);
#3404 = FACE_BOUND('',#3405,.T.);
#3405 = EDGE_LOOP('',(#3406,#3407));
#3406 = ORIENTED_EDGE('',*,*,#2749,.T.);
#3407 = ORIENTED_EDGE('',*,*,#2826,.T.);
#3408 = ADVANCED_FACE('',(#3409),#2873,.T.);
#3409 = FACE_BOUND('',#3410,.T.);
#3410 = EDGE_LOOP('',(#3411,#3412));
#3411 = ORIENTED_EDGE('',*,*,#2854,.T.);
#3412 = ORIENTED_EDGE('',*,*,#2931,.T.);
#3413 = ADVANCED_FACE('',(#3414),#2978,.T.);
#3414 = FACE_BOUND('',#3415,.T.);
#3415 = EDGE_LOOP('',(#3416,#3417));
#3416 = ORIENTED_EDGE('',*,*,#2959,.T.);
#3417 = ORIENTED_EDGE('',*,*,#3036,.T.);
#3418 = ADVANCED_FACE('',(#3419,#3423),#3126,.F.);
#3419 = FACE_BOUND('',#3420,.F.);
#3420 = EDGE_LOOP('',(#3421,#3422));
#3421 = ORIENTED_EDGE('',*,*,#3111,.F.);
#3422 = ORIENTED_EDGE('',*,*,#3148,.F.);
#3423 = FACE_BOUND('',#3424,.F.);
#3424 = EDGE_LOOP('',(#3425,#3456));
#3425 = ORIENTED_EDGE('',*,*,#3426,.F.);
#3426 = EDGE_CURVE('',#3427,#3429,#3431,.T.);
#3427 = VERTEX_POINT('',#3428);
#3428 = CARTESIAN_POINT('',(9.8,12.,0.));
#3429 = VERTEX_POINT('',#3430);
#3430 = CARTESIAN_POINT('',(-9.8,12.,0.));
#3431 = SURFACE_CURVE('',#3432,(#3437,#3444),.PCURVE_S1.);
#3432 = CIRCLE('',#3433,9.8);
#3433 = AXIS2_PLACEMENT_3D('',#3434,#3435,#3436);
#3434 = CARTESIAN_POINT('',(-2.484512179626E-14,12.,3.800487233354E-14)
  );
#3435 = DIRECTION('',(0.,-1.,0.));
#3436 = DIRECTION('',(1.,0.,0.));
#3437 = PCURVE('',#3126,#3438);
#3438 = DEFINITIONAL_REPRESENTATION('',(#3439),#3443);
#3439 = CIRCLE('',#3440,9.8);
#3440 = AXIS2_PLACEMENT_2D('',#3441,#3442);
#3441 = CARTESIAN_POINT('',(2.484512179626E-14,-3.800487233354E-14));
#3442 = DIRECTION('',(-1.,-0.));
#3443 = ( GEOMETRIC_REPRESENTATION_CONTEXT(2) 
PARAMETRIC_REPRESENTATION_CONTEXT() REPRESENTATION_CONTEXT('2D SPACE',''
  ) );
#3444 = PCURVE('',#3445,#3450);
#3445 = CONICAL_SURFACE('',#3446,9.649999999663,0.785398163397);
#3446 = AXIS2_PLACEMENT_3D('',#3447,#3448,#3449);
#3447 = CARTESIAN_POINT('',(-2.48726763493E-14,11.84999999966,
    3.800487233354E-14));
#3448 = DIRECTION('',(0.,1.,0.));
#3449 = DIRECTION('',(0.,0.,-1.));
#3450 = DEFINITIONAL_REPRESENTATION('',(#3451),#3455);
#3451 = LINE('',#3452,#3453);
#3452 = CARTESIAN_POINT('',(4.712388980385,0.150000000339));
#3453 = VECTOR('',#3454,1.);
#3454 = DIRECTION('',(-1.,0.));
#3455 = ( GEOMETRIC_REPRESENTATION_CONTEXT(2) 
PARAMETRIC_REPRESENTATION_CONTEXT() REPRESENTATION_CONTEXT('2D SPACE',''
  ) );
#3456 = ORIENTED_EDGE('',*,*,#3457,.F.);
#3457 = EDGE_CURVE('',#3429,#3427,#3458,.T.);
#3458 = SURFACE_CURVE('',#3459,(#3464,#3471),.PCURVE_S1.);
#3459 = CIRCLE('',#3460,9.8);
#3460 = AXIS2_PLACEMENT_3D('',#3461,#3462,#3463);
#3461 = CARTESIAN_POINT('',(-2.484512179626E-14,12.,0.));
#3462 = DIRECTION('',(0.,-1.,0.));
#3463 = DIRECTION('',(-1.,0.,0.));
#3464 = PCURVE('',#3126,#3465);
#3465 = DEFINITIONAL_REPRESENTATION('',(#3466),#3470);
#3466 = CIRCLE('',#3467,9.8);
#3467 = AXIS2_PLACEMENT_2D('',#3468,#3469);
#3468 = CARTESIAN_POINT('',(2.484512179626E-14,0.));
#3469 = DIRECTION('',(1.,0.));
#3470 = ( GEOMETRIC_REPRESENTATION_CONTEXT(2) 
PARAMETRIC_REPRESENTATION_CONTEXT() REPRESENTATION_CONTEXT('2D SPACE',''
  ) );
#3471 = PCURVE('',#3472,#3477);
#3472 = CONICAL_SURFACE('',#3473,9.649999999663,0.785398163397);
#3473 = AXIS2_PLACEMENT_3D('',#3474,#3475,#3476);
#3474 = CARTESIAN_POINT('',(-2.48726763493E-14,11.84999999966,0.));
#3475 = DIRECTION('',(0.,1.,0.));
#3476 = DIRECTION('',(0.,0.,-1.));
#3477 = DEFINITIONAL_REPRESENTATION('',(#3478),#3482);
#3478 = LINE('',#3479,#3480);
#3479 = CARTESIAN_POINT('',(1.570796326795,0.150000000339));
#3480 = VECTOR('',#3481,1.);
#3481 = DIRECTION('',(-1.,0.));
#3482 = ( GEOMETRIC_REPRESENTATION_CONTEXT(2) 
PARAMETRIC_REPRESENTATION_CONTEXT() REPRESENTATION_CONTEXT('2D SPACE',''
  ) );
#3483 = ADVANCED_FACE('',(#3484),#3201,.F.);
#3484 = FACE_BOUND('',#3485,.F.);
#3485 = EDGE_LOOP('',(#3486,#3521,#3542,#3543));
#3486 = ORIENTED_EDGE('',*,*,#3487,.T.);
#3487 = EDGE_CURVE('',#3488,#3490,#3492,.T.);
#3488 = VERTEX_POINT('',#3489);
#3489 = CARTESIAN_POINT('',(1.932842712475,-50.,11.00000017284));
#3490 = VERTEX_POINT('',#3491);
#3491 = CARTESIAN_POINT('',(-1.932842712475,-50.,10.99999982716));
#3492 = SURFACE_CURVE('',#3493,(#3498,#3505),.PCURVE_S1.);
#3493 = CIRCLE('',#3494,1.932842712475);
#3494 = AXIS2_PLACEMENT_3D('',#3495,#3496,#3497);
#3495 = CARTESIAN_POINT('',(0.,-50.,11.));
#3496 = DIRECTION('',(0.,-1.,0.));
#3497 = DIRECTION('',(1.,0.,8.942487458787E-08));
#3498 = PCURVE('',#3201,#3499);
#3499 = DEFINITIONAL_REPRESENTATION('',(#3500),#3504);
#3500 = LINE('',#3501,#3502);
#3501 = CARTESIAN_POINT('',(4.71238889096,2.928932292614E-02));
#3502 = VECTOR('',#3503,1.);
#3503 = DIRECTION('',(-1.,0.));
#3504 = ( GEOMETRIC_REPRESENTATION_CONTEXT(2) 
PARAMETRIC_REPRESENTATION_CONTEXT() REPRESENTATION_CONTEXT('2D SPACE',''
  ) );
#3505 = PCURVE('',#3506,#3511);
#3506 = PLANE('',#3507);
#3507 = AXIS2_PLACEMENT_3D('',#3508,#3509,#3510);
#3508 = CARTESIAN_POINT('',(0.,-50.,0.));
#3509 = DIRECTION('',(0.,1.,0.));
#3510 = DIRECTION('',(-1.,0.,0.));
#3511 = DEFINITIONAL_REPRESENTATION('',(#3512),#3520);
#3512 = ( BOUNDED_CURVE() B_SPLINE_CURVE(2,(#3513,#3514,#3515,#3516,
#3517,#3518,#3519),.UNSPECIFIED.,.T.,.F.) B_SPLINE_CURVE_WITH_KNOTS((1,2
    ,2,2,2,1),(-2.094395102393,0.,2.094395102393,4.188790204786,
6.28318530718,8.377580409573),.UNSPECIFIED.) CURVE() 
GEOMETRIC_REPRESENTATION_ITEM() RATIONAL_B_SPLINE_CURVE((1.,0.5,1.,0.5,
1.,0.5,1.)) REPRESENTATION_ITEM('') );
#3513 = CARTESIAN_POINT('',(-1.932842712475,11.000000172844));
#3514 = CARTESIAN_POINT('',(-1.9328424131,14.34778195389));
#3515 = CARTESIAN_POINT('',(0.966421505925,12.673890804101));
#3516 = CARTESIAN_POINT('',(3.86568542495,10.999999654312));
#3517 = CARTESIAN_POINT('',(0.96642120655,9.326109023055));
#3518 = CARTESIAN_POINT('',(-1.93284301185,7.652218391798));
#3519 = CARTESIAN_POINT('',(-1.932842712475,11.000000172844));
#3520 = ( GEOMETRIC_REPRESENTATION_CONTEXT(2) 
PARAMETRIC_REPRESENTATION_CONTEXT() REPRESENTATION_CONTEXT('2D SPACE',''
  ) );
#3521 = ORIENTED_EDGE('',*,*,#3522,.T.);
#3522 = EDGE_CURVE('',#3490,#3185,#3523,.T.);
#3523 = SURFACE_CURVE('',#3524,(#3528,#3535),.PCURVE_S1.);
#3524 = LINE('',#3525,#3526);
#3525 = CARTESIAN_POINT('',(-1.932842708877,-50.00000000149,
    10.99999981543));
#3526 = VECTOR('',#3527,1.);
#3527 = DIRECTION('',(0.923879532511,-0.382683432365,5.911200070645E-07)
  );
#3528 = PCURVE('',#3201,#3529);
#3529 = DEFINITIONAL_REPRESENTATION('',(#3530),#3534);
#3530 = LINE('',#3531,#3532);
#3531 = CARTESIAN_POINT('',(1.570796231303,2.928932143585E-02));
#3532 = VECTOR('',#3533,1.);
#3533 = DIRECTION('',(7.335706853688E-07,-1.));
#3534 = ( GEOMETRIC_REPRESENTATION_CONTEXT(2) 
PARAMETRIC_REPRESENTATION_CONTEXT() REPRESENTATION_CONTEXT('2D SPACE',''
  ) );
#3535 = PCURVE('',#3274,#3536);
#3536 = DEFINITIONAL_REPRESENTATION('',(#3537),#3541);
#3537 = LINE('',#3538,#3539);
#3538 = CARTESIAN_POINT('',(7.853981538483,2.928932143585E-02));
#3539 = VECTOR('',#3540,1.);
#3540 = DIRECTION('',(7.335706853688E-07,-1.));
#3541 = ( GEOMETRIC_REPRESENTATION_CONTEXT(2) 
PARAMETRIC_REPRESENTATION_CONTEXT() REPRESENTATION_CONTEXT('2D SPACE',''
  ) );
#3542 = ORIENTED_EDGE('',*,*,#3182,.F.);
#3543 = ORIENTED_EDGE('',*,*,#3544,.F.);
#3544 = EDGE_CURVE('',#3488,#3183,#3545,.T.);
#3545 = SURFACE_CURVE('',#3546,(#3550,#3557),.PCURVE_S1.);
#3546 = LINE('',#3547,#3548);
#3547 = CARTESIAN_POINT('',(1.932842708877,-50.00000000149,
    11.00000018457));
#3548 = VECTOR('',#3549,1.);
#3549 = DIRECTION('',(-0.923879532511,-0.382683432365,
    -5.911199606461E-07));
#3550 = PCURVE('',#3201,#3551);
#3551 = DEFINITIONAL_REPRESENTATION('',(#3552),#3556);
#3552 = LINE('',#3553,#3554);
#3553 = CARTESIAN_POINT('',(4.712388884893,2.928932143585E-02));
#3554 = VECTOR('',#3555,1.);
#3555 = DIRECTION('',(7.335706209297E-07,-1.));
#3556 = ( GEOMETRIC_REPRESENTATION_CONTEXT(2) 
PARAMETRIC_REPRESENTATION_CONTEXT() REPRESENTATION_CONTEXT('2D SPACE',''
  ) );
#3557 = PCURVE('',#3274,#3558);
#3558 = DEFINITIONAL_REPRESENTATION('',(#3559),#3563);
#3559 = LINE('',#3560,#3561);
#3560 = CARTESIAN_POINT('',(4.712388884893,2.928932143585E-02));
#3561 = VECTOR('',#3562,1.);
#3562 = DIRECTION('',(7.335706209297E-07,-1.));
#3563 = ( GEOMETRIC_REPRESENTATION_CONTEXT(2) 
PARAMETRIC_REPRESENTATION_CONTEXT() REPRESENTATION_CONTEXT('2D SPACE',''
  ) );
#3564 = ADVANCED_FACE('',(#3565),#3274,.F.);
#3565 = FACE_BOUND('',#3566,.F.);
#3566 = EDGE_LOOP('',(#3567,#3593,#3594,#3595));
#3567 = ORIENTED_EDGE('',*,*,#3568,.T.);
#3568 = EDGE_CURVE('',#3490,#3488,#3569,.T.);
#3569 = SURFACE_CURVE('',#3570,(#3575,#3582),.PCURVE_S1.);
#3570 = CIRCLE('',#3571,1.932842712475);
#3571 = AXIS2_PLACEMENT_3D('',#3572,#3573,#3574);
#3572 = CARTESIAN_POINT('',(0.,-50.,11.));
#3573 = DIRECTION('',(0.,-1.,0.));
#3574 = DIRECTION('',(-1.,-0.,-8.942487458787E-08));
#3575 = PCURVE('',#3274,#3576);
#3576 = DEFINITIONAL_REPRESENTATION('',(#3577),#3581);
#3577 = LINE('',#3578,#3579);
#3578 = CARTESIAN_POINT('',(7.85398154455,2.928932292614E-02));
#3579 = VECTOR('',#3580,1.);
#3580 = DIRECTION('',(-1.,0.));
#3581 = ( GEOMETRIC_REPRESENTATION_CONTEXT(2) 
PARAMETRIC_REPRESENTATION_CONTEXT() REPRESENTATION_CONTEXT('2D SPACE',''
  ) );
#3582 = PCURVE('',#3506,#3583);
#3583 = DEFINITIONAL_REPRESENTATION('',(#3584),#3592);
#3584 = ( BOUNDED_CURVE() B_SPLINE_CURVE(2,(#3585,#3586,#3587,#3588,
#3589,#3590,#3591),.UNSPECIFIED.,.T.,.F.) B_SPLINE_CURVE_WITH_KNOTS((1,2
    ,2,2,2,1),(-2.094395102393,0.,2.094395102393,4.188790204786,
6.28318530718,8.377580409573),.UNSPECIFIED.) CURVE() 
GEOMETRIC_REPRESENTATION_ITEM() RATIONAL_B_SPLINE_CURVE((1.,0.5,1.,0.5,
1.,0.5,1.)) REPRESENTATION_ITEM('') );
#3585 = CARTESIAN_POINT('',(1.932842712475,10.999999827156));
#3586 = CARTESIAN_POINT('',(1.9328424131,7.65221804611));
#3587 = CARTESIAN_POINT('',(-0.966421505925,9.326109195899));
#3588 = CARTESIAN_POINT('',(-3.86568542495,11.000000345688));
#3589 = CARTESIAN_POINT('',(-0.96642120655,12.673890976945));
#3590 = CARTESIAN_POINT('',(1.93284301185,14.347781608202));
#3591 = CARTESIAN_POINT('',(1.932842712475,10.999999827156));
#3592 = ( GEOMETRIC_REPRESENTATION_CONTEXT(2) 
PARAMETRIC_REPRESENTATION_CONTEXT() REPRESENTATION_CONTEXT('2D SPACE',''
  ) );
#3593 = ORIENTED_EDGE('',*,*,#3544,.T.);
#3594 = ORIENTED_EDGE('',*,*,#3259,.F.);
#3595 = ORIENTED_EDGE('',*,*,#3522,.F.);
#3596 = ADVANCED_FACE('',(#3597),#3311,.F.);
#3597 = FACE_BOUND('',#3598,.F.);
#3598 = EDGE_LOOP('',(#3599,#3634,#3655,#3656));
#3599 = ORIENTED_EDGE('',*,*,#3600,.T.);
#3600 = EDGE_CURVE('',#3601,#3603,#3605,.T.);
#3601 = VERTEX_POINT('',#3602);
#3602 = CARTESIAN_POINT('',(1.932842712475,-50.,-10.99999982716));
#3603 = VERTEX_POINT('',#3604);
#3604 = CARTESIAN_POINT('',(-1.932842712475,-50.,-11.00000017284));
#3605 = SURFACE_CURVE('',#3606,(#3611,#3618),.PCURVE_S1.);
#3606 = CIRCLE('',#3607,1.932842712475);
#3607 = AXIS2_PLACEMENT_3D('',#3608,#3609,#3610);
#3608 = CARTESIAN_POINT('',(0.,-50.,-11.));
#3609 = DIRECTION('',(0.,-1.,0.));
#3610 = DIRECTION('',(1.,0.,8.942487183076E-08));
#3611 = PCURVE('',#3311,#3612);
#3612 = DEFINITIONAL_REPRESENTATION('',(#3613),#3617);
#3613 = LINE('',#3614,#3615);
#3614 = CARTESIAN_POINT('',(4.71238889096,2.928932292614E-02));
#3615 = VECTOR('',#3616,1.);
#3616 = DIRECTION('',(-1.,0.));
#3617 = ( GEOMETRIC_REPRESENTATION_CONTEXT(2) 
PARAMETRIC_REPRESENTATION_CONTEXT() REPRESENTATION_CONTEXT('2D SPACE',''
  ) );
#3618 = PCURVE('',#3619,#3624);
#3619 = PLANE('',#3620);
#3620 = AXIS2_PLACEMENT_3D('',#3621,#3622,#3623);
#3621 = CARTESIAN_POINT('',(0.,-50.,0.));
#3622 = DIRECTION('',(0.,1.,0.));
#3623 = DIRECTION('',(-1.,0.,0.));
#3624 = DEFINITIONAL_REPRESENTATION('',(#3625),#3633);
#3625 = ( BOUNDED_CURVE() B_SPLINE_CURVE(2,(#3626,#3627,#3628,#3629,
#3630,#3631,#3632),.UNSPECIFIED.,.T.,.F.) B_SPLINE_CURVE_WITH_KNOTS((1,2
    ,2,2,2,1),(-2.094395102393,0.,2.094395102393,4.188790204786,
6.28318530718,8.377580409573),.UNSPECIFIED.) CURVE() 
GEOMETRIC_REPRESENTATION_ITEM() RATIONAL_B_SPLINE_CURVE((1.,0.5,1.,0.5,
1.,0.5,1.)) REPRESENTATION_ITEM('') );
#3626 = CARTESIAN_POINT('',(-1.932842712475,-10.99999982715));
#3627 = CARTESIAN_POINT('',(-1.9328424131,-7.65221804611));
#3628 = CARTESIAN_POINT('',(0.966421505925,-9.326109195899));
#3629 = CARTESIAN_POINT('',(3.86568542495,-11.00000034568));
#3630 = CARTESIAN_POINT('',(0.96642120655,-12.67389097694));
#3631 = CARTESIAN_POINT('',(-1.93284301185,-14.3477816082));
#3632 = CARTESIAN_POINT('',(-1.932842712475,-10.99999982715));
#3633 = ( GEOMETRIC_REPRESENTATION_CONTEXT(2) 
PARAMETRIC_REPRESENTATION_CONTEXT() REPRESENTATION_CONTEXT('2D SPACE',''
  ) );
#3634 = ORIENTED_EDGE('',*,*,#3635,.T.);
#3635 = EDGE_CURVE('',#3603,#3295,#3636,.T.);
#3636 = SURFACE_CURVE('',#3637,(#3641,#3648),.PCURVE_S1.);
#3637 = LINE('',#3638,#3639);
#3638 = CARTESIAN_POINT('',(-1.932842708877,-50.00000000149,
    -11.00000018457));
#3639 = VECTOR('',#3640,1.);
#3640 = DIRECTION('',(0.923879532511,-0.382683432365,5.911200070645E-07)
  );
#3641 = PCURVE('',#3311,#3642);
#3642 = DEFINITIONAL_REPRESENTATION('',(#3643),#3647);
#3643 = LINE('',#3644,#3645);
#3644 = CARTESIAN_POINT('',(1.570796231303,2.928932143585E-02));
#3645 = VECTOR('',#3646,1.);
#3646 = DIRECTION('',(7.335706853689E-07,-1.));
#3647 = ( GEOMETRIC_REPRESENTATION_CONTEXT(2) 
PARAMETRIC_REPRESENTATION_CONTEXT() REPRESENTATION_CONTEXT('2D SPACE',''
  ) );
#3648 = PCURVE('',#3384,#3649);
#3649 = DEFINITIONAL_REPRESENTATION('',(#3650),#3654);
#3650 = LINE('',#3651,#3652);
#3651 = CARTESIAN_POINT('',(7.853981538483,2.928932143585E-02));
#3652 = VECTOR('',#3653,1.);
#3653 = DIRECTION('',(7.335706853689E-07,-1.));
#3654 = ( GEOMETRIC_REPRESENTATION_CONTEXT(2) 
PARAMETRIC_REPRESENTATION_CONTEXT() REPRESENTATION_CONTEXT('2D SPACE',''
  ) );
#3655 = ORIENTED_EDGE('',*,*,#3292,.F.);
#3656 = ORIENTED_EDGE('',*,*,#3657,.F.);
#3657 = EDGE_CURVE('',#3601,#3293,#3658,.T.);
#3658 = SURFACE_CURVE('',#3659,(#3663,#3670),.PCURVE_S1.);
#3659 = LINE('',#3660,#3661);
#3660 = CARTESIAN_POINT('',(1.932842708877,-50.00000000149,
    -10.99999981543));
#3661 = VECTOR('',#3662,1.);
#3662 = DIRECTION('',(-0.923879532511,-0.382683432365,
    -5.911199606461E-07));
#3663 = PCURVE('',#3311,#3664);
#3664 = DEFINITIONAL_REPRESENTATION('',(#3665),#3669);
#3665 = LINE('',#3666,#3667);
#3666 = CARTESIAN_POINT('',(4.712388884893,2.928932143585E-02));
#3667 = VECTOR('',#3668,1.);
#3668 = DIRECTION('',(7.335706209297E-07,-1.));
#3669 = ( GEOMETRIC_REPRESENTATION_CONTEXT(2) 
PARAMETRIC_REPRESENTATION_CONTEXT() REPRESENTATION_CONTEXT('2D SPACE',''
  ) );
#3670 = PCURVE('',#3384,#3671);
#3671 = DEFINITIONAL_REPRESENTATION('',(#3672),#3676);
#3672 = LINE('',#3673,#3674);
#3673 = CARTESIAN_POINT('',(4.712388884893,2.928932143585E-02));
#3674 = VECTOR('',#3675,1.);
#3675 = DIRECTION('',(7.335706209297E-07,-1.));
#3676 = ( GEOMETRIC_REPRESENTATION_CONTEXT(2) 
PARAMETRIC_REPRESENTATION_CONTEXT() REPRESENTATION_CONTEXT('2D SPACE',''
  ) );
#3677 = ADVANCED_FACE('',(#3678),#3384,.F.);
#3678 = FACE_BOUND('',#3679,.F.);
#3679 = EDGE_LOOP('',(#3680,#3706,#3707,#3708));
#3680 = ORIENTED_EDGE('',*,*,#3681,.T.);
#3681 = EDGE_CURVE('',#3603,#3601,#3682,.T.);
#3682 = SURFACE_CURVE('',#3683,(#3688,#3695),.PCURVE_S1.);
#3683 = CIRCLE('',#3684,1.932842712475);
#3684 = AXIS2_PLACEMENT_3D('',#3685,#3686,#3687);
#3685 = CARTESIAN_POINT('',(0.,-50.,-11.));
#3686 = DIRECTION('',(0.,-1.,0.));
#3687 = DIRECTION('',(-1.,-0.,-8.942487734499E-08));
#3688 = PCURVE('',#3384,#3689);
#3689 = DEFINITIONAL_REPRESENTATION('',(#3690),#3694);
#3690 = LINE('',#3691,#3692);
#3691 = CARTESIAN_POINT('',(7.85398154455,2.928932292614E-02));
#3692 = VECTOR('',#3693,1.);
#3693 = DIRECTION('',(-1.,0.));
#3694 = ( GEOMETRIC_REPRESENTATION_CONTEXT(2) 
PARAMETRIC_REPRESENTATION_CONTEXT() REPRESENTATION_CONTEXT('2D SPACE',''
  ) );
#3695 = PCURVE('',#3619,#3696);
#3696 = DEFINITIONAL_REPRESENTATION('',(#3697),#3705);
#3697 = ( BOUNDED_CURVE() B_SPLINE_CURVE(2,(#3698,#3699,#3700,#3701,
#3702,#3703,#3704),.UNSPECIFIED.,.T.,.F.) B_SPLINE_CURVE_WITH_KNOTS((1,2
    ,2,2,2,1),(-2.094395102393,0.,2.094395102393,4.188790204786,
6.28318530718,8.377580409573),.UNSPECIFIED.) CURVE() 
GEOMETRIC_REPRESENTATION_ITEM() RATIONAL_B_SPLINE_CURVE((1.,0.5,1.,0.5,
1.,0.5,1.)) REPRESENTATION_ITEM('') );
#3698 = CARTESIAN_POINT('',(1.932842712475,-11.00000017284));
#3699 = CARTESIAN_POINT('',(1.9328424131,-14.34778195389));
#3700 = CARTESIAN_POINT('',(-0.966421505925,-12.6738908041));
#3701 = CARTESIAN_POINT('',(-3.86568542495,-10.99999965431));
#3702 = CARTESIAN_POINT('',(-0.96642120655,-9.326109023055));
#3703 = CARTESIAN_POINT('',(1.93284301185,-7.652218391798));
#3704 = CARTESIAN_POINT('',(1.932842712475,-11.00000017284));
#3705 = ( GEOMETRIC_REPRESENTATION_CONTEXT(2) 
PARAMETRIC_REPRESENTATION_CONTEXT() REPRESENTATION_CONTEXT('2D SPACE',''
  ) );
#3706 = ORIENTED_EDGE('',*,*,#3657,.T.);
#3707 = ORIENTED_EDGE('',*,*,#3369,.F.);
#3708 = ORIENTED_EDGE('',*,*,#3635,.F.);
#3709 = ADVANCED_FACE('',(#3710),#3445,.F.);
#3710 = FACE_BOUND('',#3711,.F.);
#3711 = EDGE_LOOP('',(#3712,#3713,#3736,#3765));
#3712 = ORIENTED_EDGE('',*,*,#3426,.T.);
#3713 = ORIENTED_EDGE('',*,*,#3714,.T.);
#3714 = EDGE_CURVE('',#3429,#3715,#3717,.T.);
#3715 = VERTEX_POINT('',#3716);
#3716 = CARTESIAN_POINT('',(-9.5,11.7,0.));
#3717 = SURFACE_CURVE('',#3718,(#3722,#3729),.PCURVE_S1.);
#3718 = LINE('',#3719,#3720);
#3719 = CARTESIAN_POINT('',(-9.799999999642,11.99999999964,
    5.667520877181E-09));
#3720 = VECTOR('',#3721,1.);
#3721 = DIRECTION('',(0.707106781187,-0.707106781186,-3.64631962505E-09)
  );
#3722 = PCURVE('',#3445,#3723);
#3723 = DEFINITIONAL_REPRESENTATION('',(#3724),#3728);
#3724 = LINE('',#3725,#3726);
#3725 = CARTESIAN_POINT('',(1.570796327373,0.14999999998));
#3726 = VECTOR('',#3727,1.);
#3727 = DIRECTION('',(-4.81933012016E-10,-1.));
#3728 = ( GEOMETRIC_REPRESENTATION_CONTEXT(2) 
PARAMETRIC_REPRESENTATION_CONTEXT() REPRESENTATION_CONTEXT('2D SPACE',''
  ) );
#3729 = PCURVE('',#3472,#3730);
#3730 = DEFINITIONAL_REPRESENTATION('',(#3731),#3735);
#3731 = LINE('',#3732,#3733);
#3732 = CARTESIAN_POINT('',(1.570796327373,0.14999999998));
#3733 = VECTOR('',#3734,1.);
#3734 = DIRECTION('',(-4.819322718674E-10,-1.));
#3735 = ( GEOMETRIC_REPRESENTATION_CONTEXT(2) 
PARAMETRIC_REPRESENTATION_CONTEXT() REPRESENTATION_CONTEXT('2D SPACE',''
  ) );
#3736 = ORIENTED_EDGE('',*,*,#3737,.F.);
#3737 = EDGE_CURVE('',#3738,#3715,#3740,.T.);
#3738 = VERTEX_POINT('',#3739);
#3739 = CARTESIAN_POINT('',(9.5,11.7,0.));
#3740 = SURFACE_CURVE('',#3741,(#3746,#3753),.PCURVE_S1.);
#3741 = CIRCLE('',#3742,9.5);
#3742 = AXIS2_PLACEMENT_3D('',#3743,#3744,#3745);
#3743 = CARTESIAN_POINT('',(0.,11.7,0.));
#3744 = DIRECTION('',(0.,-1.,0.));
#3745 = DIRECTION('',(1.,0.,0.));
#3746 = PCURVE('',#3445,#3747);
#3747 = DEFINITIONAL_REPRESENTATION('',(#3748),#3752);
#3748 = LINE('',#3749,#3750);
#3749 = CARTESIAN_POINT('',(4.712388980385,-0.149999999662));
#3750 = VECTOR('',#3751,1.);
#3751 = DIRECTION('',(-1.,-7.915201636977E-15));
#3752 = ( GEOMETRIC_REPRESENTATION_CONTEXT(2) 
PARAMETRIC_REPRESENTATION_CONTEXT() REPRESENTATION_CONTEXT('2D SPACE',''
  ) );
#3753 = PCURVE('',#3754,#3759);
#3754 = CYLINDRICAL_SURFACE('',#3755,9.5);
#3755 = AXIS2_PLACEMENT_3D('',#3756,#3757,#3758);
#3756 = CARTESIAN_POINT('',(0.,12.,0.));
#3757 = DIRECTION('',(0.,1.,0.));
#3758 = DIRECTION('',(1.,0.,0.));
#3759 = DEFINITIONAL_REPRESENTATION('',(#3760),#3764);
#3760 = LINE('',#3761,#3762);
#3761 = CARTESIAN_POINT('',(6.28318530718,-0.3));
#3762 = VECTOR('',#3763,1.);
#3763 = DIRECTION('',(-1.,0.));
#3764 = ( GEOMETRIC_REPRESENTATION_CONTEXT(2) 
PARAMETRIC_REPRESENTATION_CONTEXT() REPRESENTATION_CONTEXT('2D SPACE',''
  ) );
#3765 = ORIENTED_EDGE('',*,*,#3766,.F.);
#3766 = EDGE_CURVE('',#3427,#3738,#3767,.T.);
#3767 = SURFACE_CURVE('',#3768,(#3772,#3779),.PCURVE_S1.);
#3768 = LINE('',#3769,#3770);
#3769 = CARTESIAN_POINT('',(9.799999999642,11.99999999964,
    -5.667519877059E-09));
#3770 = VECTOR('',#3771,1.);
#3771 = DIRECTION('',(-0.707106781186,-0.707106781187,3.646320480805E-09
    ));
#3772 = PCURVE('',#3445,#3773);
#3773 = DEFINITIONAL_REPRESENTATION('',(#3774),#3778);
#3774 = LINE('',#3775,#3776);
#3775 = CARTESIAN_POINT('',(4.712388980963,0.14999999998));
#3776 = VECTOR('',#3777,1.);
#3777 = DIRECTION('',(-4.819315317187E-10,-1.));
#3778 = ( GEOMETRIC_REPRESENTATION_CONTEXT(2) 
PARAMETRIC_REPRESENTATION_CONTEXT() REPRESENTATION_CONTEXT('2D SPACE',''
  ) );
#3779 = PCURVE('',#3472,#3780);
#3780 = DEFINITIONAL_REPRESENTATION('',(#3781),#3785);
#3781 = LINE('',#3782,#3783);
#3782 = CARTESIAN_POINT('',(-1.570796326217,0.14999999998));
#3783 = VECTOR('',#3784,1.);
#3784 = DIRECTION('',(-4.819315317187E-10,-1.));
#3785 = ( GEOMETRIC_REPRESENTATION_CONTEXT(2) 
PARAMETRIC_REPRESENTATION_CONTEXT() REPRESENTATION_CONTEXT('2D SPACE',''
  ) );
#3786 = ADVANCED_FACE('',(#3787),#3472,.F.);
#3787 = FACE_BOUND('',#3788,.F.);
#3788 = EDGE_LOOP('',(#3789,#3790,#3791,#3818));
#3789 = ORIENTED_EDGE('',*,*,#3457,.T.);
#3790 = ORIENTED_EDGE('',*,*,#3766,.T.);
#3791 = ORIENTED_EDGE('',*,*,#3792,.F.);
#3792 = EDGE_CURVE('',#3715,#3738,#3793,.T.);
#3793 = SURFACE_CURVE('',#3794,(#3799,#3806),.PCURVE_S1.);
#3794 = CIRCLE('',#3795,9.5);
#3795 = AXIS2_PLACEMENT_3D('',#3796,#3797,#3798);
#3796 = CARTESIAN_POINT('',(0.,11.7,0.));
#3797 = DIRECTION('',(0.,-1.,0.));
#3798 = DIRECTION('',(-1.,0.,0.));
#3799 = PCURVE('',#3472,#3800);
#3800 = DEFINITIONAL_REPRESENTATION('',(#3801),#3805);
#3801 = LINE('',#3802,#3803);
#3802 = CARTESIAN_POINT('',(1.570796326795,-0.149999999662));
#3803 = VECTOR('',#3804,1.);
#3804 = DIRECTION('',(-1.,7.915201636977E-15));
#3805 = ( GEOMETRIC_REPRESENTATION_CONTEXT(2) 
PARAMETRIC_REPRESENTATION_CONTEXT() REPRESENTATION_CONTEXT('2D SPACE',''
  ) );
#3806 = PCURVE('',#3807,#3812);
#3807 = CYLINDRICAL_SURFACE('',#3808,9.5);
#3808 = AXIS2_PLACEMENT_3D('',#3809,#3810,#3811);
#3809 = CARTESIAN_POINT('',(0.,12.,0.));
#3810 = DIRECTION('',(0.,1.,0.));
#3811 = DIRECTION('',(1.,0.,0.));
#3812 = DEFINITIONAL_REPRESENTATION('',(#3813),#3817);
#3813 = LINE('',#3814,#3815);
#3814 = CARTESIAN_POINT('',(3.14159265359,-0.3));
#3815 = VECTOR('',#3816,1.);
#3816 = DIRECTION('',(-1.,0.));
#3817 = ( GEOMETRIC_REPRESENTATION_CONTEXT(2) 
PARAMETRIC_REPRESENTATION_CONTEXT() REPRESENTATION_CONTEXT('2D SPACE',''
  ) );
#3818 = ORIENTED_EDGE('',*,*,#3714,.F.);
#3819 = ADVANCED_FACE('',(#3820,#3880),#3506,.T.);
#3820 = FACE_BOUND('',#3821,.F.);
#3821 = EDGE_LOOP('',(#3822,#3853));
#3822 = ORIENTED_EDGE('',*,*,#3823,.F.);
#3823 = EDGE_CURVE('',#3824,#3826,#3828,.T.);
#3824 = VERTEX_POINT('',#3825);
#3825 = CARTESIAN_POINT('',(-2.85,-50.,11.));
#3826 = VERTEX_POINT('',#3827);
#3827 = CARTESIAN_POINT('',(2.85,-50.,11.));
#3828 = SURFACE_CURVE('',#3829,(#3834,#3841),.PCURVE_S1.);
#3829 = CIRCLE('',#3830,2.85);
#3830 = AXIS2_PLACEMENT_3D('',#3831,#3832,#3833);
#3831 = CARTESIAN_POINT('',(0.,-50.,11.));
#3832 = DIRECTION('',(0.,1.,-0.));
#3833 = DIRECTION('',(-1.,0.,0.));
#3834 = PCURVE('',#3506,#3835);
#3835 = DEFINITIONAL_REPRESENTATION('',(#3836),#3840);
#3836 = CIRCLE('',#3837,2.85);
#3837 = AXIS2_PLACEMENT_2D('',#3838,#3839);
#3838 = CARTESIAN_POINT('',(0.,11.));
#3839 = DIRECTION('',(1.,0.));
#3840 = ( GEOMETRIC_REPRESENTATION_CONTEXT(2) 
PARAMETRIC_REPRESENTATION_CONTEXT() REPRESENTATION_CONTEXT('2D SPACE',''
  ) );
#3841 = PCURVE('',#3842,#3847);
#3842 = CYLINDRICAL_SURFACE('',#3843,2.85);
#3843 = AXIS2_PLACEMENT_3D('',#3844,#3845,#3846);
#3844 = CARTESIAN_POINT('',(0.,-41.8,11.));
#3845 = DIRECTION('',(0.,1.,0.));
#3846 = DIRECTION('',(-1.,0.,0.));
#3847 = DEFINITIONAL_REPRESENTATION('',(#3848),#3852);
#3848 = LINE('',#3849,#3850);
#3849 = CARTESIAN_POINT('',(0.,-8.2));
#3850 = VECTOR('',#3851,1.);
#3851 = DIRECTION('',(1.,0.));
#3852 = ( GEOMETRIC_REPRESENTATION_CONTEXT(2) 
PARAMETRIC_REPRESENTATION_CONTEXT() REPRESENTATION_CONTEXT('2D SPACE',''
  ) );
#3853 = ORIENTED_EDGE('',*,*,#3854,.F.);
#3854 = EDGE_CURVE('',#3826,#3824,#3855,.T.);
#3855 = SURFACE_CURVE('',#3856,(#3861,#3868),.PCURVE_S1.);
#3856 = CIRCLE('',#3857,2.85);
#3857 = AXIS2_PLACEMENT_3D('',#3858,#3859,#3860);
#3858 = CARTESIAN_POINT('',(0.,-50.,11.));
#3859 = DIRECTION('',(-0.,1.,0.));
#3860 = DIRECTION('',(1.,0.,0.));
#3861 = PCURVE('',#3506,#3862);
#3862 = DEFINITIONAL_REPRESENTATION('',(#3863),#3867);
#3863 = CIRCLE('',#3864,2.85);
#3864 = AXIS2_PLACEMENT_2D('',#3865,#3866);
#3865 = CARTESIAN_POINT('',(0.,11.));
#3866 = DIRECTION('',(-1.,0.));
#3867 = ( GEOMETRIC_REPRESENTATION_CONTEXT(2) 
PARAMETRIC_REPRESENTATION_CONTEXT() REPRESENTATION_CONTEXT('2D SPACE',''
  ) );
#3868 = PCURVE('',#3869,#3874);
#3869 = CYLINDRICAL_SURFACE('',#3870,2.85);
#3870 = AXIS2_PLACEMENT_3D('',#3871,#3872,#3873);
#3871 = CARTESIAN_POINT('',(0.,-41.8,11.));
#3872 = DIRECTION('',(0.,1.,0.));
#3873 = DIRECTION('',(-1.,0.,0.));
#3874 = DEFINITIONAL_REPRESENTATION('',(#3875),#3879);
#3875 = LINE('',#3876,#3877);
#3876 = CARTESIAN_POINT('',(3.14159265359,-8.2));
#3877 = VECTOR('',#3878,1.);
#3878 = DIRECTION('',(1.,0.));
#3879 = ( GEOMETRIC_REPRESENTATION_CONTEXT(2) 
PARAMETRIC_REPRESENTATION_CONTEXT() REPRESENTATION_CONTEXT('2D SPACE',''
  ) );
#3880 = FACE_BOUND('',#3881,.F.);
#3881 = EDGE_LOOP('',(#3882,#3883));
#3882 = ORIENTED_EDGE('',*,*,#3568,.F.);
#3883 = ORIENTED_EDGE('',*,*,#3487,.F.);
#3884 = ADVANCED_FACE('',(#3885,#3945),#3619,.T.);
#3885 = FACE_BOUND('',#3886,.F.);
#3886 = EDGE_LOOP('',(#3887,#3918));
#3887 = ORIENTED_EDGE('',*,*,#3888,.F.);
#3888 = EDGE_CURVE('',#3889,#3891,#3893,.T.);
#3889 = VERTEX_POINT('',#3890);
#3890 = CARTESIAN_POINT('',(-2.85,-50.,-11.));
#3891 = VERTEX_POINT('',#3892);
#3892 = CARTESIAN_POINT('',(2.85,-50.,-11.));
#3893 = SURFACE_CURVE('',#3894,(#3899,#3906),.PCURVE_S1.);
#3894 = CIRCLE('',#3895,2.85);
#3895 = AXIS2_PLACEMENT_3D('',#3896,#3897,#3898);
#3896 = CARTESIAN_POINT('',(0.,-50.,-11.));
#3897 = DIRECTION('',(0.,1.,-0.));
#3898 = DIRECTION('',(-1.,0.,0.));
#3899 = PCURVE('',#3619,#3900);
#3900 = DEFINITIONAL_REPRESENTATION('',(#3901),#3905);
#3901 = CIRCLE('',#3902,2.85);
#3902 = AXIS2_PLACEMENT_2D('',#3903,#3904);
#3903 = CARTESIAN_POINT('',(0.,-11.));
#3904 = DIRECTION('',(1.,0.));
#3905 = ( GEOMETRIC_REPRESENTATION_CONTEXT(2) 
PARAMETRIC_REPRESENTATION_CONTEXT() REPRESENTATION_CONTEXT('2D SPACE',''
  ) );
#3906 = PCURVE('',#3907,#3912);
#3907 = CYLINDRICAL_SURFACE('',#3908,2.85);
#3908 = AXIS2_PLACEMENT_3D('',#3909,#3910,#3911);
#3909 = CARTESIAN_POINT('',(0.,-41.8,-11.));
#3910 = DIRECTION('',(0.,1.,0.));
#3911 = DIRECTION('',(-1.,0.,0.));
#3912 = DEFINITIONAL_REPRESENTATION('',(#3913),#3917);
#3913 = LINE('',#3914,#3915);
#3914 = CARTESIAN_POINT('',(0.,-8.2));
#3915 = VECTOR('',#3916,1.);
#3916 = DIRECTION('',(1.,0.));
#3917 = ( GEOMETRIC_REPRESENTATION_CONTEXT(2) 
PARAMETRIC_REPRESENTATION_CONTEXT() REPRESENTATION_CONTEXT('2D SPACE',''
  ) );
#3918 = ORIENTED_EDGE('',*,*,#3919,.F.);
#3919 = EDGE_CURVE('',#3891,#3889,#3920,.T.);
#3920 = SURFACE_CURVE('',#3921,(#3926,#3933),.PCURVE_S1.);
#3921 = CIRCLE('',#3922,2.85);
#3922 = AXIS2_PLACEMENT_3D('',#3923,#3924,#3925);
#3923 = CARTESIAN_POINT('',(0.,-50.,-11.));
#3924 = DIRECTION('',(-0.,1.,0.));
#3925 = DIRECTION('',(1.,0.,0.));
#3926 = PCURVE('',#3619,#3927);
#3927 = DEFINITIONAL_REPRESENTATION('',(#3928),#3932);
#3928 = CIRCLE('',#3929,2.85);
#3929 = AXIS2_PLACEMENT_2D('',#3930,#3931);
#3930 = CARTESIAN_POINT('',(0.,-11.));
#3931 = DIRECTION('',(-1.,0.));
#3932 = ( GEOMETRIC_REPRESENTATION_CONTEXT(2) 
PARAMETRIC_REPRESENTATION_CONTEXT() REPRESENTATION_CONTEXT('2D SPACE',''
  ) );
#3933 = PCURVE('',#3934,#3939);
#3934 = CYLINDRICAL_SURFACE('',#3935,2.85);
#3935 = AXIS2_PLACEMENT_3D('',#3936,#3937,#3938);
#3936 = CARTESIAN_POINT('',(0.,-41.8,-11.));
#3937 = DIRECTION('',(0.,1.,0.));
#3938 = DIRECTION('',(-1.,0.,0.));
#3939 = DEFINITIONAL_REPRESENTATION('',(#3940),#3944);
#3940 = LINE('',#3941,#3942);
#3941 = CARTESIAN_POINT('',(3.14159265359,-8.2));
#3942 = VECTOR('',#3943,1.);
#3943 = DIRECTION('',(1.,0.));
#3944 = ( GEOMETRIC_REPRESENTATION_CONTEXT(2) 
PARAMETRIC_REPRESENTATION_CONTEXT() REPRESENTATION_CONTEXT('2D SPACE',''
  ) );
#3945 = FACE_BOUND('',#3946,.F.);
#3946 = EDGE_LOOP('',(#3947,#3948));
#3947 = ORIENTED_EDGE('',*,*,#3681,.F.);
#3948 = ORIENTED_EDGE('',*,*,#3600,.F.);
#3949 = ADVANCED_FACE('',(#3950),#3754,.F.);
#3950 = FACE_BOUND('',#3951,.F.);
#3951 = EDGE_LOOP('',(#3952,#3975,#3976,#3999));
#3952 = ORIENTED_EDGE('',*,*,#3953,.F.);
#3953 = EDGE_CURVE('',#3738,#3954,#3956,.T.);
#3954 = VERTEX_POINT('',#3955);
#3955 = CARTESIAN_POINT('',(9.499999999944,8.,-8.767048532215E-10));
#3956 = SURFACE_CURVE('',#3957,(#3961,#3968),.PCURVE_S1.);
#3957 = LINE('',#3958,#3959);
#3958 = CARTESIAN_POINT('',(9.499999999739,11.69999999974,
    -4.120517114549E-09));
#3959 = VECTOR('',#3960,1.);
#3960 = DIRECTION('',(5.543896311596E-11,-1.,8.767060166366E-10));
#3961 = PCURVE('',#3754,#3962);
#3962 = DEFINITIONAL_REPRESENTATION('',(#3963),#3967);
#3963 = LINE('',#3964,#3965);
#3964 = CARTESIAN_POINT('',(6.28318530718,-0.30000000026));
#3965 = VECTOR('',#3966,1.);
#3966 = DIRECTION('',(0.,-1.));
#3967 = ( GEOMETRIC_REPRESENTATION_CONTEXT(2) 
PARAMETRIC_REPRESENTATION_CONTEXT() REPRESENTATION_CONTEXT('2D SPACE',''
  ) );
#3968 = PCURVE('',#3807,#3969);
#3969 = DEFINITIONAL_REPRESENTATION('',(#3970),#3974);
#3970 = LINE('',#3971,#3972);
#3971 = CARTESIAN_POINT('',(0.,-0.30000000026));
#3972 = VECTOR('',#3973,1.);
#3973 = DIRECTION('',(0.,-1.));
#3974 = ( GEOMETRIC_REPRESENTATION_CONTEXT(2) 
PARAMETRIC_REPRESENTATION_CONTEXT() REPRESENTATION_CONTEXT('2D SPACE',''
  ) );
#3975 = ORIENTED_EDGE('',*,*,#3737,.T.);
#3976 = ORIENTED_EDGE('',*,*,#3977,.T.);
#3977 = EDGE_CURVE('',#3715,#3978,#3980,.T.);
#3978 = VERTEX_POINT('',#3979);
#3979 = CARTESIAN_POINT('',(-9.499999999944,8.,8.767051432615E-10));
#3980 = SURFACE_CURVE('',#3981,(#3985,#3992),.PCURVE_S1.);
#3981 = LINE('',#3982,#3983);
#3982 = CARTESIAN_POINT('',(-9.499999999739,11.69999999974,
    4.120518477737E-09));
#3983 = VECTOR('',#3984,1.);
#3984 = DIRECTION('',(-5.543707337465E-11,-1.,-8.767063066766E-10));
#3985 = PCURVE('',#3754,#3986);
#3986 = DEFINITIONAL_REPRESENTATION('',(#3987),#3991);
#3987 = LINE('',#3988,#3989);
#3988 = CARTESIAN_POINT('',(3.141592654024,-0.30000000026));
#3989 = VECTOR('',#3990,1.);
#3990 = DIRECTION('',(-9.228485588002E-11,-1.));
#3991 = ( GEOMETRIC_REPRESENTATION_CONTEXT(2) 
PARAMETRIC_REPRESENTATION_CONTEXT() REPRESENTATION_CONTEXT('2D SPACE',''
  ) );
#3992 = PCURVE('',#3807,#3993);
#3993 = DEFINITIONAL_REPRESENTATION('',(#3994),#3998);
#3994 = LINE('',#3995,#3996);
#3995 = CARTESIAN_POINT('',(3.141592654024,-0.30000000026));
#3996 = VECTOR('',#3997,1.);
#3997 = DIRECTION('',(-9.228485588002E-11,-1.));
#3998 = ( GEOMETRIC_REPRESENTATION_CONTEXT(2) 
PARAMETRIC_REPRESENTATION_CONTEXT() REPRESENTATION_CONTEXT('2D SPACE',''
  ) );
#3999 = ORIENTED_EDGE('',*,*,#4000,.T.);
#4000 = EDGE_CURVE('',#3978,#3954,#4001,.T.);
#4001 = SURFACE_CURVE('',#4002,(#4007,#4014),.PCURVE_S1.);
#4002 = CIRCLE('',#4003,9.5);
#4003 = AXIS2_PLACEMENT_3D('',#4004,#4005,#4006);
#4004 = CARTESIAN_POINT('',(0.,8.,0.));
#4005 = DIRECTION('',(-0.,1.,0.));
#4006 = DIRECTION('',(1.,0.,0.));
#4007 = PCURVE('',#3754,#4008);
#4008 = DEFINITIONAL_REPRESENTATION('',(#4009),#4013);
#4009 = LINE('',#4010,#4011);
#4010 = CARTESIAN_POINT('',(0.,-4.));
#4011 = VECTOR('',#4012,1.);
#4012 = DIRECTION('',(1.,0.));
#4013 = ( GEOMETRIC_REPRESENTATION_CONTEXT(2) 
PARAMETRIC_REPRESENTATION_CONTEXT() REPRESENTATION_CONTEXT('2D SPACE',''
  ) );
#4014 = PCURVE('',#4015,#4020);
#4015 = PLANE('',#4016);
#4016 = AXIS2_PLACEMENT_3D('',#4017,#4018,#4019);
#4017 = CARTESIAN_POINT('',(0.,8.,0.));
#4018 = DIRECTION('',(0.,1.,0.));
#4019 = DIRECTION('',(0.,-0.,1.));
#4020 = DEFINITIONAL_REPRESENTATION('',(#4021),#4025);
#4021 = CIRCLE('',#4022,9.5);
#4022 = AXIS2_PLACEMENT_2D('',#4023,#4024);
#4023 = CARTESIAN_POINT('',(0.,0.));
#4024 = DIRECTION('',(0.,1.));
#4025 = ( GEOMETRIC_REPRESENTATION_CONTEXT(2) 
PARAMETRIC_REPRESENTATION_CONTEXT() REPRESENTATION_CONTEXT('2D SPACE',''
  ) );
#4026 = ADVANCED_FACE('',(#4027),#3807,.F.);
#4027 = FACE_BOUND('',#4028,.F.);
#4028 = EDGE_LOOP('',(#4029,#4030,#4031,#4032));
#4029 = ORIENTED_EDGE('',*,*,#3977,.F.);
#4030 = ORIENTED_EDGE('',*,*,#3792,.T.);
#4031 = ORIENTED_EDGE('',*,*,#3953,.T.);
#4032 = ORIENTED_EDGE('',*,*,#4033,.T.);
#4033 = EDGE_CURVE('',#3954,#3978,#4034,.T.);
#4034 = SURFACE_CURVE('',#4035,(#4040,#4047),.PCURVE_S1.);
#4035 = CIRCLE('',#4036,9.5);
#4036 = AXIS2_PLACEMENT_3D('',#4037,#4038,#4039);
#4037 = CARTESIAN_POINT('',(0.,8.,0.));
#4038 = DIRECTION('',(-0.,1.,0.));
#4039 = DIRECTION('',(1.,0.,0.));
#4040 = PCURVE('',#3807,#4041);
#4041 = DEFINITIONAL_REPRESENTATION('',(#4042),#4046);
#4042 = LINE('',#4043,#4044);
#4043 = CARTESIAN_POINT('',(0.,-4.));
#4044 = VECTOR('',#4045,1.);
#4045 = DIRECTION('',(1.,0.));
#4046 = ( GEOMETRIC_REPRESENTATION_CONTEXT(2) 
PARAMETRIC_REPRESENTATION_CONTEXT() REPRESENTATION_CONTEXT('2D SPACE',''
  ) );
#4047 = PCURVE('',#4015,#4048);
#4048 = DEFINITIONAL_REPRESENTATION('',(#4049),#4053);
#4049 = CIRCLE('',#4050,9.5);
#4050 = AXIS2_PLACEMENT_2D('',#4051,#4052);
#4051 = CARTESIAN_POINT('',(0.,0.));
#4052 = DIRECTION('',(0.,1.));
#4053 = ( GEOMETRIC_REPRESENTATION_CONTEXT(2) 
PARAMETRIC_REPRESENTATION_CONTEXT() REPRESENTATION_CONTEXT('2D SPACE',''
  ) );
#4054 = ADVANCED_FACE('',(#4055),#3842,.F.);
#4055 = FACE_BOUND('',#4056,.F.);
#4056 = EDGE_LOOP('',(#4057,#4088,#4109,#4110));
#4057 = ORIENTED_EDGE('',*,*,#4058,.F.);
#4058 = EDGE_CURVE('',#4059,#4061,#4063,.T.);
#4059 = VERTEX_POINT('',#4060);
#4060 = CARTESIAN_POINT('',(-2.85000160629,-49.5,11.000003696654));
#4061 = VERTEX_POINT('',#4062);
#4062 = CARTESIAN_POINT('',(2.850001423369,-49.5,10.999997076403));
#4063 = SURFACE_CURVE('',#4064,(#4069,#4076),.PCURVE_S1.);
#4064 = CIRCLE('',#4065,2.85);
#4065 = AXIS2_PLACEMENT_3D('',#4066,#4067,#4068);
#4066 = CARTESIAN_POINT('',(0.,-49.5,11.));
#4067 = DIRECTION('',(0.,1.,0.));
#4068 = DIRECTION('',(-1.,0.,0.));
#4069 = PCURVE('',#3842,#4070);
#4070 = DEFINITIONAL_REPRESENTATION('',(#4071),#4075);
#4071 = LINE('',#4072,#4073);
#4072 = CARTESIAN_POINT('',(0.,-7.7));
#4073 = VECTOR('',#4074,1.);
#4074 = DIRECTION('',(1.,0.));
#4075 = ( GEOMETRIC_REPRESENTATION_CONTEXT(2) 
PARAMETRIC_REPRESENTATION_CONTEXT() REPRESENTATION_CONTEXT('2D SPACE',''
  ) );
#4076 = PCURVE('',#4077,#4082);
#4077 = PLANE('',#4078);
#4078 = AXIS2_PLACEMENT_3D('',#4079,#4080,#4081);
#4079 = CARTESIAN_POINT('',(0.,-49.5,0.));
#4080 = DIRECTION('',(0.,1.,0.));
#4081 = DIRECTION('',(0.,-0.,1.));
#4082 = DEFINITIONAL_REPRESENTATION('',(#4083),#4087);
#4083 = CIRCLE('',#4084,2.85);
#4084 = AXIS2_PLACEMENT_2D('',#4085,#4086);
#4085 = CARTESIAN_POINT('',(11.,0.));
#4086 = DIRECTION('',(0.,-1.));
#4087 = ( GEOMETRIC_REPRESENTATION_CONTEXT(2) 
PARAMETRIC_REPRESENTATION_CONTEXT() REPRESENTATION_CONTEXT('2D SPACE',''
  ) );
#4088 = ORIENTED_EDGE('',*,*,#4089,.T.);
#4089 = EDGE_CURVE('',#4059,#3824,#4090,.T.);
#4090 = SURFACE_CURVE('',#4091,(#4095,#4102),.PCURVE_S1.);
#4091 = LINE('',#4092,#4093);
#4092 = CARTESIAN_POINT('',(-2.850025379471,-42.09997461873,
    11.00005840735));
#4093 = VECTOR('',#4094,1.);
#4094 = DIRECTION('',(3.21258098221E-06,-0.999999999968,
    -7.393311886185E-06));
#4095 = PCURVE('',#3842,#4096);
#4096 = DEFINITIONAL_REPRESENTATION('',(#4097),#4101);
#4097 = LINE('',#4098,#4099);
#4098 = CARTESIAN_POINT('',(2.049362451772E-05,-0.299974618733));
#4099 = VECTOR('',#4100,1.);
#4100 = DIRECTION('',(-2.594121351338E-06,-0.999999999997));
#4101 = ( GEOMETRIC_REPRESENTATION_CONTEXT(2) 
PARAMETRIC_REPRESENTATION_CONTEXT() REPRESENTATION_CONTEXT('2D SPACE',''
  ) );
#4102 = PCURVE('',#3869,#4103);
#4103 = DEFINITIONAL_REPRESENTATION('',(#4104),#4108);
#4104 = LINE('',#4105,#4106);
#4105 = CARTESIAN_POINT('',(6.283205800804,-0.299974618733));
#4106 = VECTOR('',#4107,1.);
#4107 = DIRECTION('',(-2.594121351307E-06,-0.999999999997));
#4108 = ( GEOMETRIC_REPRESENTATION_CONTEXT(2) 
PARAMETRIC_REPRESENTATION_CONTEXT() REPRESENTATION_CONTEXT('2D SPACE',''
  ) );
#4109 = ORIENTED_EDGE('',*,*,#3823,.T.);
#4110 = ORIENTED_EDGE('',*,*,#4111,.F.);
#4111 = EDGE_CURVE('',#4061,#3826,#4112,.T.);
#4112 = SURFACE_CURVE('',#4113,(#4117,#4124),.PCURVE_S1.);
#4113 = LINE('',#4114,#4115);
#4114 = CARTESIAN_POINT('',(2.850022489285,-42.09997750959,
    10.99995380706));
#4115 = VECTOR('',#4116,1.);
#4116 = DIRECTION('',(-2.846736769862E-06,-0.999999999979,
    5.847190797555E-06));
#4117 = PCURVE('',#3842,#4118);
#4118 = DEFINITIONAL_REPRESENTATION('',(#4119),#4123);
#4119 = LINE('',#4120,#4121);
#4120 = CARTESIAN_POINT('',(3.141608861511,-0.299977509592));
#4121 = VECTOR('',#4122,1.);
#4122 = DIRECTION('',(-2.051629704463E-06,-0.999999999998));
#4123 = ( GEOMETRIC_REPRESENTATION_CONTEXT(2) 
PARAMETRIC_REPRESENTATION_CONTEXT() REPRESENTATION_CONTEXT('2D SPACE',''
  ) );
#4124 = PCURVE('',#3869,#4125);
#4125 = DEFINITIONAL_REPRESENTATION('',(#4126),#4130);
#4126 = LINE('',#4127,#4128);
#4127 = CARTESIAN_POINT('',(3.141608861511,-0.299977509592));
#4128 = VECTOR('',#4129,1.);
#4129 = DIRECTION('',(-2.051629704463E-06,-0.999999999998));
#4130 = ( GEOMETRIC_REPRESENTATION_CONTEXT(2) 
PARAMETRIC_REPRESENTATION_CONTEXT() REPRESENTATION_CONTEXT('2D SPACE',''
  ) );
#4131 = ADVANCED_FACE('',(#4132),#3869,.F.);
#4132 = FACE_BOUND('',#4133,.F.);
#4133 = EDGE_LOOP('',(#4134,#4156,#4157,#4158));
#4134 = ORIENTED_EDGE('',*,*,#4135,.F.);
#4135 = EDGE_CURVE('',#4061,#4059,#4136,.T.);
#4136 = SURFACE_CURVE('',#4137,(#4142,#4149),.PCURVE_S1.);
#4137 = CIRCLE('',#4138,2.85);
#4138 = AXIS2_PLACEMENT_3D('',#4139,#4140,#4141);
#4139 = CARTESIAN_POINT('',(0.,-49.5,11.));
#4140 = DIRECTION('',(0.,1.,0.));
#4141 = DIRECTION('',(-1.,0.,0.));
#4142 = PCURVE('',#3869,#4143);
#4143 = DEFINITIONAL_REPRESENTATION('',(#4144),#4148);
#4144 = LINE('',#4145,#4146);
#4145 = CARTESIAN_POINT('',(0.,-7.7));
#4146 = VECTOR('',#4147,1.);
#4147 = DIRECTION('',(1.,0.));
#4148 = ( GEOMETRIC_REPRESENTATION_CONTEXT(2) 
PARAMETRIC_REPRESENTATION_CONTEXT() REPRESENTATION_CONTEXT('2D SPACE',''
  ) );
#4149 = PCURVE('',#4077,#4150);
#4150 = DEFINITIONAL_REPRESENTATION('',(#4151),#4155);
#4151 = CIRCLE('',#4152,2.85);
#4152 = AXIS2_PLACEMENT_2D('',#4153,#4154);
#4153 = CARTESIAN_POINT('',(11.,0.));
#4154 = DIRECTION('',(0.,-1.));
#4155 = ( GEOMETRIC_REPRESENTATION_CONTEXT(2) 
PARAMETRIC_REPRESENTATION_CONTEXT() REPRESENTATION_CONTEXT('2D SPACE',''
  ) );
#4156 = ORIENTED_EDGE('',*,*,#4111,.T.);
#4157 = ORIENTED_EDGE('',*,*,#3854,.T.);
#4158 = ORIENTED_EDGE('',*,*,#4089,.F.);
#4159 = ADVANCED_FACE('',(#4160),#3907,.F.);
#4160 = FACE_BOUND('',#4161,.F.);
#4161 = EDGE_LOOP('',(#4162,#4193,#4214,#4215));
#4162 = ORIENTED_EDGE('',*,*,#4163,.F.);
#4163 = EDGE_CURVE('',#4164,#4166,#4168,.T.);
#4164 = VERTEX_POINT('',#4165);
#4165 = CARTESIAN_POINT('',(-2.850001434172,-49.5,-10.99999703228));
#4166 = VERTEX_POINT('',#4167);
#4167 = CARTESIAN_POINT('',(2.85000160629,-49.5,-11.0000036966));
#4168 = SURFACE_CURVE('',#4169,(#4174,#4181),.PCURVE_S1.);
#4169 = CIRCLE('',#4170,2.85);
#4170 = AXIS2_PLACEMENT_3D('',#4171,#4172,#4173);
#4171 = CARTESIAN_POINT('',(0.,-49.5,-11.));
#4172 = DIRECTION('',(0.,1.,0.));
#4173 = DIRECTION('',(-1.,0.,0.));
#4174 = PCURVE('',#3907,#4175);
#4175 = DEFINITIONAL_REPRESENTATION('',(#4176),#4180);
#4176 = LINE('',#4177,#4178);
#4177 = CARTESIAN_POINT('',(0.,-7.7));
#4178 = VECTOR('',#4179,1.);
#4179 = DIRECTION('',(1.,0.));
#4180 = ( GEOMETRIC_REPRESENTATION_CONTEXT(2) 
PARAMETRIC_REPRESENTATION_CONTEXT() REPRESENTATION_CONTEXT('2D SPACE',''
  ) );
#4181 = PCURVE('',#4182,#4187);
#4182 = PLANE('',#4183);
#4183 = AXIS2_PLACEMENT_3D('',#4184,#4185,#4186);
#4184 = CARTESIAN_POINT('',(0.,-49.5,0.));
#4185 = DIRECTION('',(0.,1.,0.));
#4186 = DIRECTION('',(0.,-0.,1.));
#4187 = DEFINITIONAL_REPRESENTATION('',(#4188),#4192);
#4188 = CIRCLE('',#4189,2.85);
#4189 = AXIS2_PLACEMENT_2D('',#4190,#4191);
#4190 = CARTESIAN_POINT('',(-11.,0.));
#4191 = DIRECTION('',(0.,-1.));
#4192 = ( GEOMETRIC_REPRESENTATION_CONTEXT(2) 
PARAMETRIC_REPRESENTATION_CONTEXT() REPRESENTATION_CONTEXT('2D SPACE',''
  ) );
#4193 = ORIENTED_EDGE('',*,*,#4194,.T.);
#4194 = EDGE_CURVE('',#4164,#3889,#4195,.T.);
#4195 = SURFACE_CURVE('',#4196,(#4200,#4207),.PCURVE_S1.);
#4196 = LINE('',#4197,#4198);
#4197 = CARTESIAN_POINT('',(-2.85002265999,-42.09997733885,
    -10.99995310996));
#4198 = VECTOR('',#4199,1.);
#4199 = DIRECTION('',(2.868344939902E-06,-0.999999999978,
    -5.935431109775E-06));
#4200 = PCURVE('',#3907,#4201);
#4201 = DEFINITIONAL_REPRESENTATION('',(#4202),#4206);
#4202 = LINE('',#4203,#4204);
#4203 = CARTESIAN_POINT('',(1.64525148011E-05,-0.299977338853));
#4204 = VECTOR('',#4205,1.);
#4205 = DIRECTION('',(-2.08259083635E-06,-0.999999999998));
#4206 = ( GEOMETRIC_REPRESENTATION_CONTEXT(2) 
PARAMETRIC_REPRESENTATION_CONTEXT() REPRESENTATION_CONTEXT('2D SPACE',''
  ) );
#4207 = PCURVE('',#3934,#4208);
#4208 = DEFINITIONAL_REPRESENTATION('',(#4209),#4213);
#4209 = LINE('',#4210,#4211);
#4210 = CARTESIAN_POINT('',(6.283201759694,-0.299977338853));
#4211 = VECTOR('',#4212,1.);
#4212 = DIRECTION('',(-2.082590836297E-06,-0.999999999998));
#4213 = ( GEOMETRIC_REPRESENTATION_CONTEXT(2) 
PARAMETRIC_REPRESENTATION_CONTEXT() REPRESENTATION_CONTEXT('2D SPACE',''
  ) );
#4214 = ORIENTED_EDGE('',*,*,#3888,.T.);
#4215 = ORIENTED_EDGE('',*,*,#4216,.F.);
#4216 = EDGE_CURVE('',#4166,#3891,#4217,.T.);
#4217 = SURFACE_CURVE('',#4218,(#4222,#4229),.PCURVE_S1.);
#4218 = LINE('',#4219,#4220);
#4219 = CARTESIAN_POINT('',(2.850025379455,-42.09997461875,
    -11.00005840653));
#4220 = VECTOR('',#4221,1.);
#4221 = DIRECTION('',(-3.212578865492E-06,-0.999999999968,
    7.393207395156E-06));
#4222 = PCURVE('',#3907,#4223);
#4223 = DEFINITIONAL_REPRESENTATION('',(#4224),#4228);
#4224 = LINE('',#4225,#4226);
#4225 = CARTESIAN_POINT('',(3.141613146927,-0.29997461875));
#4226 = VECTOR('',#4227,1.);
#4227 = DIRECTION('',(-2.594084757232E-06,-0.999999999997));
#4228 = ( GEOMETRIC_REPRESENTATION_CONTEXT(2) 
PARAMETRIC_REPRESENTATION_CONTEXT() REPRESENTATION_CONTEXT('2D SPACE',''
  ) );
#4229 = PCURVE('',#3934,#4230);
#4230 = DEFINITIONAL_REPRESENTATION('',(#4231),#4235);#4231 = LINE('',#4232,#4233);
#4232 = CARTESIAN_POINT('',(3.141613146927,-0.29997461875));
#4233 = VECTOR('',#4234,1.);
#4234 = DIRECTION('',(-2.594084757232E-06,-0.999999999997));
#4235 = ( GEOMETRIC_REPRESENTATION_CONTEXT(2) 
PARAMETRIC_REPRESENTATION_CONTEXT() REPRESENTATION_CONTEXT('2D SPACE',''
  ) );
#4236 = ADVANCED_FACE('',(#4237),#3934,.F.);
#4237 = FACE_BOUND('',#4238,.F.);
#4238 = EDGE_LOOP('',(#4239,#4240,#4262,#4263));
#4239 = ORIENTED_EDGE('',*,*,#4194,.F.);
#4240 = ORIENTED_EDGE('',*,*,#4241,.F.);
#4241 = EDGE_CURVE('',#4166,#4164,#4242,.T.);
#4242 = SURFACE_CURVE('',#4243,(#4248,#4255),.PCURVE_S1.);
#4243 = CIRCLE('',#4244,2.85);
#4244 = AXIS2_PLACEMENT_3D('',#4245,#4246,#4247);
#4245 = CARTESIAN_POINT('',(0.,-49.5,-11.));
#4246 = DIRECTION('',(0.,1.,0.));
#4247 = DIRECTION('',(-1.,0.,0.));
#4248 = PCURVE('',#3934,#4249);
#4249 = DEFINITIONAL_REPRESENTATION('',(#4250),#4254);
#4250 = LINE('',#4251,#4252);
#4251 = CARTESIAN_POINT('',(0.,-7.7));
#4252 = VECTOR('',#4253,1.);
#4253 = DIRECTION('',(1.,0.));
#4254 = ( GEOMETRIC_REPRESENTATION_CONTEXT(2) 
PARAMETRIC_REPRESENTATION_CONTEXT() REPRESENTATION_CONTEXT('2D SPACE',''
  ) );
#4255 = PCURVE('',#4182,#4256);
#4256 = DEFINITIONAL_REPRESENTATION('',(#4257),#4261);
#4257 = CIRCLE('',#4258,2.85);
#4258 = AXIS2_PLACEMENT_2D('',#4259,#4260);
#4259 = CARTESIAN_POINT('',(-11.,0.));
#4260 = DIRECTION('',(0.,-1.));
#4261 = ( GEOMETRIC_REPRESENTATION_CONTEXT(2) 
PARAMETRIC_REPRESENTATION_CONTEXT() REPRESENTATION_CONTEXT('2D SPACE',''
  ) );
#4262 = ORIENTED_EDGE('',*,*,#4216,.T.);
#4263 = ORIENTED_EDGE('',*,*,#3919,.T.);
#4264 = ADVANCED_FACE('',(#4265,#4269),#4015,.T.);
#4265 = FACE_BOUND('',#4266,.T.);
#4266 = EDGE_LOOP('',(#4267,#4268));
#4267 = ORIENTED_EDGE('',*,*,#4000,.T.);
#4268 = ORIENTED_EDGE('',*,*,#4033,.T.);
#4269 = FACE_BOUND('',#4270,.T.);
#4270 = EDGE_LOOP('',(#4271,#4306));
#4271 = ORIENTED_EDGE('',*,*,#4272,.T.);
#4272 = EDGE_CURVE('',#4273,#4275,#4277,.T.);
#4273 = VERTEX_POINT('',#4274);
#4274 = CARTESIAN_POINT('',(0.,8.,-5.));
#4275 = VERTEX_POINT('',#4276);
#4276 = CARTESIAN_POINT('',(0.,8.,5.));
#4277 = SURFACE_CURVE('',#4278,(#4283,#4294),.PCURVE_S1.);
#4278 = CIRCLE('',#4279,5.);
#4279 = AXIS2_PLACEMENT_3D('',#4280,#4281,#4282);
#4280 = CARTESIAN_POINT('',(0.,8.,0.));
#4281 = DIRECTION('',(0.,-1.,0.));
#4282 = DIRECTION('',(0.,0.,1.));
#4283 = PCURVE('',#4015,#4284);
#4284 = DEFINITIONAL_REPRESENTATION('',(#4285),#4293);
#4285 = ( BOUNDED_CURVE() B_SPLINE_CURVE(2,(#4286,#4287,#4288,#4289,
#4290,#4291,#4292),.UNSPECIFIED.,.T.,.F.) B_SPLINE_CURVE_WITH_KNOTS((1,2
    ,2,2,2,1),(-2.094395102393,0.,2.094395102393,4.188790204786,
6.28318530718,8.377580409573),.UNSPECIFIED.) CURVE() 
GEOMETRIC_REPRESENTATION_ITEM() RATIONAL_B_SPLINE_CURVE((1.,0.5,1.,0.5,
1.,0.5,1.)) REPRESENTATION_ITEM('') );
#4286 = CARTESIAN_POINT('',(5.,0.));
#4287 = CARTESIAN_POINT('',(5.,-8.660254037844));
#4288 = CARTESIAN_POINT('',(-2.5,-4.330127018922));
#4289 = CARTESIAN_POINT('',(-10.,-1.224646799147E-15));
#4290 = CARTESIAN_POINT('',(-2.5,4.330127018922));
#4291 = CARTESIAN_POINT('',(5.,8.660254037844));
#4292 = CARTESIAN_POINT('',(5.,0.));
#4293 = ( GEOMETRIC_REPRESENTATION_CONTEXT(2) 
PARAMETRIC_REPRESENTATION_CONTEXT() REPRESENTATION_CONTEXT('2D SPACE',''
  ) );
#4294 = PCURVE('',#4295,#4300);
#4295 = CYLINDRICAL_SURFACE('',#4296,5.);
#4296 = AXIS2_PLACEMENT_3D('',#4297,#4298,#4299);
#4297 = CARTESIAN_POINT('',(0.,37.,0.));
#4298 = DIRECTION('',(0.,-1.,0.));
#4299 = DIRECTION('',(0.,0.,1.));
#4300 = DEFINITIONAL_REPRESENTATION('',(#4301),#4305);
#4301 = LINE('',#4302,#4303);
#4302 = CARTESIAN_POINT('',(0.,29.));
#4303 = VECTOR('',#4304,1.);
#4304 = DIRECTION('',(1.,0.));
#4305 = ( GEOMETRIC_REPRESENTATION_CONTEXT(2) 
PARAMETRIC_REPRESENTATION_CONTEXT() REPRESENTATION_CONTEXT('2D SPACE',''
  ) );
#4306 = ORIENTED_EDGE('',*,*,#4307,.T.);
#4307 = EDGE_CURVE('',#4275,#4273,#4308,.T.);
#4308 = SURFACE_CURVE('',#4309,(#4314,#4325),.PCURVE_S1.);
#4309 = CIRCLE('',#4310,5.);
#4310 = AXIS2_PLACEMENT_3D('',#4311,#4312,#4313);
#4311 = CARTESIAN_POINT('',(0.,8.,0.));
#4312 = DIRECTION('',(0.,-1.,0.));
#4313 = DIRECTION('',(0.,0.,1.));
#4314 = PCURVE('',#4015,#4315);
#4315 = DEFINITIONAL_REPRESENTATION('',(#4316),#4324);
#4316 = ( BOUNDED_CURVE() B_SPLINE_CURVE(2,(#4317,#4318,#4319,#4320,
#4321,#4322,#4323),.UNSPECIFIED.,.T.,.F.) B_SPLINE_CURVE_WITH_KNOTS((1,2
    ,2,2,2,1),(-2.094395102393,0.,2.094395102393,4.188790204786,
6.28318530718,8.377580409573),.UNSPECIFIED.) CURVE() 
GEOMETRIC_REPRESENTATION_ITEM() RATIONAL_B_SPLINE_CURVE((1.,0.5,1.,0.5,
1.,0.5,1.)) REPRESENTATION_ITEM('') );
#4317 = CARTESIAN_POINT('',(5.,0.));
#4318 = CARTESIAN_POINT('',(5.,-8.660254037844));
#4319 = CARTESIAN_POINT('',(-2.5,-4.330127018922));
#4320 = CARTESIAN_POINT('',(-10.,-1.224646799147E-15));
#4321 = CARTESIAN_POINT('',(-2.5,4.330127018922));
#4322 = CARTESIAN_POINT('',(5.,8.660254037844));
#4323 = CARTESIAN_POINT('',(5.,0.));
#4324 = ( GEOMETRIC_REPRESENTATION_CONTEXT(2) 
PARAMETRIC_REPRESENTATION_CONTEXT() REPRESENTATION_CONTEXT('2D SPACE',''
  ) );
#4325 = PCURVE('',#4326,#4331);
#4326 = CYLINDRICAL_SURFACE('',#4327,5.);
#4327 = AXIS2_PLACEMENT_3D('',#4328,#4329,#4330);
#4328 = CARTESIAN_POINT('',(0.,37.,0.));
#4329 = DIRECTION('',(0.,-1.,0.));
#4330 = DIRECTION('',(0.,0.,1.));
#4331 = DEFINITIONAL_REPRESENTATION('',(#4332),#4336);
#4332 = LINE('',#4333,#4334);
#4333 = CARTESIAN_POINT('',(0.,29.));
#4334 = VECTOR('',#4335,1.);
#4335 = DIRECTION('',(1.,0.));
#4336 = ( GEOMETRIC_REPRESENTATION_CONTEXT(2) 
PARAMETRIC_REPRESENTATION_CONTEXT() REPRESENTATION_CONTEXT('2D SPACE',''
  ) );
#4337 = ADVANCED_FACE('',(#4338),#4077,.F.);
#4338 = FACE_BOUND('',#4339,.F.);
#4339 = EDGE_LOOP('',(#4340,#4341));
#4340 = ORIENTED_EDGE('',*,*,#4135,.T.);
#4341 = ORIENTED_EDGE('',*,*,#4058,.T.);
#4342 = ADVANCED_FACE('',(#4343),#4182,.F.);
#4343 = FACE_BOUND('',#4344,.F.);
#4344 = EDGE_LOOP('',(#4345,#4346));
#4345 = ORIENTED_EDGE('',*,*,#4163,.T.);
#4346 = ORIENTED_EDGE('',*,*,#4241,.T.);
#4347 = ADVANCED_FACE('',(#4348),#4295,.T.);
#4348 = FACE_BOUND('',#4349,.T.);
#4349 = EDGE_LOOP('',(#4350,#4373,#4374,#4397));
#4350 = ORIENTED_EDGE('',*,*,#4351,.F.);
#4351 = EDGE_CURVE('',#4275,#4352,#4354,.T.);
#4352 = VERTEX_POINT('',#4353);
#4353 = CARTESIAN_POINT('',(0.,12.2,5.));
#4354 = SURFACE_CURVE('',#4355,(#4359,#4366),.PCURVE_S1.);
#4355 = LINE('',#4356,#4357);
#4356 = CARTESIAN_POINT('',(0.,0.,5.));
#4357 = VECTOR('',#4358,1.);
#4358 = DIRECTION('',(0.,1.,0.));
#4359 = PCURVE('',#4295,#4360);
#4360 = DEFINITIONAL_REPRESENTATION('',(#4361),#4365);
#4361 = LINE('',#4362,#4363);
#4362 = CARTESIAN_POINT('',(6.28318530718,37.));
#4363 = VECTOR('',#4364,1.);
#4364 = DIRECTION('',(0.,-1.));
#4365 = ( GEOMETRIC_REPRESENTATION_CONTEXT(2) 
PARAMETRIC_REPRESENTATION_CONTEXT() REPRESENTATION_CONTEXT('2D SPACE',''
  ) );
#4366 = PCURVE('',#4326,#4367);
#4367 = DEFINITIONAL_REPRESENTATION('',(#4368),#4372);
#4368 = LINE('',#4369,#4370);
#4369 = CARTESIAN_POINT('',(0.,37.));
#4370 = VECTOR('',#4371,1.);
#4371 = DIRECTION('',(0.,-1.));
#4372 = ( GEOMETRIC_REPRESENTATION_CONTEXT(2) 
PARAMETRIC_REPRESENTATION_CONTEXT() REPRESENTATION_CONTEXT('2D SPACE',''
  ) );
#4373 = ORIENTED_EDGE('',*,*,#4272,.F.);
#4374 = ORIENTED_EDGE('',*,*,#4375,.T.);
#4375 = EDGE_CURVE('',#4273,#4376,#4378,.T.);
#4376 = VERTEX_POINT('',#4377);
#4377 = CARTESIAN_POINT('',(0.,12.2,-5.));
#4378 = SURFACE_CURVE('',#4379,(#4383,#4390),.PCURVE_S1.);
#4379 = LINE('',#4380,#4381);
#4380 = CARTESIAN_POINT('',(0.,0.,-5.));
#4381 = VECTOR('',#4382,1.);
#4382 = DIRECTION('',(0.,1.,0.));
#4383 = PCURVE('',#4295,#4384);
#4384 = DEFINITIONAL_REPRESENTATION('',(#4385),#4389);
#4385 = LINE('',#4386,#4387);
#4386 = CARTESIAN_POINT('',(3.14159265359,37.));
#4387 = VECTOR('',#4388,1.);
#4388 = DIRECTION('',(0.,-1.));
#4389 = ( GEOMETRIC_REPRESENTATION_CONTEXT(2) 
PARAMETRIC_REPRESENTATION_CONTEXT() REPRESENTATION_CONTEXT('2D SPACE',''
  ) );
#4390 = PCURVE('',#4326,#4391);
#4391 = DEFINITIONAL_REPRESENTATION('',(#4392),#4396);
#4392 = LINE('',#4393,#4394);
#4393 = CARTESIAN_POINT('',(3.14159265359,37.));
#4394 = VECTOR('',#4395,1.);
#4395 = DIRECTION('',(0.,-1.));
#4396 = ( GEOMETRIC_REPRESENTATION_CONTEXT(2) 
PARAMETRIC_REPRESENTATION_CONTEXT() REPRESENTATION_CONTEXT('2D SPACE',''
  ) );
#4397 = ORIENTED_EDGE('',*,*,#4398,.T.);
#4398 = EDGE_CURVE('',#4376,#4352,#4399,.T.);
#4399 = SURFACE_CURVE('',#4400,(#4405,#4412),.PCURVE_S1.);
#4400 = CIRCLE('',#4401,5.);
#4401 = AXIS2_PLACEMENT_3D('',#4402,#4403,#4404);
#4402 = CARTESIAN_POINT('',(0.,12.2,0.));
#4403 = DIRECTION('',(0.,-1.,0.));
#4404 = DIRECTION('',(0.,0.,-1.));
#4405 = PCURVE('',#4295,#4406);
#4406 = DEFINITIONAL_REPRESENTATION('',(#4407),#4411);
#4407 = LINE('',#4408,#4409);
#4408 = CARTESIAN_POINT('',(3.14159265359,24.8));
#4409 = VECTOR('',#4410,1.);
#4410 = DIRECTION('',(1.,0.));
#4411 = ( GEOMETRIC_REPRESENTATION_CONTEXT(2) 
PARAMETRIC_REPRESENTATION_CONTEXT() REPRESENTATION_CONTEXT('2D SPACE',''
  ) );
#4412 = PCURVE('',#4413,#4418);
#4413 = PLANE('',#4414);
#4414 = AXIS2_PLACEMENT_3D('',#4415,#4416,#4417);
#4415 = CARTESIAN_POINT('',(0.,12.2,0.));
#4416 = DIRECTION('',(0.,-1.,0.));
#4417 = DIRECTION('',(0.,0.,-1.));
#4418 = DEFINITIONAL_REPRESENTATION('',(#4419),#4423);
#4419 = CIRCLE('',#4420,5.);
#4420 = AXIS2_PLACEMENT_2D('',#4421,#4422);
#4421 = CARTESIAN_POINT('',(0.,0.));
#4422 = DIRECTION('',(1.,0.));
#4423 = ( GEOMETRIC_REPRESENTATION_CONTEXT(2) 
PARAMETRIC_REPRESENTATION_CONTEXT() REPRESENTATION_CONTEXT('2D SPACE',''
  ) );
#4424 = ADVANCED_FACE('',(#4425),#4326,.T.);
#4425 = FACE_BOUND('',#4426,.T.);
#4426 = EDGE_LOOP('',(#4427,#4428,#4429,#4430));
#4427 = ORIENTED_EDGE('',*,*,#4375,.F.);
#4428 = ORIENTED_EDGE('',*,*,#4307,.F.);
#4429 = ORIENTED_EDGE('',*,*,#4351,.T.);
#4430 = ORIENTED_EDGE('',*,*,#4431,.T.);
#4431 = EDGE_CURVE('',#4352,#4376,#4432,.T.);
#4432 = SURFACE_CURVE('',#4433,(#4438,#4445),.PCURVE_S1.);
#4433 = CIRCLE('',#4434,5.);
#4434 = AXIS2_PLACEMENT_3D('',#4435,#4436,#4437);
#4435 = CARTESIAN_POINT('',(0.,12.2,0.));
#4436 = DIRECTION('',(0.,-1.,0.));
#4437 = DIRECTION('',(0.,0.,1.));
#4438 = PCURVE('',#4326,#4439);
#4439 = DEFINITIONAL_REPRESENTATION('',(#4440),#4444);
#4440 = LINE('',#4441,#4442);
#4441 = CARTESIAN_POINT('',(0.,24.8));
#4442 = VECTOR('',#4443,1.);
#4443 = DIRECTION('',(1.,0.));
#4444 = ( GEOMETRIC_REPRESENTATION_CONTEXT(2) 
PARAMETRIC_REPRESENTATION_CONTEXT() REPRESENTATION_CONTEXT('2D SPACE',''
  ) );
#4445 = PCURVE('',#4413,#4446);
#4446 = DEFINITIONAL_REPRESENTATION('',(#4447),#4451);
#4447 = CIRCLE('',#4448,5.);
#4448 = AXIS2_PLACEMENT_2D('',#4449,#4450);
#4449 = CARTESIAN_POINT('',(0.,0.));
#4450 = DIRECTION('',(-1.,0.));
#4451 = ( GEOMETRIC_REPRESENTATION_CONTEXT(2) 
PARAMETRIC_REPRESENTATION_CONTEXT() REPRESENTATION_CONTEXT('2D SPACE',''
  ) );
#4452 = ADVANCED_FACE('',(#4453,#4457),#4413,.F.);
#4453 = FACE_BOUND('',#4454,.F.);
#4454 = EDGE_LOOP('',(#4455,#4456));
#4455 = ORIENTED_EDGE('',*,*,#4398,.T.);
#4456 = ORIENTED_EDGE('',*,*,#4431,.T.);
#4457 = FACE_BOUND('',#4458,.F.);
#4458 = EDGE_LOOP('',(#4459,#4494));
#4459 = ORIENTED_EDGE('',*,*,#4460,.T.);
#4460 = EDGE_CURVE('',#4461,#4463,#4465,.T.);
#4461 = VERTEX_POINT('',#4462);
#4462 = CARTESIAN_POINT('',(0.,12.2,4.65));
#4463 = VERTEX_POINT('',#4464);
#4464 = CARTESIAN_POINT('',(0.,12.2,-4.65));
#4465 = SURFACE_CURVE('',#4466,(#4471,#4482),.PCURVE_S1.);
#4466 = CIRCLE('',#4467,4.65);
#4467 = AXIS2_PLACEMENT_3D('',#4468,#4469,#4470);
#4468 = CARTESIAN_POINT('',(0.,12.2,0.));
#4469 = DIRECTION('',(0.,1.,0.));
#4470 = DIRECTION('',(0.,0.,1.));
#4471 = PCURVE('',#4413,#4472);
#4472 = DEFINITIONAL_REPRESENTATION('',(#4473),#4481);
#4473 = ( BOUNDED_CURVE() B_SPLINE_CURVE(2,(#4474,#4475,#4476,#4477,
#4478,#4479,#4480),.UNSPECIFIED.,.T.,.F.) B_SPLINE_CURVE_WITH_KNOTS((1,2
    ,2,2,2,1),(-2.094395102393,0.,2.094395102393,4.188790204786,
6.28318530718,8.377580409573),.UNSPECIFIED.) CURVE() 
GEOMETRIC_REPRESENTATION_ITEM() RATIONAL_B_SPLINE_CURVE((1.,0.5,1.,0.5,
1.,0.5,1.)) REPRESENTATION_ITEM('') );
#4474 = CARTESIAN_POINT('',(-4.65,0.));
#4475 = CARTESIAN_POINT('',(-4.65,8.054036255195));
#4476 = CARTESIAN_POINT('',(2.325,4.027018127598));
#4477 = CARTESIAN_POINT('',(9.3,1.138921523207E-15));
#4478 = CARTESIAN_POINT('',(2.325,-4.027018127598));
#4479 = CARTESIAN_POINT('',(-4.65,-8.054036255195));
#4480 = CARTESIAN_POINT('',(-4.65,0.));
#4481 = ( GEOMETRIC_REPRESENTATION_CONTEXT(2) 
PARAMETRIC_REPRESENTATION_CONTEXT() REPRESENTATION_CONTEXT('2D SPACE',''
  ) );
#4482 = PCURVE('',#4483,#4488);
#4483 = CYLINDRICAL_SURFACE('',#4484,4.65);
#4484 = AXIS2_PLACEMENT_3D('',#4485,#4486,#4487);
#4485 = CARTESIAN_POINT('',(0.,13.25,0.));
#4486 = DIRECTION('',(0.,-1.,0.));
#4487 = DIRECTION('',(0.,0.,-1.));
#4488 = DEFINITIONAL_REPRESENTATION('',(#4489),#4493);
#4489 = LINE('',#4490,#4491);
#4490 = CARTESIAN_POINT('',(3.14159265359,1.05));
#4491 = VECTOR('',#4492,1.);
#4492 = DIRECTION('',(-1.,0.));
#4493 = ( GEOMETRIC_REPRESENTATION_CONTEXT(2) 
PARAMETRIC_REPRESENTATION_CONTEXT() REPRESENTATION_CONTEXT('2D SPACE',''
  ) );
#4494 = ORIENTED_EDGE('',*,*,#4495,.F.);
#4495 = EDGE_CURVE('',#4461,#4463,#4496,.T.);
#4496 = SURFACE_CURVE('',#4497,(#4502,#4509),.PCURVE_S1.);
#4497 = CIRCLE('',#4498,4.65);
#4498 = AXIS2_PLACEMENT_3D('',#4499,#4500,#4501);
#4499 = CARTESIAN_POINT('',(0.,12.2,0.));
#4500 = DIRECTION('',(0.,-1.,0.));
#4501 = DIRECTION('',(0.,0.,1.));
#4502 = PCURVE('',#4413,#4503);
#4503 = DEFINITIONAL_REPRESENTATION('',(#4504),#4508);
#4504 = CIRCLE('',#4505,4.65);
#4505 = AXIS2_PLACEMENT_2D('',#4506,#4507);
#4506 = CARTESIAN_POINT('',(0.,0.));
#4507 = DIRECTION('',(-1.,0.));
#4508 = ( GEOMETRIC_REPRESENTATION_CONTEXT(2) 
PARAMETRIC_REPRESENTATION_CONTEXT() REPRESENTATION_CONTEXT('2D SPACE',''
  ) );
#4509 = PCURVE('',#4510,#4515);
#4510 = CYLINDRICAL_SURFACE('',#4511,4.65);
#4511 = AXIS2_PLACEMENT_3D('',#4512,#4513,#4514);
#4512 = CARTESIAN_POINT('',(0.,13.25,0.));
#4513 = DIRECTION('',(0.,-1.,0.));
#4514 = DIRECTION('',(0.,0.,-1.));
#4515 = DEFINITIONAL_REPRESENTATION('',(#4516),#4520);
#4516 = LINE('',#4517,#4518);
#4517 = CARTESIAN_POINT('',(3.14159265359,1.05));
#4518 = VECTOR('',#4519,1.);
#4519 = DIRECTION('',(1.,0.));
#4520 = ( GEOMETRIC_REPRESENTATION_CONTEXT(2) 
PARAMETRIC_REPRESENTATION_CONTEXT() REPRESENTATION_CONTEXT('2D SPACE',''
  ) );
#4521 = ADVANCED_FACE('',(#4522),#4483,.T.);
#4522 = FACE_BOUND('',#4523,.T.);
#4523 = EDGE_LOOP('',(#4524,#4525,#4548,#4581));
#4524 = ORIENTED_EDGE('',*,*,#4460,.T.);
#4525 = ORIENTED_EDGE('',*,*,#4526,.F.);
#4526 = EDGE_CURVE('',#4527,#4463,#4529,.T.);
#4527 = VERTEX_POINT('',#4528);
#4528 = CARTESIAN_POINT('',(0.,13.2,-4.65));
#4529 = SURFACE_CURVE('',#4530,(#4534,#4541),.PCURVE_S1.);
#4530 = LINE('',#4531,#4532);
#4531 = CARTESIAN_POINT('',(0.,13.2,-4.65));
#4532 = VECTOR('',#4533,1.);
#4533 = DIRECTION('',(0.,-1.,0.));
#4534 = PCURVE('',#4483,#4535);
#4535 = DEFINITIONAL_REPRESENTATION('',(#4536),#4540);
#4536 = LINE('',#4537,#4538);
#4537 = CARTESIAN_POINT('',(0.,5.E-02));
#4538 = VECTOR('',#4539,1.);
#4539 = DIRECTION('',(0.,1.));
#4540 = ( GEOMETRIC_REPRESENTATION_CONTEXT(2) 
PARAMETRIC_REPRESENTATION_CONTEXT() REPRESENTATION_CONTEXT('2D SPACE',''
  ) );
#4541 = PCURVE('',#4510,#4542);
#4542 = DEFINITIONAL_REPRESENTATION('',(#4543),#4547);
#4543 = LINE('',#4544,#4545);
#4544 = CARTESIAN_POINT('',(6.28318530718,5.E-02));
#4545 = VECTOR('',#4546,1.);
#4546 = DIRECTION('',(0.,1.));
#4547 = ( GEOMETRIC_REPRESENTATION_CONTEXT(2) 
PARAMETRIC_REPRESENTATION_CONTEXT() REPRESENTATION_CONTEXT('2D SPACE',''
  ) );
#4548 = ORIENTED_EDGE('',*,*,#4549,.F.);
#4549 = EDGE_CURVE('',#4550,#4527,#4552,.T.);
#4550 = VERTEX_POINT('',#4551);
#4551 = CARTESIAN_POINT('',(0.,13.2,4.65));
#4552 = SURFACE_CURVE('',#4553,(#4558,#4565),.PCURVE_S1.);
#4553 = CIRCLE('',#4554,4.65);
#4554 = AXIS2_PLACEMENT_3D('',#4555,#4556,#4557);
#4555 = CARTESIAN_POINT('',(0.,13.2,0.));
#4556 = DIRECTION('',(0.,1.,0.));
#4557 = DIRECTION('',(0.,0.,1.));
#4558 = PCURVE('',#4483,#4559);
#4559 = DEFINITIONAL_REPRESENTATION('',(#4560),#4564);
#4560 = LINE('',#4561,#4562);
#4561 = CARTESIAN_POINT('',(3.14159265359,5.E-02));
#4562 = VECTOR('',#4563,1.);
#4563 = DIRECTION('',(-1.,0.));
#4564 = ( GEOMETRIC_REPRESENTATION_CONTEXT(2) 
PARAMETRIC_REPRESENTATION_CONTEXT() REPRESENTATION_CONTEXT('2D SPACE',''
  ) );
#4565 = PCURVE('',#4566,#4571);
#4566 = PLANE('',#4567);
#4567 = AXIS2_PLACEMENT_3D('',#4568,#4569,#4570);
#4568 = CARTESIAN_POINT('',(0.,13.2,0.));
#4569 = DIRECTION('',(0.,-1.,0.));
#4570 = DIRECTION('',(0.,0.,-1.));
#4571 = DEFINITIONAL_REPRESENTATION('',(#4572),#4580);
#4572 = ( BOUNDED_CURVE() B_SPLINE_CURVE(2,(#4573,#4574,#4575,#4576,
#4577,#4578,#4579),.UNSPECIFIED.,.T.,.F.) B_SPLINE_CURVE_WITH_KNOTS((1,2
    ,2,2,2,1),(-2.094395102393,0.,2.094395102393,4.188790204786,
6.28318530718,8.377580409573),.UNSPECIFIED.) CURVE() 
GEOMETRIC_REPRESENTATION_ITEM() RATIONAL_B_SPLINE_CURVE((1.,0.5,1.,0.5,
1.,0.5,1.)) REPRESENTATION_ITEM('') );
#4573 = CARTESIAN_POINT('',(-4.65,0.));
#4574 = CARTESIAN_POINT('',(-4.65,8.054036255195));
#4575 = CARTESIAN_POINT('',(2.325,4.027018127598));
#4576 = CARTESIAN_POINT('',(9.3,1.138921523207E-15));
#4577 = CARTESIAN_POINT('',(2.325,-4.027018127598));
#4578 = CARTESIAN_POINT('',(-4.65,-8.054036255195));
#4579 = CARTESIAN_POINT('',(-4.65,0.));
#4580 = ( GEOMETRIC_REPRESENTATION_CONTEXT(2) 
PARAMETRIC_REPRESENTATION_CONTEXT() REPRESENTATION_CONTEXT('2D SPACE',''
  ) );
#4581 = ORIENTED_EDGE('',*,*,#4582,.T.);
#4582 = EDGE_CURVE('',#4550,#4461,#4583,.T.);
#4583 = SURFACE_CURVE('',#4584,(#4588,#4595),.PCURVE_S1.);
#4584 = LINE('',#4585,#4586);
#4585 = CARTESIAN_POINT('',(0.,13.2,4.65));
#4586 = VECTOR('',#4587,1.);
#4587 = DIRECTION('',(0.,-1.,0.));
#4588 = PCURVE('',#4483,#4589);
#4589 = DEFINITIONAL_REPRESENTATION('',(#4590),#4594);
#4590 = LINE('',#4591,#4592);
#4591 = CARTESIAN_POINT('',(3.14159265359,5.E-02));
#4592 = VECTOR('',#4593,1.);
#4593 = DIRECTION('',(0.,1.));
#4594 = ( GEOMETRIC_REPRESENTATION_CONTEXT(2) 
PARAMETRIC_REPRESENTATION_CONTEXT() REPRESENTATION_CONTEXT('2D SPACE',''
  ) );
#4595 = PCURVE('',#4510,#4596);
#4596 = DEFINITIONAL_REPRESENTATION('',(#4597),#4601);
#4597 = LINE('',#4598,#4599);
#4598 = CARTESIAN_POINT('',(3.14159265359,5.E-02));
#4599 = VECTOR('',#4600,1.);
#4600 = DIRECTION('',(0.,1.));
#4601 = ( GEOMETRIC_REPRESENTATION_CONTEXT(2) 
PARAMETRIC_REPRESENTATION_CONTEXT() REPRESENTATION_CONTEXT('2D SPACE',''
  ) );
#4602 = ADVANCED_FACE('',(#4603),#4510,.T.);
#4603 = FACE_BOUND('',#4604,.T.);
#4604 = EDGE_LOOP('',(#4605,#4627,#4628,#4629));
#4605 = ORIENTED_EDGE('',*,*,#4606,.T.);
#4606 = EDGE_CURVE('',#4550,#4527,#4607,.T.);
#4607 = SURFACE_CURVE('',#4608,(#4613,#4620),.PCURVE_S1.);
#4608 = CIRCLE('',#4609,4.65);
#4609 = AXIS2_PLACEMENT_3D('',#4610,#4611,#4612);
#4610 = CARTESIAN_POINT('',(0.,13.2,0.));
#4611 = DIRECTION('',(0.,-1.,0.));
#4612 = DIRECTION('',(0.,0.,1.));
#4613 = PCURVE('',#4510,#4614);
#4614 = DEFINITIONAL_REPRESENTATION('',(#4615),#4619);
#4615 = LINE('',#4616,#4617);
#4616 = CARTESIAN_POINT('',(3.14159265359,5.E-02));
#4617 = VECTOR('',#4618,1.);
#4618 = DIRECTION('',(1.,0.));
#4619 = ( GEOMETRIC_REPRESENTATION_CONTEXT(2) 
PARAMETRIC_REPRESENTATION_CONTEXT() REPRESENTATION_CONTEXT('2D SPACE',''
  ) );
#4620 = PCURVE('',#4566,#4621);
#4621 = DEFINITIONAL_REPRESENTATION('',(#4622),#4626);
#4622 = CIRCLE('',#4623,4.65);
#4623 = AXIS2_PLACEMENT_2D('',#4624,#4625);
#4624 = CARTESIAN_POINT('',(0.,0.));
#4625 = DIRECTION('',(-1.,0.));
#4626 = ( GEOMETRIC_REPRESENTATION_CONTEXT(2) 
PARAMETRIC_REPRESENTATION_CONTEXT() REPRESENTATION_CONTEXT('2D SPACE',''
  ) );
#4627 = ORIENTED_EDGE('',*,*,#4526,.T.);
#4628 = ORIENTED_EDGE('',*,*,#4495,.F.);
#4629 = ORIENTED_EDGE('',*,*,#4582,.F.);
#4630 = ADVANCED_FACE('',(#4631,#4691),#4566,.T.);
#4631 = FACE_BOUND('',#4632,.F.);
#4632 = EDGE_LOOP('',(#4633,#4664));
#4633 = ORIENTED_EDGE('',*,*,#4634,.F.);
#4634 = EDGE_CURVE('',#4635,#4637,#4639,.T.);
#4635 = VERTEX_POINT('',#4636);
#4636 = CARTESIAN_POINT('',(0.,13.2,-5.));
#4637 = VERTEX_POINT('',#4638);
#4638 = CARTESIAN_POINT('',(0.,13.2,5.));
#4639 = SURFACE_CURVE('',#4640,(#4645,#4652),.PCURVE_S1.);
#4640 = CIRCLE('',#4641,5.);
#4641 = AXIS2_PLACEMENT_3D('',#4642,#4643,#4644);
#4642 = CARTESIAN_POINT('',(0.,13.2,0.));
#4643 = DIRECTION('',(0.,-1.,0.));
#4644 = DIRECTION('',(0.,0.,-1.));
#4645 = PCURVE('',#4566,#4646);
#4646 = DEFINITIONAL_REPRESENTATION('',(#4647),#4651);
#4647 = CIRCLE('',#4648,5.);
#4648 = AXIS2_PLACEMENT_2D('',#4649,#4650);
#4649 = CARTESIAN_POINT('',(0.,0.));
#4650 = DIRECTION('',(1.,0.));
#4651 = ( GEOMETRIC_REPRESENTATION_CONTEXT(2) 
PARAMETRIC_REPRESENTATION_CONTEXT() REPRESENTATION_CONTEXT('2D SPACE',''
  ) );
#4652 = PCURVE('',#4653,#4658);
#4653 = CYLINDRICAL_SURFACE('',#4654,5.);
#4654 = AXIS2_PLACEMENT_3D('',#4655,#4656,#4657);
#4655 = CARTESIAN_POINT('',(0.,37.,0.));
#4656 = DIRECTION('',(0.,-1.,0.));
#4657 = DIRECTION('',(0.,0.,1.));
#4658 = DEFINITIONAL_REPRESENTATION('',(#4659),#4663);
#4659 = LINE('',#4660,#4661);
#4660 = CARTESIAN_POINT('',(3.14159265359,23.8));
#4661 = VECTOR('',#4662,1.);
#4662 = DIRECTION('',(1.,0.));
#4663 = ( GEOMETRIC_REPRESENTATION_CONTEXT(2) 
PARAMETRIC_REPRESENTATION_CONTEXT() REPRESENTATION_CONTEXT('2D SPACE',''
  ) );
#4664 = ORIENTED_EDGE('',*,*,#4665,.F.);
#4665 = EDGE_CURVE('',#4637,#4635,#4666,.T.);
#4666 = SURFACE_CURVE('',#4667,(#4672,#4679),.PCURVE_S1.);
#4667 = CIRCLE('',#4668,5.);
#4668 = AXIS2_PLACEMENT_3D('',#4669,#4670,#4671);
#4669 = CARTESIAN_POINT('',(0.,13.2,0.));
#4670 = DIRECTION('',(0.,-1.,0.));
#4671 = DIRECTION('',(0.,0.,1.));
#4672 = PCURVE('',#4566,#4673);
#4673 = DEFINITIONAL_REPRESENTATION('',(#4674),#4678);
#4674 = CIRCLE('',#4675,5.);
#4675 = AXIS2_PLACEMENT_2D('',#4676,#4677);
#4676 = CARTESIAN_POINT('',(0.,0.));
#4677 = DIRECTION('',(-1.,0.));
#4678 = ( GEOMETRIC_REPRESENTATION_CONTEXT(2) 
PARAMETRIC_REPRESENTATION_CONTEXT() REPRESENTATION_CONTEXT('2D SPACE',''
  ) );
#4679 = PCURVE('',#4680,#4685);
#4680 = CYLINDRICAL_SURFACE('',#4681,5.);
#4681 = AXIS2_PLACEMENT_3D('',#4682,#4683,#4684);
#4682 = CARTESIAN_POINT('',(0.,37.,0.));
#4683 = DIRECTION('',(0.,-1.,0.));
#4684 = DIRECTION('',(0.,0.,1.));
#4685 = DEFINITIONAL_REPRESENTATION('',(#4686),#4690);
#4686 = LINE('',#4687,#4688);
#4687 = CARTESIAN_POINT('',(0.,23.8));
#4688 = VECTOR('',#4689,1.);
#4689 = DIRECTION('',(1.,0.));
#4690 = ( GEOMETRIC_REPRESENTATION_CONTEXT(2) 
PARAMETRIC_REPRESENTATION_CONTEXT() REPRESENTATION_CONTEXT('2D SPACE',''
  ) );
#4691 = FACE_BOUND('',#4692,.F.);
#4692 = EDGE_LOOP('',(#4693,#4694));
#4693 = ORIENTED_EDGE('',*,*,#4606,.T.);
#4694 = ORIENTED_EDGE('',*,*,#4549,.F.);
#4695 = ADVANCED_FACE('',(#4696,#4772),#4653,.T.);
#4696 = FACE_BOUND('',#4697,.T.);
#4697 = EDGE_LOOP('',(#4698,#4721,#4750,#4771));
#4698 = ORIENTED_EDGE('',*,*,#4699,.T.);
#4699 = EDGE_CURVE('',#4635,#4700,#4702,.T.);
#4700 = VERTEX_POINT('',#4701);
#4701 = CARTESIAN_POINT('',(0.,34.5,-5.));
#4702 = SURFACE_CURVE('',#4703,(#4707,#4714),.PCURVE_S1.);
#4703 = LINE('',#4704,#4705);
#4704 = CARTESIAN_POINT('',(0.,13.2,-5.));
#4705 = VECTOR('',#4706,1.);
#4706 = DIRECTION('',(4.794148733696E-11,1.,2.595920348722E-11));
#4707 = PCURVE('',#4653,#4708);
#4708 = DEFINITIONAL_REPRESENTATION('',(#4709),#4713);
#4709 = LINE('',#4710,#4711);
#4710 = CARTESIAN_POINT('',(3.14159265359,23.8));
#4711 = VECTOR('',#4712,1.);
#4712 = DIRECTION('',(9.588282176578E-12,-1.));
#4713 = ( GEOMETRIC_REPRESENTATION_CONTEXT(2) 
PARAMETRIC_REPRESENTATION_CONTEXT() REPRESENTATION_CONTEXT('2D SPACE',''
  ) );
#4714 = PCURVE('',#4680,#4715);
#4715 = DEFINITIONAL_REPRESENTATION('',(#4716),#4720);
#4716 = LINE('',#4717,#4718);
#4717 = CARTESIAN_POINT('',(3.14159265359,23.8));
#4718 = VECTOR('',#4719,1.);
#4719 = DIRECTION('',(9.588282176578E-12,-1.));
#4720 = ( GEOMETRIC_REPRESENTATION_CONTEXT(2) 
PARAMETRIC_REPRESENTATION_CONTEXT() REPRESENTATION_CONTEXT('2D SPACE',''
  ) );
#4721 = ORIENTED_EDGE('',*,*,#4722,.F.);
#4722 = EDGE_CURVE('',#4723,#4700,#4725,.T.);
#4723 = VERTEX_POINT('',#4724);
#4724 = CARTESIAN_POINT('',(0.,34.5,5.));
#4725 = SURFACE_CURVE('',#4726,(#4731,#4738),.PCURVE_S1.);
#4726 = CIRCLE('',#4727,5.);
#4727 = AXIS2_PLACEMENT_3D('',#4728,#4729,#4730);
#4728 = CARTESIAN_POINT('',(0.,34.5,0.));
#4729 = DIRECTION('',(0.,1.,0.));
#4730 = DIRECTION('',(0.,0.,1.));
#4731 = PCURVE('',#4653,#4732);
#4732 = DEFINITIONAL_REPRESENTATION('',(#4733),#4737);
#4733 = LINE('',#4734,#4735);
#4734 = CARTESIAN_POINT('',(6.28318530718,2.5));
#4735 = VECTOR('',#4736,1.);
#4736 = DIRECTION('',(-1.,0.));
#4737 = ( GEOMETRIC_REPRESENTATION_CONTEXT(2) 
PARAMETRIC_REPRESENTATION_CONTEXT() REPRESENTATION_CONTEXT('2D SPACE',''
  ) );
#4738 = PCURVE('',#4739,#4744);
#4739 = CONICAL_SURFACE('',#4740,4.749999999441,0.785398163397);
#4740 = AXIS2_PLACEMENT_3D('',#4741,#4742,#4743);
#4741 = CARTESIAN_POINT('',(0.,34.75000000056,0.));
#4742 = DIRECTION('',(0.,-1.,0.));
#4743 = DIRECTION('',(0.,0.,-1.));
#4744 = DEFINITIONAL_REPRESENTATION('',(#4745),#4749);
#4745 = LINE('',#4746,#4747);
#4746 = CARTESIAN_POINT('',(3.14159265359,0.25000000056));
#4747 = VECTOR('',#4748,1.);
#4748 = DIRECTION('',(-1.,0.));
#4749 = ( GEOMETRIC_REPRESENTATION_CONTEXT(2) 
PARAMETRIC_REPRESENTATION_CONTEXT() REPRESENTATION_CONTEXT('2D SPACE',''
  ) );
#4750 = ORIENTED_EDGE('',*,*,#4751,.F.);
#4751 = EDGE_CURVE('',#4637,#4723,#4752,.T.);
#4752 = SURFACE_CURVE('',#4753,(#4757,#4764),.PCURVE_S1.);
#4753 = LINE('',#4754,#4755);
#4754 = CARTESIAN_POINT('',(0.,13.2,5.));
#4755 = VECTOR('',#4756,1.);
#4756 = DIRECTION('',(-4.794149457562E-11,1.,-2.595937028129E-11));
#4757 = PCURVE('',#4653,#4758);
#4758 = DEFINITIONAL_REPRESENTATION('',(#4759),#4763);
#4759 = LINE('',#4760,#4761);
#4760 = CARTESIAN_POINT('',(6.28318530718,23.8));
#4761 = VECTOR('',#4762,1.);
#4762 = DIRECTION('',(0.,-1.));
#4763 = ( GEOMETRIC_REPRESENTATION_CONTEXT(2) 
PARAMETRIC_REPRESENTATION_CONTEXT() REPRESENTATION_CONTEXT('2D SPACE',''
  ) );
#4764 = PCURVE('',#4680,#4765);
#4765 = DEFINITIONAL_REPRESENTATION('',(#4766),#4770);
#4766 = LINE('',#4767,#4768);
#4767 = CARTESIAN_POINT('',(0.,23.8));
#4768 = VECTOR('',#4769,1.);
#4769 = DIRECTION('',(0.,-1.));
#4770 = ( GEOMETRIC_REPRESENTATION_CONTEXT(2) 
PARAMETRIC_REPRESENTATION_CONTEXT() REPRESENTATION_CONTEXT('2D SPACE',''
  ) );
#4771 = ORIENTED_EDGE('',*,*,#4634,.F.);
#4772 = FACE_BOUND('',#4773,.T.);
#4773 = EDGE_LOOP('',(#4774,#4804,#4977,#5005));
#4774 = ORIENTED_EDGE('',*,*,#4775,.T.);
#4775 = EDGE_CURVE('',#4776,#4778,#4780,.T.);
#4776 = VERTEX_POINT('',#4777);
#4777 = CARTESIAN_POINT('',(4.769696007085,31.,-1.5));
#4778 = VERTEX_POINT('',#4779);
#4779 = CARTESIAN_POINT('',(4.769696007085,18.,-1.5));
#4780 = SURFACE_CURVE('',#4781,(#4785,#4792),.PCURVE_S1.);
#4781 = LINE('',#4782,#4783);
#4782 = CARTESIAN_POINT('',(4.769696007085,31.,-1.5));
#4783 = VECTOR('',#4784,1.);
#4784 = DIRECTION('',(0.,-1.,0.));
#4785 = PCURVE('',#4653,#4786);
#4786 = DEFINITIONAL_REPRESENTATION('',(#4787),#4791);
#4787 = LINE('',#4788,#4789);
#4788 = CARTESIAN_POINT('',(4.407696326369,6.));
#4789 = VECTOR('',#4790,1.);
#4790 = DIRECTION('',(0.,1.));
#4791 = ( GEOMETRIC_REPRESENTATION_CONTEXT(2) 
PARAMETRIC_REPRESENTATION_CONTEXT() REPRESENTATION_CONTEXT('2D SPACE',''
  ) );
#4792 = PCURVE('',#4793,#4798);
#4793 = PLANE('',#4794);
#4794 = AXIS2_PLACEMENT_3D('',#4795,#4796,#4797);
#4795 = CARTESIAN_POINT('',(5.,18.,-1.5));
#4796 = DIRECTION('',(0.,0.,-1.));
#4797 = DIRECTION('',(0.,1.,0.));
#4798 = DEFINITIONAL_REPRESENTATION('',(#4799),#4803);
#4799 = LINE('',#4800,#4801);
#4800 = CARTESIAN_POINT('',(13.,-0.230303992915));
#4801 = VECTOR('',#4802,1.);
#4802 = DIRECTION('',(-1.,0.));
#4803 = ( GEOMETRIC_REPRESENTATION_CONTEXT(2) 
PARAMETRIC_REPRESENTATION_CONTEXT() REPRESENTATION_CONTEXT('2D SPACE',''
  ) );
#4804 = ORIENTED_EDGE('',*,*,#4805,.F.);
#4805 = EDGE_CURVE('',#4806,#4778,#4808,.T.);
#4806 = VERTEX_POINT('',#4807);
#4807 = CARTESIAN_POINT('',(4.769696007085,18.,1.5));
#4808 = SURFACE_CURVE('',#4809,(#4826,#4899),.PCURVE_S1.);
#4809 = B_SPLINE_CURVE_WITH_KNOTS('',3,(#4810,#4811,#4812,#4813,#4814,
    #4815,#4816,#4817,#4818,#4819,#4820,#4821,#4822,#4823,#4824,#4825),
  .UNSPECIFIED.,.F.,.F.,(4,1,1,1,1,1,1,1,1,1,1,1,1,4),(0.,
    7.692307692308E-02,0.153846153846,0.230769230769,0.307692307692,
    0.384615384615,0.461538461538,0.538461538462,0.615384615385,
    0.692307692308,0.769230769231,0.846153846154,0.923076923077,1.),
  .UNSPECIFIED.);
#4810 = CARTESIAN_POINT('',(4.769696007085,18.,1.5));
#4811 = CARTESIAN_POINT('',(4.769696007085,17.87965834902,1.5));
#4812 = CARTESIAN_POINT('',(4.778662421693,17.64511724422,1.471923418027
    ));
#4813 = CARTESIAN_POINT('',(4.816708593375,17.30288710658,1.34508507253)
  );
#4814 = CARTESIAN_POINT('',(4.871522189538,16.99677105812,1.135602905455
    ));
#4815 = CARTESIAN_POINT('',(4.929402734864,16.75003521372,0.856276589882
    ));
#4816 = CARTESIAN_POINT('',(4.975787726363,16.5811917536,0.530013160806)
  );
#4817 = CARTESIAN_POINT('',(5.001045718779,16.49645820305,0.179039094199
    ));
#4818 = CARTESIAN_POINT('',(5.001044743259,16.4964615109,-0.179061811764
    ));
#4819 = CARTESIAN_POINT('',(4.975785952293,16.58119760017,
    -0.530031631733));
#4820 = CARTESIAN_POINT('',(4.929397181821,16.75005674499,-0.85630880707
    ));
#4821 = CARTESIAN_POINT('',(4.87151747878,16.99679340103,-1.135622223908
    ));
#4822 = CARTESIAN_POINT('',(4.81670384072,17.30291917219,-1.34510193115)
  );
#4823 = CARTESIAN_POINT('',(4.778660896442,17.64514270574,-1.47192806031
    ));
#4824 = CARTESIAN_POINT('',(4.769696007085,17.87966863918,-1.5));
#4825 = CARTESIAN_POINT('',(4.769696007085,18.,-1.5));
#4826 = PCURVE('',#4653,#4827);
#4827 = DEFINITIONAL_REPRESENTATION('',(#4828),#4898);
#4828 = B_SPLINE_CURVE_WITH_KNOTS('',3,(#4829,#4830,#4831,#4832,#4833,
    #4834,#4835,#4836,#4837,#4838,#4839,#4840,#4841,#4842,#4843,#4844,
    #4845,#4846,#4847,#4848,#4849,#4850,#4851,#4852,#4853,#4854,#4855,
    #4856,#4857,#4858,#4859,#4860,#4861,#4862,#4863,#4864,#4865,#4866,
    #4867,#4868,#4869,#4870,#4871,#4872,#4873,#4874,#4875,#4876,#4877,
    #4878,#4879,#4880,#4881,#4882,#4883,#4884,#4885,#4886,#4887,#4888,
    #4889,#4890,#4891,#4892,#4893,#4894,#4895,#4896,#4897),
  .UNSPECIFIED.,.F.,.F.,(4,1,1,1,1,1,1,1,1,1,1,1,1,1,1,1,1,1,1,1,1,1,1,1
    ,1,1,1,1,1,1,1,1,1,1,1,1,1,1,1,1,1,1,1,1,1,1,1,1,1,1,1,1,1,1,1,1,1,1
    ,1,1,1,1,1,1,1,1,4),(0.,1.515151515152E-02,3.030303030303E-02,
    4.545454545455E-02,6.060606060606E-02,7.575757575758E-02,
    9.090909090909E-02,0.106060606061,0.121212121212,0.136363636364,
    0.151515151515,0.166666666667,0.181818181818,0.19696969697,
    0.212121212121,0.227272727273,0.242424242424,0.257575757576,
    0.272727272727,0.287878787879,0.30303030303,0.318181818182,
    0.333333333333,0.348484848485,0.363636363636,0.378787878788,
    0.393939393939,0.409090909091,0.424242424242,0.439393939394,
    0.454545454545,0.469696969697,0.484848484848,0.5,0.515151515152,
    0.530303030303,0.545454545455,0.560606060606,0.575757575758,
    0.590909090909,0.606060606061,0.621212121212,0.636363636364,
    0.651515151515,0.666666666667,0.681818181818,0.69696969697,
    0.712121212121,0.727272727273,0.742424242424,0.757575757576,
    0.772727272727,0.787878787879,0.80303030303,0.818181818182,
    0.833333333333,0.848484848485,0.863636363636,0.878787878788,
    0.893939393939,0.909090909091,0.924242424242,0.939393939394,
    0.954545454545,0.969696969697,0.984848484848,1.),
  .QUASI_UNIFORM_KNOTS.);
#4829 = CARTESIAN_POINT('',(5.0170816344,19.));
#4830 = CARTESIAN_POINT('',(5.017081633655,19.023703658526));
#4831 = CARTESIAN_POINT('',(5.016852939447,19.070872668036));
#4832 = CARTESIAN_POINT('',(5.015824148055,19.140978927423));
#4833 = CARTESIAN_POINT('',(5.014109947341,19.210505299363));
#4834 = CARTESIAN_POINT('',(5.011710633672,19.279520202419));
#4835 = CARTESIAN_POINT('',(5.008626574069,19.348088150948));
#4836 = CARTESIAN_POINT('',(5.004857800533,19.41628822499));
#4837 = CARTESIAN_POINT('',(5.000410449726,19.483932508101));
#4838 = CARTESIAN_POINT('',(4.995291015365,19.550814331288));
#4839 = CARTESIAN_POINT('',(4.989505642324,19.616731863242));
#4840 = CARTESIAN_POINT('',(4.983060837568,19.681482551413));
#4841 = CARTESIAN_POINT('',(4.975961306813,19.744861890534));
#4842 = CARTESIAN_POINT('',(4.968228918446,19.806689029916));
#4843 = CARTESIAN_POINT('',(4.959888101406,19.866787028068));
#4844 = CARTESIAN_POINT('',(4.950962174755,19.924977634426));
#4845 = CARTESIAN_POINT('',(4.941474864291,19.981084016409));
#4846 = CARTESIAN_POINT('',(4.931447722906,20.034924978582));
#4847 = CARTESIAN_POINT('',(4.920915804153,20.086351894596));
#4848 = CARTESIAN_POINT('',(4.909917655773,20.135225271306));
#4849 = CARTESIAN_POINT('',(4.898490591887,20.181402457855));
#4850 = CARTESIAN_POINT('',(4.886671761418,20.224744747497));
#4851 = CARTESIAN_POINT('',(4.874498136336,20.265100814752));
#4852 = CARTESIAN_POINT('',(4.862004422648,20.302397040366));
#4853 = CARTESIAN_POINT('',(4.84922435734,20.336592254894));
#4854 = CARTESIAN_POINT('',(4.836191745161,20.367636938236));
#4855 = CARTESIAN_POINT('',(4.822939792993,20.395485260032));
#4856 = CARTESIAN_POINT('',(4.809502474189,20.420084981613));
#4857 = CARTESIAN_POINT('',(4.795907537594,20.441415764041));
#4858 = CARTESIAN_POINT('',(4.78217913694,20.459476339979));
#4859 = CARTESIAN_POINT('',(4.768342235368,20.474260940721));
#4860 = CARTESIAN_POINT('',(4.754421267686,20.485765162151));
#4861 = CARTESIAN_POINT('',(4.740441254771,20.493983643159));
#4862 = CARTESIAN_POINT('',(4.726423564181,20.498914238876));
#4863 = CARTESIAN_POINT('',(4.712386723622,20.500557444287));
#4864 = CARTESIAN_POINT('',(4.698349899246,20.49891313715));
#4865 = CARTESIAN_POINT('',(4.684332256163,20.493981498381));
#4866 = CARTESIAN_POINT('',(4.670352325664,20.485762113496));
#4867 = CARTESIAN_POINT('',(4.656431460021,20.474257101479));
#4868 = CARTESIAN_POINT('',(4.642594642518,20.459471672117));
#4869 = CARTESIAN_POINT('',(4.628866273882,20.441410101289));
#4870 = CARTESIAN_POINT('',(4.615271284706,20.420078032278));
#4871 = CARTESIAN_POINT('',(4.601833785562,20.395476572655));
#4872 = CARTESIAN_POINT('',(4.588581528381,20.367626055833));
#4873 = CARTESIAN_POINT('',(4.575548566672,20.336578971392));
#4874 = CARTESIAN_POINT('',(4.562768174283,20.302381355709));
#4875 = CARTESIAN_POINT('',(4.550274223929,20.265082938607));
#4876 = CARTESIAN_POINT('',(4.538100530184,20.224725129324));
#4877 = CARTESIAN_POINT('',(4.5262818332,20.181381651393));
#4878 = CARTESIAN_POINT('',(4.514855034449,20.135203607423));
#4879 = CARTESIAN_POINT('',(4.50385722876,20.086329532193));
#4880 = CARTESIAN_POINT('',(4.493325673213,20.034901896768));
#4881 = CARTESIAN_POINT('',(4.483298854336,19.981059994907));
#4882 = CARTESIAN_POINT('',(4.47381178607,19.924952344366));
#4883 = CARTESIAN_POINT('',(4.464886061356,19.866760368422));
#4884 = CARTESIAN_POINT('',(4.456545435619,19.806661083555));
#4885 = CARTESIAN_POINT('',(4.448813259721,19.744832934076));
#4886 = CARTESIAN_POINT('',(4.441713995764,19.681453059764));
#4887 = CARTESIAN_POINT('',(4.435269537004,19.616702480885));
#4888 = CARTESIAN_POINT('',(4.429484561291,19.550785687105));
#4889 = CARTESIAN_POINT('',(4.424365552865,19.48390523347));
#4890 = CARTESIAN_POINT('',(4.419918632553,19.416262948941));
#4891 = CARTESIAN_POINT('',(4.416150270227,19.348065501431));
#4892 = CARTESIAN_POINT('',(4.413066579273,19.279500806085));
#4893 = CARTESIAN_POINT('',(4.410667577827,19.21048978353));
#4894 = CARTESIAN_POINT('',(4.408953618509,19.140967919944));
#4895 = CARTESIAN_POINT('',(4.40792498341,19.070866797338));
#4896 = CARTESIAN_POINT('',(4.407696327114,19.023701631677));
#4897 = CARTESIAN_POINT('',(4.407696326369,19.));
#4898 = ( GEOMETRIC_REPRESENTATION_CONTEXT(2) 
PARAMETRIC_REPRESENTATION_CONTEXT() REPRESENTATION_CONTEXT('2D SPACE',''
  ) );
#4899 = PCURVE('',#4900,#4905);
#4900 = CYLINDRICAL_SURFACE('',#4901,1.5);
#4901 = AXIS2_PLACEMENT_3D('',#4902,#4903,#4904);
#4902 = CARTESIAN_POINT('',(5.,18.,0.));
#4903 = DIRECTION('',(1.,0.,0.));
#4904 = DIRECTION('',(0.,-1.,0.));
#4905 = DEFINITIONAL_REPRESENTATION('',(#4906),#4976);
#4906 = B_SPLINE_CURVE_WITH_KNOTS('',3,(#4907,#4908,#4909,#4910,#4911,
    #4912,#4913,#4914,#4915,#4916,#4917,#4918,#4919,#4920,#4921,#4922,
    #4923,#4924,#4925,#4926,#4927,#4928,#4929,#4930,#4931,#4932,#4933,
    #4934,#4935,#4936,#4937,#4938,#4939,#4940,#4941,#4942,#4943,#4944,
    #4945,#4946,#4947,#4948,#4949,#4950,#4951,#4952,#4953,#4954,#4955,
    #4956,#4957,#4958,#4959,#4960,#4961,#4962,#4963,#4964,#4965,#4966,
    #4967,#4968,#4969,#4970,#4971,#4972,#4973,#4974,#4975),
  .UNSPECIFIED.,.F.,.F.,(4,1,1,1,1,1,1,1,1,1,1,1,1,1,1,1,1,1,1,1,1,1,1,1
    ,1,1,1,1,1,1,1,1,1,1,1,1,1,1,1,1,1,1,1,1,1,1,1,1,1,1,1,1,1,1,1,1,1,1
    ,1,1,1,1,1,1,1,1,4),(0.,1.515151515152E-02,3.030303030303E-02,
    4.545454545455E-02,6.060606060606E-02,7.575757575758E-02,
    9.090909090909E-02,0.106060606061,0.121212121212,0.136363636364,
    0.151515151515,0.166666666667,0.181818181818,0.19696969697,
    0.212121212121,0.227272727273,0.242424242424,0.257575757576,
    0.272727272727,0.287878787879,0.30303030303,0.318181818182,
    0.333333333333,0.348484848485,0.363636363636,0.378787878788,
    0.393939393939,0.409090909091,0.424242424242,0.439393939394,
    0.454545454545,0.469696969697,0.484848484848,0.5,0.515151515152,
    0.530303030303,0.545454545455,0.560606060606,0.575757575758,
    0.590909090909,0.606060606061,0.621212121212,0.636363636364,
    0.651515151515,0.666666666667,0.681818181818,0.69696969697,
    0.712121212121,0.727272727273,0.742424242424,0.757575757576,
    0.772727272727,0.787878787879,0.80303030303,0.818181818182,
    0.833333333333,0.848484848485,0.863636363636,0.878787878788,
    0.893939393939,0.909090909091,0.924242424242,0.939393939394,
    0.954545454545,0.969696969697,0.984848484848,1.),
  .QUASI_UNIFORM_KNOTS.);
#4907 = CARTESIAN_POINT('',(4.712388980385,-0.230303992915));
#4908 = CARTESIAN_POINT('',(4.72819174917,-0.230303992915));
#4909 = CARTESIAN_POINT('',(4.759637093996,-0.229956123675));
#4910 = CARTESIAN_POINT('',(4.806473985821,-0.228408297233));
#4911 = CARTESIAN_POINT('',(4.85312802881,-0.225852080128));
#4912 = CARTESIAN_POINT('',(4.899751616377,-0.222304940534));
#4913 = CARTESIAN_POINT('',(4.946493975924,-0.217784954833));
#4914 = CARTESIAN_POINT('',(4.993511034784,-0.212307930316));
#4915 = CARTESIAN_POINT('',(5.040780316342,-0.205931359141));
#4916 = CARTESIAN_POINT('',(5.088269003871,-0.19871574993));
#4917 = CARTESIAN_POINT('',(5.135950985825,-0.190720530613));
#4918 = CARTESIAN_POINT('',(5.183803765684,-0.182006454636));
#4919 = CARTESIAN_POINT('',(5.231813072544,-0.17263005408));
#4920 = CARTESIAN_POINT('',(5.279958753549,-0.162690603144));
#4921 = CARTESIAN_POINT('',(5.328216990482,-0.152294219076));
#4922 = CARTESIAN_POINT('',(5.376564827513,-0.141545176793));
#4923 = CARTESIAN_POINT('',(5.424980189062,-0.13054844087));
#4924 = CARTESIAN_POINT('',(5.47344672034,-0.119408059579));
#4925 = CARTESIAN_POINT('',(5.521935539352,-0.108234055151));
#4926 = CARTESIAN_POINT('',(5.57040945133,-9.713795819666E-02));
#4927 = CARTESIAN_POINT('',(5.618829890406,-8.623124947091E-02));
#4928 = CARTESIAN_POINT('',(5.667159037826,-7.562418172711E-02));
#4929 = CARTESIAN_POINT('',(5.715356200745,-6.543196957999E-02));
#4930 = CARTESIAN_POINT('',(5.763413899274,-5.573870457952E-02));
#4931 = CARTESIAN_POINT('',(5.811333101538,-4.661539139025E-02));
#4932 = CARTESIAN_POINT('',(5.859107690202,-3.813662961237E-02));
#4933 = CARTESIAN_POINT('',(5.906731091579,-3.037462827731E-02));
#4934 = CARTESIAN_POINT('',(5.954190912681,-2.340756375587E-02));
#4935 = CARTESIAN_POINT('',(6.001498038038,-1.728233964372E-02));
#4936 = CARTESIAN_POINT('',(6.048674927893,-1.202700668836E-02));
#4937 = CARTESIAN_POINT('',(6.095738141631,-7.674304618412E-03));
#4938 = CARTESIAN_POINT('',(6.14270392897,-4.254678976189E-03));
#4939 = CARTESIAN_POINT('',(6.189584771304,-1.803063068124E-03));
#4940 = CARTESIAN_POINT('',(6.236403733497,-3.338022684188E-04));
#4941 = CARTESIAN_POINT('',(6.283192826905,1.561800296513E-04));
#4942 = CARTESIAN_POINT('',(6.329981882918,-3.341296589205E-04));
#4943 = CARTESIAN_POINT('',(6.376800733867,-1.80370115795E-03));
#4944 = CARTESIAN_POINT('',(6.4236813686,-4.255588844254E-03));
#4945 = CARTESIAN_POINT('',(6.470646895018,-7.675452105485E-03));
#4946 = CARTESIAN_POINT('',(6.51770993172,-1.202839421476E-02));
#4947 = CARTESIAN_POINT('',(6.564886863502,-1.72840003674E-02));
#4948 = CARTESIAN_POINT('',(6.61219438645,-2.340956080313E-02));
#4949 = CARTESIAN_POINT('',(6.659655143793,-3.037706366198E-02));
#4950 = CARTESIAN_POINT('',(6.707280026088,-3.813960422624E-02));
#4951 = CARTESIAN_POINT('',(6.755056336529,-4.661893848833E-02));
#4952 = CARTESIAN_POINT('',(6.802977238854,-5.574280143884E-02));
#4953 = CARTESIAN_POINT('',(6.851036345897,-6.543653648104E-02));
#4954 = CARTESIAN_POINT('',(6.89923432053,-7.562907436928E-02));
#4955 = CARTESIAN_POINT('',(6.947563554894,-8.62362932471E-02));
#4956 = CARTESIAN_POINT('',(6.995983643127,-9.714303099489E-02));
#4957 = CARTESIAN_POINT('',(7.044456992617,-0.10823907438));
#4958 = CARTESIAN_POINT('',(7.092945272225,-0.1194129845));
#4959 = CARTESIAN_POINT('',(7.141411533262,-0.130553276245));
#4960 = CARTESIAN_POINT('',(7.189827033704,-0.141549955049));
#4961 = CARTESIAN_POINT('',(7.238175207522,-0.15229893402));
#4962 = CARTESIAN_POINT('',(7.286433811282,-0.162695218553));
#4963 = CARTESIAN_POINT('',(7.33457971329,-0.172634502031));
#4964 = CARTESIAN_POINT('',(7.382588920628,-0.182010633592));
#4965 = CARTESIAN_POINT('',(7.430441145664,-0.190724314985));
#4966 = CARTESIAN_POINT('',(7.478122169884,-0.19871905098));
#4967 = CARTESIAN_POINT('',(7.5256095226,-0.205934119043));
#4968 = CARTESIAN_POINT('',(7.572877115441,-0.212310123725));
#4969 = CARTESIAN_POINT('',(7.619892145361,-0.217786588542));
#4970 = CARTESIAN_POINT('',(7.666632140079,-0.222306053285));
#4971 = CARTESIAN_POINT('',(7.713253016739,-0.225852738255));
#4972 = CARTESIAN_POINT('',(7.759903989344,-0.22840859491));
#4973 = CARTESIAN_POINT('',(7.806737434303,-0.229956182851));
#4974 = CARTESIAN_POINT('',(7.838180216213,-0.230303992915));
#4975 = CARTESIAN_POINT('',(7.853981633974,-0.230303992915));
#4976 = ( GEOMETRIC_REPRESENTATION_CONTEXT(2) 
PARAMETRIC_REPRESENTATION_CONTEXT() REPRESENTATION_CONTEXT('2D SPACE',''
  ) );
#4977 = ORIENTED_EDGE('',*,*,#4978,.F.);
#4978 = EDGE_CURVE('',#4979,#4806,#4981,.T.);
#4979 = VERTEX_POINT('',#4980);
#4980 = CARTESIAN_POINT('',(4.769696007085,31.,1.5));
#4981 = SURFACE_CURVE('',#4982,(#4986,#4993),.PCURVE_S1.);
#4982 = LINE('',#4983,#4984);
#4983 = CARTESIAN_POINT('',(4.769696007085,31.,1.5));
#4984 = VECTOR('',#4985,1.);
#4985 = DIRECTION('',(0.,-1.,0.));
#4986 = PCURVE('',#4653,#4987);
#4987 = DEFINITIONAL_REPRESENTATION('',(#4988),#4992);
#4988 = LINE('',#4989,#4990);
#4989 = CARTESIAN_POINT('',(5.0170816344,6.));
#4990 = VECTOR('',#4991,1.);
#4991 = DIRECTION('',(0.,1.));
#4992 = ( GEOMETRIC_REPRESENTATION_CONTEXT(2) 
PARAMETRIC_REPRESENTATION_CONTEXT() REPRESENTATION_CONTEXT('2D SPACE',''
  ) );
#4993 = PCURVE('',#4994,#4999);
#4994 = PLANE('',#4995);
#4995 = AXIS2_PLACEMENT_3D('',#4996,#4997,#4998);
#4996 = CARTESIAN_POINT('',(5.,31.,1.5));
#4997 = DIRECTION('',(0.,0.,1.));
#4998 = DIRECTION('',(0.,-1.,0.));
#4999 = DEFINITIONAL_REPRESENTATION('',(#5000),#5004);
#5000 = LINE('',#5001,#5002);
#5001 = CARTESIAN_POINT('',(0.,-0.230303992915));
#5002 = VECTOR('',#5003,1.);
#5003 = DIRECTION('',(1.,0.));
#5004 = ( GEOMETRIC_REPRESENTATION_CONTEXT(2) 
PARAMETRIC_REPRESENTATION_CONTEXT() REPRESENTATION_CONTEXT('2D SPACE',''
  ) );
#5005 = ORIENTED_EDGE('',*,*,#5006,.F.);
#5006 = EDGE_CURVE('',#4776,#4979,#5007,.T.);
#5007 = SURFACE_CURVE('',#5008,(#5025,#5098),.PCURVE_S1.);
#5008 = B_SPLINE_CURVE_WITH_KNOTS('',3,(#5009,#5010,#5011,#5012,#5013,
    #5014,#5015,#5016,#5017,#5018,#5019,#5020,#5021,#5022,#5023,#5024),
  .UNSPECIFIED.,.F.,.F.,(4,1,1,1,1,1,1,1,1,1,1,1,1,4),(0.,
    7.692307692308E-02,0.153846153846,0.230769230769,0.307692307692,
    0.384615384615,0.461538461538,0.538461538462,0.615384615385,
    0.692307692308,0.769230769231,0.846153846154,0.923076923077,1.),
  .UNSPECIFIED.);
#5009 = CARTESIAN_POINT('',(4.769696007085,31.,-1.5));
#5010 = CARTESIAN_POINT('',(4.769696007085,31.12028459332,-1.5));
#5011 = CARTESIAN_POINT('',(4.778651516774,31.35473369766,
    -1.471958394643));
#5012 = CARTESIAN_POINT('',(4.816694456223,31.69701197237,
    -1.345134252785));
#5013 = CARTESIAN_POINT('',(4.871477936053,32.00300259781,
    -1.135775589359));
#5014 = CARTESIAN_POINT('',(4.929337498253,32.24971344217,
    -0.856647940074));
#5015 = CARTESIAN_POINT('',(4.975763543783,32.41872777199,
    -0.530267630752));
#5016 = CARTESIAN_POINT('',(5.001045334162,32.50354037591,
    -0.179184499737));
#5017 = CARTESIAN_POINT('',(5.001045138237,32.50353968114,0.179186590529
    ));
#5018 = CARTESIAN_POINT('',(4.97576384826,32.41872890585,0.530265130897)
  );
#5019 = CARTESIAN_POINT('',(4.929336920979,32.24971117563,0.856651646109
    ));
#5020 = CARTESIAN_POINT('',(4.871477607565,32.00300123469,1.135776809586
    ));
#5021 = CARTESIAN_POINT('',(4.816693955962,31.69700795941,1.345136030395
    ));
#5022 = CARTESIAN_POINT('',(4.778651932531,31.35473776398,1.471956991688
    ));
#5023 = CARTESIAN_POINT('',(4.769696007085,31.12028640153,1.5));
#5024 = CARTESIAN_POINT('',(4.769696007085,31.,1.5));
#5025 = PCURVE('',#4653,#5026);
#5026 = DEFINITIONAL_REPRESENTATION('',(#5027),#5097);
#5027 = B_SPLINE_CURVE_WITH_KNOTS('',3,(#5028,#5029,#5030,#5031,#5032,
    #5033,#5034,#5035,#5036,#5037,#5038,#5039,#5040,#5041,#5042,#5043,
    #5044,#5045,#5046,#5047,#5048,#5049,#5050,#5051,#5052,#5053,#5054,
    #5055,#5056,#5057,#5058,#5059,#5060,#5061,#5062,#5063,#5064,#5065,
    #5066,#5067,#5068,#5069,#5070,#5071,#5072,#5073,#5074,#5075,#5076,
    #5077,#5078,#5079,#5080,#5081,#5082,#5083,#5084,#5085,#5086,#5087,
    #5088,#5089,#5090,#5091,#5092,#5093,#5094,#5095,#5096),
  .UNSPECIFIED.,.F.,.F.,(4,1,1,1,1,1,1,1,1,1,1,1,1,1,1,1,1,1,1,1,1,1,1,1
    ,1,1,1,1,1,1,1,1,1,1,1,1,1,1,1,1,1,1,1,1,1,1,1,1,1,1,1,1,1,1,1,1,1,1
    ,1,1,1,1,1,1,1,1,4),(0.,1.515151515152E-02,3.030303030303E-02,    4.545454545455E-02,6.060606060606E-02,7.575757575758E-02,
    9.090909090909E-02,0.106060606061,0.121212121212,0.136363636364,
    0.151515151515,0.166666666667,0.181818181818,0.19696969697,
    0.212121212121,0.227272727273,0.242424242424,0.257575757576,
    0.272727272727,0.287878787879,0.30303030303,0.318181818182,
    0.333333333333,0.348484848485,0.363636363636,0.378787878788,
    0.393939393939,0.409090909091,0.424242424242,0.439393939394,
    0.454545454545,0.469696969697,0.484848484848,0.5,0.515151515152,
    0.530303030303,0.545454545455,0.560606060606,0.575757575758,
    0.590909090909,0.606060606061,0.621212121212,0.636363636364,
    0.651515151515,0.666666666667,0.681818181818,0.69696969697,
    0.712121212121,0.727272727273,0.742424242424,0.757575757576,
    0.772727272727,0.787878787879,0.80303030303,0.818181818182,
    0.833333333333,0.848484848485,0.863636363636,0.878787878788,
    0.893939393939,0.909090909091,0.924242424242,0.939393939394,
    0.954545454545,0.969696969697,0.984848484848,1.),
  .QUASI_UNIFORM_KNOTS.);
#5028 = CARTESIAN_POINT('',(4.407696326369,6.));
#5029 = CARTESIAN_POINT('',(4.407696327113,5.976307580104));
#5030 = CARTESIAN_POINT('',(4.407924737027,5.929160189976));
#5031 = CARTESIAN_POINT('',(4.408952479,5.859082869566));
#5032 = CARTESIAN_POINT('',(4.410665236705,5.789581034127));
#5033 = CARTESIAN_POINT('',(4.413062944954,5.72058533843));
#5034 = CARTESIAN_POINT('',(4.416145461205,5.652030394519));
#5035 = CARTESIAN_POINT('',(4.419913002944,5.583836050766));
#5036 = CARTESIAN_POINT('',(4.424359225183,5.516192772917));
#5037 = CARTESIAN_POINT('',(4.429477394044,5.449310025382));
#5038 = CARTESIAN_POINT('',(4.435261130976,5.383392399367));
#5039 = CARTESIAN_POINT('',(4.441703700372,5.318645104948));
#5040 = CARTESIAN_POINT('',(4.44880014101,5.255275749928));
#5041 = CARTESIAN_POINT('',(4.456528612736,5.193463676141));
#5042 = CARTESIAN_POINT('',(4.464864760645,5.133383581619));
#5043 = CARTESIAN_POINT('',(4.473785322174,5.075211654831));
#5044 = CARTESIAN_POINT('',(4.483266647185,5.019122657776));
#5045 = CARTESIAN_POINT('',(4.493287192179,4.965295567898));
#5046 = CARTESIAN_POINT('',(4.50381239557,4.913878012677));
#5047 = CARTESIAN_POINT('',(4.514804332502,4.865008829059));
#5048 = CARTESIAN_POINT('',(4.526226290466,4.818829898461));
#5049 = CARTESIAN_POINT('',(4.538041692592,4.775479285247));
#5050 = CARTESIAN_POINT('',(4.550214283906,4.735107277533));
#5051 = CARTESIAN_POINT('',(4.562709157371,4.697788881583));
#5052 = CARTESIAN_POINT('',(4.575491994639,4.66356765541));
#5053 = CARTESIAN_POINT('',(4.588528496386,4.632495283265));
#5054 = CARTESIAN_POINT('',(4.601784965283,4.604619741049));
#5055 = CARTESIAN_POINT('',(4.615226842567,4.579995711825));
#5056 = CARTESIAN_POINT('',(4.628826360961,4.558644262416));
#5057 = CARTESIAN_POINT('',(4.642559688585,4.540566351676));
#5058 = CARTESIAN_POINT('',(4.656402112876,4.52576768112));
#5059 = CARTESIAN_POINT('',(4.670329445081,4.514252527099));
#5060 = CARTESIAN_POINT('',(4.684317004378,4.506026123965));
#5061 = CARTESIAN_POINT('',(4.698343276391,4.501090565749));
#5062 = CARTESIAN_POINT('',(4.712389173316,4.49944537622));
#5063 = CARTESIAN_POINT('',(4.726435052363,4.501090680621));
#5064 = CARTESIAN_POINT('',(4.740461271457,4.506026306655));
#5065 = CARTESIAN_POINT('',(4.754448740311,4.514252670706));
#5066 = CARTESIAN_POINT('',(4.768375955105,4.525767681258));
#5067 = CARTESIAN_POINT('',(4.782218261003,4.540566180173));
#5068 = CARTESIAN_POINT('',(4.795951492637,4.558643953285));
#5069 = CARTESIAN_POINT('',(4.809550960231,4.579995361444));
#5070 = CARTESIAN_POINT('',(4.822992860128,4.60461952146));
#5071 = CARTESIAN_POINT('',(4.836249429244,4.63249538098));
#5072 = CARTESIAN_POINT('',(4.849286073017,4.663568169433));
#5073 = CARTESIAN_POINT('',(4.862069065328,4.697789841407));
#5074 = CARTESIAN_POINT('',(4.874564077192,4.735108641113));
#5075 = CARTESIAN_POINT('',(4.886736757116,4.775480929112));
#5076 = CARTESIAN_POINT('',(4.898552181445,4.818831663161));
#5077 = CARTESIAN_POINT('',(4.909974118379,4.865010628952));
#5078 = CARTESIAN_POINT('',(4.920966007946,4.913879819032));
#5079 = CARTESIAN_POINT('',(4.931491155726,4.965297410791));
#5080 = CARTESIAN_POINT('',(4.941511656223,5.01912463539));
#5081 = CARTESIAN_POINT('',(4.950992960238,5.075213892295));
#5082 = CARTESIAN_POINT('',(4.959913510922,5.133386079242));
#5083 = CARTESIAN_POINT('',(4.968249648132,5.193466328707));
#5084 = CARTESIAN_POINT('',(4.975978098671,5.255278344285));
#5085 = CARTESIAN_POINT('',(4.983074496268,5.318647310345));
#5086 = CARTESIAN_POINT('',(4.989516993168,5.383393809537));
#5087 = CARTESIAN_POINT('',(4.995300644343,5.449310424045));
#5088 = CARTESIAN_POINT('',(5.000418728102,5.516192108169));
#5089 = CARTESIAN_POINT('',(5.004864880275,5.5838344409));
#5090 = CARTESIAN_POINT('',(5.008632381743,5.652028130353));
#5091 = CARTESIAN_POINT('',(5.011714900266,5.720582868079));
#5092 = CARTESIAN_POINT('',(5.014112636946,5.789578739591));
#5093 = CARTESIAN_POINT('',(5.015825434453,5.859081078941));
#5094 = CARTESIAN_POINT('',(5.016853212389,5.92915917418));
#5095 = CARTESIAN_POINT('',(5.017081633656,5.976307223941));
#5096 = CARTESIAN_POINT('',(5.0170816344,6.));
#5097 = ( GEOMETRIC_REPRESENTATION_CONTEXT(2) 
PARAMETRIC_REPRESENTATION_CONTEXT() REPRESENTATION_CONTEXT('2D SPACE',''
  ) );
#5098 = PCURVE('',#5099,#5104);
#5099 = CYLINDRICAL_SURFACE('',#5100,1.5);
#5100 = AXIS2_PLACEMENT_3D('',#5101,#5102,#5103);
#5101 = CARTESIAN_POINT('',(5.,31.,0.));
#5102 = DIRECTION('',(1.,0.,0.));
#5103 = DIRECTION('',(0.,-1.,0.));
#5104 = DEFINITIONAL_REPRESENTATION('',(#5105),#5175);
#5105 = B_SPLINE_CURVE_WITH_KNOTS('',3,(#5106,#5107,#5108,#5109,#5110,
    #5111,#5112,#5113,#5114,#5115,#5116,#5117,#5118,#5119,#5120,#5121,
    #5122,#5123,#5124,#5125,#5126,#5127,#5128,#5129,#5130,#5131,#5132,
    #5133,#5134,#5135,#5136,#5137,#5138,#5139,#5140,#5141,#5142,#5143,
    #5144,#5145,#5146,#5147,#5148,#5149,#5150,#5151,#5152,#5153,#5154,
    #5155,#5156,#5157,#5158,#5159,#5160,#5161,#5162,#5163,#5164,#5165,
    #5166,#5167,#5168,#5169,#5170,#5171,#5172,#5173,#5174),
  .UNSPECIFIED.,.F.,.F.,(4,1,1,1,1,1,1,1,1,1,1,1,1,1,1,1,1,1,1,1,1,1,1,1
    ,1,1,1,1,1,1,1,1,1,1,1,1,1,1,1,1,1,1,1,1,1,1,1,1,1,1,1,1,1,1,1,1,1,1
    ,1,1,1,1,1,1,1,1,4),(0.,1.515151515152E-02,3.030303030303E-02,
    4.545454545455E-02,6.060606060606E-02,7.575757575758E-02,
    9.090909090909E-02,0.106060606061,0.121212121212,0.136363636364,
    0.151515151515,0.166666666667,0.181818181818,0.19696969697,
    0.212121212121,0.227272727273,0.242424242424,0.257575757576,
    0.272727272727,0.287878787879,0.30303030303,0.318181818182,
    0.333333333333,0.348484848485,0.363636363636,0.378787878788,
    0.393939393939,0.409090909091,0.424242424242,0.439393939394,
    0.454545454545,0.469696969697,0.484848484848,0.5,0.515151515152,
    0.530303030303,0.545454545455,0.560606060606,0.575757575758,
    0.590909090909,0.606060606061,0.621212121212,0.636363636364,
    0.651515151515,0.666666666667,0.681818181818,0.69696969697,
    0.712121212121,0.727272727273,0.742424242424,0.757575757576,
    0.772727272727,0.787878787879,0.80303030303,0.818181818182,
    0.833333333333,0.848484848485,0.863636363636,0.878787878788,
    0.893939393939,0.909090909091,0.924242424242,0.939393939394,
    0.954545454545,0.969696969697,0.984848484848,1.),
  .QUASI_UNIFORM_KNOTS.);
#5106 = CARTESIAN_POINT('',(1.570796326795,-0.230303992915));
#5107 = CARTESIAN_POINT('',(1.58659161123,-0.230303992915));
#5108 = CARTESIAN_POINT('',(1.618022528326,-0.229956546774));
#5109 = CARTESIAN_POINT('',(1.664839942874,-0.228410273794));
#5110 = CARTESIAN_POINT('',(1.711477175586,-0.225856179211));
#5111 = CARTESIAN_POINT('',(1.758087258135,-0.222311378888));
#5112 = CARTESIAN_POINT('',(1.804820080999,-0.217793606391));
#5113 = CARTESIAN_POINT('',(1.851832458216,-0.212318290781));
#5114 = CARTESIAN_POINT('',(1.899100087405,-0.205943194142));
#5115 = CARTESIAN_POINT('',(1.946588047983,-0.198729139598));
#5116 = CARTESIAN_POINT('',(1.994268118402,-0.190735861313));
#5117 = CARTESIAN_POINT('',(2.04211576547,-0.182024407766));
#5118 = CARTESIAN_POINT('',(2.090114441472,-0.172651659131));
#5119 = CARTESIAN_POINT('',(2.138244908246,-0.162716684698));
#5120 = CARTESIAN_POINT('',(2.186484717153,-0.152325307979));
#5121 = CARTESIAN_POINT('',(2.234812072571,-0.141581534424));
#5122 = CARTESIAN_POINT('',(2.283206013478,-0.130590048784));
#5123 = CARTESIAN_POINT('',(2.331651075788,-0.119454636659));
#5124 = CARTESIAN_POINT('',(2.380119699163,-0.108284940622));
#5125 = CARTESIAN_POINT('',(2.428576336851,-9.719208271508E-02));
#5126 = CARTESIAN_POINT('',(2.476984223163,-8.628713350802E-02));
#5127 = CARTESIAN_POINT('',(2.525307309725,-7.567996936102E-02));
#5128 = CARTESIAN_POINT('',(2.573507281102,-6.54852949437E-02));
#5129 = CARTESIAN_POINT('',(2.621575652528,-5.578752748736E-02));
#5130 = CARTESIAN_POINT('',(2.669510938715,-4.665834373299E-02));
#5131 = CARTESIAN_POINT('',(2.717304894511,-3.817293554445E-02));
#5132 = CARTESIAN_POINT('',(2.76494888741,-3.040410650148E-02));
#5133 = CARTESIAN_POINT('',(2.812428202446,-2.343069819743E-02));
#5134 = CARTESIAN_POINT('',(2.859753683203,-1.729986351811E-02));
#5135 = CARTESIAN_POINT('',(2.906949088123,-1.203965073582E-02));
#5136 = CARTESIAN_POINT('',(2.954032020454,-7.682856367848E-03));
#5137 = CARTESIAN_POINT('',(3.001019770841,-4.259965484706E-03));
#5138 = CARTESIAN_POINT('',(3.047926155291,-1.805960699028E-03));
#5139 = CARTESIAN_POINT('',(3.094773913662,-3.352082753347E-04));
#5140 = CARTESIAN_POINT('',(3.141593296333,1.553704630442E-04));
#5141 = CARTESIAN_POINT('',(3.18841262156,-3.352414243311E-04));
#5142 = CARTESIAN_POINT('',(3.235260208162,-1.806013941677E-03));
#5143 = CARTESIAN_POINT('',(3.282166291048,-4.260009220978E-03));
#5144 = CARTESIAN_POINT('',(3.329153638854,-7.682861459858E-03));
#5145 = CARTESIAN_POINT('',(3.37623615832,-1.203960860817E-02));
#5146 = CARTESIAN_POINT('',(3.423431226413,-1.729978232469E-02));
#5147 = CARTESIAN_POINT('',(3.470756533587,-2.34306028964E-02));
#5148 = CARTESIAN_POINT('',(3.518235947017,-3.040404238856E-02));
#5149 = CARTESIAN_POINT('',(3.565880329726,-3.817295196332E-02));
#5150 = CARTESIAN_POINT('',(3.613674834198,-4.665846691737E-02));
#5151 = CARTESIAN_POINT('',(3.661610718431,-5.578776537868E-02));
#5152 = CARTESIAN_POINT('',(3.709679624316,-6.548563655297E-02));
#5153 = CARTESIAN_POINT('',(3.757879942444,-7.568038250364E-02));
#5154 = CARTESIAN_POINT('',(3.806203130859,-8.628757540741E-02));
#5155 = CARTESIAN_POINT('',(3.85461097023,-9.719252568045E-02));
#5156 = CARTESIAN_POINT('',(3.903067485879,-0.108285368026));
#5157 = CARTESIAN_POINT('',(3.951535989249,-0.119455043654));
#5158 = CARTESIAN_POINT('',(3.999981015834,-0.130590443463));
#5159 = CARTESIAN_POINT('',(4.04837504782,-0.141581932166));
#5160 = CARTESIAN_POINT('',(4.096702526275,-0.152325710468));
#5161 = CARTESIAN_POINT('',(4.144942408393,-0.162717082603));
#5162 = CARTESIAN_POINT('',(4.19307281238,-0.172652031707));
#5163 = CARTESIAN_POINT('',(4.241071196685,-0.182024721788));
#5164 = CARTESIAN_POINT('',(4.288918262536,-0.190736075841));
#5165 = CARTESIAN_POINT('',(4.336597598587,-0.198729236079));
#5166 = CARTESIAN_POINT('',(4.384084792679,-0.20594317352));
#5167 = CARTESIAN_POINT('',(4.431351748559,-0.212318174085));
#5168 = CARTESIAN_POINT('',(4.478363670274,-0.217793435289));
#5169 = CARTESIAN_POINT('',(4.525096362606,-0.222311212864));
#5170 = CARTESIAN_POINT('',(4.571706578796,-0.225856054691));
#5171 = CARTESIAN_POINT('',(4.618344162686,-0.22841020638));
#5172 = CARTESIAN_POINT('',(4.665162101192,-0.229956530643));
#5173 = CARTESIAN_POINT('',(4.696593459061,-0.230303992915));
#5174 = CARTESIAN_POINT('',(4.712388980385,-0.230303992915));
#5175 = ( GEOMETRIC_REPRESENTATION_CONTEXT(2) 
PARAMETRIC_REPRESENTATION_CONTEXT() REPRESENTATION_CONTEXT('2D SPACE',''
  ) );
#5176 = ADVANCED_FACE('',(#5177),#4680,.T.);
#5177 = FACE_BOUND('',#5178,.T.);
#5178 = EDGE_LOOP('',(#5179,#5180,#5207,#5208));
#5179 = ORIENTED_EDGE('',*,*,#4751,.T.);
#5180 = ORIENTED_EDGE('',*,*,#5181,.F.);
#5181 = EDGE_CURVE('',#4700,#4723,#5182,.T.);
#5182 = SURFACE_CURVE('',#5183,(#5188,#5195),.PCURVE_S1.);
#5183 = CIRCLE('',#5184,5.);
#5184 = AXIS2_PLACEMENT_3D('',#5185,#5186,#5187);
#5185 = CARTESIAN_POINT('',(0.,34.5,0.));
#5186 = DIRECTION('',(0.,1.,0.));
#5187 = DIRECTION('',(0.,0.,-1.));
#5188 = PCURVE('',#4680,#5189);
#5189 = DEFINITIONAL_REPRESENTATION('',(#5190),#5194);
#5190 = LINE('',#5191,#5192);
#5191 = CARTESIAN_POINT('',(3.14159265359,2.5));
#5192 = VECTOR('',#5193,1.);
#5193 = DIRECTION('',(-1.,0.));
#5194 = ( GEOMETRIC_REPRESENTATION_CONTEXT(2) 
PARAMETRIC_REPRESENTATION_CONTEXT() REPRESENTATION_CONTEXT('2D SPACE',''
  ) );
#5195 = PCURVE('',#5196,#5201);
#5196 = CONICAL_SURFACE('',#5197,4.749999999441,0.785398163397);
#5197 = AXIS2_PLACEMENT_3D('',#5198,#5199,#5200);
#5198 = CARTESIAN_POINT('',(0.,34.75000000056,0.));
#5199 = DIRECTION('',(0.,-1.,0.));
#5200 = DIRECTION('',(0.,0.,-1.));
#5201 = DEFINITIONAL_REPRESENTATION('',(#5202),#5206);
#5202 = LINE('',#5203,#5204);
#5203 = CARTESIAN_POINT('',(6.28318530718,0.25000000056));
#5204 = VECTOR('',#5205,1.);
#5205 = DIRECTION('',(-1.,0.));
#5206 = ( GEOMETRIC_REPRESENTATION_CONTEXT(2) 
PARAMETRIC_REPRESENTATION_CONTEXT() REPRESENTATION_CONTEXT('2D SPACE',''
  ) );
#5207 = ORIENTED_EDGE('',*,*,#4699,.F.);
#5208 = ORIENTED_EDGE('',*,*,#4665,.F.);
#5209 = ADVANCED_FACE('',(#5210),#4739,.T.);
#5210 = FACE_BOUND('',#5211,.T.);
#5211 = EDGE_LOOP('',(#5212,#5235,#5236,#5259));
#5212 = ORIENTED_EDGE('',*,*,#5213,.T.);
#5213 = EDGE_CURVE('',#5214,#4723,#5216,.T.);
#5214 = VERTEX_POINT('',#5215);
#5215 = CARTESIAN_POINT('',(0.,35.,4.5));
#5216 = SURFACE_CURVE('',#5217,(#5221,#5228),.PCURVE_S1.);
#5217 = LINE('',#5218,#5219);
#5218 = CARTESIAN_POINT('',(-1.225385491117E-09,35.00000000066,
    4.499999999336));
#5219 = VECTOR('',#5220,1.);
#5220 = DIRECTION('',(2.888259135593E-10,-0.707106781187,0.707106781187)
  );
#5221 = PCURVE('',#4739,#5222);
#5222 = DEFINITIONAL_REPRESENTATION('',(#5223),#5227);
#5223 = LINE('',#5224,#5225);
#5224 = CARTESIAN_POINT('',(3.141592653862,-0.250000000103));
#5225 = VECTOR('',#5226,1.);
#5226 = DIRECTION('',(-1.361541990263E-10,1.));
#5227 = ( GEOMETRIC_REPRESENTATION_CONTEXT(2) 
PARAMETRIC_REPRESENTATION_CONTEXT() REPRESENTATION_CONTEXT('2D SPACE',''
  ) );
#5228 = PCURVE('',#5196,#5229);
#5229 = DEFINITIONAL_REPRESENTATION('',(#5230),#5234);
#5230 = LINE('',#5231,#5232);
#5231 = CARTESIAN_POINT('',(3.141592653862,-0.250000000103));
#5232 = VECTOR('',#5233,1.);
#5233 = DIRECTION('',(-1.361541990263E-10,1.));
#5234 = ( GEOMETRIC_REPRESENTATION_CONTEXT(2) 
PARAMETRIC_REPRESENTATION_CONTEXT() REPRESENTATION_CONTEXT('2D SPACE',''
  ) );
#5235 = ORIENTED_EDGE('',*,*,#4722,.T.);
#5236 = ORIENTED_EDGE('',*,*,#5237,.F.);
#5237 = EDGE_CURVE('',#5238,#4700,#5240,.T.);
#5238 = VERTEX_POINT('',#5239);
#5239 = CARTESIAN_POINT('',(0.,35.,-4.5));
#5240 = SURFACE_CURVE('',#5241,(#5245,#5252),.PCURVE_S1.);
#5241 = LINE('',#5242,#5243);
#5242 = CARTESIAN_POINT('',(1.225385000087E-09,35.00000000066,
    -4.499999999336));
#5243 = VECTOR('',#5244,1.);
#5244 = DIRECTION('',(-2.888258362785E-10,-0.707106781186,
    -0.707106781187));
#5245 = PCURVE('',#4739,#5246);
#5246 = DEFINITIONAL_REPRESENTATION('',(#5247),#5251);
#5247 = LINE('',#5248,#5249);
#5248 = CARTESIAN_POINT('',(0.,-0.250000000103));
#5249 = VECTOR('',#5250,1.);
#5250 = DIRECTION('',(0.,1.));
#5251 = ( GEOMETRIC_REPRESENTATION_CONTEXT(2) 
PARAMETRIC_REPRESENTATION_CONTEXT() REPRESENTATION_CONTEXT('2D SPACE',''
  ) );
#5252 = PCURVE('',#5196,#5253);
#5253 = DEFINITIONAL_REPRESENTATION('',(#5254),#5258);
#5254 = LINE('',#5255,#5256);
#5255 = CARTESIAN_POINT('',(6.28318530718,-0.250000000103));
#5256 = VECTOR('',#5257,1.);
#5257 = DIRECTION('',(0.,1.));
#5258 = ( GEOMETRIC_REPRESENTATION_CONTEXT(2) 
PARAMETRIC_REPRESENTATION_CONTEXT() REPRESENTATION_CONTEXT('2D SPACE',''
  ) );
#5259 = ORIENTED_EDGE('',*,*,#5260,.F.);
#5260 = EDGE_CURVE('',#5214,#5238,#5261,.T.);
#5261 = SURFACE_CURVE('',#5262,(#5267,#5274),.PCURVE_S1.);
#5262 = CIRCLE('',#5263,4.5);
#5263 = AXIS2_PLACEMENT_3D('',#5264,#5265,#5266);
#5264 = CARTESIAN_POINT('',(0.,35.,0.));
#5265 = DIRECTION('',(0.,1.,0.));
#5266 = DIRECTION('',(0.,0.,1.));
#5267 = PCURVE('',#4739,#5268);
#5268 = DEFINITIONAL_REPRESENTATION('',(#5269),#5273);
#5269 = LINE('',#5270,#5271);
#5270 = CARTESIAN_POINT('',(3.14159265359,-0.249999999441));
#5271 = VECTOR('',#5272,1.);
#5272 = DIRECTION('',(-1.,0.));
#5273 = ( GEOMETRIC_REPRESENTATION_CONTEXT(2) 
PARAMETRIC_REPRESENTATION_CONTEXT() REPRESENTATION_CONTEXT('2D SPACE',''
  ) );
#5274 = PCURVE('',#5275,#5280);
#5275 = PLANE('',#5276);
#5276 = AXIS2_PLACEMENT_3D('',#5277,#5278,#5279);
#5277 = CARTESIAN_POINT('',(0.,35.,0.));
#5278 = DIRECTION('',(0.,-1.,0.));
#5279 = DIRECTION('',(0.,0.,1.));
#5280 = DEFINITIONAL_REPRESENTATION('',(#5281),#5289);
#5281 = ( BOUNDED_CURVE() B_SPLINE_CURVE(2,(#5282,#5283,#5284,#5285,
#5286,#5287,#5288),.UNSPECIFIED.,.T.,.F.) B_SPLINE_CURVE_WITH_KNOTS((1,2
    ,2,2,2,1),(-2.094395102393,0.,2.094395102393,4.188790204786,
6.28318530718,8.377580409573),.UNSPECIFIED.) CURVE() 
GEOMETRIC_REPRESENTATION_ITEM() RATIONAL_B_SPLINE_CURVE((1.,0.5,1.,0.5,
1.,0.5,1.)) REPRESENTATION_ITEM('') );
#5282 = CARTESIAN_POINT('',(4.5,0.));
#5283 = CARTESIAN_POINT('',(4.5,-7.79422863406));
#5284 = CARTESIAN_POINT('',(-2.25,-3.89711431703));
#5285 = CARTESIAN_POINT('',(-9.,-1.102182119233E-15));
#5286 = CARTESIAN_POINT('',(-2.25,3.89711431703));
#5287 = CARTESIAN_POINT('',(4.5,7.79422863406));
#5288 = CARTESIAN_POINT('',(4.5,0.));
#5289 = ( GEOMETRIC_REPRESENTATION_CONTEXT(2) 
PARAMETRIC_REPRESENTATION_CONTEXT() REPRESENTATION_CONTEXT('2D SPACE',''
  ) );
#5290 = ADVANCED_FACE('',(#5291),#4793,.F.);
#5291 = FACE_BOUND('',#5292,.F.);
#5292 = EDGE_LOOP('',(#5293,#5294,#5317,#5345));
#5293 = ORIENTED_EDGE('',*,*,#4775,.T.);
#5294 = ORIENTED_EDGE('',*,*,#5295,.T.);
#5295 = EDGE_CURVE('',#4778,#5296,#5298,.T.);
#5296 = VERTEX_POINT('',#5297);
#5297 = CARTESIAN_POINT('',(3.2,18.,-1.5));
#5298 = SURFACE_CURVE('',#5299,(#5303,#5310),.PCURVE_S1.);
#5299 = LINE('',#5300,#5301);
#5300 = CARTESIAN_POINT('',(4.769696007085,18.,-1.5));
#5301 = VECTOR('',#5302,1.);
#5302 = DIRECTION('',(-1.,0.,0.));
#5303 = PCURVE('',#4793,#5304);
#5304 = DEFINITIONAL_REPRESENTATION('',(#5305),#5309);
#5305 = LINE('',#5306,#5307);
#5306 = CARTESIAN_POINT('',(0.,-0.230303992915));
#5307 = VECTOR('',#5308,1.);
#5308 = DIRECTION('',(0.,-1.));
#5309 = ( GEOMETRIC_REPRESENTATION_CONTEXT(2) 
PARAMETRIC_REPRESENTATION_CONTEXT() REPRESENTATION_CONTEXT('2D SPACE',''
  ) );
#5310 = PCURVE('',#4900,#5311);
#5311 = DEFINITIONAL_REPRESENTATION('',(#5312),#5316);
#5312 = LINE('',#5313,#5314);
#5313 = CARTESIAN_POINT('',(7.853981633974,-0.230303992915));
#5314 = VECTOR('',#5315,1.);
#5315 = DIRECTION('',(0.,-1.));
#5316 = ( GEOMETRIC_REPRESENTATION_CONTEXT(2) 
PARAMETRIC_REPRESENTATION_CONTEXT() REPRESENTATION_CONTEXT('2D SPACE',''
  ) );
#5317 = ORIENTED_EDGE('',*,*,#5318,.T.);
#5318 = EDGE_CURVE('',#5296,#5319,#5321,.T.);
#5319 = VERTEX_POINT('',#5320);
#5320 = CARTESIAN_POINT('',(3.2,31.,-1.5));
#5321 = SURFACE_CURVE('',#5322,(#5326,#5333),.PCURVE_S1.);
#5322 = LINE('',#5323,#5324);
#5323 = CARTESIAN_POINT('',(3.2,18.,-1.5));
#5324 = VECTOR('',#5325,1.);
#5325 = DIRECTION('',(0.,1.,0.));
#5326 = PCURVE('',#4793,#5327);
#5327 = DEFINITIONAL_REPRESENTATION('',(#5328),#5332);
#5328 = LINE('',#5329,#5330);
#5329 = CARTESIAN_POINT('',(0.,-1.8));
#5330 = VECTOR('',#5331,1.);
#5331 = DIRECTION('',(1.,0.));
#5332 = ( GEOMETRIC_REPRESENTATION_CONTEXT(2) 
PARAMETRIC_REPRESENTATION_CONTEXT() REPRESENTATION_CONTEXT('2D SPACE',''
  ) );
#5333 = PCURVE('',#5334,#5339);
#5334 = PLANE('',#5335);
#5335 = AXIS2_PLACEMENT_3D('',#5336,#5337,#5338);
#5336 = CARTESIAN_POINT('',(3.2,0.,0.));
#5337 = DIRECTION('',(1.,0.,0.));
#5338 = DIRECTION('',(0.,-1.,0.));
#5339 = DEFINITIONAL_REPRESENTATION('',(#5340),#5344);
#5340 = LINE('',#5341,#5342);
#5341 = CARTESIAN_POINT('',(-18.,1.5));
#5342 = VECTOR('',#5343,1.);
#5343 = DIRECTION('',(-1.,0.));
#5344 = ( GEOMETRIC_REPRESENTATION_CONTEXT(2) 
PARAMETRIC_REPRESENTATION_CONTEXT() REPRESENTATION_CONTEXT('2D SPACE',''
  ) );
#5345 = ORIENTED_EDGE('',*,*,#5346,.F.);
#5346 = EDGE_CURVE('',#4776,#5319,#5347,.T.);
#5347 = SURFACE_CURVE('',#5348,(#5352,#5359),.PCURVE_S1.);
#5348 = LINE('',#5349,#5350);
#5349 = CARTESIAN_POINT('',(4.769696007085,31.,-1.5));
#5350 = VECTOR('',#5351,1.);
#5351 = DIRECTION('',(-1.,0.,0.));
#5352 = PCURVE('',#4793,#5353);
#5353 = DEFINITIONAL_REPRESENTATION('',(#5354),#5358);
#5354 = LINE('',#5355,#5356);
#5355 = CARTESIAN_POINT('',(13.,-0.230303992915));
#5356 = VECTOR('',#5357,1.);
#5357 = DIRECTION('',(0.,-1.));
#5358 = ( GEOMETRIC_REPRESENTATION_CONTEXT(2) 
PARAMETRIC_REPRESENTATION_CONTEXT() REPRESENTATION_CONTEXT('2D SPACE',''
  ) );
#5359 = PCURVE('',#5099,#5360);
#5360 = DEFINITIONAL_REPRESENTATION('',(#5361),#5365);
#5361 = LINE('',#5362,#5363);
#5362 = CARTESIAN_POINT('',(1.570796326795,-0.230303992915));
#5363 = VECTOR('',#5364,1.);
#5364 = DIRECTION('',(0.,-1.));
#5365 = ( GEOMETRIC_REPRESENTATION_CONTEXT(2) 
PARAMETRIC_REPRESENTATION_CONTEXT() REPRESENTATION_CONTEXT('2D SPACE',''
  ) );
#5366 = ADVANCED_FACE('',(#5367),#4900,.F.);
#5367 = FACE_BOUND('',#5368,.F.);
#5368 = EDGE_LOOP('',(#5369,#5370,#5393,#5415));
#5369 = ORIENTED_EDGE('',*,*,#4805,.F.);
#5370 = ORIENTED_EDGE('',*,*,#5371,.T.);
#5371 = EDGE_CURVE('',#4806,#5372,#5374,.T.);
#5372 = VERTEX_POINT('',#5373);
#5373 = CARTESIAN_POINT('',(3.2,18.,1.5));
#5374 = SURFACE_CURVE('',#5375,(#5379,#5386),.PCURVE_S1.);
#5375 = LINE('',#5376,#5377);
#5376 = CARTESIAN_POINT('',(4.769696007085,18.,1.5));
#5377 = VECTOR('',#5378,1.);
#5378 = DIRECTION('',(-1.,0.,0.));
#5379 = PCURVE('',#4900,#5380);
#5380 = DEFINITIONAL_REPRESENTATION('',(#5381),#5385);
#5381 = LINE('',#5382,#5383);
#5382 = CARTESIAN_POINT('',(4.712388980385,-0.230303992915));
#5383 = VECTOR('',#5384,1.);
#5384 = DIRECTION('',(0.,-1.));
#5385 = ( GEOMETRIC_REPRESENTATION_CONTEXT(2) 
PARAMETRIC_REPRESENTATION_CONTEXT() REPRESENTATION_CONTEXT('2D SPACE',''
  ) );
#5386 = PCURVE('',#4994,#5387);
#5387 = DEFINITIONAL_REPRESENTATION('',(#5388),#5392);
#5388 = LINE('',#5389,#5390);
#5389 = CARTESIAN_POINT('',(13.,-0.230303992915));
#5390 = VECTOR('',#5391,1.);
#5391 = DIRECTION('',(0.,-1.));
#5392 = ( GEOMETRIC_REPRESENTATION_CONTEXT(2) 
PARAMETRIC_REPRESENTATION_CONTEXT() REPRESENTATION_CONTEXT('2D SPACE',''
  ) );
#5393 = ORIENTED_EDGE('',*,*,#5394,.T.);
#5394 = EDGE_CURVE('',#5372,#5296,#5395,.T.);
#5395 = SURFACE_CURVE('',#5396,(#5401,#5408),.PCURVE_S1.);
#5396 = CIRCLE('',#5397,1.5);
#5397 = AXIS2_PLACEMENT_3D('',#5398,#5399,#5400);
#5398 = CARTESIAN_POINT('',(3.2,18.,0.));
#5399 = DIRECTION('',(1.,0.,-0.));
#5400 = DIRECTION('',(0.,0.,1.));
#5401 = PCURVE('',#4900,#5402);
#5402 = DEFINITIONAL_REPRESENTATION('',(#5403),#5407);
#5403 = LINE('',#5404,#5405);
#5404 = CARTESIAN_POINT('',(4.712388980385,-1.8));
#5405 = VECTOR('',#5406,1.);
#5406 = DIRECTION('',(1.,0.));
#5407 = ( GEOMETRIC_REPRESENTATION_CONTEXT(2) 
PARAMETRIC_REPRESENTATION_CONTEXT() REPRESENTATION_CONTEXT('2D SPACE',''
  ) );
#5408 = PCURVE('',#5334,#5409);
#5409 = DEFINITIONAL_REPRESENTATION('',(#5410),#5414);
#5410 = CIRCLE('',#5411,1.5);
#5411 = AXIS2_PLACEMENT_2D('',#5412,#5413);
#5412 = CARTESIAN_POINT('',(-18.,0.));
#5413 = DIRECTION('',(0.,-1.));
#5414 = ( GEOMETRIC_REPRESENTATION_CONTEXT(2) 
PARAMETRIC_REPRESENTATION_CONTEXT() REPRESENTATION_CONTEXT('2D SPACE',''
  ) );
#5415 = ORIENTED_EDGE('',*,*,#5295,.F.);
#5416 = ADVANCED_FACE('',(#5417),#4994,.F.);
#5417 = FACE_BOUND('',#5418,.F.);
#5418 = EDGE_LOOP('',(#5419,#5420,#5443,#5464));
#5419 = ORIENTED_EDGE('',*,*,#4978,.F.);
#5420 = ORIENTED_EDGE('',*,*,#5421,.T.);
#5421 = EDGE_CURVE('',#4979,#5422,#5424,.T.);
#5422 = VERTEX_POINT('',#5423);
#5423 = CARTESIAN_POINT('',(3.2,31.,1.5));
#5424 = SURFACE_CURVE('',#5425,(#5429,#5436),.PCURVE_S1.);
#5425 = LINE('',#5426,#5427);
#5426 = CARTESIAN_POINT('',(4.769696007085,31.,1.5));
#5427 = VECTOR('',#5428,1.);
#5428 = DIRECTION('',(-1.,0.,0.));
#5429 = PCURVE('',#4994,#5430);
#5430 = DEFINITIONAL_REPRESENTATION('',(#5431),#5435);
#5431 = LINE('',#5432,#5433);
#5432 = CARTESIAN_POINT('',(0.,-0.230303992915));
#5433 = VECTOR('',#5434,1.);
#5434 = DIRECTION('',(0.,-1.));
#5435 = ( GEOMETRIC_REPRESENTATION_CONTEXT(2) 
PARAMETRIC_REPRESENTATION_CONTEXT() REPRESENTATION_CONTEXT('2D SPACE',''
  ) );
#5436 = PCURVE('',#5099,#5437);
#5437 = DEFINITIONAL_REPRESENTATION('',(#5438),#5442);
#5438 = LINE('',#5439,#5440);
#5439 = CARTESIAN_POINT('',(4.712388980385,-0.230303992915));
#5440 = VECTOR('',#5441,1.);
#5441 = DIRECTION('',(0.,-1.));
#5442 = ( GEOMETRIC_REPRESENTATION_CONTEXT(2) 
PARAMETRIC_REPRESENTATION_CONTEXT() REPRESENTATION_CONTEXT('2D SPACE',''
  ) );
#5443 = ORIENTED_EDGE('',*,*,#5444,.T.);
#5444 = EDGE_CURVE('',#5422,#5372,#5445,.T.);
#5445 = SURFACE_CURVE('',#5446,(#5450,#5457),.PCURVE_S1.);
#5446 = LINE('',#5447,#5448);
#5447 = CARTESIAN_POINT('',(3.2,31.,1.5));
#5448 = VECTOR('',#5449,1.);
#5449 = DIRECTION('',(0.,-1.,0.));
#5450 = PCURVE('',#4994,#5451);
#5451 = DEFINITIONAL_REPRESENTATION('',(#5452),#5456);
#5452 = LINE('',#5453,#5454);
#5453 = CARTESIAN_POINT('',(0.,-1.8));
#5454 = VECTOR('',#5455,1.);
#5455 = DIRECTION('',(1.,0.));
#5456 = ( GEOMETRIC_REPRESENTATION_CONTEXT(2) 
PARAMETRIC_REPRESENTATION_CONTEXT() REPRESENTATION_CONTEXT('2D SPACE',''
  ) );
#5457 = PCURVE('',#5334,#5458);
#5458 = DEFINITIONAL_REPRESENTATION('',(#5459),#5463);
#5459 = LINE('',#5460,#5461);
#5460 = CARTESIAN_POINT('',(-31.,-1.5));
#5461 = VECTOR('',#5462,1.);
#5462 = DIRECTION('',(1.,0.));
#5463 = ( GEOMETRIC_REPRESENTATION_CONTEXT(2) 
PARAMETRIC_REPRESENTATION_CONTEXT() REPRESENTATION_CONTEXT('2D SPACE',''
  ) );
#5464 = ORIENTED_EDGE('',*,*,#5371,.F.);
#5465 = ADVANCED_FACE('',(#5466),#5099,.F.);
#5466 = FACE_BOUND('',#5467,.F.);
#5467 = EDGE_LOOP('',(#5468,#5469,#5470,#5492));
#5468 = ORIENTED_EDGE('',*,*,#5006,.F.);
#5469 = ORIENTED_EDGE('',*,*,#5346,.T.);
#5470 = ORIENTED_EDGE('',*,*,#5471,.T.);
#5471 = EDGE_CURVE('',#5319,#5422,#5472,.T.);
#5472 = SURFACE_CURVE('',#5473,(#5478,#5485),.PCURVE_S1.);
#5473 = CIRCLE('',#5474,1.5);
#5474 = AXIS2_PLACEMENT_3D('',#5475,#5476,#5477);
#5475 = CARTESIAN_POINT('',(3.2,31.,0.));
#5476 = DIRECTION('',(1.,-0.,0.));
#5477 = DIRECTION('',(0.,0.,-1.));
#5478 = PCURVE('',#5099,#5479);
#5479 = DEFINITIONAL_REPRESENTATION('',(#5480),#5484);
#5480 = LINE('',#5481,#5482);
#5481 = CARTESIAN_POINT('',(1.570796326795,-1.8));
#5482 = VECTOR('',#5483,1.);
#5483 = DIRECTION('',(1.,0.));
#5484 = ( GEOMETRIC_REPRESENTATION_CONTEXT(2) 
PARAMETRIC_REPRESENTATION_CONTEXT() REPRESENTATION_CONTEXT('2D SPACE',''
  ) );
#5485 = PCURVE('',#5334,#5486);
#5486 = DEFINITIONAL_REPRESENTATION('',(#5487),#5491);
#5487 = CIRCLE('',#5488,1.5);
#5488 = AXIS2_PLACEMENT_2D('',#5489,#5490);
#5489 = CARTESIAN_POINT('',(-31.,0.));
#5490 = DIRECTION('',(0.,1.));
#5491 = ( GEOMETRIC_REPRESENTATION_CONTEXT(2) 
PARAMETRIC_REPRESENTATION_CONTEXT() REPRESENTATION_CONTEXT('2D SPACE',''
  ) );
#5492 = ORIENTED_EDGE('',*,*,#5421,.F.);
#5493 = ADVANCED_FACE('',(#5494),#5196,.T.);
#5494 = FACE_BOUND('',#5495,.T.);
#5495 = EDGE_LOOP('',(#5496,#5497,#5498,#5499));
#5496 = ORIENTED_EDGE('',*,*,#5237,.T.);
#5497 = ORIENTED_EDGE('',*,*,#5181,.T.);
#5498 = ORIENTED_EDGE('',*,*,#5213,.F.);
#5499 = ORIENTED_EDGE('',*,*,#5500,.F.);
#5500 = EDGE_CURVE('',#5238,#5214,#5501,.T.);
#5501 = SURFACE_CURVE('',#5502,(#5507,#5514),.PCURVE_S1.);
#5502 = CIRCLE('',#5503,4.5);
#5503 = AXIS2_PLACEMENT_3D('',#5504,#5505,#5506);
#5504 = CARTESIAN_POINT('',(0.,35.,0.));
#5505 = DIRECTION('',(0.,1.,0.));
#5506 = DIRECTION('',(0.,0.,-1.));
#5507 = PCURVE('',#5196,#5508);
#5508 = DEFINITIONAL_REPRESENTATION('',(#5509),#5513);
#5509 = LINE('',#5510,#5511);
#5510 = CARTESIAN_POINT('',(6.28318530718,-0.249999999441));
#5511 = VECTOR('',#5512,1.);
#5512 = DIRECTION('',(-1.,0.));
#5513 = ( GEOMETRIC_REPRESENTATION_CONTEXT(2) 
PARAMETRIC_REPRESENTATION_CONTEXT() REPRESENTATION_CONTEXT('2D SPACE',''
  ) );
#5514 = PCURVE('',#5275,#5515);
#5515 = DEFINITIONAL_REPRESENTATION('',(#5516),#5524);
#5516 = ( BOUNDED_CURVE() B_SPLINE_CURVE(2,(#5517,#5518,#5519,#5520,
#5521,#5522,#5523),.UNSPECIFIED.,.T.,.F.) B_SPLINE_CURVE_WITH_KNOTS((1,2
    ,2,2,2,1),(-2.094395102393,0.,2.094395102393,4.188790204786,
6.28318530718,8.377580409573),.UNSPECIFIED.) CURVE() 
GEOMETRIC_REPRESENTATION_ITEM() RATIONAL_B_SPLINE_CURVE((1.,0.5,1.,0.5,
1.,0.5,1.)) REPRESENTATION_ITEM('') );
#5517 = CARTESIAN_POINT('',(-4.5,0.));
#5518 = CARTESIAN_POINT('',(-4.5,7.79422863406));
#5519 = CARTESIAN_POINT('',(2.25,3.89711431703));
#5520 = CARTESIAN_POINT('',(9.,1.102182119233E-15));
#5521 = CARTESIAN_POINT('',(2.25,-3.89711431703));
#5522 = CARTESIAN_POINT('',(-4.5,-7.79422863406));
#5523 = CARTESIAN_POINT('',(-4.5,0.));
#5524 = ( GEOMETRIC_REPRESENTATION_CONTEXT(2) 
PARAMETRIC_REPRESENTATION_CONTEXT() REPRESENTATION_CONTEXT('2D SPACE',''
  ) );
#5525 = ADVANCED_FACE('',(#5526),#5275,.F.);
#5526 = FACE_BOUND('',#5527,.F.);
#5527 = EDGE_LOOP('',(#5528,#5529));
#5528 = ORIENTED_EDGE('',*,*,#5260,.F.);
#5529 = ORIENTED_EDGE('',*,*,#5500,.F.);
#5530 = ADVANCED_FACE('',(#5531),#5334,.T.);
#5531 = FACE_BOUND('',#5532,.F.);
#5532 = EDGE_LOOP('',(#5533,#5534,#5535,#5536));
#5533 = ORIENTED_EDGE('',*,*,#5471,.F.);
#5534 = ORIENTED_EDGE('',*,*,#5318,.F.);
#5535 = ORIENTED_EDGE('',*,*,#5394,.F.);
#5536 = ORIENTED_EDGE('',*,*,#5444,.F.);
#5537 = ( GEOMETRIC_REPRESENTATION_CONTEXT(3) 
GLOBAL_UNCERTAINTY_ASSIGNED_CONTEXT((#5541)) 
GLOBAL_UNIT_ASSIGNED_CONTEXT((#5538,#5539,#5540)) REPRESENTATION_CONTEXT
('Context #1','3D Context with UNIT and UNCERTAINTY') );
#5538 = ( LENGTH_UNIT() NAMED_UNIT(*) SI_UNIT(.MILLI.,.METRE.) );
#5539 = ( NAMED_UNIT(*) PLANE_ANGLE_UNIT() SI_UNIT($,.RADIAN.) );
#5540 = ( NAMED_UNIT(*) SI_UNIT($,.STERADIAN.) SOLID_ANGLE_UNIT() );
#5541 = UNCERTAINTY_MEASURE_WITH_UNIT(LENGTH_MEASURE(5.E-06),#5538,
  'distance_accuracy_value','confusion accuracy');
#5542 = PRODUCT_RELATED_PRODUCT_CATEGORY('part',$,(#7));
ENDSEC;
END-ISO-10303-21;