ISO-10303-21;
HEADER;
FILE_DESCRIPTION(('Open CASCADE Model'),'2;1');
FILE_NAME('Open CASCADE Shape Model','2026-10-07T23:56:04',('Author'),(
    'Open CASCADE'),'Open CASCADE STEP processor 7.9','Open CASCADE 7.9'
  ,'Unknown');
FILE_SCHEMA(('AUTOMOTIVE_DESIGN { 1 0 10303 214 1 1 1 1 }'));
ENDSEC;
DATA;
#1 = APPLICATION_PROTOCOL_DEFINITION('international standard',
  'automotive_design',2000,#2);
#2 = APPLICATION_CONTEXT(
  'core data for automotive mechanical design processes');
#3 = SHAPE_DEFINITION_REPRESENTATION(#4,#10);
#4 = PRODUCT_DEFINITION_SHAPE('','',#5);
#5 = PRODUCT_DEFINITION('design','',#6,#9);
#6 = PRODUCT_DEFINITION_FORMATION('','',#7);
#7 = PRODUCT('Open CASCADE STEP translator 7.9 1',
  'Open CASCADE STEP translator 7.9 1','',(#8));
#8 = PRODUCT_CONTEXT('',#2,'mechanical');
#9 = PRODUCT_DEFINITION_CONTEXT('part definition',#2,'design');
#10 = ADVANCED_BREP_SHAPE_REPRESENTATION('',(#11,#15),#7323);
#11 = AXIS2_PLACEMENT_3D('',#12,#13,#14);
#12 = CARTESIAN_POINT('',(0.,0.,0.));
#13 = DIRECTION('',(0.,0.,1.));
#14 = DIRECTION('',(1.,0.,-0.));
#15 = MANIFOLD_SOLID_BREP('',#16);
#16 = CLOSED_SHELL('',(#17,#291,#295,#1224,#1279,#1312,#2847,#3929,#3977
    ,#4005,#4900,#5237,#5529,#5724,#5731,#6309,#6357,#6389,#6455,#6462,
    #6539,#6572,#6649,#6677,#6742,#6819,#6847,#6920,#7054,#7129,#7263,
    #7289,#7318));
#17 = ADVANCED_FACE('',(#18),#32,.T.);
#18 = FACE_BOUND('',#19,.T.);
#19 = EDGE_LOOP('',(#20,#50,#79,#136,#160,#189,#241,#263,#264));
#20 = ORIENTED_EDGE('',*,*,#21,.T.);
#21 = EDGE_CURVE('',#22,#24,#26,.T.);
#22 = VERTEX_POINT('',#23);
#23 = CARTESIAN_POINT('',(-9.797174393179E-16,-14.7999999,4.));
#24 = VERTEX_POINT('',#25);
#25 = CARTESIAN_POINT('',(-9.797174393179E-16,1.4900001,4.));
#26 = SEAM_CURVE('',#27,(#31,#43),.PCURVE_S1.);
#27 = LINE('',#28,#29);
#28 = CARTESIAN_POINT('',(-9.797174393179E-16,-14.7999999,4.));
#29 = VECTOR('',#30,1.);
#30 = DIRECTION('',(0.,1.,0.));
#31 = PCURVE('',#32,#37);
#32 = CYLINDRICAL_SURFACE('',#33,4.);
#33 = AXIS2_PLACEMENT_3D('',#34,#35,#36);
#34 = CARTESIAN_POINT('',(0.,-14.7999999,0.));
#35 = DIRECTION('',(0.,1.,0.));
#36 = DIRECTION('',(0.,-0.,1.));
#37 = DEFINITIONAL_REPRESENTATION('',(#38),#42);
#38 = LINE('',#39,#40);
#39 = CARTESIAN_POINT('',(6.28318530718,-0.));
#40 = VECTOR('',#41,1.);
#41 = DIRECTION('',(0.,1.));
#42 = ( GEOMETRIC_REPRESENTATION_CONTEXT(2) 
PARAMETRIC_REPRESENTATION_CONTEXT() REPRESENTATION_CONTEXT('2D SPACE',''
  ) );
#43 = PCURVE('',#32,#44);
#44 = DEFINITIONAL_REPRESENTATION('',(#45),#49);
#45 = LINE('',#46,#47);
#46 = CARTESIAN_POINT('',(0.,-0.));
#47 = VECTOR('',#48,1.);
#48 = DIRECTION('',(0.,1.));
#49 = ( GEOMETRIC_REPRESENTATION_CONTEXT(2) 
PARAMETRIC_REPRESENTATION_CONTEXT() REPRESENTATION_CONTEXT('2D SPACE',''
  ) );
#50 = ORIENTED_EDGE('',*,*,#51,.F.);
#51 = EDGE_CURVE('',#52,#24,#54,.T.);
#52 = VERTEX_POINT('',#53);
#53 = CARTESIAN_POINT('',(-3.160671150197,1.490000101944,2.451561068837)
  );
#54 = SURFACE_CURVE('',#55,(#60,#67),.PCURVE_S1.);
#55 = CIRCLE('',#56,4.);
#56 = AXIS2_PLACEMENT_3D('',#57,#58,#59);
#57 = CARTESIAN_POINT('',(0.,1.4900001,0.));
#58 = DIRECTION('',(0.,1.,0.));
#59 = DIRECTION('',(0.,-0.,1.));
#60 = PCURVE('',#32,#61);
#61 = DEFINITIONAL_REPRESENTATION('',(#62),#66);
#62 = LINE('',#63,#64);
#63 = CARTESIAN_POINT('',(0.,16.29));
#64 = VECTOR('',#65,1.);
#65 = DIRECTION('',(1.,0.));
#66 = ( GEOMETRIC_REPRESENTATION_CONTEXT(2) 
PARAMETRIC_REPRESENTATION_CONTEXT() REPRESENTATION_CONTEXT('2D SPACE',''
  ) );
#67 = PCURVE('',#68,#73);
#68 = PLANE('',#69);
#69 = AXIS2_PLACEMENT_3D('',#70,#71,#72);
#70 = CARTESIAN_POINT('',(0.,1.4900001,0.));
#71 = DIRECTION('',(0.,1.,0.));
#72 = DIRECTION('',(0.,-0.,1.));
#73 = DEFINITIONAL_REPRESENTATION('',(#74),#78);
#74 = CIRCLE('',#75,4.);
#75 = AXIS2_PLACEMENT_2D('',#76,#77);
#76 = CARTESIAN_POINT('',(0.,0.));
#77 = DIRECTION('',(1.,0.));
#78 = ( GEOMETRIC_REPRESENTATION_CONTEXT(2) 
PARAMETRIC_REPRESENTATION_CONTEXT() REPRESENTATION_CONTEXT('2D SPACE',''
  ) );
#79 = ORIENTED_EDGE('',*,*,#80,.F.);
#80 = EDGE_CURVE('',#81,#52,#83,.T.);
#81 = VERTEX_POINT('',#82);
#82 = CARTESIAN_POINT('',(-3.671049124295,1.4700001,1.588509702378));
#83 = SURFACE_CURVE('',#84,(#111,#121),.PCURVE_S1.);
#84 = B_SPLINE_CURVE_WITH_KNOTS('',3,(#85,#86,#87,#88,#89,#90,#91,#92,
    #93,#94,#95,#96,#97,#98,#99,#100,#101,#102,#103,#104,#105,#106,#107,
    #108,#109,#110),.UNSPECIFIED.,.F.,.F.,(4,1,1,1,1,1,1,1,1,1,1,1,1,1,1
    ,1,1,1,1,1,1,1,1,4),(0.,4.347826086957E-02,8.695652173913E-02,
    0.130434782609,0.173913043478,0.217391304348,0.260869565217,
    0.304347826087,0.347826086957,0.391304347826,0.434782608696,
    0.478260869565,0.521739130435,0.565217391304,0.608695652174,
    0.652173913044,0.695652173913,0.739130434783,0.782608695652,
    0.826086956522,0.869565217391,0.913043478261,0.95652173913,1.),
  .UNSPECIFIED.);
#85 = CARTESIAN_POINT('',(-4.,1.43750183336,0.));
#86 = CARTESIAN_POINT('',(-4.,1.441111165004,0.181424796445));
#87 = CARTESIAN_POINT('',(-3.975330450018,1.448355892296,0.545600655583)
  );
#88 = CARTESIAN_POINT('',(-3.862629551556,1.459341814482,1.087544534116)
  );
#89 = CARTESIAN_POINT('',(-3.67598363115,1.470324650199,1.608477119682)
  );
#90 = CARTESIAN_POINT('',(-3.424309823733,1.481128249069,2.091115068539)
  );
#91 = CARTESIAN_POINT('',(-3.10752763531,1.492010599604,2.53861152874));
#92 = CARTESIAN_POINT('',(-2.728706748217,1.502995884075,2.94217685398)
  );
#93 = CARTESIAN_POINT('',(-2.298801395429,1.513955138021,3.288699526946)
  );
#94 = CARTESIAN_POINT('',(-1.832406964402,1.524758948943,3.569333270139)
  );
#95 = CARTESIAN_POINT('',(-1.333458690162,1.535542664366,3.784307266154)
  );
#96 = CARTESIAN_POINT('',(-0.804991608134,1.546428095752,3.931004653502)
  );
#97 = CARTESIAN_POINT('',(-0.260751064971,1.557326767905,4.003877496682)
  );
#98 = CARTESIAN_POINT('',(0.282576956363,1.568110688187,4.002378103089)
  );
#99 = CARTESIAN_POINT('',(0.824374002334,1.578969203908,3.926756259497)
  );
#100 = CARTESIAN_POINT('',(1.347520421348,1.5897570039,3.779292510492));
#101 = CARTESIAN_POINT('',(1.848659744212,1.600606420748,3.561076895422)
  );
#102 = CARTESIAN_POINT('',(2.31318673306,1.6113981128,3.278496563271));
#103 = CARTESIAN_POINT('',(2.739885002239,1.622313862982,2.93153381949)
  );
#104 = CARTESIAN_POINT('',(3.113595275303,1.633190480976,2.530716765077)
  );
#105 = CARTESIAN_POINT('',(3.426854842304,1.64397594865,2.086730343581)
  );
#106 = CARTESIAN_POINT('',(3.677579089265,1.65476120544,1.604655517507)
  );
#107 = CARTESIAN_POINT('',(3.862932509426,1.665691523108,1.086072756957)
  );
#108 = CARTESIAN_POINT('',(3.975347692747,1.676654405633,0.545268822448)
  );
#109 = CARTESIAN_POINT('',(4.,1.683892635609,0.181418066238));
#110 = CARTESIAN_POINT('',(4.,1.68750183336,0.));
#111 = PCURVE('',#32,#112);
#112 = DEFINITIONAL_REPRESENTATION('',(#113),#120);
#113 = B_SPLINE_CURVE_WITH_KNOTS('',5,(#114,#115,#116,#117,#118,#119),
  .UNSPECIFIED.,.F.,.F.,(6,6),(0.129258891658,0.209321412589),
  .PIECEWISE_BEZIER_KNOTS.);
#114 = CARTESIAN_POINT('',(5.12077420312,16.27));
#115 = CARTESIAN_POINT('',(5.171211151,16.274013598379));
#116 = CARTESIAN_POINT('',(5.22123170454,16.277994477219));
#117 = CARTESIAN_POINT('',(5.271244401856,16.281973867429));
#118 = CARTESIAN_POINT('',(5.321588137035,16.285980097363));
#119 = CARTESIAN_POINT('',(5.372102343748,16.290000003887));
#120 = ( GEOMETRIC_REPRESENTATION_CONTEXT(2) 
PARAMETRIC_REPRESENTATION_CONTEXT() REPRESENTATION_CONTEXT('2D SPACE',''
  ) );
#121 = PCURVE('',#122,#127);
#122 = CYLINDRICAL_SURFACE('',#123,4.);
#123 = AXIS2_PLACEMENT_3D('',#124,#125,#126);
#124 = CARTESIAN_POINT('',(0.,-14.7999999,0.));
#125 = DIRECTION('',(0.,1.,0.));
#126 = DIRECTION('',(0.,-0.,1.));
#127 = DEFINITIONAL_REPRESENTATION('',(#128),#135);
#128 = B_SPLINE_CURVE_WITH_KNOTS('',5,(#129,#130,#131,#132,#133,#134),
  .UNSPECIFIED.,.F.,.F.,(6,6),(0.129258891658,0.209321412589),
  .PIECEWISE_BEZIER_KNOTS.);
#129 = CARTESIAN_POINT('',(5.12077420312,16.27));
#130 = CARTESIAN_POINT('',(5.171211151,16.274013598379));
#131 = CARTESIAN_POINT('',(5.22123170454,16.277994477219));
#132 = CARTESIAN_POINT('',(5.271244401856,16.281973867429));
#133 = CARTESIAN_POINT('',(5.321588137035,16.285980097363));
#134 = CARTESIAN_POINT('',(5.372102343748,16.290000003887));
#135 = ( GEOMETRIC_REPRESENTATION_CONTEXT(2) 
PARAMETRIC_REPRESENTATION_CONTEXT() REPRESENTATION_CONTEXT('2D SPACE',''
  ) );
#136 = ORIENTED_EDGE('',*,*,#137,.T.);
#137 = EDGE_CURVE('',#81,#138,#140,.T.);
#138 = VERTEX_POINT('',#139);
#139 = CARTESIAN_POINT('',(-4.,1.4700001,1.462498695361E-15));
#140 = SURFACE_CURVE('',#141,(#146,#153),.PCURVE_S1.);
#141 = CIRCLE('',#142,4.);
#142 = AXIS2_PLACEMENT_3D('',#143,#144,#145);
#143 = CARTESIAN_POINT('',(0.,1.4700001,0.));
#144 = DIRECTION('',(0.,-1.,0.));
#145 = DIRECTION('',(-1.,0.,0.));
#146 = PCURVE('',#32,#147);
#147 = DEFINITIONAL_REPRESENTATION('',(#148),#152);
#148 = LINE('',#149,#150);
#149 = CARTESIAN_POINT('',(10.995574287564,16.27));
#150 = VECTOR('',#151,1.);
#151 = DIRECTION('',(-1.,0.));
#152 = ( GEOMETRIC_REPRESENTATION_CONTEXT(2) 
PARAMETRIC_REPRESENTATION_CONTEXT() REPRESENTATION_CONTEXT('2D SPACE',''
  ) );
#153 = PCURVE('',#122,#154);
#154 = DEFINITIONAL_REPRESENTATION('',(#155),#159);
#155 = LINE('',#156,#157);
#156 = CARTESIAN_POINT('',(10.995574287564,16.27));
#157 = VECTOR('',#158,1.);
#158 = DIRECTION('',(-1.,0.));
#159 = ( GEOMETRIC_REPRESENTATION_CONTEXT(2) 
PARAMETRIC_REPRESENTATION_CONTEXT() REPRESENTATION_CONTEXT('2D SPACE',''
  ) );
#160 = ORIENTED_EDGE('',*,*,#161,.T.);
#161 = EDGE_CURVE('',#138,#162,#164,.T.);
#162 = VERTEX_POINT('',#163);
#163 = CARTESIAN_POINT('',(-1.588667105596,1.4700001,-3.670962647385));
#164 = SURFACE_CURVE('',#165,(#170,#177),.PCURVE_S1.);
#165 = CIRCLE('',#166,4.);
#166 = AXIS2_PLACEMENT_3D('',#167,#168,#169);
#167 = CARTESIAN_POINT('',(0.,1.4700001,0.));
#168 = DIRECTION('',(0.,-1.,0.));
#169 = DIRECTION('',(-1.,0.,0.));
#170 = PCURVE('',#32,#171);
#171 = DEFINITIONAL_REPRESENTATION('',(#172),#176);
#172 = LINE('',#173,#174);
#173 = CARTESIAN_POINT('',(4.712388980385,16.27));
#174 = VECTOR('',#175,1.);
#175 = DIRECTION('',(-1.,0.));
#176 = ( GEOMETRIC_REPRESENTATION_CONTEXT(2) 
PARAMETRIC_REPRESENTATION_CONTEXT() REPRESENTATION_CONTEXT('2D SPACE',''
  ) );
#177 = PCURVE('',#178,#183);
#178 = CYLINDRICAL_SURFACE('',#179,4.);
#179 = AXIS2_PLACEMENT_3D('',#180,#181,#182);
#180 = CARTESIAN_POINT('',(0.,-14.7999999,0.));
#181 = DIRECTION('',(0.,1.,0.));
#182 = DIRECTION('',(0.,-0.,1.));
#183 = DEFINITIONAL_REPRESENTATION('',(#184),#188);
#184 = LINE('',#185,#186);
#185 = CARTESIAN_POINT('',(4.712388980385,16.27));
#186 = VECTOR('',#187,1.);
#187 = DIRECTION('',(-1.,0.));
#188 = ( GEOMETRIC_REPRESENTATION_CONTEXT(2) 
PARAMETRIC_REPRESENTATION_CONTEXT() REPRESENTATION_CONTEXT('2D SPACE',''
  ) );
#189 = ORIENTED_EDGE('',*,*,#190,.F.);
#190 = EDGE_CURVE('',#191,#162,#193,.T.);
#191 = VERTEX_POINT('',#192);
#192 = CARTESIAN_POINT('',(-2.451678374229,1.489999932391,
    -3.160554286854));
#193 = SURFACE_CURVE('',#194,(#221,#231),.PCURVE_S1.);
#194 = B_SPLINE_CURVE_WITH_KNOTS('',3,(#195,#196,#197,#198,#199,#200,
    #201,#202,#203,#204,#205,#206,#207,#208,#209,#210,#211,#212,#213,
    #214,#215,#216,#217,#218,#219,#220),.UNSPECIFIED.,.F.,.F.,(4,1,1,1,1
    ,1,1,1,1,1,1,1,1,1,1,1,1,1,1,1,1,1,1,4),(0.,4.347826086957E-02,
    8.695652173913E-02,0.130434782609,0.173913043478,0.217391304348,
    0.260869565217,0.304347826087,0.347826086957,0.391304347826,
    0.434782608696,0.478260869565,0.521739130435,0.565217391304,
    0.608695652174,0.652173913044,0.695652173913,0.739130434783,
    0.782608695652,0.826086956522,0.869565217391,0.913043478261,
    0.95652173913,1.),.UNSPECIFIED.);
#195 = CARTESIAN_POINT('',(-4.,1.56249816664,0.));
#196 = CARTESIAN_POINT('',(-4.,1.558908197094,-0.180451551211));
#197 = CARTESIAN_POINT('',(-3.975550726276,1.551703236243,
    -0.542620703118));
#198 = CARTESIAN_POINT('',(-3.864482828203,1.540806577234,
    -1.080291994944));
#199 = CARTESIAN_POINT('',(-3.679764191059,1.529863157844,
    -1.599789946989));
#200 = CARTESIAN_POINT('',(-3.428871054507,1.519044633072,
    -2.083695058505));
#201 = CARTESIAN_POINT('',(-3.114056986799,1.50820181548,-2.530115622424
    ));
#202 = CARTESIAN_POINT('',(-2.743150060869,1.497402685446,
    -2.928203036411));
#203 = CARTESIAN_POINT('',(-2.318938982976,1.486534569417,
    -3.274389745976));
#204 = CARTESIAN_POINT('',(-1.854817718989,1.475740026635,
    -3.557899291344));
#205 = CARTESIAN_POINT('',(-1.352032205073,1.464846613365,
    -3.777963167564));
#206 = CARTESIAN_POINT('',(-0.822683102067,1.453930791493,
    -3.927207862743));
#207 = CARTESIAN_POINT('',(-0.283435016687,1.443124396733,
    -4.002193380207));
#208 = CARTESIAN_POINT('',(0.260306202629,1.432331947826,-4.004009995646
    ));
#209 = CARTESIAN_POINT('',(0.807485499849,1.421374530481,-3.930668767681
    ));
#210 = CARTESIAN_POINT('',(1.341229315162,1.410378378751,-3.781969191178
    ));
#211 = CARTESIAN_POINT('',(1.846768705476,1.399436181501,-3.562084189155
    ));
#212 = CARTESIAN_POINT('',(2.310458097004,1.388667731717,-3.280389215424
    ));
#213 = CARTESIAN_POINT('',(2.738980718926,1.377713940511,-2.932627228843
    ));
#214 = CARTESIAN_POINT('',(3.116254482104,1.366732830999,-2.527894745418
    ));
#215 = CARTESIAN_POINT('',(3.432009646597,1.355833253734,-2.078597592625
    ));
#216 = CARTESIAN_POINT('',(3.681427974341,1.345039157181,-1.595350337487
    ));
#217 = CARTESIAN_POINT('',(3.8636962581,1.334234081433,-1.082388493865)
  );
#218 = CARTESIAN_POINT('',(3.97534623208,1.323334373763,-0.544703832101)
  );
#219 = CARTESIAN_POINT('',(4.,1.316109156708,-0.181508157947));
#220 = CARTESIAN_POINT('',(4.,1.31249816664,0.));
#221 = PCURVE('',#32,#222);
#222 = DEFINITIONAL_REPRESENTATION('',(#223),#230);
#223 = B_SPLINE_CURVE_WITH_KNOTS('',5,(#224,#225,#226,#227,#228,#229),
  .UNSPECIFIED.,.F.,.F.,(6,6),(0.290499235688,0.37072637868),
  .PIECEWISE_BEZIER_KNOTS.);
#224 = CARTESIAN_POINT('',(3.801347096016,16.289999664783));
#225 = CARTESIAN_POINT('',(3.751041458881,16.2859964388));
#226 = CARTESIAN_POINT('',(3.700804004443,16.281998757552));
#227 = CARTESIAN_POINT('',(3.650912315765,16.278028167159));
#228 = CARTESIAN_POINT('',(3.600504198798,16.274017218516));
#229 = CARTESIAN_POINT('',(3.550022576884,16.27));
#230 = ( GEOMETRIC_REPRESENTATION_CONTEXT(2) 
PARAMETRIC_REPRESENTATION_CONTEXT() REPRESENTATION_CONTEXT('2D SPACE',''
  ) );
#231 = PCURVE('',#178,#232);
#232 = DEFINITIONAL_REPRESENTATION('',(#233),#240);
#233 = B_SPLINE_CURVE_WITH_KNOTS('',5,(#234,#235,#236,#237,#238,#239),
  .UNSPECIFIED.,.F.,.F.,(6,6),(0.290499235688,0.37072637868),
  .PIECEWISE_BEZIER_KNOTS.);
#234 = CARTESIAN_POINT('',(3.801347096016,16.289999664783));
#235 = CARTESIAN_POINT('',(3.751041458881,16.2859964388));
#236 = CARTESIAN_POINT('',(3.700804004443,16.281998757552));
#237 = CARTESIAN_POINT('',(3.650912315765,16.278028167159));
#238 = CARTESIAN_POINT('',(3.600504198798,16.274017218516));
#239 = CARTESIAN_POINT('',(3.550022576884,16.27));
#240 = ( GEOMETRIC_REPRESENTATION_CONTEXT(2) 
PARAMETRIC_REPRESENTATION_CONTEXT() REPRESENTATION_CONTEXT('2D SPACE',''
  ) );
#241 = ORIENTED_EDGE('',*,*,#242,.F.);
#242 = EDGE_CURVE('',#24,#191,#243,.T.);
#243 = SURFACE_CURVE('',#244,(#249,#256),.PCURVE_S1.);
#244 = CIRCLE('',#245,4.);
#245 = AXIS2_PLACEMENT_3D('',#246,#247,#248);
#246 = CARTESIAN_POINT('',(0.,1.4900001,0.));
#247 = DIRECTION('',(0.,1.,0.));
#248 = DIRECTION('',(0.,-0.,1.));
#249 = PCURVE('',#32,#250);
#250 = DEFINITIONAL_REPRESENTATION('',(#251),#255);
#251 = LINE('',#252,#253);
#252 = CARTESIAN_POINT('',(0.,16.29));
#253 = VECTOR('',#254,1.);
#254 = DIRECTION('',(1.,0.));
#255 = ( GEOMETRIC_REPRESENTATION_CONTEXT(2) 
PARAMETRIC_REPRESENTATION_CONTEXT() REPRESENTATION_CONTEXT('2D SPACE',''
  ) );
#256 = PCURVE('',#68,#257);
#257 = DEFINITIONAL_REPRESENTATION('',(#258),#262);
#258 = CIRCLE('',#259,4.);
#259 = AXIS2_PLACEMENT_2D('',#260,#261);
#260 = CARTESIAN_POINT('',(0.,0.));
#261 = DIRECTION('',(1.,0.));
#262 = ( GEOMETRIC_REPRESENTATION_CONTEXT(2) 
PARAMETRIC_REPRESENTATION_CONTEXT() REPRESENTATION_CONTEXT('2D SPACE',''
  ) );
#263 = ORIENTED_EDGE('',*,*,#21,.F.);
#264 = ORIENTED_EDGE('',*,*,#265,.T.);
#265 = EDGE_CURVE('',#22,#22,#266,.T.);
#266 = SURFACE_CURVE('',#267,(#272,#279),.PCURVE_S1.);
#267 = CIRCLE('',#268,4.);
#268 = AXIS2_PLACEMENT_3D('',#269,#270,#271);
#269 = CARTESIAN_POINT('',(0.,-14.7999999,0.));
#270 = DIRECTION('',(0.,1.,0.));
#271 = DIRECTION('',(0.,-0.,1.));
#272 = PCURVE('',#32,#273);
#273 = DEFINITIONAL_REPRESENTATION('',(#274),#278);
#274 = LINE('',#275,#276);
#275 = CARTESIAN_POINT('',(0.,0.));
#276 = VECTOR('',#277,1.);
#277 = DIRECTION('',(1.,0.));
#278 = ( GEOMETRIC_REPRESENTATION_CONTEXT(2) 
PARAMETRIC_REPRESENTATION_CONTEXT() REPRESENTATION_CONTEXT('2D SPACE',''
  ) );
#279 = PCURVE('',#280,#285);
#280 = PLANE('',#281);
#281 = AXIS2_PLACEMENT_3D('',#282,#283,#284);
#282 = CARTESIAN_POINT('',(0.,-14.7999999,0.));
#283 = DIRECTION('',(0.,1.,0.));
#284 = DIRECTION('',(0.,-0.,1.));
#285 = DEFINITIONAL_REPRESENTATION('',(#286),#290);
#286 = CIRCLE('',#287,4.);
#287 = AXIS2_PLACEMENT_2D('',#288,#289);
#288 = CARTESIAN_POINT('',(0.,0.));
#289 = DIRECTION('',(1.,0.));
#290 = ( GEOMETRIC_REPRESENTATION_CONTEXT(2) 
PARAMETRIC_REPRESENTATION_CONTEXT() REPRESENTATION_CONTEXT('2D SPACE',''
  ) );
#291 = ADVANCED_FACE('',(#292),#280,.F.);
#292 = FACE_BOUND('',#293,.T.);
#293 = EDGE_LOOP('',(#294));
#294 = ORIENTED_EDGE('',*,*,#265,.F.);
#295 = ADVANCED_FACE('',(#296),#68,.T.);
#296 = FACE_BOUND('',#297,.T.);
#297 = EDGE_LOOP('',(#298,#299,#300,#757));
#298 = ORIENTED_EDGE('',*,*,#51,.T.);
#299 = ORIENTED_EDGE('',*,*,#242,.T.);
#300 = ORIENTED_EDGE('',*,*,#301,.F.);
#301 = EDGE_CURVE('',#302,#191,#304,.T.);
#302 = VERTEX_POINT('',#303);
#303 = CARTESIAN_POINT('',(3.646253779102,1.4900001,0.460624242016));
#304 = SURFACE_CURVE('',#305,(#364,#426),.PCURVE_S1.);
#305 = B_SPLINE_CURVE_WITH_KNOTS('',5,(#306,#307,#308,#309,#310,#311,
    #312,#313,#314,#315,#316,#317,#318,#319,#320,#321,#322,#323,#324,
    #325,#326,#327,#328,#329,#330,#331,#332,#333,#334,#335,#336,#337,
    #338,#339,#340,#341,#342,#343,#344,#345,#346,#347,#348,#349,#350,
    #351,#352,#353,#354,#355,#356,#357,#358,#359,#360,#361,#362,#363),
  .UNSPECIFIED.,.F.,.F.,(6,4,4,4,4,4,4,4,4,4,4,4,4,4,6),(0.,
    5.378089114096E-02,0.137856227846,0.19328406603,0.278410881452,
    0.335514600892,0.421700405599,0.478510982843,0.565748488626,
    0.623248203899,0.711537523136,0.770749690389,0.859067656402,
    0.918981185861,1.),.UNSPECIFIED.);
#306 = CARTESIAN_POINT('',(3.646358612537,1.4900001,0.459275570436));
#307 = CARTESIAN_POINT('',(3.662148027375,1.4900001,0.36324364337));
#308 = CARTESIAN_POINT('',(3.674770119176,1.4900001,0.266690271591));
#309 = CARTESIAN_POINT('',(3.68420140248,1.4900001,0.169753937285));
#310 = CARTESIAN_POINT('',(3.690418257267,1.4900001,7.257500200023E-02)
  );
#311 = CARTESIAN_POINT('',(3.698053468125,1.4900001,-0.17678041814));
#312 = CARTESIAN_POINT('',(3.694797502755,1.4900001,-0.329098252905));
#313 = CARTESIAN_POINT('',(3.683722976918,1.4900001,-0.481113233039));
#314 = CARTESIAN_POINT('',(3.664928250658,1.4900001,-0.632298089282));
#315 = CARTESIAN_POINT('',(3.621081905053,1.4900001,-0.880928534408));
#316 = CARTESIAN_POINT('',(3.60034463963,1.4900001,-0.979131024234));
#317 = CARTESIAN_POINT('',(3.576317027987,1.4900001,-1.076601695475));
#318 = CARTESIAN_POINT('',(3.54902531965,1.4900001,-1.173190932693));
#319 = CARTESIAN_POINT('',(3.471609326254,1.4900001,-1.415503759709));
#320 = CARTESIAN_POINT('',(3.417086237379,1.4900001,-1.559819973855));
#321 = CARTESIAN_POINT('',(3.355200695199,1.4900001,-1.701207630173));
#322 = CARTESIAN_POINT('',(3.286224993288,1.4900001,-1.839196664614));
#323 = CARTESIAN_POINT('',(3.159565273589,1.4900001,-2.063307326473));
#324 = CARTESIAN_POINT('',(3.105639629055,1.4900001,-2.151548609806));
#325 = CARTESIAN_POINT('',(3.048719040018,1.4900001,-2.237914333654));
#326 = CARTESIAN_POINT('',(2.988883205511,1.4900001,-2.322263398174));
#327 = CARTESIAN_POINT('',(2.831625935725,1.4900001,-2.5285003464));
#328 = CARTESIAN_POINT('',(2.730586472127,1.4900001,-2.647626885512));
#329 = CARTESIAN_POINT('',(2.623520769529,1.4900001,-2.761459633817));
#330 = CARTESIAN_POINT('',(2.510847337929,1.4900001,-2.869642112827));
#331 = CARTESIAN_POINT('',(2.315265217717,1.4900001,-3.039180555505));
#332 = CARTESIAN_POINT('',(2.235301896955,1.4900001,-3.10392839492));
#333 = CARTESIAN_POINT('',(2.153193229174,1.4900001,-3.165967682049));
#334 = CARTESIAN_POINT('',(2.069056669528,1.4900001,-3.225196177019));
#335 = CARTESIAN_POINT('',(1.850881400112,1.4900001,-3.367985720824));
#336 = CARTESIAN_POINT('',(1.71425339557,1.4900001,-3.447586720672));
#337 = CARTESIAN_POINT('',(1.573660059696,1.4900001,-3.520101440344));
#338 = CARTESIAN_POINT('',(1.42962132046,1.4900001,-3.585331198242));
#339 = CARTESIAN_POINT('',(1.185758861129,1.4900001,-3.681140688852));
#340 = CARTESIAN_POINT('',(1.087601782457,1.4900001,-3.715951834163));
#341 = CARTESIAN_POINT('',(0.988311371065,1.4900001,-3.747454695803));
#342 = CARTESIAN_POINT('',(0.888034200955,1.4900001,-3.775591435265));
#343 = CARTESIAN_POINT('',(0.631658842678,1.4900001,-3.83824847441));
#344 = CARTESIAN_POINT('',(0.474425588955,1.4900001,-3.86811532704));
#345 = CARTESIAN_POINT('',(0.315798945715,1.4900001,-3.889881540441));
#346 = CARTESIAN_POINT('',(0.156342359241,1.4900001,-3.903533590439));
#347 = CARTESIAN_POINT('',(-0.110532394162,1.4900001,-3.912753293496));
#348 = CARTESIAN_POINT('',(-0.217792033855,1.4900001,-3.91279615481));
#349 = CARTESIAN_POINT('',(-0.325012973716,1.4900001,-3.909174728595));
#350 = CARTESIAN_POINT('',(-0.432027289065,1.4900001,-3.901883069262));
#351 = CARTESIAN_POINT('',(-0.697720008639,1.4900001,-3.874556384621));
#352 = CARTESIAN_POINT('',(-0.855933314465,1.4900001,-3.850019997136));
#353 = CARTESIAN_POINT('',(-1.012763330801,1.4900001,-3.817474977941));
#354 = CARTESIAN_POINT('',(-1.167686619811,1.4900001,-3.777092323913));
#355 = CARTESIAN_POINT('',(-1.423654268,1.4900001,-3.696429021634));
#356 = CARTESIAN_POINT('',(-1.526000863936,1.4900001,-3.66029313823));
#357 = CARTESIAN_POINT('',(-1.627074764277,1.4900001,-3.620674787442));
#358 = CARTESIAN_POINT('',(-1.726713833649,1.4900001,-3.577625015752));
#359 = CARTESIAN_POINT('',(-1.957329569246,1.4900001,-3.468411113952));
#360 = CARTESIAN_POINT('',(-2.086978168036,1.4900001,-3.39944601264));
#361 = CARTESIAN_POINT('',(-2.21335608356,1.4900001,-3.324556920315));
#362 = CARTESIAN_POINT('',(-2.336133189767,1.4900001,-3.24399793398));
#363 = CARTESIAN_POINT('',(-2.454987898679,1.4900001,-3.158012075627));
#364 = PCURVE('',#68,#365);
#365 = DEFINITIONAL_REPRESENTATION('',(#366),#425);
#366 = B_SPLINE_CURVE_WITH_KNOTS('',5,(#367,#368,#369,#370,#371,#372,
    #373,#374,#375,#376,#377,#378,#379,#380,#381,#382,#383,#384,#385,
    #386,#387,#388,#389,#390,#391,#392,#393,#394,#395,#396,#397,#398,
    #399,#400,#401,#402,#403,#404,#405,#406,#407,#408,#409,#410,#411,
    #412,#413,#414,#415,#416,#417,#418,#419,#420,#421,#422,#423,#424),
  .UNSPECIFIED.,.F.,.F.,(6,4,4,4,4,4,4,4,4,4,4,4,4,4,6),(0.,
    5.378089114096E-02,0.137856227846,0.19328406603,0.278410881452,
    0.335514600892,0.421700405599,0.478510982843,0.565748488626,
    0.623248203899,0.711537523136,0.770749690389,0.859067656402,
    0.918981185861,1.),.UNSPECIFIED.);
#367 = CARTESIAN_POINT('',(0.459275570436,3.646358612537));
#368 = CARTESIAN_POINT('',(0.36324364337,3.662148027375));
#369 = CARTESIAN_POINT('',(0.266690271591,3.674770119176));
#370 = CARTESIAN_POINT('',(0.169753937285,3.68420140248));
#371 = CARTESIAN_POINT('',(7.257500200023E-02,3.690418257267));
#372 = CARTESIAN_POINT('',(-0.17678041814,3.698053468125));
#373 = CARTESIAN_POINT('',(-0.329098252905,3.694797502755));
#374 = CARTESIAN_POINT('',(-0.481113233039,3.683722976918));
#375 = CARTESIAN_POINT('',(-0.632298089282,3.664928250658));
#376 = CARTESIAN_POINT('',(-0.880928534408,3.621081905053));
#377 = CARTESIAN_POINT('',(-0.979131024234,3.60034463963));
#378 = CARTESIAN_POINT('',(-1.076601695475,3.576317027987));
#379 = CARTESIAN_POINT('',(-1.173190932693,3.54902531965));
#380 = CARTESIAN_POINT('',(-1.415503759709,3.471609326254));
#381 = CARTESIAN_POINT('',(-1.559819973855,3.417086237379));
#382 = CARTESIAN_POINT('',(-1.701207630173,3.355200695199));
#383 = CARTESIAN_POINT('',(-1.839196664614,3.286224993288));
#384 = CARTESIAN_POINT('',(-2.063307326473,3.159565273589));
#385 = CARTESIAN_POINT('',(-2.151548609806,3.105639629055));
#386 = CARTESIAN_POINT('',(-2.237914333654,3.048719040018));
#387 = CARTESIAN_POINT('',(-2.322263398174,2.988883205511));
#388 = CARTESIAN_POINT('',(-2.5285003464,2.831625935725));
#389 = CARTESIAN_POINT('',(-2.647626885512,2.730586472127));
#390 = CARTESIAN_POINT('',(-2.761459633817,2.623520769529));
#391 = CARTESIAN_POINT('',(-2.869642112827,2.510847337929));
#392 = CARTESIAN_POINT('',(-3.039180555505,2.315265217717));
#393 = CARTESIAN_POINT('',(-3.10392839492,2.235301896955));
#394 = CARTESIAN_POINT('',(-3.165967682049,2.153193229174));
#395 = CARTESIAN_POINT('',(-3.225196177019,2.069056669528));
#396 = CARTESIAN_POINT('',(-3.367985720824,1.850881400112));
#397 = CARTESIAN_POINT('',(-3.447586720672,1.71425339557));
#398 = CARTESIAN_POINT('',(-3.520101440344,1.573660059696));
#399 = CARTESIAN_POINT('',(-3.585331198242,1.42962132046));
#400 = CARTESIAN_POINT('',(-3.681140688852,1.185758861129));
#401 = CARTESIAN_POINT('',(-3.715951834163,1.087601782457));
#402 = CARTESIAN_POINT('',(-3.747454695803,0.988311371065));
#403 = CARTESIAN_POINT('',(-3.775591435265,0.888034200955));
#404 = CARTESIAN_POINT('',(-3.83824847441,0.631658842678));
#405 = CARTESIAN_POINT('',(-3.86811532704,0.474425588955));
#406 = CARTESIAN_POINT('',(-3.889881540441,0.315798945715));
#407 = CARTESIAN_POINT('',(-3.903533590439,0.156342359241));
#408 = CARTESIAN_POINT('',(-3.912753293496,-0.110532394162));
#409 = CARTESIAN_POINT('',(-3.91279615481,-0.217792033855));
#410 = CARTESIAN_POINT('',(-3.909174728595,-0.325012973716));
#411 = CARTESIAN_POINT('',(-3.901883069262,-0.432027289065));
#412 = CARTESIAN_POINT('',(-3.874556384621,-0.697720008639));
#413 = CARTESIAN_POINT('',(-3.850019997136,-0.855933314465));
#414 = CARTESIAN_POINT('',(-3.817474977941,-1.012763330801));
#415 = CARTESIAN_POINT('',(-3.777092323913,-1.167686619811));
#416 = CARTESIAN_POINT('',(-3.696429021634,-1.423654268));
#417 = CARTESIAN_POINT('',(-3.66029313823,-1.526000863936));
#418 = CARTESIAN_POINT('',(-3.620674787442,-1.627074764277));
#419 = CARTESIAN_POINT('',(-3.577625015752,-1.726713833649));
#420 = CARTESIAN_POINT('',(-3.468411113952,-1.957329569246));
#421 = CARTESIAN_POINT('',(-3.39944601264,-2.086978168036));
#422 = CARTESIAN_POINT('',(-3.324556920315,-2.21335608356));
#423 = CARTESIAN_POINT('',(-3.24399793398,-2.336133189767));
#424 = CARTESIAN_POINT('',(-3.158012075627,-2.454987898679));
#425 = ( GEOMETRIC_REPRESENTATION_CONTEXT(2) 
PARAMETRIC_REPRESENTATION_CONTEXT() REPRESENTATION_CONTEXT('2D SPACE',''
  ) );
#426 = PCURVE('',#427,#696);
#427 = B_SPLINE_SURFACE_WITH_KNOTS('',3,3,(
    (#428,#429,#430,#431,#432,#433,#434,#435,#436,#437,#438,#439,#440
      ,#441,#442,#443,#444,#445,#446,#447,#448,#449,#450,#451,#452,#453
      ,#454,#455,#456,#457,#458,#459,#460,#461,#462,#463,#464,#465,#466
      ,#467,#468,#469,#470,#471,#472,#473,#474,#475,#476,#477,#478,#479
      ,#480,#481,#482,#483,#484,#485,#486,#487,#488,#489,#490,#491,#492
      ,#493,#494)
    ,(#495,#496,#497,#498,#499,#500,#501,#502,#503,#504,#505,#506,#507
      ,#508,#509,#510,#511,#512,#513,#514,#515,#516,#517,#518,#519,#520
      ,#521,#522,#523,#524,#525,#526,#527,#528,#529,#530,#531,#532,#533
      ,#534,#535,#536,#537,#538,#539,#540,#541,#542,#543,#544,#545,#546
      ,#547,#548,#549,#550,#551,#552,#553,#554,#555,#556,#557,#558,#559
      ,#560,#561)
    ,(#562,#563,#564,#565,#566,#567,#568,#569,#570,#571,#572,#573,#574
      ,#575,#576,#577,#578,#579,#580,#581,#582,#583,#584,#585,#586,#587
      ,#588,#589,#590,#591,#592,#593,#594,#595,#596,#597,#598,#599,#600
      ,#601,#602,#603,#604,#605,#606,#607,#608,#609,#610,#611,#612,#613
      ,#614,#615,#616,#617,#618,#619,#620,#621,#622,#623,#624,#625,#626
      ,#627,#628)
    ,(#629,#630,#631,#632,#633,#634,#635,#636,#637,#638,#639,#640,#641
      ,#642,#643,#644,#645,#646,#647,#648,#649,#650,#651,#652,#653,#654
      ,#655,#656,#657,#658,#659,#660,#661,#662,#663,#664,#665,#666,#667
      ,#668,#669,#670,#671,#672,#673,#674,#675,#676,#677,#678,#679,#680
      ,#681,#682,#683,#684,#685,#686,#687,#688,#689,#690,#691,#692,#693
      ,#694,#695
    )),.UNSPECIFIED.,.F.,.F.,.F.,(4,4),(4,1,1,1,1,1,1,1,1,1,1,1,1,1,1,1,
    1,1,1,1,1,1,1,1,1,1,1,1,1,1,1,1,1,1,1,1,1,1,1,1,1,1,1,1,1,1,1,1,1,1,
    1,1,1,1,1,1,1,1,1,1,1,1,1,1,4),(0.219232629722,1.030760036837),(
    -2.E-02,-3.75E-03,1.25E-02,2.875E-02,4.5E-02,6.125E-02,7.75E-02,
    9.375E-02,0.11,0.12625,0.1425,0.15875,0.175,0.19125,0.2075,0.22375,
    0.24,0.25625,0.2725,0.28875,0.305,0.32125,0.3375,0.35375,0.37,
    0.38625,0.4025,0.41875,0.435,0.45125,0.4675,0.48375,0.5,0.51625,
    0.5325,0.54875,0.565,0.58125,0.5975,0.61375,0.63,0.64625,0.6625,
    0.67875,0.695,0.71125,0.7275,0.74375,0.76,0.77625,0.7925,0.80875,
    0.825,0.84125,0.8575,0.87375,0.89,0.90625,0.9225,0.93875,0.955,
    0.97125,0.9875,1.00375,1.02),.UNSPECIFIED.);
#428 = CARTESIAN_POINT('',(-0.435792563046,0.438466273324,
    -3.989588718654));
#429 = CARTESIAN_POINT('',(-0.888487044964,0.447495846244,
    -3.940139789838));
#430 = CARTESIAN_POINT('',(-1.776761483073,0.465554992083,
    -3.685660838298));
#431 = CARTESIAN_POINT('',(-2.905361595678,0.492643710841,
    -2.880957638315));
#432 = CARTESIAN_POINT('',(-3.700510952936,0.5197324296,-1.745632129986)
  );
#433 = CARTESIAN_POINT('',(-4.070988235057,0.546821148358,
    -0.409973299279));
#434 = CARTESIAN_POINT('',(-3.974268139625,0.573909867117,0.97273477393)
  );
#435 = CARTESIAN_POINT('',(-3.421452759013,0.600998585875,2.243809714149
    ));
#436 = CARTESIAN_POINT('',(-2.475983792955,0.628087304634,3.257380094224
    ));
#437 = CARTESIAN_POINT('',(-1.246365506694,0.655176023392,3.897126362272
    ));
#438 = CARTESIAN_POINT('',(0.126288440202,0.68226474215,4.089629822383)
  );
#439 = CARTESIAN_POINT('',(1.484449244996,0.709353460909,3.812798354662)
  );
#440 = CARTESIAN_POINT('',(2.672251384773,0.736442179667,3.098401747876)
  );
#441 = CARTESIAN_POINT('',(3.553380068334,0.763530898426,2.028425730569)
  );
#442 = CARTESIAN_POINT('',(4.026715027003,0.790619617184,0.725663107679)
  );
#443 = CARTESIAN_POINT('',(4.037935298079,0.817708335943,-0.660378212123
    ));
#444 = CARTESIAN_POINT('',(3.58575321855,0.844797054701,-1.970633073452)
  );
#445 = CARTESIAN_POINT('',(2.722062200042,0.87188577346,-3.054733741855)
  );
#446 = CARTESIAN_POINT('',(1.545981326599,0.898974492218,-3.788266436291
    ));
#447 = CARTESIAN_POINT('',(0.192480230231,0.926063210976,-4.087049328733
    ));
#448 = CARTESIAN_POINT('',(-1.183110321402,0.953151929735,
    -3.916793436207));
#449 = CARTESIAN_POINT('',(-2.422924526093,0.980240648493,
    -3.297037700024));
#450 = CARTESIAN_POINT('',(-3.384678574329,1.007329367252,
    -2.298906653826));
#451 = CARTESIAN_POINT('',(-3.957999452736,1.03441808601,-1.036948015412
    ));
#452 = CARTESIAN_POINT('',(-4.07709159425,1.061506804769,0.344013061706)
  );
#453 = CARTESIAN_POINT('',(-3.728287722343,1.088595523527,1.685494441981
    ));
#454 = CARTESIAN_POINT('',(-2.951617337791,1.115684242286,2.833544766856
    ));
#455 = CARTESIAN_POINT('',(-1.836212844974,1.142772961044,3.656411251826
    ));
#456 = CARTESIAN_POINT('',(-0.510080520786,1.169861679802,4.059659926255
    ));
#457 = CARTESIAN_POINT('',(0.874589767703,1.196950398561,3.997013083886)
  );
#458 = CARTESIAN_POINT('',(2.15889020768,1.224039117319,3.475660214363)
  );
#459 = CARTESIAN_POINT('',(3.195431651266,1.251127836078,2.555432921564)
  );
#460 = CARTESIAN_POINT('',(3.865258318835,1.278216554836,1.341938516922)
  );
#461 = CARTESIAN_POINT('',(4.091499426352,1.305305273595,
    -2.555970828827E-02));
#462 = CARTESIAN_POINT('',(3.848191045895,1.332393992353,-1.390124645066
    ));
#463 = CARTESIAN_POINT('',(3.163255783228,1.359482711112,-2.595155815053
    ));
#464 = CARTESIAN_POINT('',(2.115298318045,1.38657142987,-3.502361186428)
  );
#465 = CARTESIAN_POINT('',(0.824584557762,1.413660148628,-4.007627872149
    ));
#466 = CARTESIAN_POINT('',(-0.560760342977,1.440748867387,-4.05297035423
    ));
#467 = CARTESIAN_POINT('',(-1.881751151368,1.467837586145,
    -3.633185029537));
#468 = CARTESIAN_POINT('',(-2.986788052025,1.494926304904,-2.79644738674
    ));
#469 = CARTESIAN_POINT('',(-3.749054575767,1.522015023662,-1.63878328111
    ));
#470 = CARTESIAN_POINT('',(-4.081071337015,1.549103742421,
    -0.293048795806));
#471 = CARTESIAN_POINT('',(-3.944735360794,1.576192461179,1.086316614907
    ));
#472 = CARTESIAN_POINT('',(-3.355692864094,1.603281179938,2.341013937676
    ));
#473 = CARTESIAN_POINT('',(-2.381543661528,1.630369898696,3.327051343571
    ));
#474 = CARTESIAN_POINT('',(-1.134083261689,1.657458617454,3.931269007595
    ));
#475 = CARTESIAN_POINT('',(0.24352703171,1.684547336213,4.084325579499)
  );
#476 = CARTESIAN_POINT('',(1.593189626447,1.711636054971,3.768655949899)
  );
#477 = CARTESIAN_POINT('',(2.760014269766,1.73872477373,3.020487060925)
  );
#478 = CARTESIAN_POINT('',(3.610093595018,1.765813492488,1.925680422535)
  );
#479 = CARTESIAN_POINT('',(4.045870626065,1.792902211247,0.609878456471)
  );
#480 = CARTESIAN_POINT('',(4.017334630785,1.819990930005,-0.775914504853
    ));
#481 = CARTESIAN_POINT('',(3.527760462847,1.847079648764,-2.072661808218
    ));
#482 = CARTESIAN_POINT('',(2.633332732384,1.874168367522,-3.131545876276
    ));
#483 = CARTESIAN_POINT('',(1.436697935993,1.90125708628,-3.831046840616)
  );
#484 = CARTESIAN_POINT('',(7.518452000698E-02,1.928345805039,
    -4.09088842945));
#485 = CARTESIAN_POINT('',(-1.294957239619,1.955434523797,-3.8812506499)
  );
#486 = CARTESIAN_POINT('',(-2.516486844276,1.982523242556,
    -3.226191994256));
#487 = CARTESIAN_POINT('',(-3.449218909376,2.009611961314,
    -2.200888441215));
#488 = CARTESIAN_POINT('',(-3.986110884276,2.036700680073,
    -0.923006069483));
#489 = CARTESIAN_POINT('',(-4.065548475151,2.063789398831,0.460802465587
    ));
#490 = CARTESIAN_POINT('',(-3.678412964989,2.09087811759,1.791728468558)
  );
#491 = CARTESIAN_POINT('',(-2.869141402109,2.117966836348,2.917031115725
    ));
#492 = CARTESIAN_POINT('',(-1.73057576085,2.145055555107,3.707571269532)
  );
#493 = CARTESIAN_POINT('',(-0.839191300676,2.163114700945,3.950932643491
    ));
#494 = CARTESIAN_POINT('',(-0.385914357,2.172144273865,3.99472194415));
#495 = CARTESIAN_POINT('',(-0.423073396514,0.506093557251,
    -3.873147439906));
#496 = CARTESIAN_POINT('',(-0.862555407655,0.51512313017,-3.825141741686
    ));
#497 = CARTESIAN_POINT('',(-1.724904413659,0.533182276009,
    -3.578090085695));
#498 = CARTESIAN_POINT('',(-2.820564880206,0.560270994768,-2.79687318373
    ));
#499 = CARTESIAN_POINT('',(-3.592506780635,0.587359713526,
    -1.694683610785));
#500 = CARTESIAN_POINT('',(-3.952171206715,0.614448432284,
    -0.398007701172));
#501 = CARTESIAN_POINT('',(-3.858274011684,0.641537151043,0.944344258278
    ));
#502 = CARTESIAN_POINT('',(-3.321593259067,0.668625869801,2.178321241325
    ));
#503 = CARTESIAN_POINT('',(-2.403719020984,0.69571458856,3.162309266054)
  );
#504 = CARTESIAN_POINT('',(-1.209988726123,0.722803307318,3.783383716334
    ));
#505 = CARTESIAN_POINT('',(0.122602549624,0.749892026077,3.970268715335)
  );
#506 = CARTESIAN_POINT('',(1.441123684264,0.776980744835,3.701516930101)
  );
#507 = CARTESIAN_POINT('',(2.594258290667,0.804069463594,3.007970907246)
  );
#508 = CARTESIAN_POINT('',(3.449670100162,0.831158182352,1.969223516364)
  );
#509 = CARTESIAN_POINT('',(3.909190169189,0.85824690111,0.704483696427)
  );
#510 = CARTESIAN_POINT('',(3.92008296222,0.885335619869,-0.641104224527)
  );
#511 = CARTESIAN_POINT('',(3.481098398345,0.912424338627,-1.913117612286
    ));
#512 = CARTESIAN_POINT('',(2.642615313218,0.939513057386,-2.965577408153
    ));
#513 = CARTESIAN_POINT('',(1.500859872914,0.966601776144,-3.677701007324
    ));
#514 = CARTESIAN_POINT('',(0.186862447116,0.993690494903,-3.967763536712
    ));
#515 = CARTESIAN_POINT('',(-1.148579724782,1.020779213661,
    -3.802476781417));
#516 = CARTESIAN_POINT('',(-2.352208357078,1.04786793242,-3.200809413616
    ));
#517 = CARTESIAN_POINT('',(-3.285892376267,1.074956651178,
    -2.231810105943));
#518 = CARTESIAN_POINT('',(-3.842480147349,1.102045369937,
    -1.006683353708));
#519 = CARTESIAN_POINT('',(-3.958096431518,1.129134088695,0.33397259798)
  );
#520 = CARTESIAN_POINT('',(-3.619472849296,1.156222807453,1.636301118562
    ));
#521 = CARTESIAN_POINT('',(-2.865470588985,1.183311526212,2.750844117914
    ));
#522 = CARTESIAN_POINT('',(-1.782620611087,1.21040024497,3.549694186029)
  );
#523 = CARTESIAN_POINT('',(-0.495193164647,1.237488963729,3.941173529177
    ));
#524 = CARTESIAN_POINT('',(0.849063740307,1.264577682487,3.880355115488)
  );
#525 = CARTESIAN_POINT('',(2.095880219888,1.291666401246,3.374218600103)
  );
#526 = CARTESIAN_POINT('',(3.102168868091,1.318755120004,2.480849324576)
  );
#527 = CARTESIAN_POINT('',(3.752445782738,1.345843838763,1.302772315108)
  );
#528 = CARTESIAN_POINT('',(3.972083752507,1.372932557521,
    -2.481371532323E-02));
#529 = CARTESIAN_POINT('',(3.735876640113,1.400021276279,-1.349552069118
    ));
#530 = CARTESIAN_POINT('',(3.070932094151,1.427109995038,-2.51941285432)
  );
#531 = CARTESIAN_POINT('',(2.053560615626,1.454198713796,-3.400140269952
    ));
#532 = CARTESIAN_POINT('',(0.800517996742,1.481287432555,-3.890660097502
    ));
#533 = CARTESIAN_POINT('',(-0.544393831035,1.508376151313,
    -3.934679200917));
#534 = CARTESIAN_POINT('',(-1.826829823432,1.535464870072,
    -3.527145850914));
#535 = CARTESIAN_POINT('',(-2.899614800682,1.56255358883,-2.714829472558
    ));
#536 = CARTESIAN_POINT('',(-3.63963359539,1.589642307589,-1.590953283007
    ));
#537 = CARTESIAN_POINT('',(-3.961960020371,1.616731026347,
    -0.284495789738));
#538 = CARTESIAN_POINT('',(-3.829603184993,1.643819745105,1.054611067121
    ));
#539 = CARTESIAN_POINT('',(-3.257752651271,1.670908463864,2.27268843455)
  );
#540 = CARTESIAN_POINT('',(-2.312035246276,1.697997182622,3.229947070368
    ));
#541 = CARTESIAN_POINT('',(-1.100983582873,1.725085901381,3.816529864634
    ));
#542 = CARTESIAN_POINT('',(0.23641938203,1.752174620139,3.965119283603)
  );
#543 = CARTESIAN_POINT('',(1.546690337805,1.779263338898,3.658662878203)
  );
#544 = CARTESIAN_POINT('',(2.679459702968,1.806352057656,2.932330260658)
  );
#545 = CARTESIAN_POINT('',(3.504728369616,1.833440776415,1.869476962311)
  );
#546 = CARTESIAN_POINT('',(3.927786687451,1.860529495173,0.592078369204)
  );
#547 = CARTESIAN_POINT('',(3.9000835519,1.887618213931,-0.753268441934)
  );
#548 = CARTESIAN_POINT('',(3.424798235816,1.91470693269,-2.012168507184)
  );
#549 = CARTESIAN_POINT('',(2.556475529211,1.941795651448,-3.040147681623
    ));
#550 = CARTESIAN_POINT('',(1.39476605864,1.968884370207,-3.719232810519)
  );
#551 = CARTESIAN_POINT('',(7.299016307722E-02,1.995973088965,
    -3.971490588336));
#552 = CARTESIAN_POINT('',(-1.257162246817,2.023061807724,
    -3.767971357049));
#553 = CARTESIAN_POINT('',(-2.443039938652,2.050150526482,
    -3.132031430903));
#554 = CARTESIAN_POINT('',(-3.348549018615,2.077239245241,
    -2.136652680953));
#555 = CARTESIAN_POINT('',(-3.869771110599,2.104327963999,-0.89606695004
    ));
#556 = CARTESIAN_POINT('',(-3.946890213199,2.131416682757,0.447353352877
    ));
#557 = CARTESIAN_POINT('',(-3.571053750892,2.158505401516,1.739434568419
    ));
#558 = CARTESIAN_POINT('',(-2.785401819578,2.185594120274,2.8318938103)
  );
#559 = CARTESIAN_POINT('',(-1.680066681149,2.212682839033,3.599361032809
    ));
#560 = CARTESIAN_POINT('',(-0.814698423075,2.230741984872,3.835619592022
    ));
#561 = CARTESIAN_POINT('',(-0.374650950072,2.239771557791,3.878130845613
    ));
#562 = CARTESIAN_POINT('',(-0.410354229981,0.573720841177,
    -3.756706161158));
#563 = CARTESIAN_POINT('',(-0.836623770345,0.582750414096,
    -3.710143693534));
#564 = CARTESIAN_POINT('',(-1.673047344244,0.600809559935,
    -3.470519333092));
#565 = CARTESIAN_POINT('',(-2.735768164734,0.627898278694,
    -2.712788729146));
#566 = CARTESIAN_POINT('',(-3.484502608334,0.654986997452,
    -1.643735091583));
#567 = CARTESIAN_POINT('',(-3.833354178373,0.682075716211,
    -0.386042103065));
#568 = CARTESIAN_POINT('',(-3.742279883742,0.709164434969,0.915953742627
    ));
#569 = CARTESIAN_POINT('',(-3.221733759121,0.736253153728,2.1128327685)
  );
#570 = CARTESIAN_POINT('',(-2.331454249013,0.763341872486,3.067238437884
    ));
#571 = CARTESIAN_POINT('',(-1.173611945552,0.790430591245,3.669641070396
    ));
#572 = CARTESIAN_POINT('',(0.118916659046,0.817519310003,3.850907608288)
  );
#573 = CARTESIAN_POINT('',(1.397798123533,0.844608028761,3.59023550554)
  );
#574 = CARTESIAN_POINT('',(2.516265196561,0.87169674752,2.917540066616)
  );
#575 = CARTESIAN_POINT('',(3.345960131989,0.898785466278,1.910021302158)
  );
#576 = CARTESIAN_POINT('',(3.791665311375,0.925874185037,0.683304285176)
  );
#577 = CARTESIAN_POINT('',(3.802230626361,0.952962903795,-0.621830236931
    ));
#578 = CARTESIAN_POINT('',(3.37644357814,0.980051622554,-1.85560215112)
  );
#579 = CARTESIAN_POINT('',(2.563168426394,1.007140341312,-2.87642107445)
  );
#580 = CARTESIAN_POINT('',(1.45573841923,1.034229060071,-3.567135578358)
  );
#581 = CARTESIAN_POINT('',(0.181244664,1.061317778829,-3.84847774469));
#582 = CARTESIAN_POINT('',(-1.114049128162,1.088406497587,
    -3.688160126628));
#583 = CARTESIAN_POINT('',(-2.281492188063,1.115495216346,
    -3.104581127207));
#584 = CARTESIAN_POINT('',(-3.187106178206,1.142583935104,-2.16471355806
    ));
#585 = CARTESIAN_POINT('',(-3.726960841961,1.169672653863,
    -0.976418692003));
#586 = CARTESIAN_POINT('',(-3.839101268787,1.196761372621,0.323932134254
    ));
#587 = CARTESIAN_POINT('',(-3.510657976249,1.22385009138,1.587107795143)
  );
#588 = CARTESIAN_POINT('',(-2.779323840178,1.250938810138,2.668143468973
    ));
#589 = CARTESIAN_POINT('',(-1.7290283772,1.278027528897,3.442977120232)
  );
#590 = CARTESIAN_POINT('',(-0.480305808507,1.305116247655,3.8226871321)
  );
#591 = CARTESIAN_POINT('',(0.823537712911,1.332204966413,3.763697147091)
  );
#592 = CARTESIAN_POINT('',(2.032870232095,1.359293685172,3.272776985843)
  );
#593 = CARTESIAN_POINT('',(3.008906084916,1.38638240393,2.406265727587)
  );
#594 = CARTESIAN_POINT('',(3.639633246641,1.413471122689,1.263606113293)
  );
#595 = CARTESIAN_POINT('',(3.852668078663,1.440559841447,
    -2.406772235818E-02));
#596 = CARTESIAN_POINT('',(3.623562234331,1.467648560206,-1.308979493169
    ));
#597 = CARTESIAN_POINT('',(2.978608405074,1.494737278964,-2.443669893588
    ));
#598 = CARTESIAN_POINT('',(1.991822913207,1.521825997723,-3.297919353475
    ));
#599 = CARTESIAN_POINT('',(0.776451435722,1.548914716481,-3.773692322854
    ));
#600 = CARTESIAN_POINT('',(-0.528027319093,1.576003435239,
    -3.816388047604));
#601 = CARTESIAN_POINT('',(-1.771908495495,1.603092153998,
    -3.421106672292));
#602 = CARTESIAN_POINT('',(-2.812441549339,1.630180872756,
    -2.633211558375));
#603 = CARTESIAN_POINT('',(-3.530212615012,1.657269591515,
    -1.543123284905));
#604 = CARTESIAN_POINT('',(-3.842848703728,1.684358310273,-0.27594278367
    ));
#605 = CARTESIAN_POINT('',(-3.714471009191,1.711447029032,1.022905519335
    ));
#606 = CARTESIAN_POINT('',(-3.159812438448,1.73853574779,2.204362931423)
  );
#607 = CARTESIAN_POINT('',(-2.242526831023,1.765624466549,3.132842797165
    ));
#608 = CARTESIAN_POINT('',(-1.067883904056,1.792713185307,3.701790721673
    ));
#609 = CARTESIAN_POINT('',(0.229311732349,1.819801904065,3.845912987707)
  );
#610 = CARTESIAN_POINT('',(1.500191049163,1.846890622824,3.548669806507)
  );
#611 = CARTESIAN_POINT('',(2.598905136169,1.873979341582,2.844173460392)
  );
#612 = CARTESIAN_POINT('',(3.399363144214,1.901068060341,1.813273502086)
  );
#613 = CARTESIAN_POINT('',(3.809702748837,1.928156779099,0.574278281937)
  );
#614 = CARTESIAN_POINT('',(3.782832473016,1.955245497858,-0.730622379015
    ));
#615 = CARTESIAN_POINT('',(3.321836008785,1.982334216616,-1.951675206149
    ));
#616 = CARTESIAN_POINT('',(2.479618326037,2.009422935375,-2.948749486971
    ));
#617 = CARTESIAN_POINT('',(1.352834181286,2.036511654133,-3.607418780421
    ));
#618 = CARTESIAN_POINT('',(7.079580614747E-02,2.063600372892,
    -3.852092747222));
#619 = CARTESIAN_POINT('',(-1.219367254015,2.09068909165,-3.654692064198
    ));
#620 = CARTESIAN_POINT('',(-2.369593033027,2.117777810408,
    -3.037870867549));
#621 = CARTESIAN_POINT('',(-3.247879127853,2.144866529167,-2.07241692069
    ));
#622 = CARTESIAN_POINT('',(-3.753431336921,2.171955247925,
    -0.869127830596));
#623 = CARTESIAN_POINT('',(-3.828231951248,2.199043966684,0.433904240167
    ));
#624 = CARTESIAN_POINT('',(-3.463694536794,2.226132685442,1.687140668281
    ));
#625 = CARTESIAN_POINT('',(-2.701662237047,2.253221404201,2.746756504874
    ));
#626 = CARTESIAN_POINT('',(-1.629557601448,2.280310122959,3.491150796086
    ));
#627 = CARTESIAN_POINT('',(-0.790205545474,2.298369268798,3.720306540553
    ));
#628 = CARTESIAN_POINT('',(-0.363387543143,2.307398841718,3.761539747076
    ));
#629 = CARTESIAN_POINT('',(-0.397635063448,0.641348125103,-3.64026488241    ));
#630 = CARTESIAN_POINT('',(-0.810692133036,0.650377698023,
    -3.595145645382));
#631 = CARTESIAN_POINT('',(-1.621190274829,0.668436843862,
    -3.362948580489));
#632 = CARTESIAN_POINT('',(-2.650971449262,0.69552556262,-2.628704274561
    ));
#633 = CARTESIAN_POINT('',(-3.376498436033,0.722614281379,
    -1.592786572381));
#634 = CARTESIAN_POINT('',(-3.714537150031,0.749703000137,
    -0.374076504958));
#635 = CARTESIAN_POINT('',(-3.626285755801,0.776791718896,0.887563226976
    ));
#636 = CARTESIAN_POINT('',(-3.121874259175,0.803880437654,2.047344295676
    ));
#637 = CARTESIAN_POINT('',(-2.259189477042,0.830969156412,2.972167609714
    ));
#638 = CARTESIAN_POINT('',(-1.137235164981,0.858057875171,3.555898424457
    ));
#639 = CARTESIAN_POINT('',(0.115230768468,0.885146593929,3.73154650124)
  );
#640 = CARTESIAN_POINT('',(1.354472562801,0.912235312688,3.478954080979)
  );
#641 = CARTESIAN_POINT('',(2.438272102455,0.939324031446,2.827109225985)
  );
#642 = CARTESIAN_POINT('',(3.242250163816,0.966412750205,1.850819087953)
  );
#643 = CARTESIAN_POINT('',(3.67414045356,0.993501468963,0.662124873924)
  );
#644 = CARTESIAN_POINT('',(3.684378290502,1.020590187722,-0.602556249335
    ));
#645 = CARTESIAN_POINT('',(3.271788757935,1.04767890648,-1.798086689955)
  );
#646 = CARTESIAN_POINT('',(2.48372153957,1.074767625238,-2.787264740748)
  );
#647 = CARTESIAN_POINT('',(1.410616965545,1.101856343997,-3.456570149391
    ));
#648 = CARTESIAN_POINT('',(0.175626880885,1.128945062755,-3.729191952669
    ));
#649 = CARTESIAN_POINT('',(-1.079518531542,1.156033781514,
    -3.573843471838));
#650 = CARTESIAN_POINT('',(-2.210776019049,1.183122500272,
    -3.008352840799));
#651 = CARTESIAN_POINT('',(-3.088319980144,1.210211219031,
    -2.097617010177));
#652 = CARTESIAN_POINT('',(-3.611441536574,1.237299937789,
    -0.946154030299));
#653 = CARTESIAN_POINT('',(-3.720106106056,1.264388656548,0.313891670528
    ));
#654 = CARTESIAN_POINT('',(-3.401843103202,1.291477375306,1.537914471723
    ));
#655 = CARTESIAN_POINT('',(-2.693177091372,1.318566094064,2.585442820031
    ));
#656 = CARTESIAN_POINT('',(-1.675436143314,1.345654812823,3.336260054435
    ));
#657 = CARTESIAN_POINT('',(-0.465418452368,1.372743531581,3.704200735022
    ));
#658 = CARTESIAN_POINT('',(0.798011685515,1.39983225034,3.647039178693)
  );
#659 = CARTESIAN_POINT('',(1.969860244303,1.426920969098,3.171335371583)
  );
#660 = CARTESIAN_POINT('',(2.915643301741,1.454009687857,2.331682130599)
  );
#661 = CARTESIAN_POINT('',(3.526820710544,1.481098406615,1.224439911479)
  );
#662 = CARTESIAN_POINT('',(3.733252404818,1.508187125374,
    -2.332172939315E-02));
#663 = CARTESIAN_POINT('',(3.511247828549,1.535275844132,-1.268406917221
    ));
#664 = CARTESIAN_POINT('',(2.886284715997,1.56236456289,-2.367926932856)
  );
#665 = CARTESIAN_POINT('',(1.930085210788,1.589453281649,-3.195698436999
    ));
#666 = CARTESIAN_POINT('',(0.752384874703,1.616542000407,-3.656724548207
    ));
#667 = CARTESIAN_POINT('',(-0.511660807151,1.643630719166,
    -3.698096894291));
#668 = CARTESIAN_POINT('',(-1.716987167558,1.670719437924,
    -3.315067493669));
#669 = CARTESIAN_POINT('',(-2.725268297995,1.697808156683,
    -2.551593644192));
#670 = CARTESIAN_POINT('',(-3.420791634635,1.724896875441,
    -1.495293286802));
#671 = CARTESIAN_POINT('',(-3.723737387085,1.7519855942,-0.267389777602)
  );
#672 = CARTESIAN_POINT('',(-3.599338833389,1.779074312958,0.99119997155)
  );
#673 = CARTESIAN_POINT('',(-3.061872225625,1.806163031716,2.136037428297
    ));
#674 = CARTESIAN_POINT('',(-2.173018415771,1.833251750475,3.035738523961
    ));
#675 = CARTESIAN_POINT('',(-1.03478422524,1.860340469233,3.587051578712)
  );
#676 = CARTESIAN_POINT('',(0.222204082668,1.887429187992,3.726706691811)
  );
#677 = CARTESIAN_POINT('',(1.453691760521,1.91451790675,3.438676734812)
  );
#678 = CARTESIAN_POINT('',(2.518350569371,1.941606625509,2.756016660125)
  );
#679 = CARTESIAN_POINT('',(3.293997918811,1.968695344267,1.757070041862)
  );
#680 = CARTESIAN_POINT('',(3.691618810223,1.995784063026,0.55647819467)
  );
#681 = CARTESIAN_POINT('',(3.665581394132,2.022872781784,-0.707976316096
    ));
#682 = CARTESIAN_POINT('',(3.218873781754,2.049961500542,-1.891181905115
    ));
#683 = CARTESIAN_POINT('',(2.402761122864,2.077050219301,-2.857351292318
    ));
#684 = CARTESIAN_POINT('',(1.310902303933,2.104138938059,-3.495604750324
    ));
#685 = CARTESIAN_POINT('',(6.860144921771E-02,2.131227656818,
    -3.732694906108));
#686 = CARTESIAN_POINT('',(-1.181572261212,2.158316375576,
    -3.541412771347));
#687 = CARTESIAN_POINT('',(-2.296146127402,2.185405094335,
    -2.943710304196));
#688 = CARTESIAN_POINT('',(-3.147209237092,2.212493813093,
    -2.008181160428));
#689 = CARTESIAN_POINT('',(-3.637091563243,2.239582531852,
    -0.842188711153));
#690 = CARTESIAN_POINT('',(-3.709573689296,2.26667125061,0.420455127457)
  );
#691 = CARTESIAN_POINT('',(-3.356335322697,2.293759969368,1.634846768142
    ));
#692 = CARTESIAN_POINT('',(-2.617922654516,2.320848688127,2.661619199449
    ));
#693 = CARTESIAN_POINT('',(-1.579048521748,2.347937406885,3.382940559362
    ));
#694 = CARTESIAN_POINT('',(-0.765712667873,2.365996552724,3.604993489084
    ));
#695 = CARTESIAN_POINT('',(-0.352124136215,2.375026125644,3.644948648539
    ));
#696 = DEFINITIONAL_REPRESENTATION('',(#697),#756);
#697 = B_SPLINE_CURVE_WITH_KNOTS('',5,(#698,#699,#700,#701,#702,#703,
    #704,#705,#706,#707,#708,#709,#710,#711,#712,#713,#714,#715,#716,
    #717,#718,#719,#720,#721,#722,#723,#724,#725,#726,#727,#728,#729,
    #730,#731,#732,#733,#734,#735,#736,#737,#738,#739,#740,#741,#742,
    #743,#744,#745,#746,#747,#748,#749,#750,#751,#752,#753,#754,#755),
  .UNSPECIFIED.,.F.,.F.,(6,4,4,4,4,4,4,4,4,4,4,4,4,4,6),(0.,
    5.378089114096E-02,0.137856227846,0.19328406603,0.278410881452,
    0.335514600892,0.421700405599,0.478510982843,0.565748488626,
    0.623248203899,0.711537523136,0.770749690389,0.859067656402,
    0.918981185861,1.),.UNSPECIFIED.);
#698 = CARTESIAN_POINT('',(0.999883723103,0.493720480496));
#699 = CARTESIAN_POINT('',(0.991461047768,0.494983630623));
#700 = CARTESIAN_POINT('',(0.983048642172,0.496245240596));
#701 = CARTESIAN_POINT('',(0.974646224191,0.497505352724));
#702 = CARTESIAN_POINT('',(0.9662537309,0.498763976445));
#703 = CARTESIAN_POINT('',(0.944767144868,0.501986323598));
#704 = CARTESIAN_POINT('',(0.931687915754,0.503947817929));
#705 = CARTESIAN_POINT('',(0.91863439219,0.505905457194));
#706 = CARTESIAN_POINT('',(0.905606242375,0.507859291153));
#707 = CARTESIAN_POINT('',(0.884028850244,0.511095256512));
#708 = CARTESIAN_POINT('',(0.875466176082,0.512379402289));
#709 = CARTESIAN_POINT('',(0.866913722704,0.513662015252));
#710 = CARTESIAN_POINT('',(0.85837141828,0.514943106176));
#711 = CARTESIAN_POINT('',(0.836735865921,0.518187793835));
#712 = CARTESIAN_POINT('',(0.823656926198,0.520149244766));
#713 = CARTESIAN_POINT('',(0.810603387976,0.522106886229));
#714 = CARTESIAN_POINT('',(0.797574935162,0.524060765629));
#715 = CARTESIAN_POINT('',(0.77584644033,0.527319391887));
#716 = CARTESIAN_POINT('',(0.767133496837,0.528626073582));
#717 = CARTESIAN_POINT('',(0.75843099999,0.529931188592));
#718 = CARTESIAN_POINT('',(0.749738877126,0.531234747813));
#719 = CARTESIAN_POINT('',(0.727954328997,0.534501780395));
#720 = CARTESIAN_POINT('',(0.714875701787,0.536463184458));
#721 = CARTESIAN_POINT('',(0.701822175527,0.538420824127));
#722 = CARTESIAN_POINT('',(0.688793421577,0.540374748689));
#723 = CARTESIAN_POINT('',(0.66721534607,0.543610816534));
#724 = CARTESIAN_POINT('',(0.658652923966,0.544894924509));
#725 = CARTESIAN_POINT('',(0.65010046581,0.54617753819));
#726 = CARTESIAN_POINT('',(0.64155790455,0.547458667631));
#727 = CARTESIAN_POINT('',(0.619923021173,0.550703254962));
#728 = CARTESIAN_POINT('',(0.606844668613,0.552664617836));
#729 = CARTESIAN_POINT('',(0.593791128511,0.554622259582));
#730 = CARTESIAN_POINT('',(0.580762085925,0.55657622743));
#731 = CARTESIAN_POINT('',(0.559183690492,0.559812343255));
#732 = CARTESIAN_POINT('',(0.550621390035,0.561096432986));
#733 = CARTESIAN_POINT('',(0.542068933718,0.562379046391));
#734 = CARTESIAN_POINT('',(0.53352625265,0.563660193799));
#735 = CARTESIAN_POINT('',(0.511891699108,0.566904731666));
#736 = CARTESIAN_POINT('',(0.498813617237,0.568866053945));
#737 = CARTESIAN_POINT('',(0.485760060664,0.57082369816));
#738 = CARTESIAN_POINT('',(0.472730737181,0.572777708134));
#739 = CARTESIAN_POINT('',(0.451001288575,0.57603647743));
#740 = CARTESIAN_POINT('',(0.442288723171,0.577343102423));
#741 = CARTESIAN_POINT('',(0.433586223448,0.578648217864));
#742 = CARTESIAN_POINT('',(0.424893719619,0.579951834219));
#743 = CARTESIAN_POINT('',(0.403261249454,0.583196059641));
#744 = CARTESIAN_POINT('',(0.390334038809,0.585134755735));
#745 = CARTESIAN_POINT('',(0.377430520399,0.5870698987));
#746 = CARTESIAN_POINT('',(0.364550401575,0.589001532425));
#747 = CARTESIAN_POINT('',(0.342969629821,0.592238004627));
#748 = CARTESIAN_POINT('',(0.334257184583,0.593544611599));
#749 = CARTESIAN_POINT('',(0.325554686891,0.594849726735));
#750 = CARTESIAN_POINT('',(0.316862064926,0.596153360807));
#751 = CARTESIAN_POINT('',(0.2964383733,0.599216305495));
#752 = CARTESIAN_POINT('',(0.284715821269,0.600974338721));
#753 = CARTESIAN_POINT('',(0.273012505036,0.602729487151));
#754 = CARTESIAN_POINT('',(0.261328284687,0.604481771767));
#755 = CARTESIAN_POINT('',(0.249662213553,0.606231334543));
#756 = ( GEOMETRIC_REPRESENTATION_CONTEXT(2) 
PARAMETRIC_REPRESENTATION_CONTEXT() REPRESENTATION_CONTEXT('2D SPACE',''
  ) );
#757 = ORIENTED_EDGE('',*,*,#758,.F.);
#758 = EDGE_CURVE('',#52,#302,#759,.T.);
#759 = SURFACE_CURVE('',#760,(#823,#889),.PCURVE_S1.);
#760 = B_SPLINE_CURVE_WITH_KNOTS('',5,(#761,#762,#763,#764,#765,#766,
    #767,#768,#769,#770,#771,#772,#773,#774,#775,#776,#777,#778,#779,
    #780,#781,#782,#783,#784,#785,#786,#787,#788,#789,#790,#791,#792,
    #793,#794,#795,#796,#797,#798,#799,#800,#801,#802,#803,#804,#805,
    #806,#807,#808,#809,#810,#811,#812,#813,#814,#815,#816,#817,#818,
    #819,#820,#821,#822),.UNSPECIFIED.,.F.,.F.,(6,4,4,4,4,4,4,4,4,4,4,4,
    4,4,4,6),(0.,4.680263793391E-02,0.106876965329,0.196459494514,
    0.254806384983,0.343336913639,0.40200369778,0.4894749257,
    0.546438672348,0.632858102741,0.689132725218,0.774500473925,
    0.830086047694,0.915367644896,0.970259557307,1.),.UNSPECIFIED.);
#761 = CARTESIAN_POINT('',(-3.16362123493,1.4900001,2.447848160148));
#762 = CARTESIAN_POINT('',(-3.109499255066,1.4900001,2.513064741393));
#763 = CARTESIAN_POINT('',(-3.053654356372,1.4900001,2.576850736633));
#764 = CARTESIAN_POINT('',(-2.996130531928,1.4900001,2.639140448667));
#765 = CARTESIAN_POINT('',(-2.936973176337,1.4900001,2.699866883589));
#766 = CARTESIAN_POINT('',(-2.798259967986,1.4900001,2.834813979556));
#767 = CARTESIAN_POINT('',(-2.717676690983,1.4900001,2.907977328565));
#768 = CARTESIAN_POINT('',(-2.634618521919,1.4900001,2.978349379113));
#769 = CARTESIAN_POINT('',(-2.54922295819,1.4900001,3.045829253868));
#770 = CARTESIAN_POINT('',(-2.331001185644,1.4900001,3.206482333327));
#771 = CARTESIAN_POINT('',(-2.1954833659,1.4900001,3.2959927922));
#772 = CARTESIAN_POINT('',(-2.055518142453,1.4900001,3.378521844095));
#773 = CARTESIAN_POINT('',(-1.911562777247,1.4900001,3.453726108989));
#774 = CARTESIAN_POINT('',(-1.668043211542,1.4900001,3.565244226034));
#775 = CARTESIAN_POINT('',(-1.570504370926,1.4900001,3.60597548232));
#776 = CARTESIAN_POINT('',(-1.471631770761,1.4900001,3.643405690299));
#777 = CARTESIAN_POINT('',(-1.371578564804,1.4900001,3.677488728846));
#778 = CARTESIAN_POINT('',(-1.117121808359,1.4900001,3.754746408808));
#779 = CARTESIAN_POINT('',(-0.961380655619,1.4900001,3.793502046738));
#780 = CARTESIAN_POINT('',(-0.80379575996,1.4900001,3.824288473804));
#781 = CARTESIAN_POINT('',(-0.644906227307,1.4900001,3.846936974161));
#782 = CARTESIAN_POINT('',(-0.379482693824,1.4900001,3.870786880366));
#783 = CARTESIAN_POINT('',(-0.273369372564,1.4900001,3.876645523771));
#784 = CARTESIAN_POINT('',(-0.167098182398,1.4900001,3.878865127795));
#785 = CARTESIAN_POINT('',(-6.083543808899E-02,1.4900001,3.877453665341)
  );
#786 = CARTESIAN_POINT('',(0.203433628495,1.4900001,3.86491283128));
#787 = CARTESIAN_POINT('',(0.361225748964,1.4900001,3.849352271381));
#788 = CARTESIAN_POINT('',(0.518091962142,1.4900001,3.825763363802));
#789 = CARTESIAN_POINT('',(0.673474101426,1.4900001,3.79416645687));
#790 = CARTESIAN_POINT('',(0.926646604729,1.4900001,3.728818702408));
#791 = CARTESIAN_POINT('',(1.025621218327,1.4900001,3.699664346638));
#792 = CARTESIAN_POINT('',(1.123575218125,1.4900001,3.66718790841));
#793 = CARTESIAN_POINT('',(1.22036410516,1.4900001,3.631448507252));
#794 = CARTESIAN_POINT('',(1.460699470454,1.4900001,3.533423049462));
#795 = CARTESIAN_POINT('',(1.60254096707,1.4900001,3.466967094));
#796 = CARTESIAN_POINT('',(1.740876108673,1.4900001,3.393338631043));
#797 = CARTESIAN_POINT('',(1.875192212522,1.4900001,3.312740945359));
#798 = CARTESIAN_POINT('',(2.089468924117,1.4900001,3.168509974233));
#799 = CARTESIAN_POINT('',(2.172045739191,1.4900001,3.108767030952));
#800 = CARTESIAN_POINT('',(2.252577787455,1.4900001,3.04626586068));
#801 = CARTESIAN_POINT('',(2.330949983505,1.4900001,2.98110919967));
#802 = CARTESIAN_POINT('',(2.522489746117,1.4900001,2.810682509022));
#803 = CARTESIAN_POINT('',(2.632696751689,1.4900001,2.70209100532));
#804 = CARTESIAN_POINT('',(2.737276775995,1.4900001,2.587974848354));
#805 = CARTESIAN_POINT('',(2.835819629124,1.4900001,2.468692376378));
#806 = CARTESIAN_POINT('',(2.987869227796,1.4900001,2.263829949173));
#807 = CARTESIAN_POINT('',(3.045092487233,1.4900001,2.181010801888));
#808 = CARTESIAN_POINT('',(3.09950313156,1.4900001,2.096296243768));
#809 = CARTESIAN_POINT('',(3.151027869125,1.4900001,2.00981991113));
#810 = CARTESIAN_POINT('',(3.274107485722,1.4900001,1.786537788678));
#811 = CARTESIAN_POINT('',(3.34165573275,1.4900001,1.647528077789));
#812 = CARTESIAN_POINT('',(3.401980477804,1.4900001,1.505156577592));
#813 = CARTESIAN_POINT('',(3.454808605159,1.4900001,1.359908537981));
#814 = CARTESIAN_POINT('',(3.528867158476,1.4900001,1.117271151764));
#815 = CARTESIAN_POINT('',(3.554649271364,1.4900001,1.021273155956));
#816 = CARTESIAN_POINT('',(3.577187580995,1.4900001,0.924444312981));
#817 = CARTESIAN_POINT('',(3.59645794524,1.4900001,0.826933122288));
#818 = CARTESIAN_POINT('',(3.621093966661,1.4900001,0.675764332081));
#819 = CARTESIAN_POINT('',(3.628784961131,1.4900001,0.622485305725));
#820 = CARTESIAN_POINT('',(3.63550583601,1.4900001,0.569072487719));
#821 = CARTESIAN_POINT('',(3.641252698887,1.4900001,0.51554936413));
#822 = CARTESIAN_POINT('',(3.64602159678,1.4900001,0.461939516111));
#823 = PCURVE('',#68,#824);
#824 = DEFINITIONAL_REPRESENTATION('',(#825),#888);
#825 = B_SPLINE_CURVE_WITH_KNOTS('',5,(#826,#827,#828,#829,#830,#831,
    #832,#833,#834,#835,#836,#837,#838,#839,#840,#841,#842,#843,#844,
    #845,#846,#847,#848,#849,#850,#851,#852,#853,#854,#855,#856,#857,
    #858,#859,#860,#861,#862,#863,#864,#865,#866,#867,#868,#869,#870,
    #871,#872,#873,#874,#875,#876,#877,#878,#879,#880,#881,#882,#883,
    #884,#885,#886,#887),.UNSPECIFIED.,.F.,.F.,(6,4,4,4,4,4,4,4,4,4,4,4,
    4,4,4,6),(0.,4.680263793391E-02,0.106876965329,0.196459494514,
    0.254806384983,0.343336913639,0.40200369778,0.4894749257,
    0.546438672348,0.632858102741,0.689132725218,0.774500473925,
    0.830086047694,0.915367644896,0.970259557307,1.),.UNSPECIFIED.);
#826 = CARTESIAN_POINT('',(2.447848160148,-3.16362123493));
#827 = CARTESIAN_POINT('',(2.513064741393,-3.109499255066));
#828 = CARTESIAN_POINT('',(2.576850736633,-3.053654356372));
#829 = CARTESIAN_POINT('',(2.639140448667,-2.996130531928));
#830 = CARTESIAN_POINT('',(2.699866883589,-2.936973176337));
#831 = CARTESIAN_POINT('',(2.834813979556,-2.798259967986));
#832 = CARTESIAN_POINT('',(2.907977328565,-2.717676690983));
#833 = CARTESIAN_POINT('',(2.978349379113,-2.634618521919));
#834 = CARTESIAN_POINT('',(3.045829253868,-2.54922295819));
#835 = CARTESIAN_POINT('',(3.206482333327,-2.331001185644));
#836 = CARTESIAN_POINT('',(3.2959927922,-2.1954833659));
#837 = CARTESIAN_POINT('',(3.378521844095,-2.055518142453));
#838 = CARTESIAN_POINT('',(3.453726108989,-1.911562777247));
#839 = CARTESIAN_POINT('',(3.565244226034,-1.668043211542));
#840 = CARTESIAN_POINT('',(3.60597548232,-1.570504370926));
#841 = CARTESIAN_POINT('',(3.643405690299,-1.471631770761));
#842 = CARTESIAN_POINT('',(3.677488728846,-1.371578564804));
#843 = CARTESIAN_POINT('',(3.754746408808,-1.117121808359));
#844 = CARTESIAN_POINT('',(3.793502046738,-0.961380655619));
#845 = CARTESIAN_POINT('',(3.824288473804,-0.80379575996));
#846 = CARTESIAN_POINT('',(3.846936974161,-0.644906227307));
#847 = CARTESIAN_POINT('',(3.870786880366,-0.379482693824));
#848 = CARTESIAN_POINT('',(3.876645523771,-0.273369372564));
#849 = CARTESIAN_POINT('',(3.878865127795,-0.167098182398));
#850 = CARTESIAN_POINT('',(3.877453665341,-6.083543808899E-02));
#851 = CARTESIAN_POINT('',(3.86491283128,0.203433628495));
#852 = CARTESIAN_POINT('',(3.849352271381,0.361225748964));
#853 = CARTESIAN_POINT('',(3.825763363802,0.518091962142));
#854 = CARTESIAN_POINT('',(3.79416645687,0.673474101426));
#855 = CARTESIAN_POINT('',(3.728818702408,0.926646604729));
#856 = CARTESIAN_POINT('',(3.699664346638,1.025621218327));
#857 = CARTESIAN_POINT('',(3.66718790841,1.123575218125));
#858 = CARTESIAN_POINT('',(3.631448507252,1.22036410516));
#859 = CARTESIAN_POINT('',(3.533423049462,1.460699470454));
#860 = CARTESIAN_POINT('',(3.466967094,1.60254096707));
#861 = CARTESIAN_POINT('',(3.393338631043,1.740876108673));
#862 = CARTESIAN_POINT('',(3.312740945359,1.875192212522));
#863 = CARTESIAN_POINT('',(3.168509974233,2.089468924117));
#864 = CARTESIAN_POINT('',(3.108767030952,2.172045739191));
#865 = CARTESIAN_POINT('',(3.04626586068,2.252577787455));
#866 = CARTESIAN_POINT('',(2.98110919967,2.330949983505));
#867 = CARTESIAN_POINT('',(2.810682509022,2.522489746117));
#868 = CARTESIAN_POINT('',(2.70209100532,2.632696751689));
#869 = CARTESIAN_POINT('',(2.587974848354,2.737276775995));
#870 = CARTESIAN_POINT('',(2.468692376378,2.835819629124));
#871 = CARTESIAN_POINT('',(2.263829949173,2.987869227796));
#872 = CARTESIAN_POINT('',(2.181010801888,3.045092487233));
#873 = CARTESIAN_POINT('',(2.096296243768,3.09950313156));
#874 = CARTESIAN_POINT('',(2.00981991113,3.151027869125));
#875 = CARTESIAN_POINT('',(1.786537788678,3.274107485722));
#876 = CARTESIAN_POINT('',(1.647528077789,3.34165573275));
#877 = CARTESIAN_POINT('',(1.505156577592,3.401980477804));
#878 = CARTESIAN_POINT('',(1.359908537981,3.454808605159));
#879 = CARTESIAN_POINT('',(1.117271151764,3.528867158476));
#880 = CARTESIAN_POINT('',(1.021273155956,3.554649271364));
#881 = CARTESIAN_POINT('',(0.924444312981,3.577187580995));
#882 = CARTESIAN_POINT('',(0.826933122288,3.59645794524));
#883 = CARTESIAN_POINT('',(0.675764332081,3.621093966661));
#884 = CARTESIAN_POINT('',(0.622485305725,3.628784961131));
#885 = CARTESIAN_POINT('',(0.569072487719,3.63550583601));
#886 = CARTESIAN_POINT('',(0.51554936413,3.641252698887));
#887 = CARTESIAN_POINT('',(0.461939516111,3.64602159678));
#888 = ( GEOMETRIC_REPRESENTATION_CONTEXT(2) 
PARAMETRIC_REPRESENTATION_CONTEXT() REPRESENTATION_CONTEXT('2D SPACE',''
  ) );
#889 = PCURVE('',#890,#1159);
#890 = B_SPLINE_SURFACE_WITH_KNOTS('',3,3,(
    (#891,#892,#893,#894,#895,#896,#897,#898,#899,#900,#901,#902,#903
      ,#904,#905,#906,#907,#908,#909,#910,#911,#912,#913,#914,#915,#916
      ,#917,#918,#919,#920,#921,#922,#923,#924,#925,#926,#927,#928,#929
      ,#930,#931,#932,#933,#934,#935,#936,#937,#938,#939,#940,#941,#942
      ,#943,#944,#945,#946,#947,#948,#949,#950,#951,#952,#953,#954,#955
      ,#956,#957)
    ,(#958,#959,#960,#961,#962,#963,#964,#965,#966,#967,#968,#969,#970
      ,#971,#972,#973,#974,#975,#976,#977,#978,#979,#980,#981,#982,#983
      ,#984,#985,#986,#987,#988,#989,#990,#991,#992,#993,#994,#995,#996
      ,#997,#998,#999,#1000,#1001,#1002,#1003,#1004,#1005,#1006,#1007
      ,#1008,#1009,#1010,#1011,#1012,#1013,#1014,#1015,#1016,#1017,#1018
      ,#1019,#1020,#1021,#1022,#1023,#1024)
    ,(#1025,#1026,#1027,#1028,#1029,#1030,#1031,#1032,#1033,#1034,#1035
      ,#1036,#1037,#1038,#1039,#1040,#1041,#1042,#1043,#1044,#1045,#1046
      ,#1047,#1048,#1049,#1050,#1051,#1052,#1053,#1054,#1055,#1056,#1057
      ,#1058,#1059,#1060,#1061,#1062,#1063,#1064,#1065,#1066,#1067,#1068
      ,#1069,#1070,#1071,#1072,#1073,#1074,#1075,#1076,#1077,#1078,#1079
      ,#1080,#1081,#1082,#1083,#1084,#1085,#1086,#1087,#1088,#1089,#1090
      ,#1091)
    ,(#1092,#1093,#1094,#1095,#1096,#1097,#1098,#1099,#1100,#1101,#1102
      ,#1103,#1104,#1105,#1106,#1107,#1108,#1109,#1110,#1111,#1112,#1113
      ,#1114,#1115,#1116,#1117,#1118,#1119,#1120,#1121,#1122,#1123,#1124
      ,#1125,#1126,#1127,#1128,#1129,#1130,#1131,#1132,#1133,#1134,#1135
      ,#1136,#1137,#1138,#1139,#1140,#1141,#1142,#1143,#1144,#1145,#1146
      ,#1147,#1148,#1149,#1150,#1151,#1152,#1153,#1154,#1155,#1156,#1157
      ,#1158
    )),.UNSPECIFIED.,.F.,.F.,.F.,(4,4),(4,1,1,1,1,1,1,1,1,1,1,1,1,1,1,1,
    1,1,1,1,1,1,1,1,1,1,1,1,1,1,1,1,1,1,1,1,1,1,1,1,1,1,1,1,1,1,1,1,1,1,
    1,1,1,1,1,1,1,1,1,1,1,1,1,1,4),(-3.076003683725E-02,0.780767370278),
  (-2.E-02,-3.75E-03,1.25E-02,2.875E-02,4.5E-02,6.125E-02,7.75E-02,
    9.375E-02,0.11,0.12625,0.1425,0.15875,0.175,0.19125,0.2075,0.22375,
    0.24,0.25625,0.2725,0.28875,0.305,0.32125,0.3375,0.35375,0.37,
    0.38625,0.4025,0.41875,0.435,0.45125,0.4675,0.48375,0.5,0.51625,
    0.5325,0.54875,0.565,0.58125,0.5975,0.61375,0.63,0.64625,0.6625,
    0.67875,0.695,0.71125,0.7275,0.74375,0.76,0.77625,0.7925,0.80875,
    0.825,0.84125,0.8575,0.87375,0.89,0.90625,0.9225,0.93875,0.955,
    0.97125,0.9875,1.00375,1.02),.UNSPECIFIED.);
#891 = CARTESIAN_POINT('',(-0.397635063448,0.625968106685,-3.64026488241
    ));
#892 = CARTESIAN_POINT('',(-0.810692133036,0.634997679604,
    -3.595145645382));
#893 = CARTESIAN_POINT('',(-1.621190274829,0.653056825443,
    -3.362948580489));
#894 = CARTESIAN_POINT('',(-2.650971449262,0.680145544201,
    -2.628704274561));
#895 = CARTESIAN_POINT('',(-3.376498436033,0.70723426296,-1.592786572381
    ));
#896 = CARTESIAN_POINT('',(-3.714537150031,0.734322981718,
    -0.374076504958));
#897 = CARTESIAN_POINT('',(-3.626285755801,0.761411700477,0.887563226976
    ));
#898 = CARTESIAN_POINT('',(-3.121874259175,0.788500419235,2.047344295676
    ));
#899 = CARTESIAN_POINT('',(-2.259189477042,0.815589137994,2.972167609714
    ));
#900 = CARTESIAN_POINT('',(-1.137235164981,0.842677856752,3.555898424457
    ));
#901 = CARTESIAN_POINT('',(0.115230768468,0.869766575511,3.73154650124)
  );
#902 = CARTESIAN_POINT('',(1.354472562801,0.896855294269,3.478954080979)
  );
#903 = CARTESIAN_POINT('',(2.438272102455,0.923944013028,2.827109225985)
  );
#904 = CARTESIAN_POINT('',(3.242250163816,0.951032731786,1.850819087953)
  );
#905 = CARTESIAN_POINT('',(3.67414045356,0.978121450544,0.662124873924)
  );
#906 = CARTESIAN_POINT('',(3.684378290502,1.005210169303,-0.602556249335
    ));
#907 = CARTESIAN_POINT('',(3.271788757935,1.032298888061,-1.798086689955
    ));
#908 = CARTESIAN_POINT('',(2.48372153957,1.05938760682,-2.787264740748)
  );
#909 = CARTESIAN_POINT('',(1.410616965545,1.086476325578,-3.456570149391
    ));
#910 = CARTESIAN_POINT('',(0.175626880885,1.113565044337,-3.729191952669
    ));
#911 = CARTESIAN_POINT('',(-1.079518531542,1.140653763095,
    -3.573843471838));
#912 = CARTESIAN_POINT('',(-2.210776019049,1.167742481854,
    -3.008352840799));
#913 = CARTESIAN_POINT('',(-3.088319980144,1.194831200612,
    -2.097617010177));
#914 = CARTESIAN_POINT('',(-3.611441536574,1.22191991937,-0.946154030299
    ));
#915 = CARTESIAN_POINT('',(-3.720106106056,1.249008638129,0.313891670528
    ));
#916 = CARTESIAN_POINT('',(-3.401843103202,1.276097356887,1.537914471724
    ));
#917 = CARTESIAN_POINT('',(-2.693177091372,1.303186075646,2.585442820031
    ));
#918 = CARTESIAN_POINT('',(-1.675436143313,1.330274794404,3.336260054435
    ));
#919 = CARTESIAN_POINT('',(-0.465418452368,1.357363513163,3.704200735022
    ));
#920 = CARTESIAN_POINT('',(0.798011685515,1.384452231921,3.647039178693)
  );
#921 = CARTESIAN_POINT('',(1.969860244303,1.41154095068,3.171335371583)
  );
#922 = CARTESIAN_POINT('',(2.915643301741,1.438629669438,2.331682130599)
  );
#923 = CARTESIAN_POINT('',(3.526820710544,1.465718388196,1.224439911479)
  );
#924 = CARTESIAN_POINT('',(3.733252404818,1.492807106955,
    -2.332172939314E-02));
#925 = CARTESIAN_POINT('',(3.511247828549,1.519895825713,-1.268406917221
    ));
#926 = CARTESIAN_POINT('',(2.886284715997,1.546984544472,-2.367926932856
    ));
#927 = CARTESIAN_POINT('',(1.930085210788,1.57407326323,-3.195698436999)
  );
#928 = CARTESIAN_POINT('',(0.752384874703,1.601161981989,-3.656724548207
    ));
#929 = CARTESIAN_POINT('',(-0.511660807151,1.628250700747,
    -3.698096894291));
#930 = CARTESIAN_POINT('',(-1.716987167558,1.655339419506,
    -3.315067493669));
#931 = CARTESIAN_POINT('',(-2.725268297995,1.682428138264,
    -2.551593644192));
#932 = CARTESIAN_POINT('',(-3.420791634635,1.709516857022,
    -1.495293286802));
#933 = CARTESIAN_POINT('',(-3.723737387085,1.736605575781,
    -0.267389777602));
#934 = CARTESIAN_POINT('',(-3.599338833389,1.763694294539,0.99119997155)
  );
#935 = CARTESIAN_POINT('',(-3.061872225625,1.790783013298,2.136037428297
    ));
#936 = CARTESIAN_POINT('',(-2.173018415771,1.817871732056,3.035738523961
    ));
#937 = CARTESIAN_POINT('',(-1.03478422524,1.844960450815,3.587051578712)
  );
#938 = CARTESIAN_POINT('',(0.222204082668,1.872049169573,3.726706691811)
  );
#939 = CARTESIAN_POINT('',(1.453691760521,1.899137888332,3.438676734812)
  );
#940 = CARTESIAN_POINT('',(2.518350569371,1.92622660709,2.756016660125)
  );
#941 = CARTESIAN_POINT('',(3.293997918811,1.953315325848,1.757070041862)
  );
#942 = CARTESIAN_POINT('',(3.691618810223,1.980404044607,0.55647819467)
  );
#943 = CARTESIAN_POINT('',(3.665581394132,2.007492763365,-0.707976316096
    ));
#944 = CARTESIAN_POINT('',(3.218873781754,2.034581482124,-1.891181905115
    ));
#945 = CARTESIAN_POINT('',(2.402761122864,2.061670200882,-2.857351292318
    ));
#946 = CARTESIAN_POINT('',(1.310902303933,2.088758919641,-3.495604750324
    ));
#947 = CARTESIAN_POINT('',(6.860144921771E-02,2.115847638399,
    -3.732694906108));
#948 = CARTESIAN_POINT('',(-1.181572261212,2.142936357158,
    -3.541412771347));
#949 = CARTESIAN_POINT('',(-2.296146127402,2.170025075916,
    -2.943710304196));
#950 = CARTESIAN_POINT('',(-3.147209237092,2.197113794675,
    -2.008181160428));
#951 = CARTESIAN_POINT('',(-3.637091563243,2.224202513433,
    -0.842188711153));
#952 = CARTESIAN_POINT('',(-3.709573689296,2.251291232191,0.420455127457
    ));
#953 = CARTESIAN_POINT('',(-3.356335322697,2.27837995095,1.634846768142)
  );
#954 = CARTESIAN_POINT('',(-2.617922654516,2.305468669708,2.661619199449
    ));
#955 = CARTESIAN_POINT('',(-1.579048521748,2.332557388467,3.382940559362
    ));
#956 = CARTESIAN_POINT('',(-0.765712667873,2.350616534306,3.604993489084
    ));
#957 = CARTESIAN_POINT('',(-0.352124136215,2.359646107225,3.644948648539
    ));
#958 = CARTESIAN_POINT('',(-0.410354229981,0.693595390611,
    -3.756706161158));
#959 = CARTESIAN_POINT('',(-0.836623770345,0.70262496353,-3.710143693534
    ));
#960 = CARTESIAN_POINT('',(-1.673047344244,0.720684109369,
    -3.470519333092));
#961 = CARTESIAN_POINT('',(-2.735768164734,0.747772828128,
    -2.712788729146));
#962 = CARTESIAN_POINT('',(-3.484502608334,0.774861546886,
    -1.643735091583));
#963 = CARTESIAN_POINT('',(-3.833354178373,0.801950265645,
    -0.386042103065));
#964 = CARTESIAN_POINT('',(-3.742279883742,0.829038984403,0.915953742627
    ));
#965 = CARTESIAN_POINT('',(-3.221733759121,0.856127703162,2.1128327685)
  );
#966 = CARTESIAN_POINT('',(-2.331454249013,0.88321642192,3.067238437884)
  );
#967 = CARTESIAN_POINT('',(-1.173611945552,0.910305140678,3.669641070396
    ));
#968 = CARTESIAN_POINT('',(0.118916659046,0.937393859437,3.850907608288)
  );
#969 = CARTESIAN_POINT('',(1.397798123533,0.964482578195,3.59023550554)
  );
#970 = CARTESIAN_POINT('',(2.516265196561,0.991571296954,2.917540066616)
  );
#971 = CARTESIAN_POINT('',(3.345960131989,1.018660015712,1.910021302158)
  );
#972 = CARTESIAN_POINT('',(3.791665311375,1.045748734471,0.683304285176)
  );
#973 = CARTESIAN_POINT('',(3.802230626361,1.072837453229,-0.621830236931
    ));
#974 = CARTESIAN_POINT('',(3.37644357814,1.099926171988,-1.85560215112)
  );
#975 = CARTESIAN_POINT('',(2.563168426394,1.127014890746,-2.87642107445)
  );
#976 = CARTESIAN_POINT('',(1.45573841923,1.154103609505,-3.567135578358)
  );
#977 = CARTESIAN_POINT('',(0.181244664,1.181192328263,-3.84847774469));
#978 = CARTESIAN_POINT('',(-1.114049128162,1.208281047021,
    -3.688160126628));
#979 = CARTESIAN_POINT('',(-2.281492188063,1.23536976578,-3.104581127207
    ));
#980 = CARTESIAN_POINT('',(-3.187106178206,1.262458484538,-2.16471355806
    ));
#981 = CARTESIAN_POINT('',(-3.726960841961,1.289547203297,
    -0.976418692003));
#982 = CARTESIAN_POINT('',(-3.839101268787,1.316635922055,0.323932134254
    ));
#983 = CARTESIAN_POINT('',(-3.510657976249,1.343724640814,1.587107795143
    ));
#984 = CARTESIAN_POINT('',(-2.779323840178,1.370813359572,2.668143468973
    ));
#985 = CARTESIAN_POINT('',(-1.7290283772,1.397902078331,3.442977120232)
  );
#986 = CARTESIAN_POINT('',(-0.480305808507,1.424990797089,3.8226871321)
  );
#987 = CARTESIAN_POINT('',(0.823537712911,1.452079515847,3.763697147091)
  );
#988 = CARTESIAN_POINT('',(2.032870232095,1.479168234606,3.272776985843)
  );
#989 = CARTESIAN_POINT('',(3.008906084916,1.506256953364,2.406265727587)
  );
#990 = CARTESIAN_POINT('',(3.639633246641,1.533345672123,1.263606113293)
  );
#991 = CARTESIAN_POINT('',(3.852668078663,1.560434390881,
    -2.406772235818E-02));
#992 = CARTESIAN_POINT('',(3.623562234331,1.58752310964,-1.308979493169)
  );
#993 = CARTESIAN_POINT('',(2.978608405074,1.614611828398,-2.443669893588
    ));
#994 = CARTESIAN_POINT('',(1.991822913207,1.641700547157,-3.297919353475
    ));
#995 = CARTESIAN_POINT('',(0.776451435722,1.668789265915,-3.773692322854
    ));
#996 = CARTESIAN_POINT('',(-0.528027319093,1.695877984673,
    -3.816388047604));
#997 = CARTESIAN_POINT('',(-1.771908495495,1.722966703432,
    -3.421106672292));
#998 = CARTESIAN_POINT('',(-2.812441549339,1.75005542219,-2.633211558375
    ));
#999 = CARTESIAN_POINT('',(-3.530212615012,1.777144140949,
    -1.543123284905));
#1000 = CARTESIAN_POINT('',(-3.842848703728,1.804232859707,
    -0.27594278367));
#1001 = CARTESIAN_POINT('',(-3.714471009191,1.831321578466,
    1.022905519335));
#1002 = CARTESIAN_POINT('',(-3.159812438448,1.858410297224,
    2.204362931423));
#1003 = CARTESIAN_POINT('',(-2.242526831023,1.885499015983,
    3.132842797165));
#1004 = CARTESIAN_POINT('',(-1.067883904056,1.912587734741,
    3.701790721673));
#1005 = CARTESIAN_POINT('',(0.229311732349,1.939676453499,3.845912987707
    ));
#1006 = CARTESIAN_POINT('',(1.500191049163,1.966765172258,3.548669806507
    ));
#1007 = CARTESIAN_POINT('',(2.598905136169,1.993853891016,2.844173460392
    ));
#1008 = CARTESIAN_POINT('',(3.399363144214,2.020942609775,1.813273502086
    ));
#1009 = CARTESIAN_POINT('',(3.809702748837,2.048031328533,0.574278281937
    ));
#1010 = CARTESIAN_POINT('',(3.782832473016,2.075120047292,
    -0.730622379015));
#1011 = CARTESIAN_POINT('',(3.321836008785,2.10220876605,-1.951675206149
    ));
#1012 = CARTESIAN_POINT('',(2.479618326037,2.129297484809,
    -2.948749486971));
#1013 = CARTESIAN_POINT('',(1.352834181286,2.156386203567,
    -3.607418780421));
#1014 = CARTESIAN_POINT('',(7.079580614747E-02,2.183474922325,
    -3.852092747222));
#1015 = CARTESIAN_POINT('',(-1.219367254015,2.210563641084,
    -3.654692064198));
#1016 = CARTESIAN_POINT('',(-2.369593033027,2.237652359842,
    -3.037870867549));
#1017 = CARTESIAN_POINT('',(-3.247879127853,2.264741078601,
    -2.07241692069));
#1018 = CARTESIAN_POINT('',(-3.753431336921,2.291829797359,
    -0.869127830596));
#1019 = CARTESIAN_POINT('',(-3.828231951248,2.318918516118,
    0.433904240167));
#1020 = CARTESIAN_POINT('',(-3.463694536794,2.346007234876,
    1.687140668281));
#1021 = CARTESIAN_POINT('',(-2.701662237047,2.373095953635,
    2.746756504874));
#1022 = CARTESIAN_POINT('',(-1.629557601448,2.400184672393,
    3.491150796086));
#1023 = CARTESIAN_POINT('',(-0.790205545474,2.418243818232,
    3.720306540553));
#1024 = CARTESIAN_POINT('',(-0.363387543143,2.427273391151,
    3.761539747076));
#1025 = CARTESIAN_POINT('',(-0.423073396514,0.761222674537,
    -3.873147439906));
#1026 = CARTESIAN_POINT('',(-0.862555407655,0.770252247457,
    -3.825141741686));
#1027 = CARTESIAN_POINT('',(-1.724904413659,0.788311393296,
    -3.578090085695));
#1028 = CARTESIAN_POINT('',(-2.820564880206,0.815400112054,
    -2.79687318373));
#1029 = CARTESIAN_POINT('',(-3.592506780635,0.842488830813,
    -1.694683610785));
#1030 = CARTESIAN_POINT('',(-3.952171206715,0.869577549571,
    -0.398007701172));
#1031 = CARTESIAN_POINT('',(-3.858274011684,0.896666268329,
    0.944344258278));
#1032 = CARTESIAN_POINT('',(-3.321593259067,0.923754987088,
    2.178321241325));
#1033 = CARTESIAN_POINT('',(-2.403719020984,0.950843705846,
    3.162309266054));
#1034 = CARTESIAN_POINT('',(-1.209988726123,0.977932424605,
    3.783383716334));
#1035 = CARTESIAN_POINT('',(0.122602549624,1.005021143363,3.970268715335
    ));
#1036 = CARTESIAN_POINT('',(1.441123684264,1.032109862122,3.701516930101
    ));
#1037 = CARTESIAN_POINT('',(2.594258290667,1.05919858088,3.007970907246)
  );
#1038 = CARTESIAN_POINT('',(3.449670100162,1.086287299639,1.969223516364
    ));
#1039 = CARTESIAN_POINT('',(3.909190169189,1.113376018397,0.704483696427
    ));
#1040 = CARTESIAN_POINT('',(3.92008296222,1.140464737155,-0.641104224527
    ));
#1041 = CARTESIAN_POINT('',(3.481098398345,1.167553455914,
    -1.913117612286));
#1042 = CARTESIAN_POINT('',(2.642615313218,1.194642174672,
    -2.965577408153));
#1043 = CARTESIAN_POINT('',(1.500859872914,1.221730893431,
    -3.677701007324));
#1044 = CARTESIAN_POINT('',(0.186862447116,1.248819612189,
    -3.967763536712));
#1045 = CARTESIAN_POINT('',(-1.148579724782,1.275908330948,
    -3.802476781417));
#1046 = CARTESIAN_POINT('',(-2.352208357078,1.302997049706,
    -3.200809413616));
#1047 = CARTESIAN_POINT('',(-3.285892376267,1.330085768465,
    -2.231810105943));
#1048 = CARTESIAN_POINT('',(-3.842480147349,1.357174487223,
    -1.006683353708));
#1049 = CARTESIAN_POINT('',(-3.958096431518,1.384263205981,0.33397259798
    ));
#1050 = CARTESIAN_POINT('',(-3.619472849296,1.41135192474,1.636301118562
    ));
#1051 = CARTESIAN_POINT('',(-2.865470588985,1.438440643498,
    2.750844117914));
#1052 = CARTESIAN_POINT('',(-1.782620611087,1.465529362257,
    3.549694186029));
#1053 = CARTESIAN_POINT('',(-0.495193164647,1.492618081015,
    3.941173529177));
#1054 = CARTESIAN_POINT('',(0.849063740307,1.519706799774,3.880355115488
    ));
#1055 = CARTESIAN_POINT('',(2.095880219888,1.546795518532,3.374218600103
    ));
#1056 = CARTESIAN_POINT('',(3.102168868091,1.573884237291,2.480849324576
    ));
#1057 = CARTESIAN_POINT('',(3.752445782738,1.600972956049,1.302772315108
    ));
#1058 = CARTESIAN_POINT('',(3.972083752507,1.628061674807,
    -2.481371532323E-02));
#1059 = CARTESIAN_POINT('',(3.735876640113,1.655150393566,
    -1.349552069118));
#1060 = CARTESIAN_POINT('',(3.070932094151,1.682239112324,-2.51941285432
    ));
#1061 = CARTESIAN_POINT('',(2.053560615626,1.709327831083,
    -3.400140269952));
#1062 = CARTESIAN_POINT('',(0.800517996742,1.736416549841,
    -3.890660097502));
#1063 = CARTESIAN_POINT('',(-0.544393831035,1.7635052686,-3.934679200917
    ));
#1064 = CARTESIAN_POINT('',(-1.826829823432,1.790593987358,
    -3.527145850914));
#1065 = CARTESIAN_POINT('',(-2.899614800682,1.817682706117,
    -2.714829472558));
#1066 = CARTESIAN_POINT('',(-3.63963359539,1.844771424875,
    -1.590953283007));
#1067 = CARTESIAN_POINT('',(-3.961960020371,1.871860143633,
    -0.284495789738));
#1068 = CARTESIAN_POINT('',(-3.829603184993,1.898948862392,
    1.054611067121));
#1069 = CARTESIAN_POINT('',(-3.257752651271,1.92603758115,2.27268843455)
  );
#1070 = CARTESIAN_POINT('',(-2.312035246276,1.953126299909,
    3.229947070368));
#1071 = CARTESIAN_POINT('',(-1.100983582873,1.980215018667,
    3.816529864634));
#1072 = CARTESIAN_POINT('',(0.23641938203,2.007303737426,3.965119283603)
  );
#1073 = CARTESIAN_POINT('',(1.546690337805,2.034392456184,3.658662878203
    ));
#1074 = CARTESIAN_POINT('',(2.679459702968,2.061481174943,2.932330260658
    ));
#1075 = CARTESIAN_POINT('',(3.504728369616,2.088569893701,1.869476962311
    ));
#1076 = CARTESIAN_POINT('',(3.927786687451,2.11565861246,0.592078369204)
  );
#1077 = CARTESIAN_POINT('',(3.9000835519,2.142747331218,-0.753268441934)
  );
#1078 = CARTESIAN_POINT('',(3.424798235816,2.169836049976,
    -2.012168507184));
#1079 = CARTESIAN_POINT('',(2.556475529211,2.196924768735,
    -3.040147681623));
#1080 = CARTESIAN_POINT('',(1.39476605864,2.224013487493,-3.719232810519
    ));
#1081 = CARTESIAN_POINT('',(7.299016307722E-02,2.251102206252,
    -3.971490588336));
#1082 = CARTESIAN_POINT('',(-1.257162246817,2.27819092501,
    -3.767971357049));
#1083 = CARTESIAN_POINT('',(-2.443039938652,2.305279643769,
    -3.132031430903));
#1084 = CARTESIAN_POINT('',(-3.348549018615,2.332368362527,
    -2.136652680953));
#1085 = CARTESIAN_POINT('',(-3.869771110599,2.359457081286,
    -0.89606695004));
#1086 = CARTESIAN_POINT('',(-3.946890213199,2.386545800044,
    0.447353352877));
#1087 = CARTESIAN_POINT('',(-3.571053750892,2.413634518802,
    1.739434568419));
#1088 = CARTESIAN_POINT('',(-2.785401819578,2.440723237561,2.8318938103)
  );
#1089 = CARTESIAN_POINT('',(-1.680066681149,2.467811956319,
    3.599361032809));
#1090 = CARTESIAN_POINT('',(-0.814698423075,2.485871102158,
    3.835619592022));
#1091 = CARTESIAN_POINT('',(-0.374650950072,2.494900675078,
    3.878130845613));
#1092 = CARTESIAN_POINT('',(-0.435792563046,0.828849958463,
    -3.989588718654));
#1093 = CARTESIAN_POINT('',(-0.888487044964,0.837879531383,
    -3.940139789838));
#1094 = CARTESIAN_POINT('',(-1.776761483073,0.855938677222,
    -3.685660838298));
#1095 = CARTESIAN_POINT('',(-2.905361595678,0.88302739598,
    -2.880957638315));
#1096 = CARTESIAN_POINT('',(-3.700510952936,0.910116114739,
    -1.745632129986));
#1097 = CARTESIAN_POINT('',(-4.070988235057,0.937204833497,
    -0.409973299279));
#1098 = CARTESIAN_POINT('',(-3.974268139625,0.964293552256,0.97273477393
    ));
#1099 = CARTESIAN_POINT('',(-3.421452759013,0.991382271014,
    2.243809714149));
#1100 = CARTESIAN_POINT('',(-2.475983792955,1.018470989773,
    3.257380094224));
#1101 = CARTESIAN_POINT('',(-1.246365506694,1.045559708531,
    3.897126362272));
#1102 = CARTESIAN_POINT('',(0.126288440202,1.07264842729,4.089629822383)
  );
#1103 = CARTESIAN_POINT('',(1.484449244996,1.099737146048,3.812798354662
    ));
#1104 = CARTESIAN_POINT('',(2.672251384773,1.126825864806,3.098401747876
    ));
#1105 = CARTESIAN_POINT('',(3.553380068334,1.153914583565,2.028425730569
    ));
#1106 = CARTESIAN_POINT('',(4.026715027003,1.181003302323,0.725663107679
    ));
#1107 = CARTESIAN_POINT('',(4.037935298079,1.208092021082,
    -0.660378212123));
#1108 = CARTESIAN_POINT('',(3.58575321855,1.23518073984,-1.970633073452)
  );
#1109 = CARTESIAN_POINT('',(2.722062200042,1.262269458599,
    -3.054733741855));
#1110 = CARTESIAN_POINT('',(1.545981326599,1.289358177357,
    -3.788266436291));
#1111 = CARTESIAN_POINT('',(0.192480230231,1.316446896116,
    -4.087049328733));
#1112 = CARTESIAN_POINT('',(-1.183110321402,1.343535614874,
    -3.916793436207));
#1113 = CARTESIAN_POINT('',(-2.422924526093,1.370624333632,
    -3.297037700024));
#1114 = CARTESIAN_POINT('',(-3.384678574329,1.397713052391,
    -2.298906653826));
#1115 = CARTESIAN_POINT('',(-3.957999452736,1.424801771149,
    -1.036948015412));
#1116 = CARTESIAN_POINT('',(-4.07709159425,1.451890489908,0.344013061706
    ));
#1117 = CARTESIAN_POINT('',(-3.728287722343,1.478979208666,
    1.685494441981));
#1118 = CARTESIAN_POINT('',(-2.951617337791,1.506067927425,
    2.833544766856));
#1119 = CARTESIAN_POINT('',(-1.836212844974,1.533156646183,
    3.656411251826));
#1120 = CARTESIAN_POINT('',(-0.510080520786,1.560245364942,
    4.059659926255));
#1121 = CARTESIAN_POINT('',(0.874589767703,1.5873340837,3.997013083886)
  );
#1122 = CARTESIAN_POINT('',(2.15889020768,1.614422802458,3.475660214363)
  );
#1123 = CARTESIAN_POINT('',(3.195431651266,1.641511521217,2.555432921564
    ));
#1124 = CARTESIAN_POINT('',(3.865258318835,1.668600239975,1.341938516922
    ));
#1125 = CARTESIAN_POINT('',(4.091499426352,1.695688958734,
    -2.555970828827E-02));
#1126 = CARTESIAN_POINT('',(3.848191045895,1.722777677492,
    -1.390124645066));
#1127 = CARTESIAN_POINT('',(3.163255783228,1.749866396251,
    -2.595155815053));
#1128 = CARTESIAN_POINT('',(2.115298318045,1.776955115009,
    -3.502361186428));
#1129 = CARTESIAN_POINT('',(0.824584557762,1.804043833768,
    -4.007627872149));
#1130 = CARTESIAN_POINT('',(-0.560760342977,1.831132552526,
    -4.05297035423));
#1131 = CARTESIAN_POINT('',(-1.881751151368,1.858221271284,
    -3.633185029537));
#1132 = CARTESIAN_POINT('',(-2.986788052025,1.885309990043,
    -2.79644738674));
#1133 = CARTESIAN_POINT('',(-3.749054575767,1.912398708801,
    -1.63878328111));
#1134 = CARTESIAN_POINT('',(-4.081071337014,1.93948742756,
    -0.293048795806));
#1135 = CARTESIAN_POINT('',(-3.944735360794,1.966576146318,
    1.086316614907));
#1136 = CARTESIAN_POINT('',(-3.355692864094,1.993664865077,
    2.341013937676));
#1137 = CARTESIAN_POINT('',(-2.381543661528,2.020753583835,
    3.327051343571));
#1138 = CARTESIAN_POINT('',(-1.134083261689,2.047842302594,
    3.931269007595));
#1139 = CARTESIAN_POINT('',(0.24352703171,2.074931021352,4.084325579499)
  );
#1140 = CARTESIAN_POINT('',(1.593189626447,2.10201974011,3.768655949899)
  );
#1141 = CARTESIAN_POINT('',(2.760014269766,2.129108458869,3.020487060925
    ));
#1142 = CARTESIAN_POINT('',(3.610093595018,2.156197177627,1.925680422535
    ));
#1143 = CARTESIAN_POINT('',(4.045870626065,2.183285896386,0.609878456471
    ));
#1144 = CARTESIAN_POINT('',(4.017334630785,2.210374615144,
    -0.775914504853));
#1145 = CARTESIAN_POINT('',(3.527760462847,2.237463333903,
    -2.072661808218));
#1146 = CARTESIAN_POINT('',(2.633332732384,2.264552052661,
    -3.131545876276));
#1147 = CARTESIAN_POINT('',(1.436697935993,2.29164077142,-3.831046840616
    ));
#1148 = CARTESIAN_POINT('',(7.518452000698E-02,2.318729490178,
    -4.09088842945));
#1149 = CARTESIAN_POINT('',(-1.294957239619,2.345818208936,-3.8812506499
    ));
#1150 = CARTESIAN_POINT('',(-2.516486844276,2.372906927695,
    -3.226191994256));
#1151 = CARTESIAN_POINT('',(-3.449218909376,2.399995646453,
    -2.200888441215));
#1152 = CARTESIAN_POINT('',(-3.986110884276,2.427084365212,
    -0.923006069483));
#1153 = CARTESIAN_POINT('',(-4.065548475151,2.45417308397,0.460802465587
    ));
#1154 = CARTESIAN_POINT('',(-3.678412964989,2.481261802729,
    1.791728468558));
#1155 = CARTESIAN_POINT('',(-2.869141402109,2.508350521487,
    2.917031115725));
#1156 = CARTESIAN_POINT('',(-1.73057576085,2.535439240246,3.707571269532
    ));
#1157 = CARTESIAN_POINT('',(-0.839191300676,2.553498386085,
    3.950932643491));
#1158 = CARTESIAN_POINT('',(-0.385914357,2.562527959004,3.99472194415));
#1159 = DEFINITIONAL_REPRESENTATION('',(#1160),#1223);
#1160 = B_SPLINE_CURVE_WITH_KNOTS('',5,(#1161,#1162,#1163,#1164,#1165,
    #1166,#1167,#1168,#1169,#1170,#1171,#1172,#1173,#1174,#1175,#1176,
    #1177,#1178,#1179,#1180,#1181,#1182,#1183,#1184,#1185,#1186,#1187,
    #1188,#1189,#1190,#1191,#1192,#1193,#1194,#1195,#1196,#1197,#1198,
    #1199,#1200,#1201,#1202,#1203,#1204,#1205,#1206,#1207,#1208,#1209,
    #1210,#1211,#1212,#1213,#1214,#1215,#1216,#1217,#1218,#1219,#1220,
    #1221,#1222),.UNSPECIFIED.,.F.,.F.,(6,4,4,4,4,4,4,4,4,4,4,4,4,4,4,6)
  ,(0.,4.680263793391E-02,0.106876965329,0.196459494514,0.254806384983,
    0.343336913639,0.40200369778,0.4894749257,0.546438672348,
    0.632858102741,0.689132725218,0.774500473925,0.830086047694,
    0.915367644896,0.970259557307,1.),.UNSPECIFIED.);
#1161 = CARTESIAN_POINT('',(0.750385543736,0.381167588146));
#1162 = CARTESIAN_POINT('',(0.743645663732,0.382178369156));
#1163 = CARTESIAN_POINT('',(0.73689953143,0.383190087825));
#1164 = CARTESIAN_POINT('',(0.730147063454,0.384202756656));
#1165 = CARTESIAN_POINT('',(0.72338830438,0.385216368964));
#1166 = CARTESIAN_POINT('',(0.707940252172,0.387533116118));
#1167 = CARTESIAN_POINT('',(0.699247045713,0.388836837846));
#1168 = CARTESIAN_POINT('',(0.690543988762,0.390142036855));
#1169 = CARTESIAN_POINT('',(0.681831014775,0.391448723123));
#1170 = CARTESIAN_POINT('',(0.660099809873,0.394707755811));
#1171 = CARTESIAN_POINT('',(0.647069318527,0.39666194093));
#1172 = CARTESIAN_POINT('',(0.634014932246,0.398619709577));
#1173 = CARTESIAN_POINT('',(0.620936355015,0.400581106145));
#1174 = CARTESIAN_POINT('',(0.599300807004,0.403825793152));
#1175 = CARTESIAN_POINT('',(0.590757434584,0.405107044243));
#1176 = CARTESIAN_POINT('',(0.582204430784,0.406389739753));
#1177 = CARTESIAN_POINT('',(0.573641729763,0.407673889558));
#1178 = CARTESIAN_POINT('',(0.552061568471,0.410910270209));
#1179 = CARTESIAN_POINT('',(0.539031350388,0.412864414346));
#1180 = CARTESIAN_POINT('',(0.52597697909,0.414822180746));
#1181 = CARTESIAN_POINT('',(0.512898139901,0.4167836166));
#1182 = CARTESIAN_POINT('',(0.491112915912,0.42005075054));
#1183 = CARTESIAN_POINT('',(0.482419955989,0.421354435296));
#1184 = CARTESIAN_POINT('',(0.473716903864,0.42265963358));
#1185 = CARTESIAN_POINT('',(0.465003688168,0.423966356098));
#1186 = CARTESIAN_POINT('',(0.443273099712,0.427225296337));
#1187 = CARTESIAN_POINT('',(0.430243168248,0.429179397491));
#1188 = CARTESIAN_POINT('',(0.417188781782,0.431137166165));
#1189 = CARTESIAN_POINT('',(0.404109647724,0.433098646241));
#1190 = CARTESIAN_POINT('',(0.382473465444,0.436343428369));
#1191 = CARTESIAN_POINT('',(0.373930336798,0.437624642901));
#1192 = CARTESIAN_POINT('',(0.365377337667,0.438907337711));
#1193 = CARTESIAN_POINT('',(0.356814397539,0.440191523375));
#1194 = CARTESIAN_POINT('',(0.335234884658,0.443427806783));
#1195 = CARTESIAN_POINT('',(0.322205239388,0.445381865016));
#1196 = CARTESIAN_POINT('',(0.309150869518,0.447339631202));
#1197 = CARTESIAN_POINT('',(0.296071458992,0.449301152739));
#1198 = CARTESIAN_POINT('',(0.274434940946,0.452545985223));
#1199 = CARTESIAN_POINT('',(0.26589193449,0.45382718143));
#1200 = CARTESIAN_POINT('',(0.257338933646,0.455109876497));
#1201 = CARTESIAN_POINT('',(0.248775869615,0.456394080742));
#1202 = CARTESIAN_POINT('',(0.227196683071,0.45963031521));
#1203 = CARTESIAN_POINT('',(0.214167331993,0.461584329323));
#1204 = CARTESIAN_POINT('',(0.20111297596,0.463542093433));
#1205 = CARTESIAN_POINT('',(0.188033284958,0.465503657034));
#1206 = CARTESIAN_POINT('',(0.166396422486,0.468748541171));
#1207 = CARTESIAN_POINT('',(0.157853541501,0.470029718561));
#1208 = CARTESIAN_POINT('',(0.14930053895,0.471312413884));
#1209 = CARTESIAN_POINT('',(0.140737347742,0.472596637202));
#1210 = CARTESIAN_POINT('',(0.119009587323,0.475855153321));
#1211 = CARTESIAN_POINT('',(0.105831086564,0.477831535438));
#1212 = CARTESIAN_POINT('',(9.262668613702E-02,0.479811801733));
#1213 = CARTESIAN_POINT('',(7.939604847559E-02,0.481796002831));
#1214 = CARTESIAN_POINT('',(5.76076349012E-02,0.485063615114));
#1215 = CARTESIAN_POINT('',(4.906489035598E-02,0.486344772042));
#1216 = CARTESIAN_POINT('',(4.05118945306E-02,0.487627466357));
#1217 = CARTESIAN_POINT('',(3.194857360849E-02,0.488911709128));#1218 = CARTESIAN_POINT('',(1.872925765301E-02,0.490894212307));
#1219 = CARTESIAN_POINT('',(1.408077905596E-02,0.491591345474));
#1220 = CARTESIAN_POINT('',(9.429147541085E-03,0.492288951485));
#1221 = CARTESIAN_POINT('',(4.77432516885E-03,0.492987036029));
#1222 = CARTESIAN_POINT('',(1.162768974862E-04,0.493685604362));
#1223 = ( GEOMETRIC_REPRESENTATION_CONTEXT(2) 
PARAMETRIC_REPRESENTATION_CONTEXT() REPRESENTATION_CONTEXT('2D SPACE',''
  ) );
#1224 = ADVANCED_FACE('',(#1225),#178,.T.);
#1225 = FACE_BOUND('',#1226,.T.);
#1226 = EDGE_LOOP('',(#1227,#1256,#1257,#1258));
#1227 = ORIENTED_EDGE('',*,*,#1228,.F.);
#1228 = EDGE_CURVE('',#191,#1229,#1231,.T.);
#1229 = VERTEX_POINT('',#1230);
#1230 = CARTESIAN_POINT('',(-4.,1.4900001,7.186815248415E-14));
#1231 = SURFACE_CURVE('',#1232,(#1237,#1244),.PCURVE_S1.);
#1232 = CIRCLE('',#1233,4.);
#1233 = AXIS2_PLACEMENT_3D('',#1234,#1235,#1236);
#1234 = CARTESIAN_POINT('',(0.,1.4900001,0.));
#1235 = DIRECTION('',(0.,1.,0.));
#1236 = DIRECTION('',(0.,-0.,1.));
#1237 = PCURVE('',#178,#1238);
#1238 = DEFINITIONAL_REPRESENTATION('',(#1239),#1243);
#1239 = LINE('',#1240,#1241);
#1240 = CARTESIAN_POINT('',(0.,16.29));
#1241 = VECTOR('',#1242,1.);
#1242 = DIRECTION('',(1.,0.));
#1243 = ( GEOMETRIC_REPRESENTATION_CONTEXT(2) 
PARAMETRIC_REPRESENTATION_CONTEXT() REPRESENTATION_CONTEXT('2D SPACE',''
  ) );
#1244 = PCURVE('',#1245,#1250);
#1245 = CYLINDRICAL_SURFACE('',#1246,4.);
#1246 = AXIS2_PLACEMENT_3D('',#1247,#1248,#1249);
#1247 = CARTESIAN_POINT('',(0.,3.515,0.));
#1248 = DIRECTION('',(0.,-1.,0.));
#1249 = DIRECTION('',(-1.,0.,0.));
#1250 = DEFINITIONAL_REPRESENTATION('',(#1251),#1255);
#1251 = LINE('',#1252,#1253);
#1252 = CARTESIAN_POINT('',(4.712388980385,2.0249999));
#1253 = VECTOR('',#1254,1.);
#1254 = DIRECTION('',(-1.,0.));
#1255 = ( GEOMETRIC_REPRESENTATION_CONTEXT(2) 
PARAMETRIC_REPRESENTATION_CONTEXT() REPRESENTATION_CONTEXT('2D SPACE',''
  ) );
#1256 = ORIENTED_EDGE('',*,*,#190,.T.);
#1257 = ORIENTED_EDGE('',*,*,#161,.F.);
#1258 = ORIENTED_EDGE('',*,*,#1259,.T.);
#1259 = EDGE_CURVE('',#138,#1229,#1260,.T.);
#1260 = SURFACE_CURVE('',#1261,(#1265,#1272),.PCURVE_S1.);
#1261 = LINE('',#1262,#1263);
#1262 = CARTESIAN_POINT('',(-4.,1.43750183336,0.));
#1263 = VECTOR('',#1264,1.);
#1264 = DIRECTION('',(0.,1.,4.500236002006E-14));
#1265 = PCURVE('',#178,#1266);
#1266 = DEFINITIONAL_REPRESENTATION('',(#1267),#1271);
#1267 = LINE('',#1268,#1269);
#1268 = CARTESIAN_POINT('',(4.712388980385,16.23750173336));
#1269 = VECTOR('',#1270,1.);
#1270 = DIRECTION('',(0.,1.));
#1271 = ( GEOMETRIC_REPRESENTATION_CONTEXT(2) 
PARAMETRIC_REPRESENTATION_CONTEXT() REPRESENTATION_CONTEXT('2D SPACE',''
  ) );
#1272 = PCURVE('',#122,#1273);
#1273 = DEFINITIONAL_REPRESENTATION('',(#1274),#1278);
#1274 = LINE('',#1275,#1276);
#1275 = CARTESIAN_POINT('',(4.712388980385,16.23750173336));
#1276 = VECTOR('',#1277,1.);
#1277 = DIRECTION('',(0.,1.));
#1278 = ( GEOMETRIC_REPRESENTATION_CONTEXT(2) 
PARAMETRIC_REPRESENTATION_CONTEXT() REPRESENTATION_CONTEXT('2D SPACE',''
  ) );
#1279 = ADVANCED_FACE('',(#1280),#122,.T.);
#1280 = FACE_BOUND('',#1281,.T.);
#1281 = EDGE_LOOP('',(#1282,#1283,#1310,#1311));
#1282 = ORIENTED_EDGE('',*,*,#80,.T.);
#1283 = ORIENTED_EDGE('',*,*,#1284,.F.);
#1284 = EDGE_CURVE('',#1229,#52,#1285,.T.);
#1285 = SURFACE_CURVE('',#1286,(#1291,#1298),.PCURVE_S1.);
#1286 = CIRCLE('',#1287,4.);
#1287 = AXIS2_PLACEMENT_3D('',#1288,#1289,#1290);
#1288 = CARTESIAN_POINT('',(0.,1.4900001,0.));
#1289 = DIRECTION('',(0.,1.,0.));
#1290 = DIRECTION('',(0.,-0.,1.));
#1291 = PCURVE('',#122,#1292);
#1292 = DEFINITIONAL_REPRESENTATION('',(#1293),#1297);
#1293 = LINE('',#1294,#1295);
#1294 = CARTESIAN_POINT('',(0.,16.29));
#1295 = VECTOR('',#1296,1.);
#1296 = DIRECTION('',(1.,0.));
#1297 = ( GEOMETRIC_REPRESENTATION_CONTEXT(2) 
PARAMETRIC_REPRESENTATION_CONTEXT() REPRESENTATION_CONTEXT('2D SPACE',''
  ) );
#1298 = PCURVE('',#1299,#1304);
#1299 = CYLINDRICAL_SURFACE('',#1300,4.);
#1300 = AXIS2_PLACEMENT_3D('',#1301,#1302,#1303);
#1301 = CARTESIAN_POINT('',(0.,3.515,0.));
#1302 = DIRECTION('',(0.,-1.,0.));
#1303 = DIRECTION('',(-1.,0.,0.));
#1304 = DEFINITIONAL_REPRESENTATION('',(#1305),#1309);
#1305 = LINE('',#1306,#1307);
#1306 = CARTESIAN_POINT('',(10.995574287564,2.0249999));
#1307 = VECTOR('',#1308,1.);
#1308 = DIRECTION('',(-1.,0.));
#1309 = ( GEOMETRIC_REPRESENTATION_CONTEXT(2) 
PARAMETRIC_REPRESENTATION_CONTEXT() REPRESENTATION_CONTEXT('2D SPACE',''
  ) );
#1310 = ORIENTED_EDGE('',*,*,#1259,.F.);
#1311 = ORIENTED_EDGE('',*,*,#137,.F.);
#1312 = ADVANCED_FACE('',(#1313),#890,.F.);
#1313 = FACE_BOUND('',#1314,.F.);
#1314 = EDGE_LOOP('',(#1315,#1581,#1852,#2123,#2394,#2518,#2680,#2846));
#1315 = ORIENTED_EDGE('',*,*,#1316,.T.);
#1316 = EDGE_CURVE('',#52,#1317,#1319,.T.);
#1317 = VERTEX_POINT('',#1318);
#1318 = CARTESIAN_POINT('',(4.,1.68750183336,0.));
#1319 = SURFACE_CURVE('',#1320,(#1347,#1464),.PCURVE_S1.);
#1320 = B_SPLINE_CURVE_WITH_KNOTS('',3,(#1321,#1322,#1323,#1324,#1325,
    #1326,#1327,#1328,#1329,#1330,#1331,#1332,#1333,#1334,#1335,#1336,
    #1337,#1338,#1339,#1340,#1341,#1342,#1343,#1344,#1345,#1346),
  .UNSPECIFIED.,.F.,.F.,(4,1,1,1,1,1,1,1,1,1,1,1,1,1,1,1,1,1,1,1,1,1,1,4
    ),(0.,4.347826086957E-02,8.695652173913E-02,0.130434782609,
    0.173913043478,0.217391304348,0.260869565217,0.304347826087,
    0.347826086957,0.391304347826,0.434782608696,0.478260869565,
    0.521739130435,0.565217391304,0.608695652174,0.652173913044,
    0.695652173913,0.739130434783,0.782608695652,0.826086956522,
    0.869565217391,0.913043478261,0.95652173913,1.),.UNSPECIFIED.);
#1321 = CARTESIAN_POINT('',(-4.,1.43750183336,0.));
#1322 = CARTESIAN_POINT('',(-4.,1.441111165004,0.181424796445));
#1323 = CARTESIAN_POINT('',(-3.975330450018,1.448355892296,
    0.545600655583));
#1324 = CARTESIAN_POINT('',(-3.862629551556,1.459341814482,
    1.087544534116));
#1325 = CARTESIAN_POINT('',(-3.67598363115,1.470324650199,1.608477119682
    ));
#1326 = CARTESIAN_POINT('',(-3.424309823733,1.481128249069,
    2.091115068539));
#1327 = CARTESIAN_POINT('',(-3.10752763531,1.492010599604,2.53861152874)
  );
#1328 = CARTESIAN_POINT('',(-2.728706748217,1.502995884075,2.94217685398
    ));
#1329 = CARTESIAN_POINT('',(-2.298801395429,1.513955138021,
    3.288699526946));
#1330 = CARTESIAN_POINT('',(-1.832406964402,1.524758948943,
    3.569333270139));
#1331 = CARTESIAN_POINT('',(-1.333458690162,1.535542664366,
    3.784307266154));
#1332 = CARTESIAN_POINT('',(-0.804991608134,1.546428095752,
    3.931004653502));
#1333 = CARTESIAN_POINT('',(-0.260751064971,1.557326767905,
    4.003877496682));
#1334 = CARTESIAN_POINT('',(0.282576956363,1.568110688187,4.002378103089
    ));
#1335 = CARTESIAN_POINT('',(0.824374002334,1.578969203908,3.926756259497
    ));
#1336 = CARTESIAN_POINT('',(1.347520421348,1.5897570039,3.779292510492)
  );
#1337 = CARTESIAN_POINT('',(1.848659744212,1.600606420748,3.561076895422
    ));
#1338 = CARTESIAN_POINT('',(2.31318673306,1.6113981128,3.278496563271));
#1339 = CARTESIAN_POINT('',(2.739885002239,1.622313862982,2.93153381949)
  );
#1340 = CARTESIAN_POINT('',(3.113595275303,1.633190480976,2.530716765077
    ));
#1341 = CARTESIAN_POINT('',(3.426854842304,1.64397594865,2.086730343581)
  );
#1342 = CARTESIAN_POINT('',(3.677579089265,1.65476120544,1.604655517507)
  );
#1343 = CARTESIAN_POINT('',(3.862932509426,1.665691523108,1.086072756957
    ));
#1344 = CARTESIAN_POINT('',(3.975347692747,1.676654405633,0.545268822448
    ));
#1345 = CARTESIAN_POINT('',(4.,1.683892635609,0.181418066238));
#1346 = CARTESIAN_POINT('',(4.,1.68750183336,0.));
#1347 = PCURVE('',#890,#1348);
#1348 = DEFINITIONAL_REPRESENTATION('',(#1349),#1463);
#1349 = B_SPLINE_CURVE_WITH_KNOTS('',3,(#1350,#1351,#1352,#1353,#1354,
    #1355,#1356,#1357,#1358,#1359,#1360,#1361,#1362,#1363,#1364,#1365,
    #1366,#1367,#1368,#1369,#1370,#1371,#1372,#1373,#1374,#1375,#1376,
    #1377,#1378,#1379,#1380,#1381,#1382,#1383,#1384,#1385,#1386,#1387,
    #1388,#1389,#1390,#1391,#1392,#1393,#1394,#1395,#1396,#1397,#1398,
    #1399,#1400,#1401,#1402,#1403,#1404,#1405,#1406,#1407,#1408,#1409,
    #1410,#1411,#1412,#1413,#1414,#1415,#1416,#1417,#1418,#1419,#1420,
    #1421,#1422,#1423,#1424,#1425,#1426,#1427,#1428,#1429,#1430,#1431,
    #1432,#1433,#1434,#1435,#1436,#1437,#1438,#1439,#1440,#1441,#1442,
    #1443,#1444,#1445,#1446,#1447,#1448,#1449,#1450,#1451,#1452,#1453,
    #1454,#1455,#1456,#1457,#1458,#1459,#1460,#1461,#1462),
  .UNSPECIFIED.,.F.,.F.,(4,1,1,1,1,1,1,1,1,1,1,1,1,1,1,1,1,1,1,1,1,1,1,1
    ,1,1,1,1,1,1,1,1,1,1,1,1,1,1,1,1,1,1,1,1,1,1,1,1,1,1,1,1,1,1,1,1,1,1
    ,1,1,1,1,1,1,1,1,1,1,1,1,1,1,1,1,1,1,1,1,1,1,1,1,1,1,1,1,1,1,1,1,1,1
    ,1,1,1,1,1,1,1,1,1,1,1,1,1,1,1,1,1,1,4),(0.,9.090909090909E-03,
    1.818181818182E-02,2.727272727273E-02,3.636363636364E-02,
    4.545454545455E-02,5.454545454545E-02,6.363636363636E-02,
    7.272727272727E-02,8.181818181818E-02,9.090909090909E-02,1.E-01,
    0.109090909091,0.118181818182,0.127272727273,0.136363636364,
    0.145454545455,0.154545454545,0.163636363636,0.172727272727,
    0.181818181818,0.190909090909,0.2,0.209090909091,0.218181818182,
    0.227272727273,0.236363636364,0.245454545455,0.254545454545,
    0.263636363636,0.272727272727,0.281818181818,0.290909090909,0.3,
    0.309090909091,0.318181818182,0.327272727273,0.336363636364,
    0.345454545455,0.354545454545,0.363636363636,0.372727272727,
    0.381818181818,0.390909090909,0.4,0.409090909091,0.418181818182,
    0.427272727273,0.436363636364,0.445454545455,0.454545454545,
    0.463636363636,0.472727272727,0.481818181818,0.490909090909,0.5,
    0.509090909091,0.518181818182,0.527272727273,0.536363636364,
    0.545454545455,0.554545454545,0.563636363636,0.572727272727,
    0.581818181818,0.590909090909,0.6,0.609090909091,0.618181818182,
    0.627272727273,0.636363636364,0.645454545455,0.654545454545,
    0.663636363636,0.672727272727,0.681818181818,0.690909090909,0.7,
    0.709090909091,0.718181818182,0.727272727273,0.736363636364,
    0.745454545455,0.754545454545,0.763636363636,0.772727272727,
    0.781818181818,0.790909090909,0.8,0.809090909091,0.818181818182,
    0.827272727273,0.836363636364,0.845454545455,0.854545454545,
    0.863636363636,0.872727272727,0.881818181818,0.890909090909,0.9,
    0.909090909091,0.918181818182,0.927272727273,0.936363636364,
    0.945454545455,0.954545454545,0.963636363636,0.972727272727,
    0.981818181818,0.990909090909,1.),.QUASI_UNIFORM_KNOTS.);
#1350 = CARTESIAN_POINT('',(0.750145545215,0.349731422226));
#1351 = CARTESIAN_POINT('',(0.750124907065,0.350184138964));
#1352 = CARTESIAN_POINT('',(0.750081581991,0.351090281499));
#1353 = CARTESIAN_POINT('',(0.750029192166,0.352451814458));
#1354 = CARTESIAN_POINT('',(0.750007190298,0.353815865062));
#1355 = CARTESIAN_POINT('',(0.750036705332,0.355182609017));
#1356 = CARTESIAN_POINT('',(0.750084821511,0.356552299211));
#1357 = CARTESIAN_POINT('',(0.750133118905,0.357925009154));
#1358 = CARTESIAN_POINT('',(0.750188251325,0.359299955251));
#1359 = CARTESIAN_POINT('',(0.750239558998,0.360676480038));
#1360 = CARTESIAN_POINT('',(0.750269652342,0.362053908042));
#1361 = CARTESIAN_POINT('',(0.750237438357,0.36343163094));
#1362 = CARTESIAN_POINT('',(0.750145926931,0.364808920346));
#1363 = CARTESIAN_POINT('',(0.750056233856,0.366184825774));
#1364 = CARTESIAN_POINT('',(0.749999377805,0.367558369134));
#1365 = CARTESIAN_POINT('',(0.749993462123,0.368928620136));
#1366 = CARTESIAN_POINT('',(0.750040639538,0.37029429719));
#1367 = CARTESIAN_POINT('',(0.750120109919,0.371656014779));
#1368 = CARTESIAN_POINT('',(0.750184314004,0.373015368601));
#1369 = CARTESIAN_POINT('',(0.750216317805,0.374373742071));
#1370 = CARTESIAN_POINT('',(0.750219413041,0.375732551663));
#1371 = CARTESIAN_POINT('',(0.75022657616,0.377093288423));
#1372 = CARTESIAN_POINT('',(0.750231847755,0.378456198364));
#1373 = CARTESIAN_POINT('',(0.750222937231,0.379821387475));
#1374 = CARTESIAN_POINT('',(0.750192529749,0.381189017518));
#1375 = CARTESIAN_POINT('',(0.750133958977,0.382559274784));
#1376 = CARTESIAN_POINT('',(0.750049306311,0.383932294234));
#1377 = CARTESIAN_POINT('',(0.749986546951,0.385307303012));
#1378 = CARTESIAN_POINT('',(0.749981812474,0.386683559117));
#1379 = CARTESIAN_POINT('',(0.750041960558,0.388060292544));
#1380 = CARTESIAN_POINT('',(0.75010726809,0.389436765155));
#1381 = CARTESIAN_POINT('',(0.750143687099,0.390812288761));
#1382 = CARTESIAN_POINT('',(0.750177481809,0.392186188117));
#1383 = CARTESIAN_POINT('',(0.750212112218,0.39355775155));
#1384 = CARTESIAN_POINT('',(0.750243302414,0.394926310857));
#1385 = CARTESIAN_POINT('',(0.750251042514,0.396290994336));
#1386 = CARTESIAN_POINT('',(0.750219008884,0.397651884369));
#1387 = CARTESIAN_POINT('',(0.750154019241,0.399009915689));
#1388 = CARTESIAN_POINT('',(0.750074102356,0.400365810711));
#1389 = CARTESIAN_POINT('',(0.750006912529,0.401720311509));
#1390 = CARTESIAN_POINT('',(0.750003829902,0.403074115129));
#1391 = CARTESIAN_POINT('',(0.750060023573,0.404427848112));
#1392 = CARTESIAN_POINT('',(0.750130522124,0.405782150835));
#1393 = CARTESIAN_POINT('',(0.750191867232,0.407137697261));
#1394 = CARTESIAN_POINT('',(0.750228583684,0.408495170706));
#1395 = CARTESIAN_POINT('',(0.750238161432,0.409855310144));
#1396 = CARTESIAN_POINT('',(0.750233011376,0.411217657423));
#1397 = CARTESIAN_POINT('',(0.750216296139,0.412581714314));
#1398 = CARTESIAN_POINT('',(0.750184471222,0.413947001761));
#1399 = CARTESIAN_POINT('',(0.750121895908,0.415313059439));
#1400 = CARTESIAN_POINT('',(0.750021155423,0.416679410497));
#1401 = CARTESIAN_POINT('',(0.749944714831,0.418045359603));
#1402 = CARTESIAN_POINT('',(0.749941434859,0.419410172556));
#1403 = CARTESIAN_POINT('',(0.750018425955,0.420773129395));
#1404 = CARTESIAN_POINT('',(0.750136174808,0.422133337092));
#1405 = CARTESIAN_POINT('',(0.75024934344,0.42349072444));
#1406 = CARTESIAN_POINT('',(0.750320872999,0.424846526764));
#1407 = CARTESIAN_POINT('',(0.750332818115,0.426201769346));
#1408 = CARTESIAN_POINT('',(0.750284180638,0.427557478925));
#1409 = CARTESIAN_POINT('',(0.750190303343,0.428914908666));
#1410 = CARTESIAN_POINT('',(0.750089408246,0.430273968819));
#1411 = CARTESIAN_POINT('',(0.75001368244,0.431633723265));
#1412 = CARTESIAN_POINT('',(0.749981102341,0.432993402691));
#1413 = CARTESIAN_POINT('',(0.7499961415,0.434352217632));
#1414 = CARTESIAN_POINT('',(0.750052837865,0.435709239711));
#1415 = CARTESIAN_POINT('',(0.750130650371,0.437064943933));
#1416 = CARTESIAN_POINT('',(0.750195674543,0.438420089503));
#1417 = CARTESIAN_POINT('',(0.750231063462,0.439775379099));
#1418 = CARTESIAN_POINT('',(0.750229775225,0.441131556641));
#1419 = CARTESIAN_POINT('',(0.750199144217,0.442489314418));
#1420 = CARTESIAN_POINT('',(0.750165231379,0.443847994798));
#1421 = CARTESIAN_POINT('',(0.750141642524,0.445206964218));
#1422 = CARTESIAN_POINT('',(0.750132211989,0.446565603786));
#1423 = CARTESIAN_POINT('',(0.750129687278,0.447923182228));
#1424 = CARTESIAN_POINT('',(0.7501180961,0.449279432684));
#1425 = CARTESIAN_POINT('',(0.750095616467,0.450635496154));
#1426 = CARTESIAN_POINT('',(0.750084093616,0.451992317794));
#1427 = CARTESIAN_POINT('',(0.750085927479,0.453350824027));
#1428 = CARTESIAN_POINT('',(0.750089733356,0.45471218122));
#1429 = CARTESIAN_POINT('',(0.750110027504,0.456076478012));
#1430 = CARTESIAN_POINT('',(0.750153055675,0.457442609754));
#1431 = CARTESIAN_POINT('',(0.750207986472,0.458809727324));
#1432 = CARTESIAN_POINT('',(0.750252743665,0.460176954701));
#1433 = CARTESIAN_POINT('',(0.750239023064,0.461543384164));
#1434 = CARTESIAN_POINT('',(0.750177144778,0.462908617384));
#1435 = CARTESIAN_POINT('',(0.750102131099,0.464272429445));
#1436 = CARTESIAN_POINT('',(0.750037586648,0.465634513669));
#1437 = CARTESIAN_POINT('',(0.750002389118,0.466994564881));
#1438 = CARTESIAN_POINT('',(0.750015368849,0.468352199684));
#1439 = CARTESIAN_POINT('',(0.750064253968,0.4697078516));
#1440 = CARTESIAN_POINT('',(0.75012367747,0.471062031429));
#1441 = CARTESIAN_POINT('',(0.750181428218,0.472415240314));
#1442 = CARTESIAN_POINT('',(0.750233656883,0.473767976673));
#1443 = CARTESIAN_POINT('',(0.750279956573,0.475120770221));
#1444 = CARTESIAN_POINT('',(0.750293382438,0.476474436422));
#1445 = CARTESIAN_POINT('',(0.750263476033,0.477829796265));
#1446 = CARTESIAN_POINT('',(0.750192512373,0.479187649777));
#1447 = CARTESIAN_POINT('',(0.750095317541,0.480548940822));
#1448 = CARTESIAN_POINT('',(0.750005879264,0.481914023386));
#1449 = CARTESIAN_POINT('',(0.749959767573,0.483282080137));
#1450 = CARTESIAN_POINT('',(0.749986317929,0.484652485661));
#1451 = CARTESIAN_POINT('',(0.750063955399,0.486024561686));
#1452 = CARTESIAN_POINT('',(0.750126391854,0.487397716736));
#1453 = CARTESIAN_POINT('',(0.750163661872,0.488771283974));
#1454 = CARTESIAN_POINT('',(0.750198447612,0.490144502969));
#1455 = CARTESIAN_POINT('',(0.750230434388,0.49151661565));
#1456 = CARTESIAN_POINT('',(0.750251004511,0.492886889585));
#1457 = CARTESIAN_POINT('',(0.750232451436,0.494254478901));
#1458 = CARTESIAN_POINT('',(0.750178259832,0.495619496095));
#1459 = CARTESIAN_POINT('',(0.750107111051,0.496982268301));
#1460 = CARTESIAN_POINT('',(0.750038958165,0.498343038226));
#1461 = CARTESIAN_POINT('',(0.750012840712,0.499249030235));
#1462 = CARTESIAN_POINT('',(0.750008654536,0.499701767048));
#1463 = ( GEOMETRIC_REPRESENTATION_CONTEXT(2) 
PARAMETRIC_REPRESENTATION_CONTEXT() REPRESENTATION_CONTEXT('2D SPACE',''
  ) );
#1464 = PCURVE('',#1299,#1465);
#1465 = DEFINITIONAL_REPRESENTATION('',(#1466),#1580);
#1466 = B_SPLINE_CURVE_WITH_KNOTS('',3,(#1467,#1468,#1469,#1470,#1471,
    #1472,#1473,#1474,#1475,#1476,#1477,#1478,#1479,#1480,#1481,#1482,
    #1483,#1484,#1485,#1486,#1487,#1488,#1489,#1490,#1491,#1492,#1493,
    #1494,#1495,#1496,#1497,#1498,#1499,#1500,#1501,#1502,#1503,#1504,
    #1505,#1506,#1507,#1508,#1509,#1510,#1511,#1512,#1513,#1514,#1515,
    #1516,#1517,#1518,#1519,#1520,#1521,#1522,#1523,#1524,#1525,#1526,
    #1527,#1528,#1529,#1530,#1531,#1532,#1533,#1534,#1535,#1536,#1537,
    #1538,#1539,#1540,#1541,#1542,#1543,#1544,#1545,#1546,#1547,#1548,
    #1549,#1550,#1551,#1552,#1553,#1554,#1555,#1556,#1557,#1558,#1559,
    #1560,#1561,#1562,#1563,#1564,#1565,#1566,#1567,#1568,#1569,#1570,
    #1571,#1572,#1573,#1574,#1575,#1576,#1577,#1578,#1579),
  .UNSPECIFIED.,.F.,.F.,(4,1,1,1,1,1,1,1,1,1,1,1,1,1,1,1,1,1,1,1,1,1,1,1
    ,1,1,1,1,1,1,1,1,1,1,1,1,1,1,1,1,1,1,1,1,1,1,1,1,1,1,1,1,1,1,1,1,1,1
    ,1,1,1,1,1,1,1,1,1,1,1,1,1,1,1,1,1,1,1,1,1,1,1,1,1,1,1,1,1,1,1,1,1,1
    ,1,1,1,1,1,1,1,1,1,1,1,1,1,1,1,1,1,1,4),(0.,9.090909090909E-03,
    1.818181818182E-02,2.727272727273E-02,3.636363636364E-02,
    4.545454545455E-02,5.454545454545E-02,6.363636363636E-02,
    7.272727272727E-02,8.181818181818E-02,9.090909090909E-02,1.E-01,
    0.109090909091,0.118181818182,0.127272727273,0.136363636364,
    0.145454545455,0.154545454545,0.163636363636,0.172727272727,
    0.181818181818,0.190909090909,0.2,0.209090909091,0.218181818182,
    0.227272727273,0.236363636364,0.245454545455,0.254545454545,
    0.263636363636,0.272727272727,0.281818181818,0.290909090909,0.3,
    0.309090909091,0.318181818182,0.327272727273,0.336363636364,
    0.345454545455,0.354545454545,0.363636363636,0.372727272727,
    0.381818181818,0.390909090909,0.4,0.409090909091,0.418181818182,
    0.427272727273,0.436363636364,0.445454545455,0.454545454545,
    0.463636363636,0.472727272727,0.481818181818,0.490909090909,0.5,
    0.509090909091,0.518181818182,0.527272727273,0.536363636364,
    0.545454545455,0.554545454545,0.563636363636,0.572727272727,
    0.581818181818,0.590909090909,0.6,0.609090909091,0.618181818182,
    0.627272727273,0.636363636364,0.645454545455,0.654545454545,
    0.663636363636,0.672727272727,0.681818181818,0.690909090909,0.7,
    0.709090909091,0.718181818182,0.727272727273,0.736363636364,
    0.745454545455,0.754545454545,0.763636363636,0.772727272727,
    0.781818181818,0.790909090909,0.8,0.809090909091,0.818181818182,
    0.827272727273,0.836363636364,0.845454545455,0.854545454545,
    0.863636363636,0.872727272727,0.881818181818,0.890909090909,0.9,
    0.909090909091,0.918181818182,0.927272727273,0.936363636364,
    0.945454545455,0.954545454545,0.963636363636,0.972727272727,
    0.981818181818,0.990909090909,1.),.QUASI_UNIFORM_KNOTS.);
#1467 = CARTESIAN_POINT('',(6.28318530718,2.07749816664));
#1468 = CARTESIAN_POINT('',(6.273701715213,2.076743488205));
#1469 = CARTESIAN_POINT('',(6.254720119508,2.075232991658));
#1470 = CARTESIAN_POINT('',(6.226200073414,2.072963457979));
#1471 = CARTESIAN_POINT('',(6.197627985638,2.070689758944));
#1472 = CARTESIAN_POINT('',(6.16899936876,2.068411541409));
#1473 = CARTESIAN_POINT('',(6.140308250341,2.066128365486));
#1474 = CARTESIAN_POINT('',(6.111552824104,2.063840130181));
#1475 = CARTESIAN_POINT('',(6.082749500248,2.061548085625));
#1476 = CARTESIAN_POINT('',(6.053912306726,2.059253306896));
#1477 = CARTESIAN_POINT('',(6.025055811454,2.056956930437));
#1478 = CARTESIAN_POINT('',(5.996193278065,2.054660022271));
#1479 = CARTESIAN_POINT('',(5.967340419697,2.052363909495));
#1480 = CARTESIAN_POINT('',(5.938517436947,2.050070246622));
#1481 = CARTESIAN_POINT('',(5.909744970137,2.047780660384));
#1482 = CARTESIAN_POINT('',(5.881042415006,2.045496650745));
#1483 = CARTESIAN_POINT('',(5.852436226623,2.043220252528));
#1484 = CARTESIAN_POINT('',(5.82391274112,2.040950387037));
#1485 = CARTESIAN_POINT('',(5.795437962627,2.038684400288));
#1486 = CARTESIAN_POINT('',(5.766982713174,2.036420003892));
#1487 = CARTESIAN_POINT('',(5.738517364702,2.034154855372));
#1488 = CARTESIAN_POINT('',(5.710010899253,2.031886463001));
#1489 = CARTESIAN_POINT('',(5.68145856477,2.029614391441));
#1490 = CARTESIAN_POINT('',(5.652858613024,2.027338474225));
#1491 = CARTESIAN_POINT('',(5.624208106509,2.025058481482));
#1492 = CARTESIAN_POINT('',(5.595503499727,2.022774172828));
#1493 = CARTESIAN_POINT('',(5.56674213875,2.020485414249));
#1494 = CARTESIAN_POINT('',(5.537940072051,2.018193450923));
#1495 = CARTESIAN_POINT('',(5.509112377991,2.015899443944));
#1496 = CARTESIAN_POINT('',(5.480274319245,2.013604577133));
#1497 = CARTESIAN_POINT('',(5.451440828369,2.011310027495));
#1498 = CARTESIAN_POINT('',(5.422626169551,2.009016976673));
#1499 = CARTESIAN_POINT('',(5.393844541611,2.006726603208));
#1500 = CARTESIAN_POINT('',(5.365111147831,2.004440107868));
#1501 = CARTESIAN_POINT('',(5.336440415751,2.002158606992));
#1502 = CARTESIAN_POINT('',(5.307851097855,1.999883532402));
#1503 = CARTESIAN_POINT('',(5.279341914106,1.997614794688));
#1504 = CARTESIAN_POINT('',(5.250893585817,1.995350920201));
#1505 = CARTESIAN_POINT('',(5.222491083856,1.99309073423));
#1506 = CARTESIAN_POINT('',(5.19411870207,1.9908329858));
#1507 = CARTESIAN_POINT('',(5.165761316408,1.98857643005));
#1508 = CARTESIAN_POINT('',(5.1374049774,1.986319923895));
#1509 = CARTESIAN_POINT('',(5.109035800081,1.98406236204));
#1510 = CARTESIAN_POINT('',(5.080639528904,1.9818026255));
#1511 = CARTESIAN_POINT('',(5.052201961059,1.979539614456));
#1512 = CARTESIAN_POINT('',(5.0237079064,1.977272166121));
#1513 = CARTESIAN_POINT('',(4.995167358002,1.975001032702));
#1514 = CARTESIAN_POINT('',(4.96659120884,1.972727037199));
#1515 = CARTESIAN_POINT('',(4.93798992759,1.97045098789));
#1516 = CARTESIAN_POINT('',(4.909373494883,1.9681736813));
#1517 = CARTESIAN_POINT('',(4.880752036021,1.965895977599));
#1518 = CARTESIAN_POINT('',(4.85213990151,1.963619070911));
#1519 = CARTESIAN_POINT('',(4.82355191467,1.961344141001));
#1520 = CARTESIAN_POINT('',(4.795002292028,1.959072294755));
#1521 = CARTESIAN_POINT('',(4.766509286148,1.95680494494));
#1522 = CARTESIAN_POINT('',(4.738074306185,1.954542179868));
#1523 = CARTESIAN_POINT('',(4.709671640081,1.95228196241));
#1524 = CARTESIAN_POINT('',(4.681280135734,1.950022621772));
#1525 = CARTESIAN_POINT('',(4.652878698534,1.947762493036));
#1526 = CARTESIAN_POINT('',(4.624441508133,1.945499521446));
#1527 = CARTESIAN_POINT('',(4.595970815088,1.943233895658));
#1528 = CARTESIAN_POINT('',(4.567486496377,1.940967196656));
#1529 = CARTESIAN_POINT('',(4.539004758398,1.938700698503));
#1530 = CARTESIAN_POINT('',(4.510541981387,1.936435693914));
#1531 = CARTESIAN_POINT('',(4.482117109049,1.934173707919));
#1532 = CARTESIAN_POINT('',(4.45371937816,1.931913886862));
#1533 = CARTESIAN_POINT('',(4.425332447984,1.92965492801));
#1534 = CARTESIAN_POINT('',(4.396941483385,1.927395651188));
#1535 = CARTESIAN_POINT('',(4.368531027395,1.925134821725));
#1536 = CARTESIAN_POINT('',(4.340086871928,1.922871300554));
#1537 = CARTESIAN_POINT('',(4.311623178614,1.920606233878));
#1538 = CARTESIAN_POINT('',(4.283153659316,1.918340708139));
#1539 = CARTESIAN_POINT('',(4.254691690175,1.91607577696));
#1540 = CARTESIAN_POINT('',(4.226252896618,1.913812684997));
#1541 = CARTESIAN_POINT('',(4.197842989219,1.911551896722));
#1542 = CARTESIAN_POINT('',(4.169437910131,1.909291484036));
#1543 = CARTESIAN_POINT('',(4.141017319508,1.907029836035));
#1544 = CARTESIAN_POINT('',(4.112560972254,1.904765354101));
#1545 = CARTESIAN_POINT('',(4.084043972362,1.902496073275));
#1546 = CARTESIAN_POINT('',(4.055464306056,1.900221826645));
#1547 = CARTESIAN_POINT('',(4.026845230227,1.897944428516));
#1548 = CARTESIAN_POINT('',(3.998204864309,1.895665291285));
#1549 = CARTESIAN_POINT('',(3.96956201904,1.893385901636));
#1550 = CARTESIAN_POINT('',(3.94093623404,1.891107851018));
#1551 = CARTESIAN_POINT('',(3.912336256022,1.888831895409));
#1552 = CARTESIAN_POINT('',(3.883767043189,1.886558441745));
#1553 = CARTESIAN_POINT('',(3.855235075877,1.884287988019));
#1554 = CARTESIAN_POINT('',(3.826746539217,1.882020988384));
#1555 = CARTESIAN_POINT('',(3.798308879558,1.879757981304));
#1556 = CARTESIAN_POINT('',(3.76991219881,1.877498217141));
#1557 = CARTESIAN_POINT('',(3.741545396373,1.875240843826));
#1558 = CARTESIAN_POINT('',(3.713197883943,1.872985032335));
#1559 = CARTESIAN_POINT('',(3.684859369146,1.870729963033));
#1560 = CARTESIAN_POINT('',(3.656519074811,1.868474754584));
#1561 = CARTESIAN_POINT('',(3.628160371955,1.866218050012));
#1562 = CARTESIAN_POINT('',(3.599766523808,1.863958517327));
#1563 = CARTESIAN_POINT('',(3.57132117342,1.861694873677));
#1564 = CARTESIAN_POINT('',(3.542804818784,1.85942561467));
#1565 = CARTESIAN_POINT('',(3.51421009445,1.85715017209));
#1566 = CARTESIAN_POINT('',(3.485553899052,1.854869827401));
#1567 = CARTESIAN_POINT('',(3.456848719081,1.852585539467));
#1568 = CARTESIAN_POINT('',(3.428107936145,1.850298361496));
#1569 = CARTESIAN_POINT('',(3.399343587237,1.848009291911));
#1570 = CARTESIAN_POINT('',(3.370569554548,1.845719496204));
#1571 = CARTESIAN_POINT('',(3.3418019037,1.843430254897));
#1572 = CARTESIAN_POINT('',(3.313056863066,1.841142835742));
#1573 = CARTESIAN_POINT('',(3.284350235032,1.838858461775));
#1574 = CARTESIAN_POINT('',(3.255700238457,1.836578547677));
#1575 = CARTESIAN_POINT('',(3.227104914287,1.834302979426));
#1576 = CARTESIAN_POINT('',(3.198557639814,1.832031258636));
#1577 = CARTESIAN_POINT('',(3.170053380492,1.82976298531));
#1578 = CARTESIAN_POINT('',(3.151075892875,1.828252817079));
#1579 = CARTESIAN_POINT('',(3.14159265359,1.82749816664));
#1580 = ( GEOMETRIC_REPRESENTATION_CONTEXT(2) 
PARAMETRIC_REPRESENTATION_CONTEXT() REPRESENTATION_CONTEXT('2D SPACE',''
  ) );
#1581 = ORIENTED_EDGE('',*,*,#1582,.T.);
#1582 = EDGE_CURVE('',#1317,#1583,#1585,.T.);
#1583 = VERTEX_POINT('',#1584);
#1584 = CARTESIAN_POINT('',(-4.,1.93750183336,0.));
#1585 = SURFACE_CURVE('',#1586,(#1613,#1730),.PCURVE_S1.);
#1586 = B_SPLINE_CURVE_WITH_KNOTS('',3,(#1587,#1588,#1589,#1590,#1591,
    #1592,#1593,#1594,#1595,#1596,#1597,#1598,#1599,#1600,#1601,#1602,
    #1603,#1604,#1605,#1606,#1607,#1608,#1609,#1610,#1611,#1612),
  .UNSPECIFIED.,.F.,.F.,(4,1,1,1,1,1,1,1,1,1,1,1,1,1,1,1,1,1,1,1,1,1,1,4
    ),(0.,4.347826086957E-02,8.695652173913E-02,0.130434782609,
    0.173913043478,0.217391304348,0.260869565217,0.304347826087,
    0.347826086957,0.391304347826,0.434782608696,0.478260869565,
    0.521739130435,0.565217391304,0.608695652174,0.652173913044,
    0.695652173913,0.739130434783,0.782608695652,0.826086956522,
    0.869565217391,0.913043478261,0.95652173913,1.),.UNSPECIFIED.);
#1587 = CARTESIAN_POINT('',(4.,1.68750183336,0.));
#1588 = CARTESIAN_POINT('',(4.,1.691104438773,-0.181086699157));
#1589 = CARTESIAN_POINT('',(3.97543411514,1.698336620306,-0.544636187465
    ));
#1590 = CARTESIAN_POINT('',(3.863016728475,1.709309729295,-1.08596816834
    ));
#1591 = CARTESIAN_POINT('',(3.677004237735,1.720275901278,
    -1.606245667064));
#1592 = CARTESIAN_POINT('',(3.424947801872,1.731101477424,
    -2.089924054524));
#1593 = CARTESIAN_POINT('',(3.111596781473,1.74187466848,-2.533089435907
    ));
#1594 = CARTESIAN_POINT('',(2.738271059376,1.752733059873,
    -2.932999954534));
#1595 = CARTESIAN_POINT('',(2.31178824033,1.763639254107,-3.279461312984
    ));
#1596 = CARTESIAN_POINT('',(1.84739405188,1.77442550904,-3.561730967275)
  );
#1597 = CARTESIAN_POINT('',(1.346043870841,1.785277811161,
    -3.779829156462));
#1598 = CARTESIAN_POINT('',(0.822856356034,1.796065135035,
    -3.927053246219));
#1599 = CARTESIAN_POINT('',(0.281706947043,1.806910233807,-4.00241773283
    ));
#1600 = CARTESIAN_POINT('',(-0.26148629247,1.81769154232,-4.003826944218
    ));
#1601 = CARTESIAN_POINT('',(-0.80573731734,1.828590586937,
    -3.930868954343));
#1602 = CARTESIAN_POINT('',(-1.334715299597,1.839487318397,
    -3.78388149133));
#1603 = CARTESIAN_POINT('',(-1.833515606572,1.850269572967,
    -3.56874800128));
#1604 = CARTESIAN_POINT('',(-2.299619496836,1.861068372502,
    -3.288123068983));
#1605 = CARTESIAN_POINT('',(-2.729462559932,1.872028277939,
    -2.941473790934));
#1606 = CARTESIAN_POINT('',(-3.10824596973,1.883014983191,
    -2.537769813903));
#1607 = CARTESIAN_POINT('',(-3.425218825804,1.89390995238,
    -2.089630591166));
#1608 = CARTESIAN_POINT('',(-3.676389757742,1.904700686832,
    -1.607460770514));
#1609 = CARTESIAN_POINT('',(-3.862774660458,1.915673728016,
    -1.086964151064));
#1610 = CARTESIAN_POINT('',(-3.975345736373,1.926652164894,
    -0.545379117675));
#1611 = CARTESIAN_POINT('',(-4.,1.933893681909,-0.181365473465));
#1612 = CARTESIAN_POINT('',(-4.,1.93750183336,0.));
#1613 = PCURVE('',#890,#1614);
#1614 = DEFINITIONAL_REPRESENTATION('',(#1615),#1729);
#1615 = B_SPLINE_CURVE_WITH_KNOTS('',3,(#1616,#1617,#1618,#1619,#1620,
    #1621,#1622,#1623,#1624,#1625,#1626,#1627,#1628,#1629,#1630,#1631,
    #1632,#1633,#1634,#1635,#1636,#1637,#1638,#1639,#1640,#1641,#1642,
    #1643,#1644,#1645,#1646,#1647,#1648,#1649,#1650,#1651,#1652,#1653,
    #1654,#1655,#1656,#1657,#1658,#1659,#1660,#1661,#1662,#1663,#1664,
    #1665,#1666,#1667,#1668,#1669,#1670,#1671,#1672,#1673,#1674,#1675,
    #1676,#1677,#1678,#1679,#1680,#1681,#1682,#1683,#1684,#1685,#1686,
    #1687,#1688,#1689,#1690,#1691,#1692,#1693,#1694,#1695,#1696,#1697,
    #1698,#1699,#1700,#1701,#1702,#1703,#1704,#1705,#1706,#1707,#1708,
    #1709,#1710,#1711,#1712,#1713,#1714,#1715,#1716,#1717,#1718,#1719,
    #1720,#1721,#1722,#1723,#1724,#1725,#1726,#1727,#1728),
  .UNSPECIFIED.,.F.,.F.,(4,1,1,1,1,1,1,1,1,1,1,1,1,1,1,1,1,1,1,1,1,1,1,1
    ,1,1,1,1,1,1,1,1,1,1,1,1,1,1,1,1,1,1,1,1,1,1,1,1,1,1,1,1,1,1,1,1,1,1
    ,1,1,1,1,1,1,1,1,1,1,1,1,1,1,1,1,1,1,1,1,1,1,1,1,1,1,1,1,1,1,1,1,1,1
    ,1,1,1,1,1,1,1,1,1,1,1,1,1,1,1,1,1,1,4),(0.,9.090909090909E-03,
    1.818181818182E-02,2.727272727273E-02,3.636363636364E-02,
    4.545454545455E-02,5.454545454545E-02,6.363636363636E-02,
    7.272727272727E-02,8.181818181818E-02,9.090909090909E-02,1.E-01,
    0.109090909091,0.118181818182,0.127272727273,0.136363636364,
    0.145454545455,0.154545454545,0.163636363636,0.172727272727,
    0.181818181818,0.190909090909,0.2,0.209090909091,0.218181818182,
    0.227272727273,0.236363636364,0.245454545455,0.254545454545,
    0.263636363636,0.272727272727,0.281818181818,0.290909090909,0.3,
    0.309090909091,0.318181818182,0.327272727273,0.336363636364,
    0.345454545455,0.354545454545,0.363636363636,0.372727272727,
    0.381818181818,0.390909090909,0.4,0.409090909091,0.418181818182,
    0.427272727273,0.436363636364,0.445454545455,0.454545454545,
    0.463636363636,0.472727272727,0.481818181818,0.490909090909,0.5,
    0.509090909091,0.518181818182,0.527272727273,0.536363636364,
    0.545454545455,0.554545454545,0.563636363636,0.572727272727,
    0.581818181818,0.590909090909,0.6,0.609090909091,0.618181818182,
    0.627272727273,0.636363636364,0.645454545455,0.654545454545,
    0.663636363636,0.672727272727,0.681818181818,0.690909090909,0.7,
    0.709090909091,0.718181818182,0.727272727273,0.736363636364,
    0.745454545455,0.754545454545,0.763636363636,0.772727272727,
    0.781818181818,0.790909090909,0.8,0.809090909091,0.818181818182,
    0.827272727273,0.836363636364,0.845454545455,0.854545454545,
    0.863636363636,0.872727272727,0.881818181818,0.890909090909,0.9,
    0.909090909091,0.918181818182,0.927272727273,0.936363636364,
    0.945454545455,0.954545454545,0.963636363636,0.972727272727,
    0.981818181818,0.990909090909,1.),.QUASI_UNIFORM_KNOTS.);
#1616 = CARTESIAN_POINT('',(0.750008654536,0.499701767048));
#1617 = CARTESIAN_POINT('',(0.750004667383,0.500153677188));
#1618 = CARTESIAN_POINT('',(0.750018103822,0.501058207283));
#1619 = CARTESIAN_POINT('',(0.750077028114,0.502417341253));
#1620 = CARTESIAN_POINT('',(0.750147757868,0.503779015638));
#1621 = CARTESIAN_POINT('',(0.750208584436,0.505143459313));
#1622 = CARTESIAN_POINT('',(0.750238909502,0.506510987045));
#1623 = CARTESIAN_POINT('',(0.750232720078,0.507881709068));
#1624 = CARTESIAN_POINT('',(0.750214321346,0.509254808571));
#1625 = CARTESIAN_POINT('',(0.750189596257,0.510629587104));
#1626 = CARTESIAN_POINT('',(0.75015682595,0.512005322176));
#1627 = CARTESIAN_POINT('',(0.750091365089,0.513381315256));
#1628 = CARTESIAN_POINT('',(0.750004242281,0.514756875675));
#1629 = CARTESIAN_POINT('',(0.749956295237,0.516131271105));
#1630 = CARTESIAN_POINT('',(0.749986445516,0.517503711919));
#1631 = CARTESIAN_POINT('',(0.750070150694,0.51887344219));
#1632 = CARTESIAN_POINT('',(0.750159705545,0.52023955198));
#1633 = CARTESIAN_POINT('',(0.750226163121,0.52160215449));
#1634 = CARTESIAN_POINT('',(0.750262248955,0.522961867808));
#1635 = CARTESIAN_POINT('',(0.750266379806,0.524319175006));
#1636 = CARTESIAN_POINT('',(0.750245327548,0.525674584414));
#1637 = CARTESIAN_POINT('',(0.75021631788,0.527028550196));
#1638 = CARTESIAN_POINT('',(0.750170667035,0.528381812182));
#1639 = CARTESIAN_POINT('',(0.750107856472,0.529735151924));
#1640 = CARTESIAN_POINT('',(0.750041263927,0.531089328996));
#1641 = CARTESIAN_POINT('',(0.749996028722,0.532445116225));
#1642 = CARTESIAN_POINT('',(0.750012232185,0.533803183968));
#1643 = CARTESIAN_POINT('',(0.750071917253,0.535163211977));
#1644 = CARTESIAN_POINT('',(0.75014976604,0.536524975185));
#1645 = CARTESIAN_POINT('',(0.750219196221,0.537888244875));
#1646 = CARTESIAN_POINT('',(0.750242834782,0.539252888154));
#1647 = CARTESIAN_POINT('',(0.750209329629,0.540618559566));
#1648 = CARTESIAN_POINT('',(0.750165638809,0.541984307042));
#1649 = CARTESIAN_POINT('',(0.750132119034,0.54334922974));
#1650 = CARTESIAN_POINT('',(0.750117679831,0.544712454948));
#1651 = CARTESIAN_POINT('',(0.750113437557,0.546072854228));
#1652 = CARTESIAN_POINT('',(0.75010347437,0.547430523375));
#1653 = CARTESIAN_POINT('',(0.750091879125,0.548786662384));
#1654 = CARTESIAN_POINT('',(0.750097421022,0.550142224244));
#1655 = CARTESIAN_POINT('',(0.750101513318,0.551498169085));
#1656 = CARTESIAN_POINT('',(0.750103390905,0.552855665488));
#1657 = CARTESIAN_POINT('',(0.750118892791,0.554214394324));
#1658 = CARTESIAN_POINT('',(0.750153793427,0.555573548911));
#1659 = CARTESIAN_POINT('',(0.750201699198,0.556932444817));
#1660 = CARTESIAN_POINT('',(0.750245394354,0.558290385054));
#1661 = CARTESIAN_POINT('',(0.750253872921,0.559646653495));
#1662 = CARTESIAN_POINT('',(0.750220489946,0.561001897333));
#1663 = CARTESIAN_POINT('',(0.750152045573,0.562356812422));
#1664 = CARTESIAN_POINT('',(0.750065847934,0.563712053381));
#1665 = CARTESIAN_POINT('',(0.749989636777,0.565068322382));
#1666 = CARTESIAN_POINT('',(0.74996461352,0.56642606492));
#1667 = CARTESIAN_POINT('',(0.749994661944,0.567784487294));
#1668 = CARTESIAN_POINT('',(0.750070877352,0.569142923668));
#1669 = CARTESIAN_POINT('',(0.750174010015,0.570500730937));
#1670 = CARTESIAN_POINT('',(0.750272724269,0.571857118644));
#1671 = CARTESIAN_POINT('',(0.750330093071,0.57321206419));
#1672 = CARTESIAN_POINT('',(0.750329053578,0.574566759504));
#1673 = CARTESIAN_POINT('',(0.750268538065,0.575922193554));
#1674 = CARTESIAN_POINT('',(0.750163770786,0.577279351046));
#1675 = CARTESIAN_POINT('',(0.750048026628,0.578639418543));
#1676 = CARTESIAN_POINT('',(0.749964085779,0.580002335801));
#1677 = CARTESIAN_POINT('',(0.749943698771,0.581367262521));
#1678 = CARTESIAN_POINT('',(0.75000279383,0.582733524614));
#1679 = CARTESIAN_POINT('',(0.750093846255,0.58410042467));
#1680 = CARTESIAN_POINT('',(0.750152323832,0.58546732756));
#1681 = CARTESIAN_POINT('',(0.750187618472,0.586833645325));
#1682 = CARTESIAN_POINT('',(0.750215433678,0.588198774878));
#1683 = CARTESIAN_POINT('',(0.750237165982,0.589562105477));
#1684 = CARTESIAN_POINT('',(0.750245413185,0.590923006175));
#1685 = CARTESIAN_POINT('',(0.750221350329,0.592280898134));
#1686 = CARTESIAN_POINT('',(0.750164971422,0.593636581864));
#1687 = CARTESIAN_POINT('',(0.750089916424,0.594990794752));
#1688 = CARTESIAN_POINT('',(0.750020046843,0.596344264674));
#1689 = CARTESIAN_POINT('',(0.749996839729,0.597697684034));
#1690 = CARTESIAN_POINT('',(0.750050697064,0.599051726698));
#1691 = CARTESIAN_POINT('',(0.750126919644,0.600407136026));
#1692 = CARTESIAN_POINT('',(0.750194592369,0.601764703053));
#1693 = CARTESIAN_POINT('',(0.750233269556,0.603125197038));
#1694 = CARTESIAN_POINT('',(0.750234337288,0.604489609898));
#1695 = CARTESIAN_POINT('',(0.750213279826,0.605858035079));
#1696 = CARTESIAN_POINT('',(0.750189199225,0.607229563873));
#1697 = CARTESIAN_POINT('',(0.750164910022,0.608603503897));
#1698 = CARTESIAN_POINT('',(0.750135040113,0.609979121985));
#1699 = CARTESIAN_POINT('',(0.750070989225,0.6113557165));
#1700 = CARTESIAN_POINT('',(0.750003082766,0.612732632453));
#1701 = CARTESIAN_POINT('',(0.74998406921,0.614109194661));
#1702 = CARTESIAN_POINT('',(0.750031722181,0.615484689437));
#1703 = CARTESIAN_POINT('',(0.75010602231,0.616858424902));
#1704 = CARTESIAN_POINT('',(0.750157941038,0.618229699721));
#1705 = CARTESIAN_POINT('',(0.750189841064,0.619598462625));
#1706 = CARTESIAN_POINT('',(0.750210018897,0.620964689221));
#1707 = CARTESIAN_POINT('',(0.750224030871,0.622328338979));
#1708 = CARTESIAN_POINT('',(0.750239208448,0.623689302772));
#1709 = CARTESIAN_POINT('',(0.750253264934,0.62504766145));
#1710 = CARTESIAN_POINT('',(0.750227712308,0.626405097401));
#1711 = CARTESIAN_POINT('',(0.75015646388,0.627763186776));
#1712 = CARTESIAN_POINT('',(0.750056236089,0.629123473119));
#1713 = CARTESIAN_POINT('',(0.749976775238,0.630487721973));
#1714 = CARTESIAN_POINT('',(0.749968219208,0.631856642485));
#1715 = CARTESIAN_POINT('',(0.750021610765,0.633228922323));
#1716 = CARTESIAN_POINT('',(0.750117053209,0.634603628076));
#1717 = CARTESIAN_POINT('',(0.750220125663,0.635979776659));
#1718 = CARTESIAN_POINT('',(0.750266258651,0.637356420448));
#1719 = CARTESIAN_POINT('',(0.750249696826,0.638732830457));
#1720 = CARTESIAN_POINT('',(0.750209652006,0.640108395364));
#1721 = CARTESIAN_POINT('',(0.750161623904,0.641482441116));
#1722 = CARTESIAN_POINT('',(0.750114449576,0.642854314165));
#1723 = CARTESIAN_POINT('',(0.750060248425,0.644223239011));
#1724 = CARTESIAN_POINT('',(0.750014333829,0.645589292744));
#1725 = CARTESIAN_POINT('',(0.750011685499,0.646952733264));
#1726 = CARTESIAN_POINT('',(0.750054167487,0.648313732319));
#1727 = CARTESIAN_POINT('',(0.75009575869,0.649219566038));
#1728 = CARTESIAN_POINT('',(0.750116957489,0.649672139304));
#1729 = ( GEOMETRIC_REPRESENTATION_CONTEXT(2) 
PARAMETRIC_REPRESENTATION_CONTEXT() REPRESENTATION_CONTEXT('2D SPACE',''
  ) );
#1730 = PCURVE('',#1731,#1736);
#1731 = CYLINDRICAL_SURFACE('',#1732,4.);
#1732 = AXIS2_PLACEMENT_3D('',#1733,#1734,#1735);
#1733 = CARTESIAN_POINT('',(0.,3.515,0.));
#1734 = DIRECTION('',(0.,-1.,0.));
#1735 = DIRECTION('',(-1.,0.,0.));
#1736 = DEFINITIONAL_REPRESENTATION('',(#1737),#1851);
#1737 = B_SPLINE_CURVE_WITH_KNOTS('',3,(#1738,#1739,#1740,#1741,#1742,
    #1743,#1744,#1745,#1746,#1747,#1748,#1749,#1750,#1751,#1752,#1753,
    #1754,#1755,#1756,#1757,#1758,#1759,#1760,#1761,#1762,#1763,#1764,
    #1765,#1766,#1767,#1768,#1769,#1770,#1771,#1772,#1773,#1774,#1775,
    #1776,#1777,#1778,#1779,#1780,#1781,#1782,#1783,#1784,#1785,#1786,
    #1787,#1788,#1789,#1790,#1791,#1792,#1793,#1794,#1795,#1796,#1797,
    #1798,#1799,#1800,#1801,#1802,#1803,#1804,#1805,#1806,#1807,#1808,
    #1809,#1810,#1811,#1812,#1813,#1814,#1815,#1816,#1817,#1818,#1819,
    #1820,#1821,#1822,#1823,#1824,#1825,#1826,#1827,#1828,#1829,#1830,
    #1831,#1832,#1833,#1834,#1835,#1836,#1837,#1838,#1839,#1840,#1841,
    #1842,#1843,#1844,#1845,#1846,#1847,#1848,#1849,#1850),
  .UNSPECIFIED.,.F.,.F.,(4,1,1,1,1,1,1,1,1,1,1,1,1,1,1,1,1,1,1,1,1,1,1,1
    ,1,1,1,1,1,1,1,1,1,1,1,1,1,1,1,1,1,1,1,1,1,1,1,1,1,1,1,1,1,1,1,1,1,1
    ,1,1,1,1,1,1,1,1,1,1,1,1,1,1,1,1,1,1,1,1,1,1,1,1,1,1,1,1,1,1,1,1,1,1
    ,1,1,1,1,1,1,1,1,1,1,1,1,1,1,1,1,1,1,4),(0.,9.090909090909E-03,
    1.818181818182E-02,2.727272727273E-02,3.636363636364E-02,
    4.545454545455E-02,5.454545454545E-02,6.363636363636E-02,
    7.272727272727E-02,8.181818181818E-02,9.090909090909E-02,1.E-01,
    0.109090909091,0.118181818182,0.127272727273,0.136363636364,
    0.145454545455,0.154545454545,0.163636363636,0.172727272727,
    0.181818181818,0.190909090909,0.2,0.209090909091,0.218181818182,
    0.227272727273,0.236363636364,0.245454545455,0.254545454545,
    0.263636363636,0.272727272727,0.281818181818,0.290909090909,0.3,
    0.309090909091,0.318181818182,0.327272727273,0.336363636364,
    0.345454545455,0.354545454545,0.363636363636,0.372727272727,
    0.381818181818,0.390909090909,0.4,0.409090909091,0.418181818182,
    0.427272727273,0.436363636364,0.445454545455,0.454545454545,
    0.463636363636,0.472727272727,0.481818181818,0.490909090909,0.5,
    0.509090909091,0.518181818182,0.527272727273,0.536363636364,
    0.545454545455,0.554545454545,0.563636363636,0.572727272727,
    0.581818181818,0.590909090909,0.6,0.609090909091,0.618181818182,
    0.627272727273,0.636363636364,0.645454545455,0.654545454545,
    0.663636363636,0.672727272727,0.681818181818,0.690909090909,0.7,
    0.709090909091,0.718181818182,0.727272727273,0.736363636364,
    0.745454545455,0.754545454545,0.763636363636,0.772727272727,
    0.781818181818,0.790909090909,0.8,0.809090909091,0.818181818182,
    0.827272727273,0.836363636364,0.845454545455,0.854545454545,
    0.863636363636,0.872727272727,0.881818181818,0.890909090909,0.9,
    0.909090909091,0.918181818182,0.927272727273,0.936363636364,
    0.945454545455,0.954545454545,0.963636363636,0.972727272727,
    0.981818181818,0.990909090909,1.),.QUASI_UNIFORM_KNOTS.);
#1738 = CARTESIAN_POINT('',(3.14159265359,1.82749816664));
#1739 = CARTESIAN_POINT('',(3.132126731875,1.826744894599));
#1740 = CARTESIAN_POINT('',(3.113179943467,1.825237171184));
#1741 = CARTESIAN_POINT('',(3.084710205064,1.822971648342));
#1742 = CARTESIAN_POINT('',(3.05618622549,1.820701780841));
#1743 = CARTESIAN_POINT('',(3.027603195218,1.818427187006));
#1744 = CARTESIAN_POINT('',(2.99895471254,1.816147391321));
#1745 = CARTESIAN_POINT('',(2.970238825355,1.813862284875));
#1746 = CARTESIAN_POINT('',(2.941473061962,1.811573217944));
#1747 = CARTESIAN_POINT('',(2.912672514509,1.809281355939));
#1748 = CARTESIAN_POINT('',(2.883852723599,1.806987914396));
#1749 = CARTESIAN_POINT('',(2.855028609387,1.804694093214));
#1750 = CARTESIAN_POINT('',(2.826214648937,1.802401106131));
#1751 = CARTESIAN_POINT('',(2.797425837425,1.800110172403));
#1752 = CARTESIAN_POINT('',(2.768677950644,1.797822529008));
#1753 = CARTESIAN_POINT('',(2.739986069175,1.795539339628));
#1754 = CARTESIAN_POINT('',(2.711368993613,1.793262043406));
#1755 = CARTESIAN_POINT('',(2.682824371204,1.790990488344));
#1756 = CARTESIAN_POINT('',(2.654339481561,1.788723715097));
#1757 = CARTESIAN_POINT('',(2.625904575821,1.786460960249));
#1758 = CARTESIAN_POINT('',(2.597509440318,1.784201398671));
#1759 = CARTESIAN_POINT('',(2.569144982899,1.781944256158));
#1760 = CARTESIAN_POINT('',(2.540796084604,1.779688319754));
#1761 = CARTESIAN_POINT('',(2.512446597637,1.777432318265));
#1762 = CARTESIAN_POINT('',(2.484080595126,1.775175004215));
#1763 = CARTESIAN_POINT('',(2.455681581596,1.772915092482));
#1764 = CARTESIAN_POINT('',(2.427234759154,1.770651425871));
#1765 = CARTESIAN_POINT('',(2.398746111917,1.768384423089));
#1766 = CARTESIAN_POINT('',(2.37022007383,1.766114400144));
#1767 = CARTESIAN_POINT('',(2.341661446905,1.763841725457));
#1768 = CARTESIAN_POINT('',(2.313073276168,1.761566660493));
#1769 = CARTESIAN_POINT('',(2.284463182921,1.759289875718));
#1770 = CARTESIAN_POINT('',(2.255851505859,1.757013022298));
#1771 = CARTESIAN_POINT('',(2.227257545201,1.754737624221));
#1772 = CARTESIAN_POINT('',(2.198699945609,1.752465134597));
#1773 = CARTESIAN_POINT('',(2.170202571548,1.750197417237));
#1774 = CARTESIAN_POINT('',(2.141763412367,1.747934304782));
#1775 = CARTESIAN_POINT('',(2.113357018497,1.745673786275));
#1776 = CARTESIAN_POINT('',(2.084962668613,1.743414225743));
#1777 = CARTESIAN_POINT('',(2.056559561897,1.74115397714));
#1778 = CARTESIAN_POINT('',(2.028122934128,1.738891059731));
#1779 = CARTESIAN_POINT('',(1.999659443721,1.73662601177));
#1780 = CARTESIAN_POINT('',(1.971186206737,1.734360192865));
#1781 = CARTESIAN_POINT('',(1.942717944463,1.732094761296));
#1782 = CARTESIAN_POINT('',(1.914269728332,1.729830910748));
#1783 = CARTESIAN_POINT('',(1.885857041728,1.727569894622));
#1784 = CARTESIAN_POINT('',(1.857466694873,1.725310661814));
#1785 = CARTESIAN_POINT('',(1.829084309758,1.723052065851));
#1786 = CARTESIAN_POINT('',(1.800696129007,1.72079301122));
#1787 = CARTESIAN_POINT('',(1.772287102371,1.718532293747));
#1788 = CARTESIAN_POINT('',(1.743847103064,1.716269104688));
#1789 = CARTESIAN_POINT('',(1.715392042799,1.714004728256));
#1790 = CARTESIAN_POINT('',(1.686935601727,1.71174024485));
#1791 = CARTESIAN_POINT('',(1.658491281086,1.709476716205));
#1792 = CARTESIAN_POINT('',(1.630075912562,1.707215482524));
#1793 = CARTESIAN_POINT('',(1.601690392986,1.704956622797));
#1794 = CARTESIAN_POINT('',(1.573310217785,1.702698184587));
#1795 = CARTESIAN_POINT('',(1.54491510877,1.700438567244));
#1796 = CARTESIAN_POINT('',(1.516484779416,1.698176169535));
#1797 = CARTESIAN_POINT('',(1.487994543604,1.695909040785));
#1798 = CARTESIAN_POINT('',(1.45944558901,1.693637250392));
#1799 = CARTESIAN_POINT('',(1.430855158997,1.691362126847));
#1800 = CARTESIAN_POINT('',(1.402236580978,1.689084706016));
#1801 = CARTESIAN_POINT('',(1.373603818455,1.68680610034));
#1802 = CARTESIAN_POINT('',(1.344969988986,1.684527408591));
#1803 = CARTESIAN_POINT('',(1.316347415855,1.682249667003));
#1804 = CARTESIAN_POINT('',(1.287748960839,1.67997389924));
#1805 = CARTESIAN_POINT('',(1.259187808318,1.677701126693));
#1806 = CARTESIAN_POINT('',(1.230677641833,1.67543239203));
#1807 = CARTESIAN_POINT('',(1.202231051306,1.673168654905));
#1808 = CARTESIAN_POINT('',(1.17383161429,1.670908660713));
#1809 = CARTESIAN_POINT('',(1.145464052645,1.668651227483));
#1810 = CARTESIAN_POINT('',(1.117113037715,1.666395151485));
#1811 = CARTESIAN_POINT('',(1.088763670318,1.664139243394));
#1812 = CARTESIAN_POINT('',(1.060401022489,1.661882275821));
#1813 = CARTESIAN_POINT('',(1.032008931769,1.659622919933));
#1814 = CARTESIAN_POINT('',(1.003570617107,1.657359839624));
#1815 = CARTESIAN_POINT('',(0.97507001147,1.655091779345));
#1816 = CARTESIAN_POINT('',(0.946486587244,1.652817168598));
#1817 = CARTESIAN_POINT('',(0.917818753623,1.650535894986));
#1818 = CARTESIAN_POINT('',(0.88908598401,1.648249448042));
#1819 = CARTESIAN_POINT('',(0.860303232953,1.645958986338));
#1820 = CARTESIAN_POINT('',(0.831486228417,1.643665752404));
#1821 = CARTESIAN_POINT('',(0.80264989176,1.641370983898));
#1822 = CARTESIAN_POINT('',(0.773807834926,1.639075805477));
#1823 = CARTESIAN_POINT('',(0.74497373555,1.636781289964));
#1824 = CARTESIAN_POINT('',(0.716161673728,1.634488526872));
#1825 = CARTESIAN_POINT('',(0.68738556416,1.632198586719));
#1826 = CARTESIAN_POINT('',(0.658659953125,1.629912599314));
#1827 = CARTESIAN_POINT('',(0.629985985413,1.627630738496));
#1828 = CARTESIAN_POINT('',(0.601364447517,1.625353107514));
#1829 = CARTESIAN_POINT('',(0.572796594217,1.623079805692));
#1830 = CARTESIAN_POINT('',(0.544285162878,1.620811018002));
#1831 = CARTESIAN_POINT('',(0.515828891708,1.61854658469));
#1832 = CARTESIAN_POINT('',(0.487392907367,1.61628371466));
#1833 = CARTESIAN_POINT('',(0.458944347943,1.614019813361));
#1834 = CARTESIAN_POINT('',(0.430450759302,1.611752334009));
#1835 = CARTESIAN_POINT('',(0.401874672223,1.609478342216));
#1836 = CARTESIAN_POINT('',(0.373200328575,1.607196584516));
#1837 = CARTESIAN_POINT('',(0.34445464723,1.604909131442));
#1838 = CARTESIAN_POINT('',(0.315657014475,1.602617482277));
#1839 = CARTESIAN_POINT('',(0.28682815502,1.600323272481));
#1840 = CARTESIAN_POINT('',(0.257988301026,1.598028164058));
#1841 = CARTESIAN_POINT('',(0.229153158297,1.595733485291));
#1842 = CARTESIAN_POINT('',(0.200335958071,1.593440297934));
#1843 = CARTESIAN_POINT('',(0.171551237874,1.59114973537));
#1844 = CARTESIAN_POINT('',(0.142812993942,1.588862869414));
#1845 = CARTESIAN_POINT('',(0.114137596978,1.586580946521));
#1846 = CARTESIAN_POINT('',(8.552325640668E-02,1.584303865991));
#1847 = CARTESIAN_POINT('',(5.696402017485E-02,1.582031189238));
#1848 = CARTESIAN_POINT('',(2.845540914732E-02,1.579762564162));
#1849 = CARTESIAN_POINT('',(9.480490230957E-03,1.578252598307));
#1850 = CARTESIAN_POINT('',(0.,1.57749816664));
#1851 = ( GEOMETRIC_REPRESENTATION_CONTEXT(2) 
PARAMETRIC_REPRESENTATION_CONTEXT() REPRESENTATION_CONTEXT('2D SPACE',''
  ) );
#1852 = ORIENTED_EDGE('',*,*,#1853,.T.);
#1853 = EDGE_CURVE('',#1583,#1854,#1856,.T.);
#1854 = VERTEX_POINT('',#1855);
#1855 = CARTESIAN_POINT('',(4.,2.18750183336,0.));
#1856 = SURFACE_CURVE('',#1857,(#1884,#2001),.PCURVE_S1.);
#1857 = B_SPLINE_CURVE_WITH_KNOTS('',3,(#1858,#1859,#1860,#1861,#1862,
    #1863,#1864,#1865,#1866,#1867,#1868,#1869,#1870,#1871,#1872,#1873,
    #1874,#1875,#1876,#1877,#1878,#1879,#1880,#1881,#1882,#1883),
  .UNSPECIFIED.,.F.,.F.,(4,1,1,1,1,1,1,1,1,1,1,1,1,1,1,1,1,1,1,1,1,1,1,4
    ),(0.,4.347826086957E-02,8.695652173913E-02,0.130434782609,
    0.173913043478,0.217391304348,0.260869565217,0.304347826087,
    0.347826086957,0.391304347826,0.434782608696,0.478260869565,
    0.521739130435,0.565217391304,0.608695652174,0.652173913044,
    0.695652173913,0.739130434783,0.782608695652,0.826086956522,
    0.869565217391,0.913043478261,0.95652173913,1.),.UNSPECIFIED.);
#1858 = CARTESIAN_POINT('',(-4.,1.93750183336,0.));
#1859 = CARTESIAN_POINT('',(-4.,1.941098378893,0.180782096407));
#1860 = CARTESIAN_POINT('',(-3.975397119965,1.948306405011,
    0.543089506972));
#1861 = CARTESIAN_POINT('',(-3.865078169821,1.959141334507,
    1.077733044133));
#1862 = CARTESIAN_POINT('',(-3.681196653197,1.97006489883,1.59645396321)
  );
#1863 = CARTESIAN_POINT('',(-3.430899873629,1.980877712742,
    2.080345693525));
#1864 = CARTESIAN_POINT('',(-3.116319060024,1.991728011736,
    2.527396512045));
#1865 = CARTESIAN_POINT('',(-2.745192058644,2.002541497104,
    2.926264627168));
#1866 = CARTESIAN_POINT('',(-2.322183406466,2.013386014937,3.27204581893
    ));
#1867 = CARTESIAN_POINT('',(-1.858294070041,2.024182354523,
    3.556097063752));
#1868 = CARTESIAN_POINT('',(-1.355725611605,2.035075580009,
    3.776642419493));
#1869 = CARTESIAN_POINT('',(-0.826237052554,2.04599726585,3.926479344925
    ));
#1870 = CARTESIAN_POINT('',(-0.28681612199,2.056808367333,4.001953039182
    ));
#1871 = CARTESIAN_POINT('',(0.256770141083,2.06759778686,4.004230451511)
  );
#1872 = CARTESIAN_POINT('',(0.803951873818,2.07855392978,3.931394380168)
  );
#1873 = CARTESIAN_POINT('',(1.337836486554,2.089550283664,3.783165382248
    ));
#1874 = CARTESIAN_POINT('',(1.843488249404,2.100490492573,3.563790241443
    ));
#1875 = CARTESIAN_POINT('',(2.307879091618,2.111269216486,3.282248327158
    ));
#1876 = CARTESIAN_POINT('',(2.7372274123,2.122238077997,2.934295865873)
  );
#1877 = CARTESIAN_POINT('',(3.114975057415,2.133226269383,2.529509776718
    ));
#1878 = CARTESIAN_POINT('',(3.431127291513,2.144133610474,2.080018384665
    ));
#1879 = CARTESIAN_POINT('',(3.680463335019,2.154912733787,1.597575083108
    ));
#1880 = CARTESIAN_POINT('',(3.863409498964,2.16574007764,1.083662946025)
  );
#1881 = CARTESIAN_POINT('',(3.975349970909,2.176661621129,0.54490679904)
  );
#1882 = CARTESIAN_POINT('',(4.,2.183890711379,0.181514788598));
#1883 = CARTESIAN_POINT('',(4.,2.18750183336,0.));
#1884 = PCURVE('',#890,#1885);
#1885 = DEFINITIONAL_REPRESENTATION('',(#1886),#2000);
#1886 = B_SPLINE_CURVE_WITH_KNOTS('',3,(#1887,#1888,#1889,#1890,#1891,
    #1892,#1893,#1894,#1895,#1896,#1897,#1898,#1899,#1900,#1901,#1902,
    #1903,#1904,#1905,#1906,#1907,#1908,#1909,#1910,#1911,#1912,#1913,
    #1914,#1915,#1916,#1917,#1918,#1919,#1920,#1921,#1922,#1923,#1924,
    #1925,#1926,#1927,#1928,#1929,#1930,#1931,#1932,#1933,#1934,#1935,
    #1936,#1937,#1938,#1939,#1940,#1941,#1942,#1943,#1944,#1945,#1946,
    #1947,#1948,#1949,#1950,#1951,#1952,#1953,#1954,#1955,#1956,#1957,
    #1958,#1959,#1960,#1961,#1962,#1963,#1964,#1965,#1966,#1967,#1968,
    #1969,#1970,#1971,#1972,#1973,#1974,#1975,#1976,#1977,#1978,#1979,
    #1980,#1981,#1982,#1983,#1984,#1985,#1986,#1987,#1988,#1989,#1990,
    #1991,#1992,#1993,#1994,#1995,#1996,#1997,#1998,#1999),
  .UNSPECIFIED.,.F.,.F.,(4,1,1,1,1,1,1,1,1,1,1,1,1,1,1,1,1,1,1,1,1,1,1,1
    ,1,1,1,1,1,1,1,1,1,1,1,1,1,1,1,1,1,1,1,1,1,1,1,1,1,1,1,1,1,1,1,1,1,1
    ,1,1,1,1,1,1,1,1,1,1,1,1,1,1,1,1,1,1,1,1,1,1,1,1,1,1,1,1,1,1,1,1,1,1
    ,1,1,1,1,1,1,1,1,1,1,1,1,1,1,1,1,1,1,4),(0.,9.090909090909E-03,
    1.818181818182E-02,2.727272727273E-02,3.636363636364E-02,
    4.545454545455E-02,5.454545454545E-02,6.363636363636E-02,
    7.272727272727E-02,8.181818181818E-02,9.090909090909E-02,1.E-01,
    0.109090909091,0.118181818182,0.127272727273,0.136363636364,
    0.145454545455,0.154545454545,0.163636363636,0.172727272727,
    0.181818181818,0.190909090909,0.2,0.209090909091,0.218181818182,
    0.227272727273,0.236363636364,0.245454545455,0.254545454545,
    0.263636363636,0.272727272727,0.281818181818,0.290909090909,0.3,
    0.309090909091,0.318181818182,0.327272727273,0.336363636364,
    0.345454545455,0.354545454545,0.363636363636,0.372727272727,
    0.381818181818,0.390909090909,0.4,0.409090909091,0.418181818182,
    0.427272727273,0.436363636364,0.445454545455,0.454545454545,
    0.463636363636,0.472727272727,0.481818181818,0.490909090909,0.5,
    0.509090909091,0.518181818182,0.527272727273,0.536363636364,
    0.545454545455,0.554545454545,0.563636363636,0.572727272727,
    0.581818181818,0.590909090909,0.6,0.609090909091,0.618181818182,
    0.627272727273,0.636363636364,0.645454545455,0.654545454545,
    0.663636363636,0.672727272727,0.681818181818,0.690909090909,0.7,
    0.709090909091,0.718181818182,0.727272727273,0.736363636364,
    0.745454545455,0.754545454545,0.763636363636,0.772727272727,
    0.781818181818,0.790909090909,0.8,0.809090909091,0.818181818182,
    0.827272727273,0.836363636364,0.845454545455,0.854545454545,
    0.863636363636,0.872727272727,0.881818181818,0.890909090909,0.9,
    0.909090909091,0.918181818182,0.927272727273,0.936363636364,
    0.945454545455,0.954545454545,0.963636363636,0.972727272727,
    0.981818181818,0.990909090909,1.),.QUASI_UNIFORM_KNOTS.);
#1887 = CARTESIAN_POINT('',(0.750116957489,0.649672139304));
#1888 = CARTESIAN_POINT('',(0.75013811356,0.650123257426));
#1889 = CARTESIAN_POINT('',(0.750174245778,0.651025864435));
#1890 = CARTESIAN_POINT('',(0.750211488699,0.652380786373));
#1891 = CARTESIAN_POINT('',(0.750234056142,0.653736615458));
#1892 = CARTESIAN_POINT('',(0.750241793552,0.655093259318));
#1893 = CARTESIAN_POINT('',(0.750233156356,0.65645060431));
#1894 = CARTESIAN_POINT('',(0.750204675239,0.657808642412));
#1895 = CARTESIAN_POINT('',(0.750156496852,0.659167761862));
#1896 = CARTESIAN_POINT('',(0.75009495968,0.660528315383));
#1897 = CARTESIAN_POINT('',(0.750032087527,0.661890623442));
#1898 = CARTESIAN_POINT('',(0.74998647661,0.663255167541));
#1899 = CARTESIAN_POINT('',(0.749976499058,0.664621676846));
#1900 = CARTESIAN_POINT('',(0.750017404329,0.665988886552));
#1901 = CARTESIAN_POINT('',(0.750103331754,0.667355710226));
#1902 = CARTESIAN_POINT('',(0.750212345474,0.668721088935));
#1903 = CARTESIAN_POINT('',(0.75029866047,0.670083738883));#1904 = CARTESIAN_POINT('',(0.750330762989,0.671443892016));
#1905 = CARTESIAN_POINT('',(0.750304321935,0.672802536181));
#1906 = CARTESIAN_POINT('',(0.750225472712,0.674160475818));
#1907 = CARTESIAN_POINT('',(0.750114181976,0.675518523239));
#1908 = CARTESIAN_POINT('',(0.750005285098,0.676877554103));
#1909 = CARTESIAN_POINT('',(0.749936912698,0.678237275501));
#1910 = CARTESIAN_POINT('',(0.749946649618,0.679597216677));
#1911 = CARTESIAN_POINT('',(0.750024471759,0.680956939092));
#1912 = CARTESIAN_POINT('',(0.750129064687,0.682316003763));
#1913 = CARTESIAN_POINT('',(0.750219358994,0.683674065041));
#1914 = CARTESIAN_POINT('',(0.750279817651,0.685031536711));
#1915 = CARTESIAN_POINT('',(0.750300529041,0.686388797693));
#1916 = CARTESIAN_POINT('',(0.750278440354,0.687746225433));
#1917 = CARTESIAN_POINT('',(0.750214450666,0.689104260567));
#1918 = CARTESIAN_POINT('',(0.750124615387,0.690463075139));
#1919 = CARTESIAN_POINT('',(0.750042061716,0.691822174178));
#1920 = CARTESIAN_POINT('',(0.749989520232,0.693181135067));
#1921 = CARTESIAN_POINT('',(0.749982025518,0.694539534878));
#1922 = CARTESIAN_POINT('',(0.750032865347,0.695896785229));
#1923 = CARTESIAN_POINT('',(0.750111590913,0.697253062563));
#1924 = CARTESIAN_POINT('',(0.750183026694,0.698609263986));
#1925 = CARTESIAN_POINT('',(0.750229416459,0.699966164357));
#1926 = CARTESIAN_POINT('',(0.750244477045,0.701324551065));
#1927 = CARTESIAN_POINT('',(0.75023713075,0.702685356302));
#1928 = CARTESIAN_POINT('',(0.750219295253,0.704048472056));
#1929 = CARTESIAN_POINT('',(0.750194314853,0.705413455908));
#1930 = CARTESIAN_POINT('',(0.750159908942,0.706779961129));
#1931 = CARTESIAN_POINT('',(0.750108124181,0.708147625513));
#1932 = CARTESIAN_POINT('',(0.750023578706,0.709516124803));
#1933 = CARTESIAN_POINT('',(0.749960852943,0.710884714613));
#1934 = CARTESIAN_POINT('',(0.749971228082,0.712252584703));
#1935 = CARTESIAN_POINT('',(0.750044266969,0.713618926428));
#1936 = CARTESIAN_POINT('',(0.750138918141,0.714982889596));
#1937 = CARTESIAN_POINT('',(0.750210814814,0.716343878038));
#1938 = CARTESIAN_POINT('',(0.750251979213,0.71770252865));
#1939 = CARTESIAN_POINT('',(0.750261254478,0.719059332926));
#1940 = CARTESIAN_POINT('',(0.750245007162,0.720414821541));
#1941 = CARTESIAN_POINT('',(0.750223410771,0.721769441255));
#1942 = CARTESIAN_POINT('',(0.750199895037,0.723123871954));
#1943 = CARTESIAN_POINT('',(0.750153043331,0.724479199476));
#1944 = CARTESIAN_POINT('',(0.750086594978,0.72583646272));
#1945 = CARTESIAN_POINT('',(0.750017882213,0.727196655582));
#1946 = CARTESIAN_POINT('',(0.749988484594,0.728561000302));
#1947 = CARTESIAN_POINT('',(0.750010290855,0.729929401242));
#1948 = CARTESIAN_POINT('',(0.750074577675,0.731300969363));
#1949 = CARTESIAN_POINT('',(0.750162111298,0.732675031592));
#1950 = CARTESIAN_POINT('',(0.750243463807,0.734050899083));
#1951 = CARTESIAN_POINT('',(0.7502703336,0.735427928217));
#1952 = CARTESIAN_POINT('',(0.750256224098,0.736805595186));
#1953 = CARTESIAN_POINT('',(0.750219371378,0.738183380393));
#1954 = CARTESIAN_POINT('',(0.750165825202,0.739560752577));
#1955 = CARTESIAN_POINT('',(0.750092750864,0.740937177283));
#1956 = CARTESIAN_POINT('',(0.749991137511,0.742312124775));
#1957 = CARTESIAN_POINT('',(0.749922757697,0.743685059904));
#1958 = CARTESIAN_POINT('',(0.749939559245,0.745055372982));
#1959 = CARTESIAN_POINT('',(0.750027700505,0.746422478923));
#1960 = CARTESIAN_POINT('',(0.750164872633,0.747785615905));
#1961 = CARTESIAN_POINT('',(0.75030541662,0.749144744721));
#1962 = CARTESIAN_POINT('',(0.750384943736,0.750502054393));
#1963 = CARTESIAN_POINT('',(0.750379132509,0.751859465628));
#1964 = CARTESIAN_POINT('',(0.750292439552,0.753218893904));
#1965 = CARTESIAN_POINT('',(0.750166123712,0.754582582453));
#1966 = CARTESIAN_POINT('',(0.750054402494,0.755951099079));
#1967 = CARTESIAN_POINT('',(0.749982650088,0.75732318236));
#1968 = CARTESIAN_POINT('',(0.749962431104,0.758697949704));
#1969 = CARTESIAN_POINT('',(0.749993431305,0.760074439092));
#1970 = CARTESIAN_POINT('',(0.75004389456,0.761451691172));
#1971 = CARTESIAN_POINT('',(0.750095055445,0.762829048633));
#1972 = CARTESIAN_POINT('',(0.75015523583,0.764205965854));
#1973 = CARTESIAN_POINT('',(0.750214002686,0.765581868973));
#1974 = CARTESIAN_POINT('',(0.750254929311,0.766956202655));
#1975 = CARTESIAN_POINT('',(0.75024796383,0.768328401329));
#1976 = CARTESIAN_POINT('',(0.750210398853,0.769698248575));
#1977 = CARTESIAN_POINT('',(0.750160766434,0.7710655236));
#1978 = CARTESIAN_POINT('',(0.750112211676,0.772429985303));
#1979 = CARTESIAN_POINT('',(0.750074701253,0.773791329292));
#1980 = CARTESIAN_POINT('',(0.750050457894,0.77514939143));
#1981 = CARTESIAN_POINT('',(0.750044866647,0.776505223973));
#1982 = CARTESIAN_POINT('',(0.750071016386,0.777859755906));
#1983 = CARTESIAN_POINT('',(0.750106102048,0.779213928053));
#1984 = CARTESIAN_POINT('',(0.750152934255,0.780568749987));
#1985 = CARTESIAN_POINT('',(0.750212262848,0.781924939499));
#1986 = CARTESIAN_POINT('',(0.750259221234,0.783282655275));
#1987 = CARTESIAN_POINT('',(0.750277393069,0.784642190897));
#1988 = CARTESIAN_POINT('',(0.75025538948,0.786003788374));
#1989 = CARTESIAN_POINT('',(0.750179110906,0.787367882531));
#1990 = CARTESIAN_POINT('',(0.750078493767,0.788734073596));
#1991 = CARTESIAN_POINT('',(0.750000650191,0.790101304553));
#1992 = CARTESIAN_POINT('',(0.749968300008,0.791468630095));
#1993 = CARTESIAN_POINT('',(0.749995782964,0.792835092957));
#1994 = CARTESIAN_POINT('',(0.750058767085,0.794199597242));
#1995 = CARTESIAN_POINT('',(0.750123427234,0.795562223587));
#1996 = CARTESIAN_POINT('',(0.750181562677,0.796923345849));
#1997 = CARTESIAN_POINT('',(0.750224554307,0.798283263879));
#1998 = CARTESIAN_POINT('',(0.750243045457,0.799189283402));
#1999 = CARTESIAN_POINT('',(0.75024932489,0.799642196876));
#2000 = ( GEOMETRIC_REPRESENTATION_CONTEXT(2) 
PARAMETRIC_REPRESENTATION_CONTEXT() REPRESENTATION_CONTEXT('2D SPACE',''
  ) );
#2001 = PCURVE('',#2002,#2007);
#2002 = CYLINDRICAL_SURFACE('',#2003,4.);
#2003 = AXIS2_PLACEMENT_3D('',#2004,#2005,#2006);
#2004 = CARTESIAN_POINT('',(0.,3.515,0.));
#2005 = DIRECTION('',(0.,-1.,0.));
#2006 = DIRECTION('',(-1.,0.,0.));
#2007 = DEFINITIONAL_REPRESENTATION('',(#2008),#2122);
#2008 = B_SPLINE_CURVE_WITH_KNOTS('',3,(#2009,#2010,#2011,#2012,#2013,
    #2014,#2015,#2016,#2017,#2018,#2019,#2020,#2021,#2022,#2023,#2024,
    #2025,#2026,#2027,#2028,#2029,#2030,#2031,#2032,#2033,#2034,#2035,
    #2036,#2037,#2038,#2039,#2040,#2041,#2042,#2043,#2044,#2045,#2046,
    #2047,#2048,#2049,#2050,#2051,#2052,#2053,#2054,#2055,#2056,#2057,
    #2058,#2059,#2060,#2061,#2062,#2063,#2064,#2065,#2066,#2067,#2068,
    #2069,#2070,#2071,#2072,#2073,#2074,#2075,#2076,#2077,#2078,#2079,
    #2080,#2081,#2082,#2083,#2084,#2085,#2086,#2087,#2088,#2089,#2090,
    #2091,#2092,#2093,#2094,#2095,#2096,#2097,#2098,#2099,#2100,#2101,
    #2102,#2103,#2104,#2105,#2106,#2107,#2108,#2109,#2110,#2111,#2112,
    #2113,#2114,#2115,#2116,#2117,#2118,#2119,#2120,#2121),
  .UNSPECIFIED.,.F.,.F.,(4,1,1,1,1,1,1,1,1,1,1,1,1,1,1,1,1,1,1,1,1,1,1,1
    ,1,1,1,1,1,1,1,1,1,1,1,1,1,1,1,1,1,1,1,1,1,1,1,1,1,1,1,1,1,1,1,1,1,1
    ,1,1,1,1,1,1,1,1,1,1,1,1,1,1,1,1,1,1,1,1,1,1,1,1,1,1,1,1,1,1,1,1,1,1
    ,1,1,1,1,1,1,1,1,1,1,1,1,1,1,1,1,1,1,4),(0.,9.090909090909E-03,
    1.818181818182E-02,2.727272727273E-02,3.636363636364E-02,
    4.545454545455E-02,5.454545454545E-02,6.363636363636E-02,
    7.272727272727E-02,8.181818181818E-02,9.090909090909E-02,1.E-01,
    0.109090909091,0.118181818182,0.127272727273,0.136363636364,
    0.145454545455,0.154545454545,0.163636363636,0.172727272727,
    0.181818181818,0.190909090909,0.2,0.209090909091,0.218181818182,
    0.227272727273,0.236363636364,0.245454545455,0.254545454545,
    0.263636363636,0.272727272727,0.281818181818,0.290909090909,0.3,
    0.309090909091,0.318181818182,0.327272727273,0.336363636364,
    0.345454545455,0.354545454545,0.363636363636,0.372727272727,
    0.381818181818,0.390909090909,0.4,0.409090909091,0.418181818182,
    0.427272727273,0.436363636364,0.445454545455,0.454545454545,
    0.463636363636,0.472727272727,0.481818181818,0.490909090909,0.5,
    0.509090909091,0.518181818182,0.527272727273,0.536363636364,
    0.545454545455,0.554545454545,0.563636363636,0.572727272727,
    0.581818181818,0.590909090909,0.6,0.609090909091,0.618181818182,
    0.627272727273,0.636363636364,0.645454545455,0.654545454545,
    0.663636363636,0.672727272727,0.681818181818,0.690909090909,0.7,
    0.709090909091,0.718181818182,0.727272727273,0.736363636364,
    0.745454545455,0.754545454545,0.763636363636,0.772727272727,
    0.781818181818,0.790909090909,0.8,0.809090909091,0.818181818182,
    0.827272727273,0.836363636364,0.845454545455,0.854545454545,
    0.863636363636,0.872727272727,0.881818181818,0.890909090909,0.9,
    0.909090909091,0.918181818182,0.927272727273,0.936363636364,
    0.945454545455,0.954545454545,0.963636363636,0.972727272727,
    0.981818181818,0.990909090909,1.),.QUASI_UNIFORM_KNOTS.);
#2009 = CARTESIAN_POINT('',(6.28318530718,1.57749816664));
#2010 = CARTESIAN_POINT('',(6.273735343006,1.576746161665));
#2011 = CARTESIAN_POINT('',(6.254827255776,1.57524149887));
#2012 = CARTESIAN_POINT('',(6.226443063453,1.572982745564));
#2013 = CARTESIAN_POINT('',(6.19803924493,1.570722436198));
#2014 = CARTESIAN_POINT('',(6.169618165106,1.568460761113));
#2015 = CARTESIAN_POINT('',(6.141182656426,1.566197957862));
#2016 = CARTESIAN_POINT('',(6.11273330657,1.563934079634));
#2017 = CARTESIAN_POINT('',(6.084262282258,1.561668457036));
#2018 = CARTESIAN_POINT('',(6.055762295315,1.559400492628));
#2019 = CARTESIAN_POINT('',(6.027226464167,1.557129639642));
#2020 = CARTESIAN_POINT('',(5.998644159779,1.554855076664));
#2021 = CARTESIAN_POINT('',(5.970020180384,1.552577229399));
#2022 = CARTESIAN_POINT('',(5.941380519712,1.550298171432));
#2023 = CARTESIAN_POINT('',(5.912747814954,1.548019680863));
#2024 = CARTESIAN_POINT('',(5.88414441435,1.545743507489));
#2025 = CARTESIAN_POINT('',(5.855597595826,1.543471809799));
#2026 = CARTESIAN_POINT('',(5.827102970023,1.541204258362));
#2027 = CARTESIAN_POINT('',(5.798640302935,1.538939261496));
#2028 = CARTESIAN_POINT('',(5.770193141565,1.536675518739));
#2029 = CARTESIAN_POINT('',(5.741744730434,1.534411693282));
#2030 = CARTESIAN_POINT('',(5.713276772765,1.532146302474));
#2031 = CARTESIAN_POINT('',(5.684795181997,1.529879820931));
#2032 = CARTESIAN_POINT('',(5.656309217692,1.527612982893));
#2033 = CARTESIAN_POINT('',(5.627827239203,1.525346447366));
#2034 = CARTESIAN_POINT('',(5.599358053697,1.523080919184));
#2035 = CARTESIAN_POINT('',(5.570908846154,1.520816994246));
#2036 = CARTESIAN_POINT('',(5.542471114777,1.518553993101));
#2037 = CARTESIAN_POINT('',(5.514037257663,1.516291305506));
#2038 = CARTESIAN_POINT('',(5.485599797026,1.514028330692));
#2039 = CARTESIAN_POINT('',(5.457149953733,1.511764360793));
#2040 = CARTESIAN_POINT('',(5.428684509458,1.50949914475));
#2041 = CARTESIAN_POINT('',(5.40021407505,1.507233542908));
#2042 = CARTESIAN_POINT('',(5.371747554203,1.504968256905));
#2043 = CARTESIAN_POINT('',(5.343293597629,1.502703964352));
#2044 = CARTESIAN_POINT('',(5.314863939194,1.500441597674));
#2045 = CARTESIAN_POINT('',(5.286454093805,1.498180802899));
#2046 = CARTESIAN_POINT('',(5.258044893568,1.495920057027));
#2047 = CARTESIAN_POINT('',(5.229620028701,1.493658073899));
#2048 = CARTESIAN_POINT('',(5.201163161175,1.49139356475));
#2049 = CARTESIAN_POINT('',(5.17265507583,1.489125014394));
#2050 = CARTESIAN_POINT('',(5.144098450176,1.486852603976));
#2051 = CARTESIAN_POINT('',(5.115503007982,1.484577069058));
#2052 = CARTESIAN_POINT('',(5.086876425599,1.482299004571));
#2053 = CARTESIAN_POINT('',(5.058226581668,1.4800190482));
#2054 = CARTESIAN_POINT('',(5.029560356079,1.477737807238));
#2055 = CARTESIAN_POINT('',(5.000893065642,1.475456532756));
#2056 = CARTESIAN_POINT('',(4.972240999581,1.473176506125));
#2057 = CARTESIAN_POINT('',(4.943620276313,1.470898976988));
#2058 = CARTESIAN_POINT('',(4.915048362985,1.468625291653));
#2059 = CARTESIAN_POINT('',(4.886537733255,1.466356430538));
#2060 = CARTESIAN_POINT('',(4.858075233507,1.464091413889));
#2061 = CARTESIAN_POINT('',(4.829650912866,1.461829478899));
#2062 = CARTESIAN_POINT('',(4.801254080222,1.45956978048));
#2063 = CARTESIAN_POINT('',(4.772875800489,1.457311585716));
#2064 = CARTESIAN_POINT('',(4.744502216843,1.45505374079));
#2065 = CARTESIAN_POINT('',(4.71611086835,1.452794431634));
#2066 = CARTESIAN_POINT('',(4.687680039192,1.450531939916));
#2067 = CARTESIAN_POINT('',(4.659188672244,1.448264619475));
#2068 = CARTESIAN_POINT('',(4.630610488538,1.445990439724));
#2069 = CARTESIAN_POINT('',(4.601946659039,1.44370948485));
#2070 = CARTESIAN_POINT('',(4.573215428773,1.441423152046));
#2071 = CARTESIAN_POINT('',(4.544430849382,1.439132534755));
#2072 = CARTESIAN_POINT('',(4.515607573087,1.436838800901));
#2073 = CARTESIAN_POINT('',(4.486759503927,1.434543124233));
#2074 = CARTESIAN_POINT('',(4.457898054743,1.432246425315));
#2075 = CARTESIAN_POINT('',(4.429034557978,1.429949574633));
#2076 = CARTESIAN_POINT('',(4.400180535119,1.427653456009));
#2077 = CARTESIAN_POINT('',(4.371347433229,1.425358948547));
#2078 = CARTESIAN_POINT('',(4.342546369571,1.423066936898));
#2079 = CARTESIAN_POINT('',(4.313788192331,1.420778381525));
#2080 = CARTESIAN_POINT('',(4.285084875457,1.418494261689));
#2081 = CARTESIAN_POINT('',(4.256447926007,1.416215477515));
#2082 = CARTESIAN_POINT('',(4.227893026099,1.413943226881));
#2083 = CARTESIAN_POINT('',(4.199421048145,1.411677521621));
#2084 = CARTESIAN_POINT('',(4.170986439497,1.409414743335));
#2085 = CARTESIAN_POINT('',(4.142549360694,1.407151754917));
#2086 = CARTESIAN_POINT('',(4.114070120231,1.404885437578));
#2087 = CARTESIAN_POINT('',(4.085502120346,1.402612117968));
#2088 = CARTESIAN_POINT('',(4.056833780963,1.400330845087));
#2089 = CARTESIAN_POINT('',(4.028091729726,1.398043670583));
#2090 = CARTESIAN_POINT('',(3.999294432946,1.395752028977));
#2091 = CARTESIAN_POINT('',(3.970461729428,1.393457498916));
#2092 = CARTESIAN_POINT('',(3.941612974966,1.391161699659));
#2093 = CARTESIAN_POINT('',(3.912761228661,1.388865726548));
#2094 = CARTESIAN_POINT('',(3.883917630154,1.386570451705));
#2095 = CARTESIAN_POINT('',(3.855094230904,1.38427680413));
#2096 = CARTESIAN_POINT('',(3.82630293824,1.381985690325));
#2097 = CARTESIAN_POINT('',(3.797556037923,1.37969804992));
#2098 = CARTESIAN_POINT('',(3.768858506709,1.37741434505));
#2099 = CARTESIAN_POINT('',(3.74021539551,1.375135004564));
#2100 = CARTESIAN_POINT('',(3.711632091701,1.372860449242));
#2101 = CARTESIAN_POINT('',(3.683115141091,1.370591165097));
#2102 = CARTESIAN_POINT('',(3.65466791211,1.368327380745));
#2103 = CARTESIAN_POINT('',(3.626267988303,1.366067351934));
#2104 = CARTESIAN_POINT('',(3.597895102577,1.36380949505));
#2105 = CARTESIAN_POINT('',(3.569528937606,1.361552211606));
#2106 = CARTESIAN_POINT('',(3.541148108804,1.359293801964));
#2107 = CARTESIAN_POINT('',(3.512737614515,1.357033036147));
#2108 = CARTESIAN_POINT('',(3.484294411881,1.354769625946));
#2109 = CARTESIAN_POINT('',(3.455812758622,1.352503101531));
#2110 = CARTESIAN_POINT('',(3.427288050773,1.350233108594));
#2111 = CARTESIAN_POINT('',(3.39871163709,1.347959012363));
#2112 = CARTESIAN_POINT('',(3.370092208107,1.345681544373));
#2113 = CARTESIAN_POINT('',(3.341452032782,1.343402456147));
#2114 = CARTESIAN_POINT('',(3.312810815358,1.341123285883));
#2115 = CARTESIAN_POINT('',(3.284188199365,1.338845568943));
#2116 = CARTESIAN_POINT('',(3.255606344677,1.336571065357));
#2117 = CARTESIAN_POINT('',(3.227062982108,1.334299633828));
#2118 = CARTESIAN_POINT('',(3.198550081808,1.332030653036));
#2119 = CARTESIAN_POINT('',(3.170061422294,1.329763624549));
#2120 = CARTESIAN_POINT('',(3.151080946333,1.328253219418));
#2121 = CARTESIAN_POINT('',(3.14159265359,1.32749816664));
#2122 = ( GEOMETRIC_REPRESENTATION_CONTEXT(2) 
PARAMETRIC_REPRESENTATION_CONTEXT() REPRESENTATION_CONTEXT('2D SPACE',''
  ) );
#2123 = ORIENTED_EDGE('',*,*,#2124,.T.);
#2124 = EDGE_CURVE('',#1854,#2125,#2127,.T.);
#2125 = VERTEX_POINT('',#2126);
#2126 = CARTESIAN_POINT('',(-4.,2.43750183336,0.));
#2127 = SURFACE_CURVE('',#2128,(#2155,#2272),.PCURVE_S1.);
#2128 = B_SPLINE_CURVE_WITH_KNOTS('',3,(#2129,#2130,#2131,#2132,#2133,
    #2134,#2135,#2136,#2137,#2138,#2139,#2140,#2141,#2142,#2143,#2144,
    #2145,#2146,#2147,#2148,#2149,#2150,#2151,#2152,#2153,#2154),
  .UNSPECIFIED.,.F.,.F.,(4,1,1,1,1,1,1,1,1,1,1,1,1,1,1,1,1,1,1,1,1,1,1,4
    ),(0.,4.347826086957E-02,8.695652173913E-02,0.130434782609,
    0.173913043478,0.217391304348,0.260869565217,0.304347826087,
    0.347826086957,0.391304347826,0.434782608696,0.478260869565,
    0.521739130435,0.565217391304,0.608695652174,0.652173913044,
    0.695652173913,0.739130434783,0.782608695652,0.826086956522,
    0.869565217391,0.913043478261,0.95652173913,1.),.UNSPECIFIED.);
#2129 = CARTESIAN_POINT('',(4.,2.18750183336,0.));
#2130 = CARTESIAN_POINT('',(4.,2.191113305269,-0.181532377898));
#2131 = CARTESIAN_POINT('',(3.975255280206,2.198336220734,
    -0.544595548429));
#2132 = CARTESIAN_POINT('',(3.864470798387,2.209176566182,
    -1.079403121478));
#2133 = CARTESIAN_POINT('',(3.682273770958,2.22000471194,-1.593620088913
    ));
#2134 = CARTESIAN_POINT('',(3.432524354102,2.230816627158,
    -2.077713917924));
#2135 = CARTESIAN_POINT('',(3.117609610256,2.241692210117,-2.52612713906
    ));
#2136 = CARTESIAN_POINT('',(2.742186740947,2.252626331414,
    -2.929309505668));
#2137 = CARTESIAN_POINT('',(2.318969571993,2.263462698641,
    -3.274205276036));
#2138 = CARTESIAN_POINT('',(1.855702384623,2.274240818787,
    -3.557499741962));
#2139 = CARTESIAN_POINT('',(1.350738811805,2.285181680924,
    -3.778559818701));
#2140 = CARTESIAN_POINT('',(0.817282671944,2.296179902106,
    -3.928685497162));
#2141 = CARTESIAN_POINT('',(0.269756416348,2.307147853915,-4.003326853)
  );
#2142 = CARTESIAN_POINT('',(-0.273208535218,2.317924472454,
    -4.003059753808));
#2143 = CARTESIAN_POINT('',(-0.819728833977,2.328873430491,
    -3.928142838051));
#2144 = CARTESIAN_POINT('',(-1.352746159396,2.339864452638,
    -3.777820108819));
#2145 = CARTESIAN_POINT('',(-1.857277376593,2.350797923165,
    -3.556691526349));
#2146 = CARTESIAN_POINT('',(-2.320841253567,2.361586587898,
    -3.272869487004));
#2147 = CARTESIAN_POINT('',(-2.743008733299,2.372400796803,
    -2.928455144363));
#2148 = CARTESIAN_POINT('',(-3.117766471954,2.383316920065,
    -2.525899907558));
#2149 = CARTESIAN_POINT('',(-3.432509695535,2.394187060281,
    -2.077706749733));
#2150 = CARTESIAN_POINT('',(-3.682313146904,2.404998693898,
    -1.593648729068));
#2151 = CARTESIAN_POINT('',(-3.864824576955,2.415853002148,
    -1.078148024022));
#2152 = CARTESIAN_POINT('',(-3.975215326613,2.42666875883,
    -0.544520336256));
#2153 = CARTESIAN_POINT('',(-4.,2.433890939046,-0.181503344818));
#2154 = CARTESIAN_POINT('',(-4.,2.43750183336,0.));
#2155 = PCURVE('',#890,#2156);
#2156 = DEFINITIONAL_REPRESENTATION('',(#2157),#2271);
#2157 = B_SPLINE_CURVE_WITH_KNOTS('',3,(#2158,#2159,#2160,#2161,#2162,
    #2163,#2164,#2165,#2166,#2167,#2168,#2169,#2170,#2171,#2172,#2173,
    #2174,#2175,#2176,#2177,#2178,#2179,#2180,#2181,#2182,#2183,#2184,
    #2185,#2186,#2187,#2188,#2189,#2190,#2191,#2192,#2193,#2194,#2195,
    #2196,#2197,#2198,#2199,#2200,#2201,#2202,#2203,#2204,#2205,#2206,
    #2207,#2208,#2209,#2210,#2211,#2212,#2213,#2214,#2215,#2216,#2217,
    #2218,#2219,#2220,#2221,#2222,#2223,#2224,#2225,#2226,#2227,#2228,
    #2229,#2230,#2231,#2232,#2233,#2234,#2235,#2236,#2237,#2238,#2239,
    #2240,#2241,#2242,#2243,#2244,#2245,#2246,#2247,#2248,#2249,#2250,
    #2251,#2252,#2253,#2254,#2255,#2256,#2257,#2258,#2259,#2260,#2261,
    #2262,#2263,#2264,#2265,#2266,#2267,#2268,#2269,#2270),
  .UNSPECIFIED.,.F.,.F.,(4,1,1,1,1,1,1,1,1,1,1,1,1,1,1,1,1,1,1,1,1,1,1,1
    ,1,1,1,1,1,1,1,1,1,1,1,1,1,1,1,1,1,1,1,1,1,1,1,1,1,1,1,1,1,1,1,1,1,1
    ,1,1,1,1,1,1,1,1,1,1,1,1,1,1,1,1,1,1,1,1,1,1,1,1,1,1,1,1,1,1,1,1,1,1
    ,1,1,1,1,1,1,1,1,1,1,1,1,1,1,1,1,1,1,4),(0.,9.090909090909E-03,
    1.818181818182E-02,2.727272727273E-02,3.636363636364E-02,
    4.545454545455E-02,5.454545454545E-02,6.363636363636E-02,
    7.272727272727E-02,8.181818181818E-02,9.090909090909E-02,1.E-01,
    0.109090909091,0.118181818182,0.127272727273,0.136363636364,
    0.145454545455,0.154545454545,0.163636363636,0.172727272727,
    0.181818181818,0.190909090909,0.2,0.209090909091,0.218181818182,
    0.227272727273,0.236363636364,0.245454545455,0.254545454545,
    0.263636363636,0.272727272727,0.281818181818,0.290909090909,0.3,
    0.309090909091,0.318181818182,0.327272727273,0.336363636364,
    0.345454545455,0.354545454545,0.363636363636,0.372727272727,
    0.381818181818,0.390909090909,0.4,0.409090909091,0.418181818182,
    0.427272727273,0.436363636364,0.445454545455,0.454545454545,
    0.463636363636,0.472727272727,0.481818181818,0.490909090909,0.5,
    0.509090909091,0.518181818182,0.527272727273,0.536363636364,
    0.545454545455,0.554545454545,0.563636363636,0.572727272727,
    0.581818181818,0.590909090909,0.6,0.609090909091,0.618181818182,
    0.627272727273,0.636363636364,0.645454545455,0.654545454545,
    0.663636363636,0.672727272727,0.681818181818,0.690909090909,0.7,
    0.709090909091,0.718181818182,0.727272727273,0.736363636364,
    0.745454545455,0.754545454545,0.763636363636,0.772727272727,
    0.781818181818,0.790909090909,0.8,0.809090909091,0.818181818182,
    0.827272727273,0.836363636364,0.845454545455,0.854545454545,
    0.863636363636,0.872727272727,0.881818181818,0.890909090909,0.9,
    0.909090909091,0.918181818182,0.927272727273,0.936363636364,
    0.945454545455,0.954545454545,0.963636363636,0.972727272727,
    0.981818181818,0.990909090909,1.),.QUASI_UNIFORM_KNOTS.);
#2158 = CARTESIAN_POINT('',(0.75024932489,0.799642196876));
#2159 = CARTESIAN_POINT('',(0.750256093074,0.800095153446));
#2160 = CARTESIAN_POINT('',(0.750258253814,0.801001062832));
#2161 = CARTESIAN_POINT('',(0.750234073546,0.802359966233));
#2162 = CARTESIAN_POINT('',(0.750188805209,0.803718962118));
#2163 = CARTESIAN_POINT('',(0.750130084797,0.805078094644));
#2164 = CARTESIAN_POINT('',(0.750065025395,0.806437410825));
#2165 = CARTESIAN_POINT('',(0.750005822854,0.807796921339));
#2166 = CARTESIAN_POINT('',(0.749990242974,0.809156493564));
#2167 = CARTESIAN_POINT('',(0.750032802233,0.810515985157));
#2168 = CARTESIAN_POINT('',(0.750102081887,0.811875265738));
#2169 = CARTESIAN_POINT('',(0.750168246741,0.813234218738));
#2170 = CARTESIAN_POINT('',(0.750213344109,0.814592790974));
#2171 = CARTESIAN_POINT('',(0.750240081303,0.815950989736));
#2172 = CARTESIAN_POINT('',(0.750246848094,0.817308804438));
#2173 = CARTESIAN_POINT('',(0.750233163699,0.818666243248));
#2174 = CARTESIAN_POINT('',(0.750197314966,0.820023249628));
#2175 = CARTESIAN_POINT('',(0.750141501153,0.82138012811));
#2176 = CARTESIAN_POINT('',(0.750077025075,0.82273735957));
#2177 = CARTESIAN_POINT('',(0.750020856153,0.824095373875));
#2178 = CARTESIAN_POINT('',(0.750002167831,0.825454587816));
#2179 = CARTESIAN_POINT('',(0.750037335847,0.826815439691));
#2180 = CARTESIAN_POINT('',(0.750101261881,0.828177902191));
#2181 = CARTESIAN_POINT('',(0.750174226772,0.829541911249));
#2182 = CARTESIAN_POINT('',(0.750234394021,0.830907439018));
#2183 = CARTESIAN_POINT('',(0.750258368073,0.832274495557));
#2184 = CARTESIAN_POINT('',(0.750228514891,0.833643051677));
#2185 = CARTESIAN_POINT('',(0.750182426468,0.835012235932));
#2186 = CARTESIAN_POINT('',(0.750138630677,0.836381200794));
#2187 = CARTESIAN_POINT('',(0.75010389418,0.83774910066));
#2188 = CARTESIAN_POINT('',(0.750065931296,0.839114996403));
#2189 = CARTESIAN_POINT('',(0.750015978671,0.840478332734));
#2190 = CARTESIAN_POINT('',(0.750000145215,0.841839456467));
#2191 = CARTESIAN_POINT('',(0.750033544958,0.843198517484));
#2192 = CARTESIAN_POINT('',(0.750097525858,0.844555739407));
#2193 = CARTESIAN_POINT('',(0.750190156962,0.845911202069));
#2194 = CARTESIAN_POINT('',(0.750280172741,0.847265623495));
#2195 = CARTESIAN_POINT('',(0.750326239408,0.848620321261));
#2196 = CARTESIAN_POINT('',(0.750313587607,0.849976525611));
#2197 = CARTESIAN_POINT('',(0.750245385025,0.85133544914));
#2198 = CARTESIAN_POINT('',(0.750147774804,0.852698527591));
#2199 = CARTESIAN_POINT('',(0.750055927824,0.854065585067));
#2200 = CARTESIAN_POINT('',(0.749993857166,0.855435919598));
#2201 = CARTESIAN_POINT('',(0.749974606626,0.856808962464));
#2202 = CARTESIAN_POINT('',(0.750009428651,0.858184113762));
#2203 = CARTESIAN_POINT('',(0.750064260166,0.859560801654));
#2204 = CARTESIAN_POINT('',(0.750130049727,0.860938508558));
#2205 = CARTESIAN_POINT('',(0.750198566703,0.862316726472));
#2206 = CARTESIAN_POINT('',(0.750251642536,0.863694958421));
#2207 = CARTESIAN_POINT('',(0.750259236141,0.865072740954));
#2208 = CARTESIAN_POINT('',(0.750199747585,0.866449575574));
#2209 = CARTESIAN_POINT('',(0.750127277456,0.867824626896));
#2210 = CARTESIAN_POINT('',(0.750072625086,0.869197027752));
#2211 = CARTESIAN_POINT('',(0.750053730459,0.870565953368));
#2212 = CARTESIAN_POINT('',(0.750076976394,0.871930246036));
#2213 = CARTESIAN_POINT('',(0.750117018956,0.873290061248));
#2214 = CARTESIAN_POINT('',(0.750156511501,0.874647688087));
#2215 = CARTESIAN_POINT('',(0.750174389721,0.876005044446));
#2216 = CARTESIAN_POINT('',(0.750158025729,0.877364071322));
#2217 = CARTESIAN_POINT('',(0.750140393173,0.878727051443));
#2218 = CARTESIAN_POINT('',(0.750147266198,0.880094255541));
#2219 = CARTESIAN_POINT('',(0.750173659843,0.881464723294));
#2220 = CARTESIAN_POINT('',(0.750206443896,0.882837807723));
#2221 = CARTESIAN_POINT('',(0.750222241116,0.884212814447));
#2222 = CARTESIAN_POINT('',(0.750177725057,0.885589098766));
#2223 = CARTESIAN_POINT('',(0.750103651096,0.886966117995));
#2224 = CARTESIAN_POINT('',(0.750037983502,0.8883433171));
#2225 = CARTESIAN_POINT('',(0.750003611223,0.889720116284));
#2226 = CARTESIAN_POINT('',(0.750020423049,0.891095914476));
#2227 = CARTESIAN_POINT('',(0.750048441315,0.892470122203));
#2228 = CARTESIAN_POINT('',(0.750092760871,0.893842287137));
#2229 = CARTESIAN_POINT('',(0.750152060082,0.895211929837));
#2230 = CARTESIAN_POINT('',(0.750217112435,0.896578593467));
#2231 = CARTESIAN_POINT('',(0.750270946163,0.897941711954));
#2232 = CARTESIAN_POINT('',(0.750289007806,0.899301135947));
#2233 = CARTESIAN_POINT('',(0.750260051737,0.900657992215));
#2234 = CARTESIAN_POINT('',(0.750189820389,0.902013216026));
#2235 = CARTESIAN_POINT('',(0.750097834865,0.903367756043));
#2236 = CARTESIAN_POINT('',(0.750025265713,0.904722584363));
#2237 = CARTESIAN_POINT('',(0.750000074589,0.906078351082));
#2238 = CARTESIAN_POINT('',(0.750032651114,0.907435368818));
#2239 = CARTESIAN_POINT('',(0.750093055068,0.90879404383));
#2240 = CARTESIAN_POINT('',(0.750151077967,0.910154754742));
#2241 = CARTESIAN_POINT('',(0.750180591135,0.911518084812));
#2242 = CARTESIAN_POINT('',(0.750194909555,0.91288357504));
#2243 = CARTESIAN_POINT('',(0.750208906814,0.914250328948));
#2244 = CARTESIAN_POINT('',(0.750219993422,0.91561755702));
#2245 = CARTESIAN_POINT('',(0.750214485454,0.916984461906));
#2246 = CARTESIAN_POINT('',(0.750160361178,0.918350228296));
#2247 = CARTESIAN_POINT('',(0.750083832834,0.919714782122));
#2248 = CARTESIAN_POINT('',(0.750016609711,0.921078074779));
#2249 = CARTESIAN_POINT('',(0.749986969204,0.922440019412));
#2250 = CARTESIAN_POINT('',(0.750024297154,0.923800480048));
#2251 = CARTESIAN_POINT('',(0.750099844531,0.925159396173));
#2252 = CARTESIAN_POINT('',(0.750179257155,0.926517350659));
#2253 = CARTESIAN_POINT('',(0.750239160518,0.927874896469));
#2254 = CARTESIAN_POINT('',(0.75026539456,0.929232587723));
#2255 = CARTESIAN_POINT('',(0.750251297168,0.930591077894));
#2256 = CARTESIAN_POINT('',(0.750207481434,0.931950626912));
#2257 = CARTESIAN_POINT('',(0.75015620426,0.933310702212));
#2258 = CARTESIAN_POINT('',(0.750108989371,0.934670889822));
#2259 = CARTESIAN_POINT('',(0.750072227061,0.936030760334));
#2260 = CARTESIAN_POINT('',(0.750040284311,0.937389791187));
#2261 = CARTESIAN_POINT('',(0.750022812957,0.938747967125));
#2262 = CARTESIAN_POINT('',(0.750049924316,0.940105631675));
#2263 = CARTESIAN_POINT('',(0.750098621034,0.941463043192));
#2264 = CARTESIAN_POINT('',(0.750151700059,0.942820487953));
#2265 = CARTESIAN_POINT('',(0.75019613248,0.944178303328));
#2266 = CARTESIAN_POINT('',(0.750228549918,0.945536472067));
#2267 = CARTESIAN_POINT('',(0.750245335618,0.946894888894));
#2268 = CARTESIAN_POINT('',(0.750241192277,0.948253476471));
#2269 = CARTESIAN_POINT('',(0.750219721172,0.949159264836));
#2270 = CARTESIAN_POINT('',(0.75020320683,0.949612162142));
#2271 = ( GEOMETRIC_REPRESENTATION_CONTEXT(2) 
PARAMETRIC_REPRESENTATION_CONTEXT() REPRESENTATION_CONTEXT('2D SPACE',''
  ) );
#2272 = PCURVE('',#2273,#2278);
#2273 = CYLINDRICAL_SURFACE('',#2274,4.);
#2274 = AXIS2_PLACEMENT_3D('',#2275,#2276,#2277);
#2275 = CARTESIAN_POINT('',(0.,3.515,0.));
#2276 = DIRECTION('',(0.,-1.,0.));
#2277 = DIRECTION('',(-1.,0.,0.));
#2278 = DEFINITIONAL_REPRESENTATION('',(#2279),#2393);
#2279 = B_SPLINE_CURVE_WITH_KNOTS('',3,(#2280,#2281,#2282,#2283,#2284,
    #2285,#2286,#2287,#2288,#2289,#2290,#2291,#2292,#2293,#2294,#2295,
    #2296,#2297,#2298,#2299,#2300,#2301,#2302,#2303,#2304,#2305,#2306,
    #2307,#2308,#2309,#2310,#2311,#2312,#2313,#2314,#2315,#2316,#2317,
    #2318,#2319,#2320,#2321,#2322,#2323,#2324,#2325,#2326,#2327,#2328,
    #2329,#2330,#2331,#2332,#2333,#2334,#2335,#2336,#2337,#2338,#2339,
    #2340,#2341,#2342,#2343,#2344,#2345,#2346,#2347,#2348,#2349,#2350,
    #2351,#2352,#2353,#2354,#2355,#2356,#2357,#2358,#2359,#2360,#2361,
    #2362,#2363,#2364,#2365,#2366,#2367,#2368,#2369,#2370,#2371,#2372,
    #2373,#2374,#2375,#2376,#2377,#2378,#2379,#2380,#2381,#2382,#2383,
    #2384,#2385,#2386,#2387,#2388,#2389,#2390,#2391,#2392),
  .UNSPECIFIED.,.F.,.F.,(4,1,1,1,1,1,1,1,1,1,1,1,1,1,1,1,1,1,1,1,1,1,1,1
    ,1,1,1,1,1,1,1,1,1,1,1,1,1,1,1,1,1,1,1,1,1,1,1,1,1,1,1,1,1,1,1,1,1,1
    ,1,1,1,1,1,1,1,1,1,1,1,1,1,1,1,1,1,1,1,1,1,1,1,1,1,1,1,1,1,1,1,1,1,1
    ,1,1,1,1,1,1,1,1,1,1,1,1,1,1,1,1,1,1,4),(0.,9.090909090909E-03,
    1.818181818182E-02,2.727272727273E-02,3.636363636364E-02,
    4.545454545455E-02,5.454545454545E-02,6.363636363636E-02,
    7.272727272727E-02,8.181818181818E-02,9.090909090909E-02,1.E-01,
    0.109090909091,0.118181818182,0.127272727273,0.136363636364,
    0.145454545455,0.154545454545,0.163636363636,0.172727272727,
    0.181818181818,0.190909090909,0.2,0.209090909091,0.218181818182,
    0.227272727273,0.236363636364,0.245454545455,0.254545454545,
    0.263636363636,0.272727272727,0.281818181818,0.290909090909,0.3,
    0.309090909091,0.318181818182,0.327272727273,0.336363636364,
    0.345454545455,0.354545454545,0.363636363636,0.372727272727,
    0.381818181818,0.390909090909,0.4,0.409090909091,0.418181818182,
    0.427272727273,0.436363636364,0.445454545455,0.454545454545,
    0.463636363636,0.472727272727,0.481818181818,0.490909090909,0.5,
    0.509090909091,0.518181818182,0.527272727273,0.536363636364,
    0.545454545455,0.554545454545,0.563636363636,0.572727272727,
    0.581818181818,0.590909090909,0.6,0.609090909091,0.618181818182,
    0.627272727273,0.636363636364,0.645454545455,0.654545454545,
    0.663636363636,0.672727272727,0.681818181818,0.690909090909,0.7,
    0.709090909091,0.718181818182,0.727272727273,0.736363636364,
    0.745454545455,0.754545454545,0.763636363636,0.772727272727,
    0.781818181818,0.790909090909,0.8,0.809090909091,0.818181818182,
    0.827272727273,0.836363636364,0.845454545455,0.854545454545,
    0.863636363636,0.872727272727,0.881818181818,0.890909090909,0.9,
    0.909090909091,0.918181818182,0.927272727273,0.936363636364,
    0.945454545455,0.954545454545,0.963636363636,0.972727272727,
    0.981818181818,0.990909090909,1.),.QUASI_UNIFORM_KNOTS.);
#2280 = CARTESIAN_POINT('',(3.14159265359,1.32749816664));
#2281 = CARTESIAN_POINT('',(3.13210346647,1.326743040695));
#2282 = CARTESIAN_POINT('',(3.113125086991,1.325232790018));
#2283 = CARTESIAN_POINT('',(3.084656845881,1.322967362516));
#2284 = CARTESIAN_POINT('',(3.056187255053,1.320701827407));
#2285 = CARTESIAN_POINT('',(3.027715712436,1.318436132064));
#2286 = CARTESIAN_POINT('',(2.999241387819,1.316170210894));
#2287 = CARTESIAN_POINT('',(2.970763954458,1.313904048941));
#2288 = CARTESIAN_POINT('',(2.942285737096,1.31163783218));
#2289 = CARTESIAN_POINT('',(2.913808874411,1.309371722182));
#2290 = CARTESIAN_POINT('',(2.885335543953,1.307105883373));
#2291 = CARTESIAN_POINT('',(2.856868025289,1.304840493171));
#2292 = CARTESIAN_POINT('',(2.828407524423,1.302575663532));
#2293 = CARTESIAN_POINT('',(2.799954160722,1.300311415963));
#2294 = CARTESIAN_POINT('',(2.77150856009,1.298047796907));
#2295 = CARTESIAN_POINT('',(2.743071005472,1.295784820167));
#2296 = CARTESIAN_POINT('',(2.71464311166,1.293522605167));
#2297 = CARTESIAN_POINT('',(2.686218823922,1.291260668674));
#2298 = CARTESIAN_POINT('',(2.657788207905,1.288998223655));
#2299 = CARTESIAN_POINT('',(2.629342141284,1.286734551545));
#2300 = CARTESIAN_POINT('',(2.600871438479,1.284468931415));
#2301 = CARTESIAN_POINT('',(2.572366068286,1.282200583329));
#2302 = CARTESIAN_POINT('',(2.543826054577,1.279929476795));
#2303 = CARTESIAN_POINT('',(2.515252569862,1.277655677428));
#2304 = CARTESIAN_POINT('',(2.486646300971,1.275379232875));
#2305 = CARTESIAN_POINT('',(2.458007350051,1.273100168264));
#2306 = CARTESIAN_POINT('',(2.429336762391,1.270818617682));
#2307 = CARTESIAN_POINT('',(2.400653212021,1.268536072805));
#2308 = CARTESIAN_POINT('',(2.371974867292,1.266253953309));
#2309 = CARTESIAN_POINT('',(2.343319759968,1.263973661058));
#2310 = CARTESIAN_POINT('',(2.314707712566,1.261696741167));
#2311 = CARTESIAN_POINT('',(2.286150237114,1.259424133099));
#2312 = CARTESIAN_POINT('',(2.257639538908,1.257155285614));
#2313 = CARTESIAN_POINT('',(2.229171614455,1.2548898999));
#2314 = CARTESIAN_POINT('',(2.200741278072,1.252627555591));
#2315 = CARTESIAN_POINT('',(2.172346702778,1.250368066102));
#2316 = CARTESIAN_POINT('',(2.143972990326,1.248110195667));
#2317 = CARTESIAN_POINT('',(2.115592884299,1.245851767901));
#2318 = CARTESIAN_POINT('',(2.087181038085,1.243590784897));
#2319 = CARTESIAN_POINT('',(2.058712496221,1.241325293973));
#2320 = CARTESIAN_POINT('',(2.03015757299,1.239052983071));
#2321 = CARTESIAN_POINT('',(2.001520232323,1.236774137119));
#2322 = CARTESIAN_POINT('',(1.972815284595,1.234489886964));
#2323 = CARTESIAN_POINT('',(1.944054493989,1.232201151318));
#2324 = CARTESIAN_POINT('',(1.91524990954,1.229908904471));
#2325 = CARTESIAN_POINT('',(1.886412678378,1.227614110545));
#2326 = CARTESIAN_POINT('',(1.85755313984,1.225317576712));
#2327 = CARTESIAN_POINT('',(1.828681802001,1.223020100718));
#2328 = CARTESIAN_POINT('',(1.79980922875,1.220722490626));
#2329 = CARTESIAN_POINT('',(1.770945494705,1.218425522636));
#2330 = CARTESIAN_POINT('',(1.742101511484,1.216130093609));
#2331 = CARTESIAN_POINT('',(1.713295185486,1.213837721481));
#2332 = CARTESIAN_POINT('',(1.684545066236,1.211549893163));
#2333 = CARTESIAN_POINT('',(1.655868697266,1.209267977028));
#2334 = CARTESIAN_POINT('',(1.627290395012,1.206993846617));
#2335 = CARTESIAN_POINT('',(1.598806731471,1.204727185944));
#2336 = CARTESIAN_POINT('',(1.570369199655,1.202464163033));
#2337 = CARTESIAN_POINT('',(1.541936827388,1.200201557037));
#2338 = CARTESIAN_POINT('',(1.513468548972,1.197936136788));
#2339 = CARTESIAN_POINT('',(1.484916398019,1.195664101265));
#2340 = CARTESIAN_POINT('',(1.456274815576,1.193384957515));
#2341 = CARTESIAN_POINT('',(1.427564256085,1.191100274712));
#2342 = CARTESIAN_POINT('',(1.398798730051,1.188811143855));
#2343 = CARTESIAN_POINT('',(1.36999328266,1.186518777046));
#2344 = CARTESIAN_POINT('',(1.341161888067,1.184224380159));
#2345 = CARTESIAN_POINT('',(1.312316156161,1.181928904875));
#2346 = CARTESIAN_POINT('',(1.283467723825,1.179633251244));
#2347 = CARTESIAN_POINT('',(1.254628477489,1.177338332531));
#2348 = CARTESIAN_POINT('',(1.225810321717,1.175045059297));
#2349 = CARTESIAN_POINT('',(1.197024825025,1.172754339697));
#2350 = CARTESIAN_POINT('',(1.168281084423,1.170466965861));
#2351 = CARTESIAN_POINT('',(1.139589092828,1.16818374568));
#2352 = CARTESIAN_POINT('',(1.110958631868,1.165905441129));
#2353 = CARTESIAN_POINT('',(1.082401945941,1.163632982092));
#2354 = CARTESIAN_POINT('',(1.053922641193,1.161366630919));
#2355 = CARTESIAN_POINT('',(1.025497575648,1.159104599127));
#2356 = CARTESIAN_POINT('',(0.997107528335,1.156845385898));
#2357 = CARTESIAN_POINT('',(0.968732841102,1.154587439726));
#2358 = CARTESIAN_POINT('',(0.940353122332,1.15232912418));
#2359 = CARTESIAN_POINT('',(0.911954469905,1.150069287205));
#2360 = CARTESIAN_POINT('',(0.88352965346,1.147807323441));
#2361 = CARTESIAN_POINT('',(0.855069425519,1.145542495657));
#2362 = CARTESIAN_POINT('',(0.826565550415,1.143274169425));
#2363 = CARTESIAN_POINT('',(0.798005794677,1.141001430975));
#2364 = CARTESIAN_POINT('',(0.76939995121,1.13872507126));
#2365 = CARTESIAN_POINT('',(0.740767142426,1.13644657604));
#2366 = CARTESIAN_POINT('',(0.712124361378,1.134167265329));
#2367 = CARTESIAN_POINT('',(0.683488787039,1.131888485114));
#2368 = CARTESIAN_POINT('',(0.654877923052,1.12961164323));
#2369 = CARTESIAN_POINT('',(0.626293522069,1.127336932228));
#2370 = CARTESIAN_POINT('',(0.597736565565,1.12506444771));
#2371 = CARTESIAN_POINT('',(0.569208555027,1.122794302415));
#2372 = CARTESIAN_POINT('',(0.540711585075,1.120526636666));
#2373 = CARTESIAN_POINT('',(0.51224621041,1.118261461017));
#2374 = CARTESIAN_POINT('',(0.483799958968,1.115997785249));
#2375 = CARTESIAN_POINT('',(0.455361258485,1.113734693572));
#2376 = CARTESIAN_POINT('',(0.426918732007,1.111471289829));
#2377 = CARTESIAN_POINT('',(0.398459062803,1.109206524902));
#2378 = CARTESIAN_POINT('',(0.369977236109,1.106940012048));
#2379 = CARTESIAN_POINT('',(0.34148482941,1.104672670042));
#2380 = CARTESIAN_POINT('',(0.312990874859,1.102405203052));
#2381 = CARTESIAN_POINT('',(0.284504583498,1.100138330686));
#2382 = CARTESIAN_POINT('',(0.25603689913,1.097872925392));
#2383 = CARTESIAN_POINT('',(0.227587833722,1.095609006203));
#2384 = CARTESIAN_POINT('',(0.199149425876,1.093345946931));
#2385 = CARTESIAN_POINT('',(0.170715564753,1.091083261402));
#2386 = CARTESIAN_POINT('',(0.142279981768,1.088820445468));
#2387 = CARTESIAN_POINT('',(0.113835615996,1.086556926858));
#2388 = CARTESIAN_POINT('',(8.538305323527E-02,1.084292751315));
#2389 = CARTESIAN_POINT('',(5.692487242563E-02,1.082028121312));
#2390 = CARTESIAN_POINT('',(2.846315112345E-02,1.079763199198));
#2391 = CARTESIAN_POINT('',(9.487659019925E-03,1.078253171815));
#2392 = CARTESIAN_POINT('',(0.,1.07749816664));
#2393 = ( GEOMETRIC_REPRESENTATION_CONTEXT(2) 
PARAMETRIC_REPRESENTATION_CONTEXT() REPRESENTATION_CONTEXT('2D SPACE',''
  ) );
#2394 = ORIENTED_EDGE('',*,*,#2395,.T.);
#2395 = EDGE_CURVE('',#2125,#2396,#2398,.T.);
#2396 = VERTEX_POINT('',#2397);
#2397 = CARTESIAN_POINT('',(-1.971077549988,2.521497988246,
    3.480639781985));
#2398 = SURFACE_CURVE('',#2399,(#2411,#2462),.PCURVE_S1.);
#2399 = B_SPLINE_CURVE_WITH_KNOTS('',3,(#2400,#2401,#2402,#2403,#2404,
    #2405,#2406,#2407,#2408,#2409,#2410),.UNSPECIFIED.,.F.,.F.,(4,1,1,1,
    1,1,1,1,4),(0.,0.125,0.25,0.375,0.5,0.625,0.75,0.875,1.),
  .QUASI_UNIFORM_KNOTS.);
#2400 = CARTESIAN_POINT('',(-4.,2.43750183336,0.));
#2401 = CARTESIAN_POINT('',(-4.,2.440982952093,0.174980112603));
#2402 = CARTESIAN_POINT('',(-3.977073864171,2.447956603072,
    0.525527625313));
#2403 = CARTESIAN_POINT('',(-3.872886094623,2.45849742088,1.046208241412
    ));
#2404 = CARTESIAN_POINT('',(-3.701647794074,2.468980277627,
    1.545738176382));
#2405 = CARTESIAN_POINT('',(-3.469189223006,2.479359082948,
    2.014029657004));
#2406 = CARTESIAN_POINT('',(-3.174464583797,2.489854423691,
    2.452952072838));
#2407 = CARTESIAN_POINT('',(-2.820808888153,2.500449955749,
    2.852762379093));
#2408 = CARTESIAN_POINT('',(-2.417089772689,2.511043764691,
    3.201796532292));
#2409 = CARTESIAN_POINT('',(-2.123087143682,2.51802261019,3.394557131587
    ));
#2410 = CARTESIAN_POINT('',(-1.971077549988,2.521497988246,
    3.480639781985));
#2411 = PCURVE('',#890,#2412);
#2412 = DEFINITIONAL_REPRESENTATION('',(#2413),#2461);
#2413 = B_SPLINE_CURVE_WITH_KNOTS('',3,(#2414,#2415,#2416,#2417,#2418,
    #2419,#2420,#2421,#2422,#2423,#2424,#2425,#2426,#2427,#2428,#2429,
    #2430,#2431,#2432,#2433,#2434,#2435,#2436,#2437,#2438,#2439,#2440,
    #2441,#2442,#2443,#2444,#2445,#2446,#2447,#2448,#2449,#2450,#2451,
    #2452,#2453,#2454,#2455,#2456,#2457,#2458,#2459,#2460),
  .UNSPECIFIED.,.F.,.F.,(4,1,1,1,1,1,1,1,1,1,1,1,1,1,1,1,1,1,1,1,1,1,1,1
    ,1,1,1,1,1,1,1,1,1,1,1,1,1,1,1,1,1,1,1,1,4),(0.,2.272727272727E-02,
    4.545454545455E-02,6.818181818182E-02,9.090909090909E-02,
    0.113636363636,0.136363636364,0.159090909091,0.181818181818,
    0.204545454545,0.227272727273,0.25,0.272727272727,0.295454545455,
    0.318181818182,0.340909090909,0.363636363636,0.386363636364,
    0.409090909091,0.431818181818,0.454545454545,0.477272727273,0.5,
    0.522727272727,0.545454545455,0.568181818182,0.590909090909,
    0.613636363636,0.636363636364,0.659090909091,0.681818181818,
    0.704545454545,0.727272727273,0.75,0.772727272727,0.795454545455,
    0.818181818182,0.840909090909,0.863636363636,0.886363636364,
    0.909090909091,0.931818181818,0.954545454545,0.977272727273,1.),
  .QUASI_UNIFORM_KNOTS.);
#2414 = CARTESIAN_POINT('',(0.75020320683,0.949612162142));
#2415 = CARTESIAN_POINT('',(0.750189454183,0.949991832271));
#2416 = CARTESIAN_POINT('',(0.750159054458,0.950751413357));
#2417 = CARTESIAN_POINT('',(0.750110485981,0.951891666561));
#2418 = CARTESIAN_POINT('',(0.750064030175,0.953032958921));
#2419 = CARTESIAN_POINT('',(0.750026983549,0.954175453278));
#2420 = CARTESIAN_POINT('',(0.750012088607,0.955319287082));
#2421 = CARTESIAN_POINT('',(0.750021319592,0.956464682273));
#2422 = CARTESIAN_POINT('',(0.750046304075,0.95761146237));
#2423 = CARTESIAN_POINT('',(0.750092183502,0.958759043266));
#2424 = CARTESIAN_POINT('',(0.750152306746,0.959906932337));
#2425 = CARTESIAN_POINT('',(0.750214178848,0.961054621528));
#2426 = CARTESIAN_POINT('',(0.750258102877,0.962201618924));
#2427 = CARTESIAN_POINT('',(0.750257296002,0.96334744657));
#2428 = CARTESIAN_POINT('',(0.750227702646,0.964491976108));
#2429 = CARTESIAN_POINT('',(0.750183620644,0.965635064866));
#2430 = CARTESIAN_POINT('',(0.750137301645,0.966776548127));
#2431 = CARTESIAN_POINT('',(0.75009817741,0.967916281933));
#2432 = CARTESIAN_POINT('',(0.750075393157,0.969053985338));
#2433 = CARTESIAN_POINT('',(0.750065432365,0.970189957743));
#2434 = CARTESIAN_POINT('',(0.750064273014,0.971325087224));
#2435 = CARTESIAN_POINT('',(0.750079461633,0.972460130072));
#2436 = CARTESIAN_POINT('',(0.750097463197,0.973595879487));
#2437 = CARTESIAN_POINT('',(0.750117131965,0.974733127417));
#2438 = CARTESIAN_POINT('',(0.750148641999,0.975872668405));
#2439 = CARTESIAN_POINT('',(0.75018588732,0.977014424952));
#2440 = CARTESIAN_POINT('',(0.750220970772,0.97815833223));
#2441 = CARTESIAN_POINT('',(0.750245073487,0.97930434129));
#2442 = CARTESIAN_POINT('',(0.750249761851,0.980452404355));
#2443 = CARTESIAN_POINT('',(0.750221935137,0.981602532571));
#2444 = CARTESIAN_POINT('',(0.750167884885,0.982754536818));
#2445 = CARTESIAN_POINT('',(0.75010922926,0.983908010141));
#2446 = CARTESIAN_POINT('',(0.750058042331,0.985062585377));
#2447 = CARTESIAN_POINT('',(0.75002253463,0.986217880589));
#2448 = CARTESIAN_POINT('',(0.750004696599,0.987373516195));
#2449 = CARTESIAN_POINT('',(0.750003812199,0.988529113898));
#2450 = CARTESIAN_POINT('',(0.750028104895,0.98968422054));
#2451 = CARTESIAN_POINT('',(0.750076044354,0.990838381141));
#2452 = CARTESIAN_POINT('',(0.750140510081,0.991991134959));
#2453 = CARTESIAN_POINT('',(0.750208774138,0.993142044978));
#2454 = CARTESIAN_POINT('',(0.750258604329,0.994290599324));
#2455 = CARTESIAN_POINT('',(0.750277340246,0.995436669454));
#2456 = CARTESIAN_POINT('',(0.750269340968,0.996580496229));
#2457 = CARTESIAN_POINT('',(0.75023830635,0.997722229734));
#2458 = CARTESIAN_POINT('',(0.750190773571,0.998862031833));
#2459 = CARTESIAN_POINT('',(0.75015413569,0.999620705429));
#2460 = CARTESIAN_POINT('',(0.750135970955,0.999999767949));
#2461 = ( GEOMETRIC_REPRESENTATION_CONTEXT(2) 
PARAMETRIC_REPRESENTATION_CONTEXT() REPRESENTATION_CONTEXT('2D SPACE',''
  ) );
#2462 = PCURVE('',#2463,#2468);
#2463 = CYLINDRICAL_SURFACE('',#2464,4.);
#2464 = AXIS2_PLACEMENT_3D('',#2465,#2466,#2467);
#2465 = CARTESIAN_POINT('',(0.,3.515,0.));
#2466 = DIRECTION('',(0.,-1.,0.));
#2467 = DIRECTION('',(-1.,0.,0.));
#2468 = DEFINITIONAL_REPRESENTATION('',(#2469),#2517);
#2469 = B_SPLINE_CURVE_WITH_KNOTS('',3,(#2470,#2471,#2472,#2473,#2474,
    #2475,#2476,#2477,#2478,#2479,#2480,#2481,#2482,#2483,#2484,#2485,
    #2486,#2487,#2488,#2489,#2490,#2491,#2492,#2493,#2494,#2495,#2496,
    #2497,#2498,#2499,#2500,#2501,#2502,#2503,#2504,#2505,#2506,#2507,
    #2508,#2509,#2510,#2511,#2512,#2513,#2514,#2515,#2516),
  .UNSPECIFIED.,.F.,.F.,(4,1,1,1,1,1,1,1,1,1,1,1,1,1,1,1,1,1,1,1,1,1,1,1
    ,1,1,1,1,1,1,1,1,1,1,1,1,1,1,1,1,1,1,1,1,4),(0.,2.272727272727E-02,
    4.545454545455E-02,6.818181818182E-02,9.090909090909E-02,
    0.113636363636,0.136363636364,0.159090909091,0.181818181818,
    0.204545454545,0.227272727273,0.25,0.272727272727,0.295454545455,
    0.318181818182,0.340909090909,0.363636363636,0.386363636364,
    0.409090909091,0.431818181818,0.454545454545,0.477272727273,0.5,
    0.522727272727,0.545454545455,0.568181818182,0.590909090909,
    0.613636363636,0.636363636364,0.659090909091,0.681818181818,
    0.704545454545,0.727272727273,0.75,0.772727272727,0.795454545455,
    0.818181818182,0.840909090909,0.863636363636,0.886363636364,
    0.909090909091,0.931818181818,0.954545454545,0.977272727273,1.),
  .QUASI_UNIFORM_KNOTS.);
#2470 = CARTESIAN_POINT('',(6.28318530718,1.07749816664));
#2471 = CARTESIAN_POINT('',(6.275231656399,1.076865235961));
#2472 = CARTESIAN_POINT('',(6.259319537244,1.075598997378));
#2473 = CARTESIAN_POINT('',(6.235433577372,1.073698230011));
#2474 = CARTESIAN_POINT('',(6.211526592343,1.071795778243));
#2475 = CARTESIAN_POINT('',(6.187595042965,1.06989135698));
#2476 = CARTESIAN_POINT('',(6.163635758299,1.067984718974));
#2477 = CARTESIAN_POINT('',(6.139643590284,1.066075475767));
#2478 = CARTESIAN_POINT('',(6.115621857736,1.064163904449));
#2479 = CARTESIAN_POINT('',(6.091582607132,1.062250947657));
#2480 = CARTESIAN_POINT('',(6.067536135249,1.060337406822));
#2481 = CARTESIAN_POINT('',(6.043493196694,1.058424121195));
#2482 = CARTESIAN_POINT('',(6.019464309186,1.056511919961));
#2483 = CARTESIAN_POINT('',(5.995459765596,1.054601634741));
#2484 = CARTESIAN_POINT('',(5.971482506407,1.052693543238));
#2485 = CARTESIAN_POINT('',(5.947535766323,1.050787919423));
#2486 = CARTESIAN_POINT('',(5.923623204318,1.048885051874));
#2487 = CARTESIAN_POINT('',(5.899747975846,1.046985174466));
#2488 = CARTESIAN_POINT('',(5.875916003903,1.045088725284));
#2489 = CARTESIAN_POINT('',(5.852120936039,1.043195179919));
#2490 = CARTESIAN_POINT('',(5.828343937967,1.041303051474));
#2491 = CARTESIAN_POINT('',(5.804568705454,1.039411057261));
#2492 = CARTESIAN_POINT('',(5.780778212446,1.03751785988));
#2493 = CARTESIAN_POINT('',(5.756955656116,1.03562213657));
#2494 = CARTESIAN_POINT('',(5.733084311571,1.03372256073));
#2495 = CARTESIAN_POINT('',(5.709165870688,1.031819230552));
#2496 = CARTESIAN_POINT('',(5.685201860496,1.029912245209));
#2497 = CARTESIAN_POINT('',(5.661193544819,1.028001699242));
#2498 = CARTESIAN_POINT('',(5.637142199336,1.02608770473));
#2499 = CARTESIAN_POINT('',(5.613047875382,1.024170308233));
#2500 = CARTESIAN_POINT('',(5.588914767455,1.022249865147));
#2501 = CARTESIAN_POINT('',(5.564751551882,1.020327039709));
#2502 = CARTESIAN_POINT('',(5.540565985757,1.018402430635));
#2503 = CARTESIAN_POINT('',(5.516366005424,1.016476654182));
#2504 = CARTESIAN_POINT('',(5.492159346667,1.014550321952));
#2505 = CARTESIAN_POINT('',(5.467953491805,1.012624046632));
#2506 = CARTESIAN_POINT('',(5.443757443259,1.010698572873));
#2507 = CARTESIAN_POINT('',(5.419580491631,1.008774642983));
#2508 = CARTESIAN_POINT('',(5.395432222351,1.006853008324));
#2509 = CARTESIAN_POINT('',(5.371321873785,1.004934386389));
#2510 = CARTESIAN_POINT('',(5.347260369399,1.00301962109));
#2511 = CARTESIAN_POINT('',(5.323250659733,1.001108960497));
#2512 = CARTESIAN_POINT('',(5.299287970768,0.999202056836));
#2513 = CARTESIAN_POINT('',(5.275369431288,0.997298688754));
#2514 = CARTESIAN_POINT('',(5.251491899056,0.995398601014));
#2515 = CARTESIAN_POINT('',(5.235599034256,0.994133898673));
#2516 = CARTESIAN_POINT('',(5.227658494706,0.993502011754));
#2517 = ( GEOMETRIC_REPRESENTATION_CONTEXT(2) 
PARAMETRIC_REPRESENTATION_CONTEXT() REPRESENTATION_CONTEXT('2D SPACE',''
  ) );
#2518 = ORIENTED_EDGE('',*,*,#2519,.F.);
#2519 = EDGE_CURVE('',#2520,#2396,#2522,.T.);
#2520 = VERTEX_POINT('',#2521);
#2521 = CARTESIAN_POINT('',(-1.811044432294,2.333996154886,
    3.198044287007));
#2522 = SURFACE_CURVE('',#2523,(#2527,#2533),.PCURVE_S1.);
#2523 = LINE('',#2524,#2525);
#2524 = CARTESIAN_POINT('',(-1.811044432294,2.333996154886,
    3.198044287007));
#2525 = VECTOR('',#2526,1.);
#2526 = DIRECTION('',(-0.42675080778,0.5,0.753580618155));
#2527 = PCURVE('',#890,#2528);
#2528 = DEFINITIONAL_REPRESENTATION('',(#2529),#2532);
#2529 = B_SPLINE_CURVE_WITH_KNOTS('',1,(#2530,#2531),.UNSPECIFIED.,.F.,
  .F.,(2,2),(0.,0.375003666721),.PIECEWISE_BEZIER_KNOTS.);
#2530 = CARTESIAN_POINT('',(1.182258835154E-04,0.999999767289));
#2531 = CARTESIAN_POINT('',(0.750135970955,0.999999767949));
#2532 = ( GEOMETRIC_REPRESENTATION_CONTEXT(2) 
PARAMETRIC_REPRESENTATION_CONTEXT() REPRESENTATION_CONTEXT('2D SPACE',''
  ) );
#2533 = PCURVE('',#2534,#2675);
#2534 = B_SPLINE_SURFACE_WITH_KNOTS('',3,3,(
    (#2535,#2536,#2537,#2538,#2539,#2540,#2541,#2542,#2543,#2544,#2545
      ,#2546,#2547,#2548,#2549,#2550,#2551,#2552,#2553,#2554,#2555,#2556
      ,#2557,#2558,#2559,#2560,#2561,#2562,#2563,#2564,#2565,#2566,#2567
      ,#2568,#2569)
    ,(#2570,#2571,#2572,#2573,#2574,#2575,#2576,#2577,#2578,#2579,#2580
      ,#2581,#2582,#2583,#2584,#2585,#2586,#2587,#2588,#2589,#2590,#2591
      ,#2592,#2593,#2594,#2595,#2596,#2597,#2598,#2599,#2600,#2601,#2602
      ,#2603,#2604)
    ,(#2605,#2606,#2607,#2608,#2609,#2610,#2611,#2612,#2613,#2614,#2615
      ,#2616,#2617,#2618,#2619,#2620,#2621,#2622,#2623,#2624,#2625,#2626
      ,#2627,#2628,#2629,#2630,#2631,#2632,#2633,#2634,#2635,#2636,#2637
      ,#2638,#2639)
    ,(#2640,#2641,#2642,#2643,#2644,#2645,#2646,#2647,#2648,#2649,#2650
      ,#2651,#2652,#2653,#2654,#2655,#2656,#2657,#2658,#2659,#2660,#2661
      ,#2662,#2663,#2664,#2665,#2666,#2667,#2668,#2669,#2670,#2671,#2672
      ,#2673,#2674
    )),.UNSPECIFIED.,.F.,.F.,.F.,(4,4),(4,1,1,1,1,1,1,1,1,1,1,1,1,1,1,1,
    1,1,1,1,1,1,1,1,1,1,1,1,1,1,1,1,4),(-3.076003683726E-02,
    0.780767370278),(-1.158974156222E-02,7.24358847639E-03,
    2.6076918515E-02,4.491024855362E-02,6.374357859223E-02,
    8.257690863085E-02,0.101410238669,0.120243568708,0.139076898747,
    0.157910228785,0.176743558824,0.195576888862,0.214410218901,
    0.23324354894,0.252076878978,0.270910209017,0.289743539056,
    0.308576869094,0.327410199133,0.346243529171,0.36507685921,
    0.383910189249,0.402743519287,0.421576849326,0.440410179364,
    0.459243509403,0.478076839442,0.49691016948,0.515743499519,
    0.534576829558,0.553410159596,0.572243489635,0.591076819673),
  .UNSPECIFIED.);
#2535 = CARTESIAN_POINT('',(-2.517600394076,2.306986068774,
    2.659197306244));
#2536 = CARTESIAN_POINT('',(-2.167895759848,2.317451110429,
    2.990280871528));
#2537 = CARTESIAN_POINT('',(-1.336329699442,2.33838119374,3.512525656473
    ));
#2538 = CARTESIAN_POINT('',(0.116462916674,2.369776318706,3.756352255569
    ));
#2539 = CARTESIAN_POINT('',(1.551327334446,2.401171443673,3.423020635373
    ));
#2540 = CARTESIAN_POINT('',(2.747855468221,2.432566568639,2.563785645772
    ));
#2541 = CARTESIAN_POINT('',(3.522201129339,2.463961693605,1.310648767847
    ));
#2542 = CARTESIAN_POINT('',(3.755397177162,2.495356818571,
    -0.143855292282));
#2543 = CARTESIAN_POINT('',(3.411614566786,2.526751943538,
    -1.576257623918));
#2544 = CARTESIAN_POINT('',(2.543672218218,2.558147068504,
    -2.766484000823));
#2545 = CARTESIAN_POINT('',(1.284920560939,2.58954219347,-3.531668335984
    ));
#2546 = CARTESIAN_POINT('',(-0.171246033375,2.620937318436,
    -3.75424784421));
#2547 = CARTESIAN_POINT('',(-1.601102421965,2.652332443402,
    -3.400025458091));
#2548 = CARTESIAN_POINT('',(-2.784965751309,2.683727568369,
    -2.523423833762));
#2549 = CARTESIAN_POINT('',(-3.540947494276,2.715122693335,
    -1.259123871464));
#2550 = CARTESIAN_POINT('',(-3.752898765521,2.746517818301,
    0.198627633081));
#2551 = CARTESIAN_POINT('',(-3.388255413732,2.777912943267,
    1.625862027416));
#2552 = CARTESIAN_POINT('',(-2.503041171251,2.809308068234,
    2.803299301876));
#2553 = CARTESIAN_POINT('',(-1.233260178969,2.8407031932,3.550038226815)
  );
#2554 = CARTESIAN_POINT('',(0.22599866295,2.872098318166,3.751349981702)
  );
#2555 = CARTESIAN_POINT('',(1.65053511506,2.903493443132,3.376305068394)
  );
#2556 = CARTESIAN_POINT('',(2.821483678976,2.934888568098,2.48252531307)
  );
#2557 = CARTESIAN_POINT('',(3.558940049346,2.966283693065,1.207330860391
    ));
#2558 = CARTESIAN_POINT('',(3.749601575152,2.997678818031,
    -0.253357666775));
#2559 = CARTESIAN_POINT('',(3.364175058571,3.029073942997,
    -1.675120371377));
#2560 = CARTESIAN_POINT('',(2.461877348655,3.060469067963,
    -2.839517916958));
#2561 = CARTESIAN_POINT('',(1.18133730408,3.091864192929,-3.56765248073)
  );
#2562 = CARTESIAN_POINT('',(-0.280703220644,3.123259317896,
    -3.747653666666));
#2563 = CARTESIAN_POINT('',(-1.699616368838,3.154654442862,
    -3.351865926161));
#2564 = CARTESIAN_POINT('',(-2.857401501248,3.186049567828,
    -2.441098763336));
#2565 = CARTESIAN_POINT('',(-3.576173396245,3.217444692794,
    -1.155279450512));
#2566 = CARTESIAN_POINT('',(-3.74551255922,3.248839817761,0.308028485055
    ));
#2567 = CARTESIAN_POINT('',(-3.339355189992,3.280234942727,
    1.724041898582));
#2568 = CARTESIAN_POINT('',(-2.726636402149,3.301165026038,
    2.491386290134));
#2569 = CARTESIAN_POINT('',(-2.358216610626,3.311630067693,
    2.801509677862));
#2570 = CARTESIAN_POINT('',(-2.598130964991,2.3746133527,2.744257142488)
  );
#2571 = CARTESIAN_POINT('',(-2.237240316528,2.385078394356,3.08593108923
    ));
#2572 = CARTESIAN_POINT('',(-1.379074923775,2.406008477667,
    3.624880936181));
#2573 = CARTESIAN_POINT('',(0.120188220019,2.437403602633,3.876506825139
    ));
#2574 = CARTESIAN_POINT('',(1.600949695569,2.468798727599,3.532512914874
    ));
#2575 = CARTESIAN_POINT('',(2.835751216159,2.500193852565,2.645793545931
    ));
#2576 = CARTESIAN_POINT('',(3.634865898733,2.531588977531,1.352572535332
    ));
#2577 = CARTESIAN_POINT('',(3.875521196606,2.562984102498,
    -0.148456796494));
#2578 = CARTESIAN_POINT('',(3.520741999977,2.594379227464,
    -1.626677431073));
#2579 = CARTESIAN_POINT('',(2.625036749474,2.62577435243,-2.854975620279
    ));
#2580 = CARTESIAN_POINT('',(1.326021359381,2.657169477396,
    -3.644635933243));
#2581 = CARTESIAN_POINT('',(-0.17672368617,2.688564602362,-3.8743350999)
  );
#2582 = CARTESIAN_POINT('',(-1.652316940535,2.719959727329,
    -3.508782190061));
#2583 = CARTESIAN_POINT('',(-2.874048547156,2.751354852295,
    -2.604140679244));
#2584 = CARTESIAN_POINT('',(-3.654211904293,2.782749977261,
    -1.299399510307));
#2585 = CARTESIAN_POINT('',(-3.872942868185,2.814145102227,
    0.204981142053));
#2586 = CARTESIAN_POINT('',(-3.496635656886,2.845540227194,
    1.677868532342));
#2587 = CARTESIAN_POINT('',(-2.583106035802,2.87693535216,2.89296853364)
  );
#2588 = CARTESIAN_POINT('',(-1.272708514985,2.908330477126,
    3.663593422409));
#2589 = CARTESIAN_POINT('',(0.233227690001,2.939725602092,3.871344543365
    ));
#2590 = CARTESIAN_POINT('',(1.703330838894,2.971120727058,3.484303055438
    ));
#2591 = CARTESIAN_POINT('',(2.91173457504,3.002515852025,2.561933936155)
  );
#2592 = CARTESIAN_POINT('',(3.672779987844,3.033910976991,1.245949794396
    ));
#2593 = CARTESIAN_POINT('',(3.869540210474,3.065306101957,
    -0.261461827229));
#2594 = CARTESIAN_POINT('',(3.471785042571,3.096701226923,
    -1.728702504656));
#2595 = CARTESIAN_POINT('',(2.540625504588,3.12809635189,-2.930345674816
    ));
#2596 = CARTESIAN_POINT('',(1.2191247813,3.159491476856,-3.681771104073)
  );
#2597 = CARTESIAN_POINT('',(-0.289682084275,3.190886601822,
    -3.867529994171));#2598 = CARTESIAN_POINT('',(-1.753982056435,3.222281726788,
    -3.459082177516));
#2599 = CARTESIAN_POINT('',(-2.948801301935,3.253676851754,
    -2.519182273942));
#2600 = CARTESIAN_POINT('',(-3.690564578407,3.285071976721,
    -1.192233414269));
#2601 = CARTESIAN_POINT('',(-3.865320399047,3.316467101687,
    0.317881402864));
#2602 = CARTESIAN_POINT('',(-3.446171259997,3.347862226653,
    1.779188886444));
#2603 = CARTESIAN_POINT('',(-2.813853415087,3.368792309964,
    2.571078349599));
#2604 = CARTESIAN_POINT('',(-2.433648966945,3.379257351619,
    2.891121664861));
#2605 = CARTESIAN_POINT('',(-2.678661535906,2.442240636627,
    2.829316978732));
#2606 = CARTESIAN_POINT('',(-2.306584873208,2.452705678282,
    3.181581306932));
#2607 = CARTESIAN_POINT('',(-1.421820148109,2.473635761593,
    3.737236215889));
#2608 = CARTESIAN_POINT('',(0.123913523364,2.505030886559,3.996661394708
    ));
#2609 = CARTESIAN_POINT('',(1.650572056693,2.536426011525,3.642005194375
    ));
#2610 = CARTESIAN_POINT('',(2.923646964098,2.567821136491,2.72780144609)
  );
#2611 = CARTESIAN_POINT('',(3.747530668126,2.599216261458,1.394496302818
    ));
#2612 = CARTESIAN_POINT('',(3.995645216049,2.630611386424,
    -0.153058300705));
#2613 = CARTESIAN_POINT('',(3.629869433167,2.66200651139,-1.677097238228
    ));
#2614 = CARTESIAN_POINT('',(2.70640128073,2.693401636356,-2.943467239734
    ));
#2615 = CARTESIAN_POINT('',(1.367122157822,2.724796761323,
    -3.757603530503));
#2616 = CARTESIAN_POINT('',(-0.182201338964,2.756191886289,
    -3.994422355591));
#2617 = CARTESIAN_POINT('',(-1.703531459105,2.787587011255,
    -3.617538922031));
#2618 = CARTESIAN_POINT('',(-2.963131343004,2.818982136221,
    -2.684857524726));
#2619 = CARTESIAN_POINT('',(-3.76747631431,2.850377261187,-1.33967514915
    ));
#2620 = CARTESIAN_POINT('',(-3.992986970849,2.881772386154,
    0.211334651025));
#2621 = CARTESIAN_POINT('',(-3.60501590004,2.91316751112,1.729875037268)
  );
#2622 = CARTESIAN_POINT('',(-2.663170900353,2.944562636086,
    2.982637765404));
#2623 = CARTESIAN_POINT('',(-1.312156851001,2.975957761052,
    3.777148618002));
#2624 = CARTESIAN_POINT('',(0.240456717053,3.007352886019,3.991339105027
    ));
#2625 = CARTESIAN_POINT('',(1.756126562728,3.038748010985,3.592301042482
    ));
#2626 = CARTESIAN_POINT('',(3.001985471103,3.070143135951,2.64134255924)
  );
#2627 = CARTESIAN_POINT('',(3.786619926343,3.101538260917,1.284568728402
    ));
#2628 = CARTESIAN_POINT('',(3.989478845796,3.132933385883,
    -0.269565987682));
#2629 = CARTESIAN_POINT('',(3.579395026571,3.16432851085,-1.782284637935
    ));
#2630 = CARTESIAN_POINT('',(2.619373660521,3.195723635816,
    -3.021173432674));
#2631 = CARTESIAN_POINT('',(1.25691225852,3.227118760782,-3.795889727416
    ));
#2632 = CARTESIAN_POINT('',(-0.298660947906,3.258513885748,
    -3.987406321677));
#2633 = CARTESIAN_POINT('',(-1.808347744032,3.289909010714,
    -3.566298428872));
#2634 = CARTESIAN_POINT('',(-3.040201102623,3.321304135681,
    -2.597265784547));
#2635 = CARTESIAN_POINT('',(-3.80495576057,3.352699260647,
    -1.229187378026));
#2636 = CARTESIAN_POINT('',(-3.985128238875,3.384094385613,
    0.327734320674));
#2637 = CARTESIAN_POINT('',(-3.552987330002,3.415489510579,
    1.834335874307));
#2638 = CARTESIAN_POINT('',(-2.901070428025,3.43641959389,2.650770409064
    ));
#2639 = CARTESIAN_POINT('',(-2.509081323265,3.446884635546,2.98073365186
    ));
#2640 = CARTESIAN_POINT('',(-2.759192106821,2.509867920553,
    2.914376814976));
#2641 = CARTESIAN_POINT('',(-2.375929429888,2.520332962208,
    3.277231524634));
#2642 = CARTESIAN_POINT('',(-1.464565372442,2.541263045519,
    3.849591495597));
#2643 = CARTESIAN_POINT('',(0.12763882671,2.572658170485,4.116815964278)
  );
#2644 = CARTESIAN_POINT('',(1.700194417816,2.604053295452,3.751497473876
    ));
#2645 = CARTESIAN_POINT('',(3.011542712036,2.635448420418,2.809809346249
    ));
#2646 = CARTESIAN_POINT('',(3.86019543752,2.666843545384,1.436420070304)
  );
#2647 = CARTESIAN_POINT('',(4.115769235493,2.69823867035,-0.157659804917
    ));
#2648 = CARTESIAN_POINT('',(3.738996866358,2.729633795316,
    -1.727517045384));
#2649 = CARTESIAN_POINT('',(2.787765811986,2.761028920283,-3.03195885919
    ));
#2650 = CARTESIAN_POINT('',(1.408222956264,2.792424045249,
    -3.870571127763));
#2651 = CARTESIAN_POINT('',(-0.187678991759,2.823819170215,
    -4.114509611282));
#2652 = CARTESIAN_POINT('',(-1.754745977675,2.855214295181,
    -3.726295654001));
#2653 = CARTESIAN_POINT('',(-3.052214138852,2.886609420147,
    -2.765574370208));
#2654 = CARTESIAN_POINT('',(-3.880740724327,2.918004545114,
    -1.379950787992));
#2655 = CARTESIAN_POINT('',(-4.113031073514,2.94939967008,0.217688159997
    ));
#2656 = CARTESIAN_POINT('',(-3.713396143194,2.980794795046,
    1.781881542195));
#2657 = CARTESIAN_POINT('',(-2.743235764904,3.012189920012,
    3.072306997169));
#2658 = CARTESIAN_POINT('',(-1.351605187017,3.043585044979,
    3.890703813596));
#2659 = CARTESIAN_POINT('',(0.247685744104,3.074980169945,4.11133366669)
  );
#2660 = CARTESIAN_POINT('',(1.808922286563,3.106375294911,3.700299029526
    ));
#2661 = CARTESIAN_POINT('',(3.092236367167,3.137770419877,2.720751182326
    ));
#2662 = CARTESIAN_POINT('',(3.900459864842,3.169165544843,1.323187662407
    ));
#2663 = CARTESIAN_POINT('',(4.109417481118,3.20056066981,-0.277670148136
    ));
#2664 = CARTESIAN_POINT('',(3.687005010571,3.231955794776,
    -1.835866771213));
#2665 = CARTESIAN_POINT('',(2.698121816454,3.263350919742,
    -3.112001190532));
#2666 = CARTESIAN_POINT('',(1.29469973574,3.294746044708,-3.910008350758
    ));
#2667 = CARTESIAN_POINT('',(-0.307639811537,3.326141169675,
    -4.107282649183));
#2668 = CARTESIAN_POINT('',(-1.862713431629,3.357536294641,
    -3.673514680228));
#2669 = CARTESIAN_POINT('',(-3.13160090331,3.388931419607,
    -2.675349295153));
#2670 = CARTESIAN_POINT('',(-3.919346942732,3.420326544573,
    -1.266141341782));
#2671 = CARTESIAN_POINT('',(-4.104936078702,3.451721669539,
    0.337587238483));
#2672 = CARTESIAN_POINT('',(-3.659803400007,3.483116794506,
    1.889482862169));
#2673 = CARTESIAN_POINT('',(-2.988287440963,3.504046877816,2.73046246853
    ));
#2674 = CARTESIAN_POINT('',(-2.584513679584,3.514511919472,
    3.070345638859));
#2675 = DEFINITIONAL_REPRESENTATION('',(#2676),#2679);
#2676 = B_SPLINE_CURVE_WITH_KNOTS('',1,(#2677,#2678),.UNSPECIFIED.,.F.,
  .F.,(2,2),(0.,0.375003666721),.PIECEWISE_BEZIER_KNOTS.);
#2677 = CARTESIAN_POINT('',(3.641633547188E-04,-5.927465306557E-07));
#2678 = CARTESIAN_POINT('',(0.750403585319,-5.90706470401E-07));
#2679 = ( GEOMETRIC_REPRESENTATION_CONTEXT(2) 
PARAMETRIC_REPRESENTATION_CONTEXT() REPRESENTATION_CONTEXT('2D SPACE',''
  ) );
#2680 = ORIENTED_EDGE('',*,*,#2681,.F.);
#2681 = EDGE_CURVE('',#302,#2520,#2682,.T.);
#2682 = SURFACE_CURVE('',#2683,(#2834,#2840),.PCURVE_S1.);
#2683 = B_SPLINE_CURVE_WITH_KNOTS('',3,(#2684,#2685,#2686,#2687,#2688,
    #2689,#2690,#2691,#2692,#2693,#2694,#2695,#2696,#2697,#2698,#2699,
    #2700,#2701,#2702,#2703,#2704,#2705,#2706,#2707,#2708,#2709,#2710,
    #2711,#2712,#2713,#2714,#2715,#2716,#2717,#2718,#2719,#2720,#2721,
    #2722,#2723,#2724,#2725,#2726,#2727,#2728,#2729,#2730,#2731,#2732,
    #2733,#2734,#2735,#2736,#2737,#2738,#2739,#2740,#2741,#2742,#2743,
    #2744,#2745,#2746,#2747,#2748,#2749,#2750,#2751,#2752,#2753,#2754,
    #2755,#2756,#2757,#2758,#2759,#2760,#2761,#2762,#2763,#2764,#2765,
    #2766,#2767,#2768,#2769,#2770,#2771,#2772,#2773,#2774,#2775,#2776,
    #2777,#2778,#2779,#2780,#2781,#2782,#2783,#2784,#2785,#2786,#2787,
    #2788,#2789,#2790,#2791,#2792,#2793,#2794,#2795,#2796,#2797,#2798,
    #2799,#2800,#2801,#2802,#2803,#2804,#2805,#2806,#2807,#2808,#2809,
    #2810,#2811,#2812,#2813,#2814,#2815,#2816,#2817,#2818,#2819,#2820,
    #2821,#2822,#2823,#2824,#2825,#2826,#2827,#2828,#2829,#2830,#2831,
    #2832,#2833),.UNSPECIFIED.,.F.,.F.,(4,1,1,1,1,1,1,1,1,1,1,1,1,1,1,1,
    1,1,1,1,1,1,1,1,1,1,1,1,1,1,1,1,1,1,1,1,1,1,1,1,1,1,1,1,1,1,1,1,1,1,
    1,1,1,1,1,1,1,1,1,1,1,1,1,1,1,1,1,1,1,1,1,1,1,1,1,1,1,1,1,1,1,1,1,1,
    1,1,1,1,1,1,1,1,1,1,1,1,1,1,1,1,1,1,1,1,1,1,1,1,1,1,1,1,1,1,1,1,1,1,
    1,1,1,1,1,1,1,1,1,1,1,1,1,1,1,1,1,1,1,1,1,1,1,1,1,1,1,1,1,4),(0.,
    6.802721088435E-03,1.360544217687E-02,2.040816326531E-02,
    2.721088435374E-02,3.401360544218E-02,4.081632653061E-02,
    4.761904761905E-02,5.442176870748E-02,6.122448979592E-02,
    6.802721088435E-02,7.482993197279E-02,8.163265306122E-02,
    8.843537414966E-02,9.52380952381E-02,0.102040816327,0.108843537415,
    0.115646258503,0.122448979592,0.12925170068,0.136054421769,
    0.142857142857,0.149659863946,0.156462585034,0.163265306122,
    0.170068027211,0.176870748299,0.183673469388,0.190476190476,
    0.197278911565,0.204081632653,0.210884353741,0.21768707483,
    0.224489795918,0.231292517007,0.238095238095,0.244897959184,
    0.251700680272,0.25850340136,0.265306122449,0.272108843537,
    0.278911564626,0.285714285714,0.292517006803,0.299319727891,
    0.30612244898,0.312925170068,0.319727891157,0.326530612245,
    0.333333333333,0.340136054422,0.34693877551,0.353741496599,
    0.360544217687,0.367346938776,0.374149659864,0.380952380952,
    0.387755102041,0.394557823129,0.401360544218,0.408163265306,
    0.414965986395,0.421768707483,0.428571428571,0.43537414966,
    0.442176870748,0.448979591837,0.455782312925,0.462585034014,
    0.469387755102,0.47619047619,0.482993197279,0.489795918367,
    0.496598639456,0.503401360544,0.510204081633,0.517006802721,
    0.523809523809,0.530612244898,0.537414965986,0.544217687075,
    0.551020408163,0.557823129252,0.56462585034,0.571428571429,
    0.578231292517,0.585034013605,0.591836734694,0.598639455782,
    0.605442176871,0.612244897959,0.619047619048,0.625850340136,
    0.632653061225,0.639455782313,0.646258503401,0.65306122449,
    0.659863945578,0.666666666667,0.673469387755,0.680272108843,
    0.687074829932,0.69387755102,0.700680272109,0.707482993197,
    0.714285714286,0.721088435374,0.727891156463,0.734693877551,
    0.74149659864,0.748299319728,0.755102040816,0.761904761905,
    0.768707482993,0.775510204082,0.78231292517,0.789115646258,
    0.795918367347,0.802721088435,0.809523809524,0.816326530612,
    0.823129251701,0.829931972789,0.836734693878,0.843537414966,
    0.850340136054,0.857142857143,0.863945578231,0.87074829932,
    0.877551020408,0.884353741497,0.891156462585,0.897959183674,
    0.904761904762,0.91156462585,0.918367346939,0.925170068027,
    0.931972789116,0.938775510204,0.945578231292,0.952380952381,
    0.959183673469,0.965986394558,0.972789115646,0.979591836735,
    0.986394557823,0.993197278912,1.),.UNSPECIFIED.);
#2684 = CARTESIAN_POINT('',(-1.850858064696,0.666998077443,
    -3.17516828243));
#2685 = CARTESIAN_POINT('',(-2.001682990781,0.670778118435,
    -3.087249940481));
#2686 = CARTESIAN_POINT('',(-2.290781694557,0.678338200419,
    -2.88988437519));
#2687 = CARTESIAN_POINT('',(-2.67798946316,0.689678323394,
    -2.535248549471));
#2688 = CARTESIAN_POINT('',(-3.01090582368,0.70101844637,-2.129215524335
    ));
#2689 = CARTESIAN_POINT('',(-3.282781855758,0.712358569346,
    -1.680016657878));
#2690 = CARTESIAN_POINT('',(-3.488105701661,0.723698692322,
    -1.19675865504));
#2691 = CARTESIAN_POINT('',(-3.622714833798,0.735038815298,
    -0.689238640388));
#2692 = CARTESIAN_POINT('',(-3.683880301375,0.746378938273,
    -0.167745622032));
#2693 = CARTESIAN_POINT('',(-3.67036209238,0.757719061249,0.357148120446
    ));
#2694 = CARTESIAN_POINT('',(-3.582434262377,0.769059184225,
    0.874801362999));
#2695 = CARTESIAN_POINT('',(-3.421879381254,0.780399307201,
    1.374719669297));
#2696 = CARTESIAN_POINT('',(-3.191952394278,0.791739430177,
    1.846768145073));
#2697 = CARTESIAN_POINT('',(-2.897314634455,0.803079553152,2.28137690397
    ));
#2698 = CARTESIAN_POINT('',(-2.543939322808,0.814419676128,2.66973507878
    ));
#2699 = CARTESIAN_POINT('',(-2.138990472673,0.825759799104,
    3.003969445052));
#2700 = CARTESIAN_POINT('',(-1.690677652935,0.83709992208,3.277304035768
    ));
#2701 = CARTESIAN_POINT('',(-1.208089554608,0.848440045056,
    3.484197511199));
#2702 = CARTESIAN_POINT('',(-0.701009734885,0.859780168031,
    3.620455499049));
#2703 = CARTESIAN_POINT('',(-0.179718274099,0.871120291007,
    3.683315627387));
#2704 = CARTESIAN_POINT('',(0.345216633385,0.882460413983,3.67150352649)
  );
#2705 = CARTESIAN_POINT('',(0.86315292924,0.893800536959,3.585258664272)
  );
#2706 = CARTESIAN_POINT('',(1.363590438698,0.905140659935,3.426329491524
    ));
#2707 = CARTESIAN_POINT('',(1.836383741653,0.91648078291,3.197937995395)
  );
#2708 = CARTESIAN_POINT('',(2.271947851785,0.927820905886,2.904714379722
    ));
#2709 = CARTESIAN_POINT('',(2.661452533956,0.939161028862,2.552603196444
    ));
#2710 = CARTESIAN_POINT('',(2.997001320457,0.950501151838,2.148742831094
    ));
#2711 = CARTESIAN_POINT('',(3.271791596893,0.961841274814,1.701320785594
    ));
#2712 = CARTESIAN_POINT('',(3.480252512274,0.973181397789,1.219407692203
    ));
#2713 = CARTESIAN_POINT('',(3.618157917436,0.984521520765,0.712773423672
    ));
#2714 = CARTESIAN_POINT('',(3.682712042189,0.995861643741,0.191689027628
    ));
#2715 = CARTESIAN_POINT('',(3.672606174251,1.007201766717,
    -0.333281499408));
#2716 = CARTESIAN_POINT('',(3.588045190903,1.018541889693,-0.85149537699
    ));
#2717 = CARTESIAN_POINT('',(3.430743405489,1.029882012668,
    -1.352446802907));
#2718 = CARTESIAN_POINT('',(3.20388981297,1.041222135644,-1.825979938373
    ));
#2719 = CARTESIAN_POINT('',(2.912083439111,1.05256225862,-2.26249479837)
  );
#2720 = CARTESIAN_POINT('',(2.561240103961,1.063902381596,
    -2.653141873111));
#2721 = CARTESIAN_POINT('',(2.158472489842,1.075242504572,
    -2.990001535048));
#2722 = CARTESIAN_POINT('',(1.711945945221,1.086582627547,
    -3.266244594276));
#2723 = CARTESIAN_POINT('',(1.230712947775,1.097922750523,
    -3.476270747392));
#2724 = CARTESIAN_POINT('',(0.724529582603,1.109262873499,-3.61582211301
    ));
#2725 = CARTESIAN_POINT('',(0.203657756122,1.120602996475,
    -3.682069552217));
#2726 = CARTESIAN_POINT('',(-0.32134284459,1.131943119451,
    -3.673670023999));
#2727 = CARTESIAN_POINT('',(-0.839828829403,1.143283242426,
    -3.590793812836));
#2728 = CARTESIAN_POINT('',(-1.341288879646,1.154623365402,
    -3.435121076517));
#2729 = CARTESIAN_POINT('',(-1.815556845142,1.165963488378,
    -3.209807784129));
#2730 = CARTESIAN_POINT('',(-2.253017843589,1.177303611354,
    -2.919421734773));
#2731 = CARTESIAN_POINT('',(-2.644803184041,1.18864373433,
    -2.569849954118));
#2732 = CARTESIAN_POINT('',(-2.982970162773,1.199983857305,
    -2.168179346134));
#2733 = CARTESIAN_POINT('',(-3.260663086516,1.211323980281,
    -1.72255301957));
#2734 = CARTESIAN_POINT('',(-3.472252258616,1.222664103257,
    -1.242005201895));
#2735 = CARTESIAN_POINT('',(-3.613448110446,1.234004226233,
    -0.736278087485));
#2736 = CARTESIAN_POINT('',(-3.68138816426,1.245344349209,
    -0.215624333143));
#2737 = CARTESIAN_POINT('',(-3.674695064494,1.256684472184,
    0.309400795055));
#2738 = CARTESIAN_POINT('',(-3.593504501034,1.26802459516,0.828153409726
    ));
#2739 = CARTESIAN_POINT('',(-3.439462458364,1.279364718136,
    1.330116786789));
#2740 = CARTESIAN_POINT('',(-3.215691846352,1.290704841112,
    1.805114572071));
#2741 = CARTESIAN_POINT('',(-2.926729189185,1.302044964088,
    2.243517087559));
#2742 = CARTESIAN_POINT('',(-2.578432655959,1.313385087064,
    2.636436554837));
#2743 = CARTESIAN_POINT('',(-2.177863297423,1.324725210039,
    2.975907277912));
#2744 = CARTESIAN_POINT('',(-1.733141896587,1.336065333015,
    3.255047132576));
#2745 = CARTESIAN_POINT('',(-1.253284335267,1.347405455991,
    3.468197088398));
#2746 = CARTESIAN_POINT('',(-0.748018814205,1.358745578967,
    3.611035934824));
#2747 = CARTESIAN_POINT('',(-0.227588632272,1.370085701943,
    3.680667885514));
#2748 = CARTESIAN_POINT('',(0.297455476958,1.381425824918,3.675681284908
    ));
#2749 = CARTESIAN_POINT('',(0.816469241301,1.392765947894,3.596177226863
    ));
#2750 = CARTESIAN_POINT('',(1.318930642361,1.40410607087,3.443767505166)
  );
#2751 = CARTESIAN_POINT('',(1.794653229474,1.415446193846,3.221541937479
    ));
#2752 = CARTESIAN_POINT('',(2.233992630646,1.426786316822,2.93400572515)
  );
#2753 = CARTESIAN_POINT('',(2.628042073885,1.438126439797,2.586988118815
    ));
#2754 = CARTESIAN_POINT('',(2.96881295508,1.449466562773,2.187524241408)
  );
#2755 = CARTESIAN_POINT('',(3.249396791785,1.460806685749,1.743712464409
    ));
#2756 = CARTESIAN_POINT('',(3.464105279577,1.472146808725,1.264550228738
    ));
#2757 = CARTESIAN_POINT('',(3.608585611627,1.483486931701,0.759751638731
    ));
#2758 = CARTESIAN_POINT('',(3.67990872359,1.494827054676,0.239550527118)
  );
#2759 = CARTESIAN_POINT('',(3.676628674823,1.506167177652,
    -0.285507016493));
#2760 = CARTESIAN_POINT('',(3.598811962085,1.517507300628,
    -0.804776447561));
#2761 = CARTESIAN_POINT('',(3.448036171443,1.528847423604,
    -1.307730564534));
#2762 = CARTESIAN_POINT('',(3.227357995709,1.54018754658,-1.784172927866
    ));
#2763 = CARTESIAN_POINT('',(2.941251265798,1.551527669555,-2.22444457347
    ));
#2764 = CARTESIAN_POINT('',(2.595516252304,1.562867792531,
    -2.619619829865));
#2765 = CARTESIAN_POINT('',(2.197162076028,1.574207915507,-2.96168726922
    ));
#2766 = CARTESIAN_POINT('',(1.754264611367,1.585548038483,
    -3.243712123833));
#2767 = CARTESIAN_POINT('',(1.275802763294,1.596888161459,-3.45997687538
    ));
#2768 = CARTESIAN_POINT('',(0.771476437116,1.608228284434,-3.60609716674
    ));
#2769 = CARTESIAN_POINT('',(0.251509891313,1.61956840741,-3.679110686507
    ));
#2770 = CARTESIAN_POINT('',(-0.273555539885,1.630908530386,
    -3.67753722423));
#2771 = CARTESIAN_POINT('',(-0.793075152031,1.642248653362,
    -3.601408678868));
#2772 = CARTESIAN_POINT('',(-1.296516671626,1.653588776338,
    -3.452268412101));
#2773 = CARTESIAN_POINT('',(-1.773673777962,1.664928899313,-3.2331399596
    ));
#2774 = CARTESIAN_POINT('',(-2.214873016896,1.676269022289,
    -2.948465734585));
#2775 = CARTESIAN_POINT('',(-2.611169911752,1.687609145265,
    -2.604016966334));
#2776 = CARTESIAN_POINT('',(-2.954530295611,1.698949268241,
    -2.206776699468));
#2777 = CARTESIAN_POINT('',(-3.237993188775,1.710289391217,
    -1.764798225985));
#2778 = CARTESIAN_POINT('',(-3.455811919421,1.721629514192,
    -1.28704182006));
#2779 = CARTESIAN_POINT('',(-3.603570626451,1.732969637168,
    -0.783193085498));
#2780 = CARTESIAN_POINT('',(-3.678273782695,1.744309760144,
    -0.263466598516));
#2781 = CARTESIAN_POINT('',(-3.67840692353,1.75564988312,0.261601173392)
  );
#2782 = CARTESIAN_POINT('',(-3.60396734978,1.766990006096,0.781365478325
    ));
#2783 = CARTESIAN_POINT('',(-3.45646418243,1.778330129071,1.285289082103
    ));
#2784 = CARTESIAN_POINT('',(-3.238887768071,1.789670252047,
    1.763155890679));
#2785 = CARTESIAN_POINT('',(-2.955649055297,1.801010375023,2.20527806204
    ));
#2786 = CARTESIAN_POINT('',(-2.612490171102,1.812350497999,
    2.602692408813));
#2787 = CARTESIAN_POINT('',(-2.216368010157,1.823690620975,
    2.947342109859));
#2788 = CARTESIAN_POINT('',(-1.775313196986,1.83503074395,3.232240047026
    ));
#2789 = CARTESIAN_POINT('',(-1.298267280305,1.846370866926,
    3.451610455698));
#2790 = CARTESIAN_POINT('',(-0.7949014601,1.857710989902,3.601006017452)
  );
#2791 = CARTESIAN_POINT('',(-0.275420522415,1.869051112878,
    3.677398020996));
#2792 = CARTESIAN_POINT('',(0.249644043301,1.880391235854,3.679237763537
    ));
#2793 = CARTESIAN_POINT('',(0.769647550146,1.891731358829,3.606487947789
    ));
#2794 = CARTESIAN_POINT('',(1.274047914577,1.903071481805,3.460623438105
    ));
#2795 = CARTESIAN_POINT('',(1.752619377127,1.914411604781,3.244601360401
    ));
#2796 = CARTESIAN_POINT('',(2.195659810266,1.925751727757,2.962801152049
    ));
#2797 = CARTESIAN_POINT('',(2.594187410604,1.937091850733,2.620935777096
    ));
#2798 = CARTESIAN_POINT('',(2.940122787902,1.948431973708,2.225935906771
    ));
#2799 = CARTESIAN_POINT('',(3.226452759364,1.959772096684,1.785809413288
    ));
#2800 = CARTESIAN_POINT('',(3.447372528597,1.97111221966,1.309479025442)
  );
#2801 = CARTESIAN_POINT('',(3.598403366835,1.982452342636,0.806601437232
    ));
#2802 = CARTESIAN_POINT('',(3.676483410662,1.993792465612,0.287371536727
    ));
#2803 = CARTESIAN_POINT('',(3.680029735474,2.005132588587,
    -0.237684275929));
#2804 = CARTESIAN_POINT('',(3.608970446269,2.016472711563,
    -0.757921491284));
#2805 = CARTESIAN_POINT('',(3.464746135186,2.027812834539,
    -1.262793287799));
#2806 = CARTESIAN_POINT('',(3.25028067623,2.039152957515,-1.742064348617
    ));
#2807 = CARTESIAN_POINT('',(2.969921949283,2.050493080491,
    -2.186018363181));
#2808 = CARTESIAN_POINT('',(2.629353695094,2.061833203466,
    -2.585655006974));
#2809 = CARTESIAN_POINT('',(2.235480288234,2.073173326442,
    -2.932872406007));
#2810 = CARTESIAN_POINT('',(1.796286764006,2.084513449418,
    -3.220631386926));
#2811 = CARTESIAN_POINT('',(1.320676937028,2.095853572394,
    -3.443098182887));
#2812 = CARTESIAN_POINT('',(0.818292893295,2.10719369537,-3.595762702095
    ));
#2813 = CARTESIAN_POINT('',(0.299319515198,2.118533818345,
    -3.675529961355));
#2814 = CARTESIAN_POINT('',(-0.225721997622,2.129873941321,
    -3.680782830973));
#2815 = CARTESIAN_POINT('',(-0.746187425616,2.141214064297,
    -3.611414818994));
#2816 = CARTESIAN_POINT('',(-1.251525320666,2.152554187273,
    -3.468832230121));
#2817 = CARTESIAN_POINT('',(-1.731490916654,2.163894310249,
    -3.255925655561));
#2818 = CARTESIAN_POINT('',(-2.17635382264,2.175234433224,
    -2.977011371775));
#2819 = CARTESIAN_POINT('',(-2.577095288061,2.1865745562,-2.637743836169
    ));
#2820 = CARTESIAN_POINT('',(-2.925591040766,2.197914679176,
    -2.245001053716));
#2821 = CARTESIAN_POINT('',(-3.21477599121,2.209254802152,
    -1.806745138456));
#2822 = CARTESIAN_POINT('',(-3.438787463724,2.220594925128,
    -1.331860896767));
#2823 = CARTESIAN_POINT('',(-3.593084051124,2.231935048103,
    -0.829975704775));
#2824 = CARTESIAN_POINT('',(-3.674537683163,2.243275171079,
    -0.311264331618));
#2825 = CARTESIAN_POINT('',(-3.681497042019,2.254615294055,
    0.213757334784));
#2826 = CARTESIAN_POINT('',(-3.613821040364,2.265955417031,
    0.734445476974));
#2827 = CARTESIAN_POINT('',(-3.47288167891,2.277295540007,1.240244132687
    ));
#2828 = CARTESIAN_POINT('',(-3.261536241875,2.288635662982,
    1.720899191173));
#2829 = CARTESIAN_POINT('',(-2.984069333005,2.299975785958,
    2.166666297324));
#2830 = CARTESIAN_POINT('',(-2.646106155072,2.311315908934,
    2.568508319722));
#2831 = CARTESIAN_POINT('',(-2.254497940722,2.32265603191,2.918278860795
    ));
#2832 = CARTESIAN_POINT('',(-1.962956000532,2.330216113894,
    3.112017148179));
#2833 = CARTESIAN_POINT('',(-1.811044432294,2.333996154886,
    3.198044287007));
#2834 = PCURVE('',#890,#2835);
#2835 = DEFINITIONAL_REPRESENTATION('',(#2836),#2839);
#2836 = B_SPLINE_CURVE_WITH_KNOTS('',1,(#2837,#2838),.UNSPECIFIED.,.F.,
  .F.,(2,2),(0.,1.),.PIECEWISE_BEZIER_KNOTS.);
#2837 = CARTESIAN_POINT('',(1.174768974862E-04,2.161449732635E-07));
#2838 = CARTESIAN_POINT('',(1.182258835156E-04,0.999999767289));
#2839 = ( GEOMETRIC_REPRESENTATION_CONTEXT(2) 
PARAMETRIC_REPRESENTATION_CONTEXT() REPRESENTATION_CONTEXT('2D SPACE',''
  ) );
#2840 = PCURVE('',#427,#2841);
#2841 = DEFINITIONAL_REPRESENTATION('',(#2842),#2845);
#2842 = B_SPLINE_CURVE_WITH_KNOTS('',1,(#2843,#2844),.UNSPECIFIED.,.F.,
  .F.,(2,2),(0.,1.),.PIECEWISE_BEZIER_KNOTS.);
#2843 = CARTESIAN_POINT('',(0.999881774117,2.327111391393E-07));
#2844 = CARTESIAN_POINT('',(0.999882523103,0.999999783855));
#2845 = ( GEOMETRIC_REPRESENTATION_CONTEXT(2) 
PARAMETRIC_REPRESENTATION_CONTEXT() REPRESENTATION_CONTEXT('2D SPACE',''
  ) );
#2846 = ORIENTED_EDGE('',*,*,#758,.F.);
#2847 = ADVANCED_FACE('',(#2848),#427,.F.);
#2848 = FACE_BOUND('',#2849,.F.);
#2849 = EDGE_LOOP('',(#2850,#2971,#3237,#3503,#3767,#3768,#3769));
#2850 = ORIENTED_EDGE('',*,*,#2851,.T.);
#2851 = EDGE_CURVE('',#2852,#2854,#2856,.T.);
#2852 = VERTEX_POINT('',#2853);
#2853 = CARTESIAN_POINT('',(-1.971077549988,2.146494321525,
    3.480639781985));
#2854 = VERTEX_POINT('',#2855);
#2855 = CARTESIAN_POINT('',(-4.,2.06249816664,0.));
#2856 = SURFACE_CURVE('',#2857,(#2869,#2920),.PCURVE_S1.);
#2857 = B_SPLINE_CURVE_WITH_KNOTS('',3,(#2858,#2859,#2860,#2861,#2862,
    #2863,#2864,#2865,#2866,#2867,#2868),.UNSPECIFIED.,.F.,.F.,(4,1,1,1,
    1,1,1,1,4),(0.,0.125,0.25,0.375,0.5,0.625,0.75,0.875,1.),
  .QUASI_UNIFORM_KNOTS.);
#2858 = CARTESIAN_POINT('',(-1.971077549988,2.146494321525,
    3.480639781985));
#2859 = CARTESIAN_POINT('',(-2.123143229788,2.14301766118,3.394525370166
    ));
#2860 = CARTESIAN_POINT('',(-2.417250993368,2.136036192243,
    3.201683977103));
#2861 = CARTESIAN_POINT('',(-2.821090985605,2.125438683128,2.85250109435
    ));
#2862 = CARTESIAN_POINT('',(-3.174841748056,2.114838451225,
    2.452461486564));
#2863 = CARTESIAN_POINT('',(-3.469540602239,2.104342559304,
    2.013481860315));
#2864 = CARTESIAN_POINT('',(-3.702183749109,2.093948492983,
    1.544427433802));
#2865 = CARTESIAN_POINT('',(-3.872898941989,2.083489485354,
    1.045986895171));
#2866 = CARTESIAN_POINT('',(-3.977071169623,2.072953501347,
    0.525558024417));
#2867 = CARTESIAN_POINT('',(-4.,2.065980467468,0.175039531198));
#2868 = CARTESIAN_POINT('',(-4.,2.06249816664,0.));
#2869 = PCURVE('',#427,#2870);
#2870 = DEFINITIONAL_REPRESENTATION('',(#2871),#2919);
#2871 = B_SPLINE_CURVE_WITH_KNOTS('',3,(#2872,#2873,#2874,#2875,#2876,
    #2877,#2878,#2879,#2880,#2881,#2882,#2883,#2884,#2885,#2886,#2887,
    #2888,#2889,#2890,#2891,#2892,#2893,#2894,#2895,#2896,#2897,#2898,
    #2899,#2900,#2901,#2902,#2903,#2904,#2905,#2906,#2907,#2908,#2909,
    #2910,#2911,#2912,#2913,#2914,#2915,#2916,#2917,#2918),
  .UNSPECIFIED.,.F.,.F.,(4,1,1,1,1,1,1,1,1,1,1,1,1,1,1,1,1,1,1,1,1,1,1,1
    ,1,1,1,1,1,1,1,1,1,1,1,1,1,1,1,1,1,1,1,1,4),(0.,2.272727272727E-02,
    4.545454545455E-02,6.818181818182E-02,9.090909090909E-02,
    0.113636363636,0.136363636364,0.159090909091,0.181818181818,
    0.204545454545,0.227272727273,0.25,0.272727272727,0.295454545455,
    0.318181818182,0.340909090909,0.363636363636,0.386363636364,
    0.409090909091,0.431818181818,0.454545454545,0.477272727273,0.5,
    0.522727272727,0.545454545455,0.568181818182,0.590909090909,
    0.613636363636,0.636363636364,0.659090909091,0.681818181818,
    0.704545454545,0.727272727273,0.75,0.772727272727,0.795454545455,
    0.818181818182,0.840909090909,0.863636363636,0.886363636364,
    0.909090909091,0.931818181818,0.954545454545,0.977272727273,1.),
  .QUASI_UNIFORM_KNOTS.);
#2872 = CARTESIAN_POINT('',(0.249864778071,0.999999783171));
#2873 = CARTESIAN_POINT('',(0.249846623571,0.999620582953));
#2874 = CARTESIAN_POINT('',(0.249810065365,0.998861633034));
#2875 = CARTESIAN_POINT('',(0.249762679171,0.997721413817));
#2876 = CARTESIAN_POINT('',(0.249731647215,0.996579260579));
#2877 = CARTESIAN_POINT('',(0.249723407262,0.995435011931));
#2878 = CARTESIAN_POINT('',(0.24974161806,0.99428851849));
#2879 = CARTESIAN_POINT('',(0.249790604469,0.993139540715));
#2880 = CARTESIAN_POINT('',(0.249857927201,0.991988207594));
#2881 = CARTESIAN_POINT('',(0.24992173078,0.990835029429));
#2882 = CARTESIAN_POINT('',(0.249969547954,0.989680440938));
#2883 = CARTESIAN_POINT('',(0.249994481279,0.988524899525));
#2884 = CARTESIAN_POINT('',(0.249995133255,0.987368856058));
#2885 = CARTESIAN_POINT('',(0.249979944717,0.986212758162));
#2886 = CARTESIAN_POINT('',(0.2499469827,0.985057000916));
#2887 = CARTESIAN_POINT('',(0.24989721241,0.983901980948));
#2888 = CARTESIAN_POINT('',(0.24983804861,0.982748097857));
#2889 = CARTESIAN_POINT('',(0.249781150274,0.981595733675));
#2890 = CARTESIAN_POINT('',(0.249747523702,0.980445320111));
#2891 = CARTESIAN_POINT('',(0.249745329652,0.979297023102));
#2892 = CARTESIAN_POINT('',(0.249764769128,0.978150758978));
#2893 = CARTESIAN_POINT('',(0.249799253303,0.977006511453));
#2894 = CARTESIAN_POINT('',(0.249840958939,0.975864261439));
#2895 = CARTESIAN_POINT('',(0.249882037788,0.974724005686));
#2896 = CARTESIAN_POINT('',(0.249915210885,0.973585752471));
#2897 = CARTESIAN_POINT('',(0.249943638885,0.972448896882));
#2898 = CARTESIAN_POINT('',(0.249961975366,0.971312840385));
#2899 = CARTESIAN_POINT('',(0.249955291799,0.970176990367));
#2900 = CARTESIAN_POINT('',(0.249932601011,0.969040775427));
#2901 = CARTESIAN_POINT('',(0.249893738332,0.967903545295));
#2902 = CARTESIAN_POINT('',(0.249841706162,0.966764992879));
#2903 = CARTESIAN_POINT('',(0.249789946079,0.965625144561));
#2904 = CARTESIAN_POINT('',(0.249749166433,0.964483941457));
#2905 = CARTESIAN_POINT('',(0.249730050441,0.963341332415));
#2906 = CARTESIAN_POINT('',(0.24974253196,0.962197249949));
#2907 = CARTESIAN_POINT('',(0.249795126187,0.961051614961));
#2908 = CARTESIAN_POINT('',(0.249860622789,0.959904966306));
#2909 = CARTESIAN_POINT('',(0.249919835587,0.958757854162));
#2910 = CARTESIAN_POINT('',(0.249961458676,0.95761084321));
#2911 = CARTESIAN_POINT('',(0.249980627539,0.956464477942));
#2912 = CARTESIAN_POINT('',(0.249985429727,0.955319399184));
#2913 = CARTESIAN_POINT('',(0.249968946308,0.954175800116));
#2914 = CARTESIAN_POINT('',(0.24993226524,0.953033434628));
#2915 = CARTESIAN_POINT('',(0.249887457088,0.951892148291));
#2916 = CARTESIAN_POINT('',(0.249840833369,0.950751759795));
#2917 = CARTESIAN_POINT('',(0.249811087068,0.949991982799));
#2918 = CARTESIAN_POINT('',(0.249797303252,0.949612185354));
#2919 = ( GEOMETRIC_REPRESENTATION_CONTEXT(2) 
PARAMETRIC_REPRESENTATION_CONTEXT() REPRESENTATION_CONTEXT('2D SPACE',''
  ) );
#2920 = PCURVE('',#2002,#2921);
#2921 = DEFINITIONAL_REPRESENTATION('',(#2922),#2970);
#2922 = B_SPLINE_CURVE_WITH_KNOTS('',3,(#2923,#2924,#2925,#2926,#2927,
    #2928,#2929,#2930,#2931,#2932,#2933,#2934,#2935,#2936,#2937,#2938,
    #2939,#2940,#2941,#2942,#2943,#2944,#2945,#2946,#2947,#2948,#2949,
    #2950,#2951,#2952,#2953,#2954,#2955,#2956,#2957,#2958,#2959,#2960,
    #2961,#2962,#2963,#2964,#2965,#2966,#2967,#2968,#2969),
  .UNSPECIFIED.,.F.,.F.,(4,1,1,1,1,1,1,1,1,1,1,1,1,1,1,1,1,1,1,1,1,1,1,1
    ,1,1,1,1,1,1,1,1,1,1,1,1,1,1,1,1,1,1,1,1,4),(0.,2.272727272727E-02,
    4.545454545455E-02,6.818181818182E-02,9.090909090909E-02,
    0.113636363636,0.136363636364,0.159090909091,0.181818181818,
    0.204545454545,0.227272727273,0.25,0.272727272727,0.295454545455,
    0.318181818182,0.340909090909,0.363636363636,0.386363636364,
    0.409090909091,0.431818181818,0.454545454545,0.477272727273,0.5,
    0.522727272727,0.545454545455,0.568181818182,0.590909090909,
    0.613636363636,0.636363636364,0.659090909091,0.681818181818,
    0.704545454545,0.727272727273,0.75,0.772727272727,0.795454545455,
    0.818181818182,0.840909090909,0.863636363636,0.886363636364,
    0.909090909091,0.931818181818,0.954545454545,0.977272727273,1.),
  .QUASI_UNIFORM_KNOTS.);
#2923 = CARTESIAN_POINT('',(5.227658494706,1.368505678475));
#2924 = CARTESIAN_POINT('',(5.235601963868,1.369137798538));
#2925 = CARTESIAN_POINT('',(5.251500708228,1.370402969112));
#2926 = CARTESIAN_POINT('',(5.275387096906,1.372303762561));
#2927 = CARTESIAN_POINT('',(5.299314507002,1.374207837257));
#2928 = CARTESIAN_POINT('',(5.323286054419,1.376115445894));
#2929 = CARTESIAN_POINT('',(5.347304586156,1.378026807614));
#2930 = CARTESIAN_POINT('',(5.371374837483,1.379942266724));
#2931 = CARTESIAN_POINT('',(5.39549387959,1.381861577629));
#2932 = CARTESIAN_POINT('',(5.419650876728,1.383783904832));
#2933 = CARTESIAN_POINT('',(5.443836670274,1.385708537993));
#2934 = CARTESIAN_POINT('',(5.46804176269,1.387634733244));
#2935 = CARTESIAN_POINT('',(5.492256954087,1.389561755674));
#2936 = CARTESIAN_POINT('',(5.516473338478,1.391488868078));
#2937 = CARTESIAN_POINT('',(5.540683084914,1.393415426749));
#2938 = CARTESIAN_POINT('',(5.564878096307,1.39534078942));
#2939 = CARTESIAN_POINT('',(5.58905004618,1.397264307847));
#2940 = CARTESIAN_POINT('',(5.61319083568,1.399185356258));
#2941 = CARTESIAN_POINT('',(5.637291216166,1.401103224971));
#2942 = CARTESIAN_POINT('',(5.661347460319,1.403017599791));
#2943 = CARTESIAN_POINT('',(5.685361064272,1.40492856201));
#2944 = CARTESIAN_POINT('',(5.709332113117,1.406836109009));
#2945 = CARTESIAN_POINT('',(5.733260789063,1.408740260645));
#2946 = CARTESIAN_POINT('',(5.757147010965,1.41064103079));
#2947 = CARTESIAN_POINT('',(5.780990553808,1.41253843477));
#2948 = CARTESIAN_POINT('',(5.804804154476,1.414433475331));
#2949 = CARTESIAN_POINT('',(5.828600574525,1.416327153055));
#2950 = CARTESIAN_POINT('',(5.85239267752,1.418220477));
#2951 = CARTESIAN_POINT('',(5.876192873109,1.420114424483));
#2952 = CARTESIAN_POINT('',(5.900015016473,1.422010091311));
#2953 = CARTESIAN_POINT('',(5.923865618464,1.423908014827));
#2954 = CARTESIAN_POINT('',(5.947744058275,1.425808173922));
#2955 = CARTESIAN_POINT('',(5.971651404073,1.427710665969));
#2956 = CARTESIAN_POINT('',(5.995588491343,1.429615556606));
#2957 = CARTESIAN_POINT('',(6.01955645931,1.431522919925));
#2958 = CARTESIAN_POINT('',(6.043556684327,1.433432827949));
#2959 = CARTESIAN_POINT('',(6.067577665387,1.435344358102));
#2960 = CARTESIAN_POINT('',(6.091607712642,1.437256590653));
#2961 = CARTESIAN_POINT('',(6.115634914834,1.439168594671));
#2962 = CARTESIAN_POINT('',(6.1396479027,1.441079481185));
#2963 = CARTESIAN_POINT('',(6.163633425019,1.442988204588));
#2964 = CARTESIAN_POINT('',(6.187587831809,1.444894457525));
#2965 = CARTESIAN_POINT('',(6.211516773266,1.446798670887));
#2966 = CARTESIAN_POINT('',(6.235423745247,1.448701118927));
#2967 = CARTESIAN_POINT('',(6.259312657229,1.450602117883));
#2968 = CARTESIAN_POINT('',(6.275228955041,1.451868687755));
#2969 = CARTESIAN_POINT('',(6.28318530718,1.45250183336));
#2970 = ( GEOMETRIC_REPRESENTATION_CONTEXT(2) 
PARAMETRIC_REPRESENTATION_CONTEXT() REPRESENTATION_CONTEXT('2D SPACE',''
  ) );
#2971 = ORIENTED_EDGE('',*,*,#2972,.T.);
#2972 = EDGE_CURVE('',#2854,#2973,#2975,.T.);
#2973 = VERTEX_POINT('',#2974);
#2974 = CARTESIAN_POINT('',(4.,1.81249816664,0.));
#2975 = SURFACE_CURVE('',#2976,(#3003,#3120),.PCURVE_S1.);
#2976 = B_SPLINE_CURVE_WITH_KNOTS('',3,(#2977,#2978,#2979,#2980,#2981,
    #2982,#2983,#2984,#2985,#2986,#2987,#2988,#2989,#2990,#2991,#2992,
    #2993,#2994,#2995,#2996,#2997,#2998,#2999,#3000,#3001,#3002),
  .UNSPECIFIED.,.F.,.F.,(4,1,1,1,1,1,1,1,1,1,1,1,1,1,1,1,1,1,1,1,1,1,1,4
    ),(0.,4.347826086957E-02,8.695652173913E-02,0.130434782609,
    0.173913043478,0.217391304348,0.260869565217,0.304347826087,
    0.347826086957,0.391304347826,0.434782608696,0.478260869565,
    0.521739130435,0.565217391304,0.608695652174,0.652173913044,
    0.695652173913,0.739130434783,0.782608695652,0.826086956522,
    0.869565217391,0.913043478261,0.95652173913,1.),.UNSPECIFIED.);
#2977 = CARTESIAN_POINT('',(-4.,2.06249816664,0.));
#2978 = CARTESIAN_POINT('',(-4.,2.058885567804,-0.181589023418));
#2979 = CARTESIAN_POINT('',(-3.975266133907,2.051660179684,
    -0.544781547118));
#2980 = CARTESIAN_POINT('',(-3.864185671168,2.040801511756,
    -1.080470464456));
#2981 = CARTESIAN_POINT('',(-3.68199297243,2.0299823013,-1.594212789913)
  );
#2982 = CARTESIAN_POINT('',(-3.432179916353,2.019169459904,
    -2.078325112662));
#2983 = CARTESIAN_POINT('',(-3.116782261039,2.008280959712,
    -2.527194362606));
#2984 = CARTESIAN_POINT('',(-2.740434000458,1.997324113436,
    -2.931097804318));
#2985 = CARTESIAN_POINT('',(-2.314867321574,1.986436999928,
    -3.277159642748));
#2986 = CARTESIAN_POINT('',(-1.851808759024,1.975672428517,
    -3.55950017617));
#2987 = CARTESIAN_POINT('',(-1.346194328123,1.964722404706,
    -3.780210240455));
#2988 = CARTESIAN_POINT('',(-0.812453402518,1.953722311985,
    -3.929677958541));
#2989 = CARTESIAN_POINT('',(-0.264747818609,1.942752620908,
    -4.003695938546));
#2990 = CARTESIAN_POINT('',(0.278326003027,1.931973615076,
    -4.002604347459));
#2991 = CARTESIAN_POINT('',(0.820830277268,1.921103690538,-3.92775687449
    ));
#2992 = CARTESIAN_POINT('',(1.352372191236,1.910143024591,
    -3.777907360994));
#2993 = CARTESIAN_POINT('',(1.856095956367,1.899228344799,
    -3.557292474462));
#2994 = CARTESIAN_POINT('',(2.32039971946,1.88842519839,-3.273268945279)
  );
#2995 = CARTESIAN_POINT('',(2.742960117834,1.87759886137,-2.92838088992)
  );
#2996 = CARTESIAN_POINT('',(3.115498797538,1.866751820734,
    -2.528517977321));
#2997 = CARTESIAN_POINT('',(3.430462355733,1.855891021162,
    -2.081078815429));
#2998 = CARTESIAN_POINT('',(3.680968317618,1.845073207669,
    -1.597013605113));
#2999 = CARTESIAN_POINT('',(3.86496704182,1.834145918274,-1.078133913095
    ));
#3000 = CARTESIAN_POINT('',(3.975342423281,1.823311602799,
    -0.543533159847));
#3001 = CARTESIAN_POINT('',(4.,1.816098154274,-0.180955115289));
#3002 = CARTESIAN_POINT('',(4.,1.81249816664,0.));
#3003 = PCURVE('',#427,#3004);
#3004 = DEFINITIONAL_REPRESENTATION('',(#3005),#3119);
#3005 = B_SPLINE_CURVE_WITH_KNOTS('',3,(#3006,#3007,#3008,#3009,#3010,
    #3011,#3012,#3013,#3014,#3015,#3016,#3017,#3018,#3019,#3020,#3021,
    #3022,#3023,#3024,#3025,#3026,#3027,#3028,#3029,#3030,#3031,#3032,
    #3033,#3034,#3035,#3036,#3037,#3038,#3039,#3040,#3041,#3042,#3043,
    #3044,#3045,#3046,#3047,#3048,#3049,#3050,#3051,#3052,#3053,#3054,
    #3055,#3056,#3057,#3058,#3059,#3060,#3061,#3062,#3063,#3064,#3065,
    #3066,#3067,#3068,#3069,#3070,#3071,#3072,#3073,#3074,#3075,#3076,
    #3077,#3078,#3079,#3080,#3081,#3082,#3083,#3084,#3085,#3086,#3087,
    #3088,#3089,#3090,#3091,#3092,#3093,#3094,#3095,#3096,#3097,#3098,
    #3099,#3100,#3101,#3102,#3103,#3104,#3105,#3106,#3107,#3108,#3109,
    #3110,#3111,#3112,#3113,#3114,#3115,#3116,#3117,#3118),
  .UNSPECIFIED.,.F.,.F.,(4,1,1,1,1,1,1,1,1,1,1,1,1,1,1,1,1,1,1,1,1,1,1,1
    ,1,1,1,1,1,1,1,1,1,1,1,1,1,1,1,1,1,1,1,1,1,1,1,1,1,1,1,1,1,1,1,1,1,1
    ,1,1,1,1,1,1,1,1,1,1,1,1,1,1,1,1,1,1,1,1,1,1,1,1,1,1,1,1,1,1,1,1,1,1
    ,1,1,1,1,1,1,1,1,1,1,1,1,1,1,1,1,1,1,4),(0.,9.090909090909E-03,
    1.818181818182E-02,2.727272727273E-02,3.636363636364E-02,
    4.545454545455E-02,5.454545454545E-02,6.363636363636E-02,
    7.272727272727E-02,8.181818181818E-02,9.090909090909E-02,1.E-01,
    0.109090909091,0.118181818182,0.127272727273,0.136363636364,
    0.145454545455,0.154545454545,0.163636363636,0.172727272727,
    0.181818181818,0.190909090909,0.2,0.209090909091,0.218181818182,
    0.227272727273,0.236363636364,0.245454545455,0.254545454545,
    0.263636363636,0.272727272727,0.281818181818,0.290909090909,0.3,
    0.309090909091,0.318181818182,0.327272727273,0.336363636364,
    0.345454545455,0.354545454545,0.363636363636,0.372727272727,
    0.381818181818,0.390909090909,0.4,0.409090909091,0.418181818182,
    0.427272727273,0.436363636364,0.445454545455,0.454545454545,
    0.463636363636,0.472727272727,0.481818181818,0.490909090909,0.5,
    0.509090909091,0.518181818182,0.527272727273,0.536363636364,
    0.545454545455,0.554545454545,0.563636363636,0.572727272727,
    0.581818181818,0.590909090909,0.6,0.609090909091,0.618181818182,
    0.627272727273,0.636363636364,0.645454545455,0.654545454545,
    0.663636363636,0.672727272727,0.681818181818,0.690909090909,0.7,
    0.709090909091,0.718181818182,0.727272727273,0.736363636364,
    0.745454545455,0.754545454545,0.763636363636,0.772727272727,
    0.781818181818,0.790909090909,0.8,0.809090909091,0.818181818182,
    0.827272727273,0.836363636364,0.845454545455,0.854545454545,
    0.863636363636,0.872727272727,0.881818181818,0.890909090909,0.9,
    0.909090909091,0.918181818182,0.927272727273,0.936363636364,
    0.945454545455,0.954545454545,0.963636363636,0.972727272727,
    0.981818181818,0.990909090909,1.),.QUASI_UNIFORM_KNOTS.);
#3006 = CARTESIAN_POINT('',(0.249797303252,0.949612185354));
#3007 = CARTESIAN_POINT('',(0.249780453378,0.949159075448));
#3008 = CARTESIAN_POINT('',(0.249753695045,0.948252861559));
#3009 = CARTESIAN_POINT('',(0.249737087619,0.946893433525));
#3010 = CARTESIAN_POINT('',(0.249747634966,0.94553377242));
#3011 = CARTESIAN_POINT('',(0.249785745764,0.944173755511));
#3012 = CARTESIAN_POINT('',(0.249852076741,0.942813233189));
#3013 = CARTESIAN_POINT('',(0.249937218116,0.941452155068));
#3014 = CARTESIAN_POINT('',(0.250004388855,0.94009088881));
#3015 = CARTESIAN_POINT('',(0.250026616245,0.938729779172));
#3016 = CARTESIAN_POINT('',(0.249981250997,0.937369191041));
#3017 = CARTESIAN_POINT('',(0.249910242513,0.936009537823));
#3018 = CARTESIAN_POINT('',(0.249843958782,0.934650934711));
#3019 = CARTESIAN_POINT('',(0.249789215588,0.933293132914));
#3020 = CARTESIAN_POINT('',(0.249753571285,0.931935954761));
#3021 = CARTESIAN_POINT('',(0.249740625434,0.930579192829));
#3022 = CARTESIAN_POINT('',(0.249750206622,0.929222682545));
#3023 = CARTESIAN_POINT('',(0.249784577841,0.927866046242));
#3024 = CARTESIAN_POINT('',(0.24984174143,0.92650879854));
#3025 = CARTESIAN_POINT('',(0.249911271195,0.925150479091));
#3026 = CARTESIAN_POINT('',(0.249975598258,0.923790638802));
#3027 = CARTESIAN_POINT('',(0.25000832667,0.922428795917));
#3028 = CARTESIAN_POINT('',(0.249979553287,0.921064997356));
#3029 = CARTESIAN_POINT('',(0.249915696615,0.919699343751));
#3030 = CARTESIAN_POINT('',(0.24984188483,0.918331890315));
#3031 = CARTESIAN_POINT('',(0.249786044333,0.916962652614));
#3032 = CARTESIAN_POINT('',(0.24977115744,0.915591672648));
#3033 = CARTESIAN_POINT('',(0.249772528361,0.914219732402));
#3034 = CARTESIAN_POINT('',(0.249782641479,0.912847580706));
#3035 = CARTESIAN_POINT('',(0.249803660733,0.911475966387));
#3036 = CARTESIAN_POINT('',(0.249857406147,0.910105672444));
#3037 = CARTESIAN_POINT('',(0.249950706127,0.908737294748));
#3038 = CARTESIAN_POINT('',(0.250030037415,0.90737102819));
#3039 = CARTESIAN_POINT('',(0.250053759719,0.906007201991));
#3040 = CARTESIAN_POINT('',(0.249994193416,0.904646099947));
#3041 = CARTESIAN_POINT('',(0.249875163959,0.903288279985));
#3042 = CARTESIAN_POINT('',(0.249748531799,0.901933027371));
#3043 = CARTESIAN_POINT('',(0.249670708833,0.900578454251));
#3044 = CARTESIAN_POINT('',(0.249662813553,0.899222874636));
#3045 = CARTESIAN_POINT('',(0.249721136985,0.897864609113));
#3046 = CARTESIAN_POINT('',(0.249808616351,0.896501690006));
#3047 = CARTESIAN_POINT('',(0.249889268043,0.895134313755));
#3048 = CARTESIAN_POINT('',(0.249946869926,0.893763375462));
#3049 = CARTESIAN_POINT('',(0.249975289851,0.892389585023));
#3050 = CARTESIAN_POINT('',(0.249981214127,0.891013683952));
#3051 = CARTESIAN_POINT('',(0.249981761978,0.889636383024));
#3052 = CARTESIAN_POINT('',(0.249941224563,0.888258179949));
#3053 = CARTESIAN_POINT('',(0.249878377749,0.886879561851));
#3054 = CARTESIAN_POINT('',(0.249812727197,0.885501003219));
#3055 = CARTESIAN_POINT('',(0.249777195203,0.884122941276));
#3056 = CARTESIAN_POINT('',(0.249796571797,0.882745853215));
#3057 = CARTESIAN_POINT('',(0.249827745935,0.881370583019));
#3058 = CARTESIAN_POINT('',(0.249850287183,0.879997990827));
#3059 = CARTESIAN_POINT('',(0.249855810552,0.878628900001));
#3060 = CARTESIAN_POINT('',(0.249850540679,0.877264411871));
#3061 = CARTESIAN_POINT('',(0.249857987279,0.875904508225));
#3062 = CARTESIAN_POINT('',(0.249889547589,0.874547361602));
#3063 = CARTESIAN_POINT('',(0.249922144196,0.873191486754));
#3064 = CARTESIAN_POINT('',(0.249936394942,0.871835392671));
#3065 = CARTESIAN_POINT('',(0.249917393631,0.87047740691));
#3066 = CARTESIAN_POINT('',(0.249863647958,0.86911699647));
#3067 = CARTESIAN_POINT('',(0.249801733023,0.867754311918));
#3068 = CARTESIAN_POINT('',(0.249752288791,0.866389304134));
#3069 = CARTESIAN_POINT('',(0.24973593643,0.865021962715));
#3070 = CARTESIAN_POINT('',(0.249777891624,0.863652152088));
#3071 = CARTESIAN_POINT('',(0.249846527934,0.862280495256));
#3072 = CARTESIAN_POINT('',(0.249912187972,0.860907777882));
#3073 = CARTESIAN_POINT('',(0.249959846302,0.859534757514));
#3074 = CARTESIAN_POINT('',(0.249989031566,0.858162211442));
#3075 = CARTESIAN_POINT('',(0.250002761131,0.856790894493));
#3076 = CARTESIAN_POINT('',(0.249973749501,0.855421160678));
#3077 = CARTESIAN_POINT('',(0.249914854557,0.854053392148));
#3078 = CARTESIAN_POINT('',(0.249837371121,0.852687945749));
#3079 = CARTESIAN_POINT('',(0.249760403919,0.851325259433));
#3080 = CARTESIAN_POINT('',(0.249709016026,0.849965442804));
#3081 = CARTESIAN_POINT('',(0.249700120905,0.848607609853));
#3082 = CARTESIAN_POINT('',(0.249737072297,0.847251013953));
#3083 = CARTESIAN_POINT('',(0.249811428542,0.845894903593));
#3084 = CARTESIAN_POINT('',(0.249900992772,0.844538460505));
#3085 = CARTESIAN_POINT('',(0.249978120889,0.843181307468));
#3086 = CARTESIAN_POINT('',(0.250023314253,0.841823548263));
#3087 = CARTESIAN_POINT('',(0.250008998701,0.840465204852));
#3088 = CARTESIAN_POINT('',(0.249945465886,0.839106333937));
#3089 = CARTESIAN_POINT('',(0.249873768906,0.837746947759));
#3090 = CARTESIAN_POINT('',(0.249808165384,0.836387082452));
#3091 = CARTESIAN_POINT('',(0.249756764017,0.835026783977));
#3092 = CARTESIAN_POINT('',(0.2497302433,0.833666082464));
#3093 = CARTESIAN_POINT('',(0.249738807343,0.832305003703));
#3094 = CARTESIAN_POINT('',(0.249795603208,0.83094354526));
#3095 = CARTESIAN_POINT('',(0.249872834176,0.829581960485));
#3096 = CARTESIAN_POINT('',(0.249944282214,0.828220549256));
#3097 = CARTESIAN_POINT('',(0.249989144781,0.826859614335));
#3098 = CARTESIAN_POINT('',(0.249992924267,0.825499513492));
#3099 = CARTESIAN_POINT('',(0.249941495749,0.824140477059));
#3100 = CARTESIAN_POINT('',(0.249865251007,0.822781650709));
#3101 = CARTESIAN_POINT('',(0.249802623534,0.821422227519));
#3102 = CARTESIAN_POINT('',(0.249772634623,0.820061402395));
#3103 = CARTESIAN_POINT('',(0.249785284236,0.818698173431));
#3104 = CARTESIAN_POINT('',(0.249822175866,0.817332304249));
#3105 = CARTESIAN_POINT('',(0.249849553675,0.815965098457));
#3106 = CARTESIAN_POINT('',(0.249858352304,0.81459761778));
#3107 = CARTESIAN_POINT('',(0.249853836593,0.813230938481));
#3108 = CARTESIAN_POINT('',(0.249868525251,0.811866314297));
#3109 = CARTESIAN_POINT('',(0.249909800152,0.810503937999));
#3110 = CARTESIAN_POINT('',(0.249950682915,0.809143233622));
#3111 = CARTESIAN_POINT('',(0.249956659351,0.807783832039));
#3112 = CARTESIAN_POINT('',(0.24993107731,0.806425353049));
#3113 = CARTESIAN_POINT('',(0.24988777187,0.805067359657));
#3114 = CARTESIAN_POINT('',(0.249834396256,0.803709891791));
#3115 = CARTESIAN_POINT('',(0.249782993095,0.802353105746));
#3116 = CARTESIAN_POINT('',(0.249746938614,0.800997120624));
#3117 = CARTESIAN_POINT('',(0.249744041446,0.800093742278));
#3118 = CARTESIAN_POINT('',(0.249750462238,0.799642225601));
#3119 = ( GEOMETRIC_REPRESENTATION_CONTEXT(2) 
PARAMETRIC_REPRESENTATION_CONTEXT() REPRESENTATION_CONTEXT('2D SPACE',''
  ) );
#3120 = PCURVE('',#1731,#3121);
#3121 = DEFINITIONAL_REPRESENTATION('',(#3122),#3236);
#3122 = B_SPLINE_CURVE_WITH_KNOTS('',3,(#3123,#3124,#3125,#3126,#3127,
    #3128,#3129,#3130,#3131,#3132,#3133,#3134,#3135,#3136,#3137,#3138,
    #3139,#3140,#3141,#3142,#3143,#3144,#3145,#3146,#3147,#3148,#3149,
    #3150,#3151,#3152,#3153,#3154,#3155,#3156,#3157,#3158,#3159,#3160,
    #3161,#3162,#3163,#3164,#3165,#3166,#3167,#3168,#3169,#3170,#3171,
    #3172,#3173,#3174,#3175,#3176,#3177,#3178,#3179,#3180,#3181,#3182,
    #3183,#3184,#3185,#3186,#3187,#3188,#3189,#3190,#3191,#3192,#3193,
    #3194,#3195,#3196,#3197,#3198,#3199,#3200,#3201,#3202,#3203,#3204,
    #3205,#3206,#3207,#3208,#3209,#3210,#3211,#3212,#3213,#3214,#3215,
    #3216,#3217,#3218,#3219,#3220,#3221,#3222,#3223,#3224,#3225,#3226,
    #3227,#3228,#3229,#3230,#3231,#3232,#3233,#3234,#3235),
  .UNSPECIFIED.,.F.,.F.,(4,1,1,1,1,1,1,1,1,1,1,1,1,1,1,1,1,1,1,1,1,1,1,1
    ,1,1,1,1,1,1,1,1,1,1,1,1,1,1,1,1,1,1,1,1,1,1,1,1,1,1,1,1,1,1,1,1,1,1
    ,1,1,1,1,1,1,1,1,1,1,1,1,1,1,1,1,1,1,1,1,1,1,1,1,1,1,1,1,1,1,1,1,1,1
    ,1,1,1,1,1,1,1,1,1,1,1,1,1,1,1,1,1,1,4),(0.,9.090909090909E-03,
    1.818181818182E-02,2.727272727273E-02,3.636363636364E-02,
    4.545454545455E-02,5.454545454545E-02,6.363636363636E-02,
    7.272727272727E-02,8.181818181818E-02,9.090909090909E-02,1.E-01,
    0.109090909091,0.118181818182,0.127272727273,0.136363636364,
    0.145454545455,0.154545454545,0.163636363636,0.172727272727,
    0.181818181818,0.190909090909,0.2,0.209090909091,0.218181818182,
    0.227272727273,0.236363636364,0.245454545455,0.254545454545,
    0.263636363636,0.272727272727,0.281818181818,0.290909090909,0.3,
    0.309090909091,0.318181818182,0.327272727273,0.336363636364,
    0.345454545455,0.354545454545,0.363636363636,0.372727272727,
    0.381818181818,0.390909090909,0.4,0.409090909091,0.418181818182,
    0.427272727273,0.436363636364,0.445454545455,0.454545454545,
    0.463636363636,0.472727272727,0.481818181818,0.490909090909,0.5,
    0.509090909091,0.518181818182,0.527272727273,0.536363636364,
    0.545454545455,0.554545454545,0.563636363636,0.572727272727,
    0.581818181818,0.590909090909,0.6,0.609090909091,0.618181818182,
    0.627272727273,0.636363636364,0.645454545455,0.654545454545,
    0.663636363636,0.672727272727,0.681818181818,0.690909090909,0.7,
    0.709090909091,0.718181818182,0.727272727273,0.736363636364,
    0.745454545455,0.754545454545,0.763636363636,0.772727272727,
    0.781818181818,0.790909090909,0.8,0.809090909091,0.818181818182,
    0.827272727273,0.836363636364,0.845454545455,0.854545454545,
    0.863636363636,0.872727272727,0.881818181818,0.890909090909,0.9,
    0.909090909091,0.918181818182,0.927272727273,0.936363636364,
    0.945454545455,0.954545454545,0.963636363636,0.972727272727,
    0.981818181818,0.990909090909,1.),.QUASI_UNIFORM_KNOTS.);
#3123 = CARTESIAN_POINT('',(0.,1.45250183336));
#3124 = CARTESIAN_POINT('',(9.492154203953E-03,1.453257194935));
#3125 = CARTESIAN_POINT('',(2.847662083404E-02,1.454767926502));
#3126 = CARTESIAN_POINT('',(5.695597535753E-02,1.457034231239));
#3127 = CARTESIAN_POINT('',(8.544018889918E-02,1.459300928792));
#3128 = CARTESIAN_POINT('',(0.113931380051,1.461568193044));
#3129 = CARTESIAN_POINT('',(0.142432311195,1.463836240774));
#3130 = CARTESIAN_POINT('',(0.170943826668,1.466105121204));
#3131 = CARTESIAN_POINT('',(0.199458280359,1.468374220585));
#3132 = CARTESIAN_POINT('',(0.227968783157,1.470643002255));
#3133 = CARTESIAN_POINT('',(0.256468459904,1.472910933395));
#3134 = CARTESIAN_POINT('',(0.284949324244,1.475177388722));
#3135 = CARTESIAN_POINT('',(0.313409211332,1.477442178936));
#3136 = CARTESIAN_POINT('',(0.341853326172,1.479705697942));
#3137 = CARTESIAN_POINT('',(0.370285155069,1.481968220509));
#3138 = CARTESIAN_POINT('',(0.398708665981,1.484230068475));
#3139 = CARTESIAN_POINT('',(0.427126861416,1.486491494537));
#3140 = CARTESIAN_POINT('',(0.455547208067,1.488753104973));
#3141 = CARTESIAN_POINT('',(0.483979512227,1.491015682093));#3142 = CARTESIAN_POINT('',(0.512433216766,1.493279970578));
#3143 = CARTESIAN_POINT('',(0.540917769474,1.49554670841));
#3144 = CARTESIAN_POINT('',(0.569443602176,1.497816698003));
#3145 = CARTESIAN_POINT('',(0.598010522764,1.50008995376));
#3146 = CARTESIAN_POINT('',(0.626617106909,1.502366388883));
#3147 = CARTESIAN_POINT('',(0.655262448696,1.504645936891));
#3148 = CARTESIAN_POINT('',(0.68394618267,1.506928549423));
#3149 = CARTESIAN_POINT('',(0.712667163409,1.509214084533));
#3150 = CARTESIAN_POINT('',(0.741408651069,1.511501224538));
#3151 = CARTESIAN_POINT('',(0.770154504241,1.513788718698));
#3152 = CARTESIAN_POINT('',(0.798888578422,1.51607531438));
#3153 = CARTESIAN_POINT('',(0.827594080611,1.518359699581));
#3154 = CARTESIAN_POINT('',(0.856258327772,1.52064082364));
#3155 = CARTESIAN_POINT('',(0.884877361762,1.52291829174));
#3156 = CARTESIAN_POINT('',(0.913444703928,1.525191574943));
#3157 = CARTESIAN_POINT('',(0.941955248431,1.527460287357));
#3158 = CARTESIAN_POINT('',(0.970397928386,1.529723605035));
#3159 = CARTESIAN_POINT('',(0.998787878245,1.531982781616));
#3160 = CARTESIAN_POINT('',(1.027164532057,1.534240947206));
#3161 = CARTESIAN_POINT('',(1.055562931948,1.536500859661));
#3162 = CARTESIAN_POINT('',(1.084017881032,1.538765250173));
#3163 = CARTESIAN_POINT('',(1.112570197644,1.541037328842));
#3164 = CARTESIAN_POINT('',(1.141215366185,1.543316780197));
#3165 = CARTESIAN_POINT('',(1.169934295701,1.545602139095));
#3166 = CARTESIAN_POINT('',(1.198711932993,1.547892228093));
#3167 = CARTESIAN_POINT('',(1.22753280487,1.550185796658));
#3168 = CARTESIAN_POINT('',(1.256382400064,1.552481598923));
#3169 = CARTESIAN_POINT('',(1.285251185024,1.554778882749));
#3170 = CARTESIAN_POINT('',(1.314129564654,1.557076918737));
#3171 = CARTESIAN_POINT('',(1.34300778697,1.559374962976));
#3172 = CARTESIAN_POINT('',(1.371876578532,1.561672306905));
#3173 = CARTESIAN_POINT('',(1.40072562063,1.56396811123));
#3174 = CARTESIAN_POINT('',(1.429536863711,1.566260859305));
#3175 = CARTESIAN_POINT('',(1.458291841326,1.568549077161));
#3176 = CARTESIAN_POINT('',(1.48697287754,1.570831386161));
#3177 = CARTESIAN_POINT('',(1.515556572168,1.573105983677));
#3178 = CARTESIAN_POINT('',(1.544043150277,1.575372909727));
#3179 = CARTESIAN_POINT('',(1.5724710082,1.577635168503));
#3180 = CARTESIAN_POINT('',(1.600871743556,1.579895237491));
#3181 = CARTESIAN_POINT('',(1.629277444135,1.582155647825));
#3182 = CARTESIAN_POINT('',(1.657723698223,1.584419242746));
#3183 = CARTESIAN_POINT('',(1.686221846928,1.586686982504));
#3184 = CARTESIAN_POINT('',(1.714768612455,1.588958647329));
#3185 = CARTESIAN_POINT('',(1.743364706662,1.591234300662));
#3186 = CARTESIAN_POINT('',(1.772009906482,1.59351389878));
#3187 = CARTESIAN_POINT('',(1.800706557613,1.595797543413));
#3188 = CARTESIAN_POINT('',(1.829441214508,1.598084157958));
#3189 = CARTESIAN_POINT('',(1.858197133225,1.600372447558));
#3190 = CARTESIAN_POINT('',(1.886958337728,1.602661175652));
#3191 = CARTESIAN_POINT('',(1.915708693367,1.604949084174));
#3192 = CARTESIAN_POINT('',(1.94443290227,1.607234942839));
#3193 = CARTESIAN_POINT('',(1.973124448725,1.609518170823));
#3194 = CARTESIAN_POINT('',(2.001775805812,1.611798157167));
#3195 = CARTESIAN_POINT('',(2.030379615916,1.614074331428));
#3196 = CARTESIAN_POINT('',(2.058926547002,1.616345991237));
#3197 = CARTESIAN_POINT('',(2.087413950783,1.618612953913));
#3198 = CARTESIAN_POINT('',(2.115859942399,1.620876629675));
#3199 = CARTESIAN_POINT('',(2.144279705462,1.623138210364));
#3200 = CARTESIAN_POINT('',(2.172688585127,1.625398907665));
#3201 = CARTESIAN_POINT('',(2.201103458605,1.62766007227));
#3202 = CARTESIAN_POINT('',(2.229532163204,1.629922341787));
#3203 = CARTESIAN_POINT('',(2.257972712363,1.6321855642));
#3204 = CARTESIAN_POINT('',(2.28642521118,1.634449751697));
#3205 = CARTESIAN_POINT('',(2.314889298883,1.636714871137));
#3206 = CARTESIAN_POINT('',(2.343365128927,1.638980906492));
#3207 = CARTESIAN_POINT('',(2.371852049775,1.641247804888));
#3208 = CARTESIAN_POINT('',(2.40034895428,1.643515499931));
#3209 = CARTESIAN_POINT('',(2.428854879584,1.645783930328));
#3210 = CARTESIAN_POINT('',(2.457368846728,1.648053026739));
#3211 = CARTESIAN_POINT('',(2.48589043326,1.650322746924));
#3212 = CARTESIAN_POINT('',(2.514413954907,1.652592601775));
#3213 = CARTESIAN_POINT('',(2.542932873079,1.654862061365));
#3214 = CARTESIAN_POINT('',(2.571440785135,1.657130622491));
#3215 = CARTESIAN_POINT('',(2.599930397251,1.659397715571));
#3216 = CARTESIAN_POINT('',(2.628397464795,1.661663014054));
#3217 = CARTESIAN_POINT('',(2.656860679309,1.663928031278));
#3218 = CARTESIAN_POINT('',(2.685337330827,1.666194145152));
#3219 = CARTESIAN_POINT('',(2.713844369698,1.668462692862));
#3220 = CARTESIAN_POINT('',(2.742402628698,1.670735309909));
#3221 = CARTESIAN_POINT('',(2.771016758776,1.673012342736));
#3222 = CARTESIAN_POINT('',(2.79965905851,1.675291598012));
#3223 = CARTESIAN_POINT('',(2.828306832518,1.677571298706));
#3224 = CARTESIAN_POINT('',(2.856937116297,1.679849642403));
#3225 = CARTESIAN_POINT('',(2.885523328533,1.682124511938));
#3226 = CARTESIAN_POINT('',(2.914061359585,1.684395538811));
#3227 = CARTESIAN_POINT('',(2.942563516294,1.686663677284));
#3228 = CARTESIAN_POINT('',(2.971038173811,1.688929591176));
#3229 = CARTESIAN_POINT('',(2.999494113255,1.691193994647));
#3230 = CARTESIAN_POINT('',(3.027940872145,1.693457690927));
#3231 = CARTESIAN_POINT('',(3.056377689571,1.695720616082));
#3232 = CARTESIAN_POINT('',(3.084801111014,1.697982485314));
#3233 = CARTESIAN_POINT('',(3.113208291795,1.700243070382));
#3234 = CARTESIAN_POINT('',(3.132133647978,1.701749108673));
#3235 = CARTESIAN_POINT('',(3.14159265359,1.70250183336));
#3236 = ( GEOMETRIC_REPRESENTATION_CONTEXT(2) 
PARAMETRIC_REPRESENTATION_CONTEXT() REPRESENTATION_CONTEXT('2D SPACE',''
  ) );
#3237 = ORIENTED_EDGE('',*,*,#3238,.T.);
#3238 = EDGE_CURVE('',#2973,#3239,#3241,.T.);
#3239 = VERTEX_POINT('',#3240);
#3240 = CARTESIAN_POINT('',(-4.,1.56249816664,0.));
#3241 = SURFACE_CURVE('',#3242,(#3269,#3386),.PCURVE_S1.);
#3242 = B_SPLINE_CURVE_WITH_KNOTS('',3,(#3243,#3244,#3245,#3246,#3247,
    #3248,#3249,#3250,#3251,#3252,#3253,#3254,#3255,#3256,#3257,#3258,
    #3259,#3260,#3261,#3262,#3263,#3264,#3265,#3266,#3267,#3268),
  .UNSPECIFIED.,.F.,.F.,(4,1,1,1,1,1,1,1,1,1,1,1,1,1,1,1,1,1,1,1,1,1,1,4
    ),(0.,4.347826086957E-02,8.695652173913E-02,0.130434782609,
    0.173913043478,0.217391304348,0.260869565217,0.304347826087,
    0.347826086957,0.391304347826,0.434782608696,0.478260869565,
    0.521739130435,0.565217391304,0.608695652174,0.652173913044,
    0.695652173913,0.739130434783,0.782608695652,0.826086956522,
    0.869565217391,0.913043478261,0.95652173913,1.),.UNSPECIFIED.);
#3243 = CARTESIAN_POINT('',(4.,1.81249816664,0.));
#3244 = CARTESIAN_POINT('',(4.,1.808891518865,0.181289890457));
#3245 = CARTESIAN_POINT('',(3.975367382263,1.801652242379,0.545191749424
    ));
#3246 = CARTESIAN_POINT('',(3.862835757492,1.790674700416,1.086737396715
    ));
#3247 = CARTESIAN_POINT('',(3.676475843472,1.779700584496,1.607303627269
    ));
#3248 = CARTESIAN_POINT('',(3.42516702814,1.768904966679,2.089676228076)
  );
#3249 = CARTESIAN_POINT('',(3.108828869863,1.758030662526,2.536987796372
    ));
#3250 = CARTESIAN_POINT('',(2.730518824357,1.747053476149,2.940470934893
    ));
#3251 = CARTESIAN_POINT('',(2.301160551595,1.736102249633,3.287022300257
    ));
#3252 = CARTESIAN_POINT('',(1.83534135939,1.725306568817,3.567819589846)
  );
#3253 = CARTESIAN_POINT('',(1.336787020702,1.714527641287,3.783083687011
    ));
#3254 = CARTESIAN_POINT('',(0.810008844477,1.703673752219,3.929913517453
    ));
#3255 = CARTESIAN_POINT('',(0.266528192238,1.692788057717,4.003473232066
    ));
#3256 = CARTESIAN_POINT('',(-0.276285515042,1.682014363175,
    4.002811780211));
#3257 = CARTESIAN_POINT('',(-0.818761850495,1.671144783632,
    3.927984292305));
#3258 = CARTESIAN_POINT('',(-1.342519465495,1.660347759429,
    3.780999790673));
#3259 = CARTESIAN_POINT('',(-1.841546411979,1.649551671474,
    3.564667461798));
#3260 = CARTESIAN_POINT('',(-2.306545653316,1.638763013811,
    3.283187828856));
#3261 = CARTESIAN_POINT('',(-2.734495844991,1.627834235652,
    2.936699197147));
#3262 = CARTESIAN_POINT('',(-3.110831783534,1.616898337366,
    2.534245298829));
#3263 = CARTESIAN_POINT('',(-3.424706157609,1.606106516992,
    2.090287086954));
#3264 = CARTESIAN_POINT('',(-3.676603693511,1.59529150968,1.607131970552
    ));
#3265 = CARTESIAN_POINT('',(-3.862809218071,1.584322246405,
    1.086758234403));
#3266 = CARTESIAN_POINT('',(-3.975378313895,1.573343479179,
    0.545164087752));
#3267 = CARTESIAN_POINT('',(-4.,1.566104690639,0.181283668813));
#3268 = CARTESIAN_POINT('',(-4.,1.56249816664,0.));
#3269 = PCURVE('',#427,#3270);
#3270 = DEFINITIONAL_REPRESENTATION('',(#3271),#3385);
#3271 = B_SPLINE_CURVE_WITH_KNOTS('',3,(#3272,#3273,#3274,#3275,#3276,
    #3277,#3278,#3279,#3280,#3281,#3282,#3283,#3284,#3285,#3286,#3287,
    #3288,#3289,#3290,#3291,#3292,#3293,#3294,#3295,#3296,#3297,#3298,
    #3299,#3300,#3301,#3302,#3303,#3304,#3305,#3306,#3307,#3308,#3309,
    #3310,#3311,#3312,#3313,#3314,#3315,#3316,#3317,#3318,#3319,#3320,
    #3321,#3322,#3323,#3324,#3325,#3326,#3327,#3328,#3329,#3330,#3331,
    #3332,#3333,#3334,#3335,#3336,#3337,#3338,#3339,#3340,#3341,#3342,
    #3343,#3344,#3345,#3346,#3347,#3348,#3349,#3350,#3351,#3352,#3353,
    #3354,#3355,#3356,#3357,#3358,#3359,#3360,#3361,#3362,#3363,#3364,
    #3365,#3366,#3367,#3368,#3369,#3370,#3371,#3372,#3373,#3374,#3375,
    #3376,#3377,#3378,#3379,#3380,#3381,#3382,#3383,#3384),
  .UNSPECIFIED.,.F.,.F.,(4,1,1,1,1,1,1,1,1,1,1,1,1,1,1,1,1,1,1,1,1,1,1,1
    ,1,1,1,1,1,1,1,1,1,1,1,1,1,1,1,1,1,1,1,1,1,1,1,1,1,1,1,1,1,1,1,1,1,1
    ,1,1,1,1,1,1,1,1,1,1,1,1,1,1,1,1,1,1,1,1,1,1,1,1,1,1,1,1,1,1,1,1,1,1
    ,1,1,1,1,1,1,1,1,1,1,1,1,1,1,1,1,1,1,4),(0.,9.090909090909E-03,
    1.818181818182E-02,2.727272727273E-02,3.636363636364E-02,
    4.545454545455E-02,5.454545454545E-02,6.363636363636E-02,
    7.272727272727E-02,8.181818181818E-02,9.090909090909E-02,1.E-01,
    0.109090909091,0.118181818182,0.127272727273,0.136363636364,
    0.145454545455,0.154545454545,0.163636363636,0.172727272727,
    0.181818181818,0.190909090909,0.2,0.209090909091,0.218181818182,
    0.227272727273,0.236363636364,0.245454545455,0.254545454545,
    0.263636363636,0.272727272727,0.281818181818,0.290909090909,0.3,
    0.309090909091,0.318181818182,0.327272727273,0.336363636364,
    0.345454545455,0.354545454545,0.363636363636,0.372727272727,
    0.381818181818,0.390909090909,0.4,0.409090909091,0.418181818182,
    0.427272727273,0.436363636364,0.445454545455,0.454545454545,
    0.463636363636,0.472727272727,0.481818181818,0.490909090909,0.5,
    0.509090909091,0.518181818182,0.527272727273,0.536363636364,
    0.545454545455,0.554545454545,0.563636363636,0.572727272727,
    0.581818181818,0.590909090909,0.6,0.609090909091,0.618181818182,
    0.627272727273,0.636363636364,0.645454545455,0.654545454545,
    0.663636363636,0.672727272727,0.681818181818,0.690909090909,0.7,
    0.709090909091,0.718181818182,0.727272727273,0.736363636364,
    0.745454545455,0.754545454545,0.763636363636,0.772727272727,
    0.781818181818,0.790909090909,0.8,0.809090909091,0.818181818182,
    0.827272727273,0.836363636364,0.845454545455,0.854545454545,
    0.863636363636,0.872727272727,0.881818181818,0.890909090909,0.9,
    0.909090909091,0.918181818182,0.927272727273,0.936363636364,
    0.945454545455,0.954545454545,0.963636363636,0.972727272727,
    0.981818181818,0.990909090909,1.),.QUASI_UNIFORM_KNOTS.);
#3272 = CARTESIAN_POINT('',(0.249750462238,0.799642225601));
#3273 = CARTESIAN_POINT('',(0.249756756665,0.79918987238));
#3274 = CARTESIAN_POINT('',(0.249778176084,0.79828447248));
#3275 = CARTESIAN_POINT('',(0.249828651953,0.79692407013));
#3276 = CARTESIAN_POINT('',(0.249891144742,0.795561140762));
#3277 = CARTESIAN_POINT('',(0.24995297168,0.794195468195));
#3278 = CARTESIAN_POINT('',(0.250001823373,0.792826777763));
#3279 = CARTESIAN_POINT('',(0.250005345661,0.791455015211));
#3280 = CARTESIAN_POINT('',(0.249955307095,0.790081004864));
#3281 = CARTESIAN_POINT('',(0.249875755767,0.788705434444));
#3282 = CARTESIAN_POINT('',(0.249794258144,0.787329001655));
#3283 = CARTESIAN_POINT('',(0.249763299311,0.785952328952));
#3284 = CARTESIAN_POINT('',(0.24979136697,0.784576146718));
#3285 = CARTESIAN_POINT('',(0.249829028496,0.783201393828));
#3286 = CARTESIAN_POINT('',(0.249856818362,0.781829028503));
#3287 = CARTESIAN_POINT('',(0.249866891719,0.780459952499));
#3288 = CARTESIAN_POINT('',(0.249869938011,0.779095409466));
#3289 = CARTESIAN_POINT('',(0.249886360441,0.777734746835));
#3290 = CARTESIAN_POINT('',(0.249914527272,0.77637636012));
#3291 = CARTESIAN_POINT('',(0.24992559633,0.775018895317));
#3292 = CARTESIAN_POINT('',(0.249922457965,0.773660978618));
#3293 = CARTESIAN_POINT('',(0.249883736702,0.772301150809));
#3294 = CARTESIAN_POINT('',(0.249825709135,0.77093918603));
#3295 = CARTESIAN_POINT('',(0.249771582243,0.769574989465));
#3296 = CARTESIAN_POINT('',(0.249739721424,0.768208402367));
#3297 = CARTESIAN_POINT('',(0.249747891011,0.766839232915));
#3298 = CARTESIAN_POINT('',(0.249805537485,0.765467332001));
#3299 = CARTESIAN_POINT('',(0.249875153247,0.764093449055));
#3300 = CARTESIAN_POINT('',(0.249935669403,0.762718293394));
#3301 = CARTESIAN_POINT('',(0.249974922397,0.761342594083));
#3302 = CARTESIAN_POINT('',(0.250000211246,0.759967077629));
#3303 = CARTESIAN_POINT('',(0.250001745352,0.758592461588));
#3304 = CARTESIAN_POINT('',(0.249963863823,0.757219460028));
#3305 = CARTESIAN_POINT('',(0.249893605795,0.755848812188));
#3306 = CARTESIAN_POINT('',(0.249806153571,0.754481205349));
#3307 = CARTESIAN_POINT('',(0.249732142731,0.753117523618));
#3308 = CARTESIAN_POINT('',(0.249699919791,0.751757678127));
#3309 = CARTESIAN_POINT('',(0.249715468918,0.750400709082));
#3310 = CARTESIAN_POINT('',(0.24977330456,0.749045859813));
#3311 = CARTESIAN_POINT('',(0.249856030818,0.747692350411));
#3312 = CARTESIAN_POINT('',(0.249928895128,0.746339413656));
#3313 = CARTESIAN_POINT('',(0.249979621058,0.744986503735));
#3314 = CARTESIAN_POINT('',(0.249997603792,0.743633146543));
#3315 = CARTESIAN_POINT('',(0.249965460415,0.742278863055));
#3316 = CARTESIAN_POINT('',(0.249911554627,0.740923172753));
#3317 = CARTESIAN_POINT('',(0.249852064528,0.739565542264));
#3318 = CARTESIAN_POINT('',(0.24979338313,0.738206211233));
#3319 = CARTESIAN_POINT('',(0.249746813768,0.736845431902));
#3320 = CARTESIAN_POINT('',(0.249726645999,0.735483437385));
#3321 = CARTESIAN_POINT('',(0.249754744736,0.734120419076));
#3322 = CARTESIAN_POINT('',(0.249842174874,0.732756639837));
#3323 = CARTESIAN_POINT('',(0.2499352012,0.731392887228));
#3324 = CARTESIAN_POINT('',(0.250001007251,0.730029943849));
#3325 = CARTESIAN_POINT('',(0.250018107709,0.728668576366));
#3326 = CARTESIAN_POINT('',(0.249976846002,0.727309771789));
#3327 = CARTESIAN_POINT('',(0.249889381964,0.725953647873));
#3328 = CARTESIAN_POINT('',(0.249808193722,0.724598885456));
#3329 = CARTESIAN_POINT('',(0.249760938048,0.72324438526));
#3330 = CARTESIAN_POINT('',(0.249758078494,0.72188904023));
#3331 = CARTESIAN_POINT('',(0.249791307865,0.720531477678));
#3332 = CARTESIAN_POINT('',(0.249830996189,0.71917183565));
#3333 = CARTESIAN_POINT('',(0.249857062553,0.717811197585));
#3334 = CARTESIAN_POINT('',(0.249866053011,0.716450441077));
#3335 = CARTESIAN_POINT('',(0.24986750208,0.715090463678));
#3336 = CARTESIAN_POINT('',(0.249892367817,0.713732264421));
#3337 = CARTESIAN_POINT('',(0.249930938104,0.71237562027));
#3338 = CARTESIAN_POINT('',(0.2499543982,0.711020104601));
#3339 = CARTESIAN_POINT('',(0.249939700698,0.709665380328));
#3340 = CARTESIAN_POINT('',(0.249908133857,0.708311089984));
#3341 = CARTESIAN_POINT('',(0.249869256761,0.706956884367));
#3342 = CARTESIAN_POINT('',(0.24982821844,0.705602794916));
#3343 = CARTESIAN_POINT('',(0.24979059802,0.704248841278));
#3344 = CARTESIAN_POINT('',(0.249762486649,0.702895026975));
#3345 = CARTESIAN_POINT('',(0.249749319252,0.70154140869));
#3346 = CARTESIAN_POINT('',(0.249760451257,0.700187808221));
#3347 = CARTESIAN_POINT('',(0.249805507676,0.698833334261));
#3348 = CARTESIAN_POINT('',(0.249878632921,0.697477178311));
#3349 = CARTESIAN_POINT('',(0.24996147552,0.696118559657));
#3350 = CARTESIAN_POINT('',(0.250020176591,0.694756515938));
#3351 = CARTESIAN_POINT('',(0.250012648865,0.693391010579));
#3352 = CARTESIAN_POINT('',(0.249952238177,0.69202299783));
#3353 = CARTESIAN_POINT('',(0.249862462349,0.690653194311));
#3354 = CARTESIAN_POINT('',(0.24977669509,0.689282344453));
#3355 = CARTESIAN_POINT('',(0.249753580208,0.687911120007));
#3356 = CARTESIAN_POINT('',(0.24977825236,0.686540262671));
#3357 = CARTESIAN_POINT('',(0.249814000704,0.685170580689));
#3358 = CARTESIAN_POINT('',(0.249846408808,0.683802903842));
#3359 = CARTESIAN_POINT('',(0.249871844915,0.682438052488));
#3360 = CARTESIAN_POINT('',(0.249904007462,0.681076962903));
#3361 = CARTESIAN_POINT('',(0.249942492149,0.679718802504));
#3362 = CARTESIAN_POINT('',(0.249963925319,0.678362618855));
#3363 = CARTESIAN_POINT('',(0.249948321729,0.67700753103));
#3364 = CARTESIAN_POINT('',(0.249904449347,0.675652644017));
#3365 = CARTESIAN_POINT('',(0.249826574289,0.674297095768));
#3366 = CARTESIAN_POINT('',(0.249755622652,0.672940205694));
#3367 = CARTESIAN_POINT('',(0.249715935641,0.671581232563));
#3368 = CARTESIAN_POINT('',(0.24972056946,0.670219456451));
#3369 = CARTESIAN_POINT('',(0.249772538608,0.668853985873));
#3370 = CARTESIAN_POINT('',(0.249851146524,0.667484548792));
#3371 = CARTESIAN_POINT('',(0.249922347609,0.666112124585));
#3372 = CARTESIAN_POINT('',(0.24997052225,0.664737481065));
#3373 = CARTESIAN_POINT('',(0.249990150622,0.663361438372));
#3374 = CARTESIAN_POINT('',(0.249996331964,0.661984798544));
#3375 = CARTESIAN_POINT('',(0.249976864432,0.660608313994));
#3376 = CARTESIAN_POINT('',(0.249925506963,0.659232709632));
#3377 = CARTESIAN_POINT('',(0.249851745274,0.657858727551));
#3378 = CARTESIAN_POINT('',(0.249774746788,0.656487072873));
#3379 = CARTESIAN_POINT('',(0.249731337361,0.655118555276));
#3380 = CARTESIAN_POINT('',(0.249728906105,0.653753062511));
#3381 = CARTESIAN_POINT('',(0.249760172189,0.652390271673));
#3382 = CARTESIAN_POINT('',(0.249816431259,0.651029935674));
#3383 = CARTESIAN_POINT('',(0.249860756028,0.650124526251));
#3384 = CARTESIAN_POINT('',(0.249882450872,0.64967215235));
#3385 = ( GEOMETRIC_REPRESENTATION_CONTEXT(2) 
PARAMETRIC_REPRESENTATION_CONTEXT() REPRESENTATION_CONTEXT('2D SPACE',''
  ) );
#3386 = PCURVE('',#1299,#3387);
#3387 = DEFINITIONAL_REPRESENTATION('',(#3388),#3502);
#3388 = B_SPLINE_CURVE_WITH_KNOTS('',3,(#3389,#3390,#3391,#3392,#3393,
    #3394,#3395,#3396,#3397,#3398,#3399,#3400,#3401,#3402,#3403,#3404,
    #3405,#3406,#3407,#3408,#3409,#3410,#3411,#3412,#3413,#3414,#3415,
    #3416,#3417,#3418,#3419,#3420,#3421,#3422,#3423,#3424,#3425,#3426,
    #3427,#3428,#3429,#3430,#3431,#3432,#3433,#3434,#3435,#3436,#3437,
    #3438,#3439,#3440,#3441,#3442,#3443,#3444,#3445,#3446,#3447,#3448,
    #3449,#3450,#3451,#3452,#3453,#3454,#3455,#3456,#3457,#3458,#3459,
    #3460,#3461,#3462,#3463,#3464,#3465,#3466,#3467,#3468,#3469,#3470,
    #3471,#3472,#3473,#3474,#3475,#3476,#3477,#3478,#3479,#3480,#3481,
    #3482,#3483,#3484,#3485,#3486,#3487,#3488,#3489,#3490,#3491,#3492,
    #3493,#3494,#3495,#3496,#3497,#3498,#3499,#3500,#3501),
  .UNSPECIFIED.,.F.,.F.,(4,1,1,1,1,1,1,1,1,1,1,1,1,1,1,1,1,1,1,1,1,1,1,1
    ,1,1,1,1,1,1,1,1,1,1,1,1,1,1,1,1,1,1,1,1,1,1,1,1,1,1,1,1,1,1,1,1,1,1
    ,1,1,1,1,1,1,1,1,1,1,1,1,1,1,1,1,1,1,1,1,1,1,1,1,1,1,1,1,1,1,1,1,1,1
    ,1,1,1,1,1,1,1,1,1,1,1,1,1,1,1,1,1,1,4),(0.,9.090909090909E-03,
    1.818181818182E-02,2.727272727273E-02,3.636363636364E-02,
    4.545454545455E-02,5.454545454545E-02,6.363636363636E-02,
    7.272727272727E-02,8.181818181818E-02,9.090909090909E-02,1.E-01,
    0.109090909091,0.118181818182,0.127272727273,0.136363636364,
    0.145454545455,0.154545454545,0.163636363636,0.172727272727,
    0.181818181818,0.190909090909,0.2,0.209090909091,0.218181818182,
    0.227272727273,0.236363636364,0.245454545455,0.254545454545,
    0.263636363636,0.272727272727,0.281818181818,0.290909090909,0.3,
    0.309090909091,0.318181818182,0.327272727273,0.336363636364,
    0.345454545455,0.354545454545,0.363636363636,0.372727272727,
    0.381818181818,0.390909090909,0.4,0.409090909091,0.418181818182,
    0.427272727273,0.436363636364,0.445454545455,0.454545454545,
    0.463636363636,0.472727272727,0.481818181818,0.490909090909,0.5,
    0.509090909091,0.518181818182,0.527272727273,0.536363636364,
    0.545454545455,0.554545454545,0.563636363636,0.572727272727,
    0.581818181818,0.590909090909,0.6,0.609090909091,0.618181818182,
    0.627272727273,0.636363636364,0.645454545455,0.654545454545,
    0.663636363636,0.672727272727,0.681818181818,0.690909090909,0.7,
    0.709090909091,0.718181818182,0.727272727273,0.736363636364,
    0.745454545455,0.754545454545,0.763636363636,0.772727272727,
    0.781818181818,0.790909090909,0.8,0.809090909091,0.818181818182,
    0.827272727273,0.836363636364,0.845454545455,0.854545454545,
    0.863636363636,0.872727272727,0.881818181818,0.890909090909,0.9,
    0.909090909091,0.918181818182,0.927272727273,0.936363636364,
    0.945454545455,0.954545454545,0.963636363636,0.972727272727,
    0.981818181818,0.990909090909,1.),.QUASI_UNIFORM_KNOTS.);
#3389 = CARTESIAN_POINT('',(3.14159265359,1.70250183336));
#3390 = CARTESIAN_POINT('',(3.151069193613,1.703255950622));
#3391 = CARTESIAN_POINT('',(3.1700366398,1.704765321192));
#3392 = CARTESIAN_POINT('',(3.198535330025,1.707033155423));
#3393 = CARTESIAN_POINT('',(3.227085935954,1.709305144946));
#3394 = CARTESIAN_POINT('',(3.255692949525,1.711581643296));
#3395 = CARTESIAN_POINT('',(3.284362347604,1.713863090854));
#3396 = CARTESIAN_POINT('',(3.313095936483,1.716149588718));
#3397 = CARTESIAN_POINT('',(3.341877292887,1.718439885389));
#3398 = CARTESIAN_POINT('',(3.370692374824,1.720732904518));
#3399 = CARTESIAN_POINT('',(3.39952660249,1.723027508681));
#3400 = CARTESIAN_POINT('',(3.428366682221,1.725322629607));
#3401 = CARTESIAN_POINT('',(3.457196940004,1.727616943661));
#3402 = CARTESIAN_POINT('',(3.485997312078,1.729908807329));
#3403 = CARTESIAN_POINT('',(3.514747281711,1.732196603553));
#3404 = CARTESIAN_POINT('',(3.543427575048,1.734478841819));
#3405 = CARTESIAN_POINT('',(3.572011887567,1.736753498982));
#3406 = CARTESIAN_POINT('',(3.600513858078,1.739021651941));
#3407 = CARTESIAN_POINT('',(3.628967369364,1.741285946045));
#3408 = CARTESIAN_POINT('',(3.657401508327,1.743548662646));
#3409 = CARTESIAN_POINT('',(3.685845810414,1.745812136906));
#3410 = CARTESIAN_POINT('',(3.714331197947,1.748078852741));
#3411 = CARTESIAN_POINT('',(3.742862420224,1.750349244862));
#3412 = CARTESIAN_POINT('',(3.771441233048,1.752623480057));
#3413 = CARTESIAN_POINT('',(3.800070576699,1.754901788273));
#3414 = CARTESIAN_POINT('',(3.828753998262,1.757184410014));
#3415 = CARTESIAN_POINT('',(3.857494150865,1.75947147948));
#3416 = CARTESIAN_POINT('',(3.886274991516,1.761761752655));
#3417 = CARTESIAN_POINT('',(3.915081449908,1.764054069564));
#3418 = CARTESIAN_POINT('',(3.943898273303,1.766347247462));
#3419 = CARTESIAN_POINT('',(3.972710540991,1.76864011064));
#3420 = CARTESIAN_POINT('',(4.001503999661,1.770931477818));
#3421 = CARTESIAN_POINT('',(4.030264453644,1.773220168654));
#3422 = CARTESIAN_POINT('',(4.05897669392,1.775504980625));
#3423 = CARTESIAN_POINT('',(4.08762629273,1.777784796708));
#3424 = CARTESIAN_POINT('',(4.116194445214,1.78005818006));
#3425 = CARTESIAN_POINT('',(4.144682589419,1.78232523605));
#3426 = CARTESIAN_POINT('',(4.173110374242,1.784587472467));
#3427 = CARTESIAN_POINT('',(4.201493219677,1.786846096826));
#3428 = CARTESIAN_POINT('',(4.229847131868,1.789102383692));
#3429 = CARTESIAN_POINT('',(4.25818802698,1.791357639703));
#3430 = CARTESIAN_POINT('',(4.286527387853,1.793612802385));
#3431 = CARTESIAN_POINT('',(4.314875480094,1.795868685044));
#3432 = CARTESIAN_POINT('',(4.343243113408,1.798126134897));
#3433 = CARTESIAN_POINT('',(4.371641004943,1.800385980096));
#3434 = CARTESIAN_POINT('',(4.400080576051,1.802649091144));
#3435 = CARTESIAN_POINT('',(4.428556790356,1.804915109238));
#3436 = CARTESIAN_POINT('',(4.457064115314,1.807183632572));
#3437 = CARTESIAN_POINT('',(4.485597268896,1.809454260271));
#3438 = CARTESIAN_POINT('',(4.514151762286,1.811726630635));
#3439 = CARTESIAN_POINT('',(4.542721629487,1.814000219501));
#3440 = CARTESIAN_POINT('',(4.571290077365,1.816273644315));
#3441 = CARTESIAN_POINT('',(4.599840554059,1.818545590766));
#3442 = CARTESIAN_POINT('',(4.628357073827,1.820814811292));
#3443 = CARTESIAN_POINT('',(4.656819323897,1.823079723087));
#3444 = CARTESIAN_POINT('',(4.68522560656,1.825340210195));
#3445 = CARTESIAN_POINT('',(4.713604149264,1.827598512306));
#3446 = CARTESIAN_POINT('',(4.741978189215,1.829856463534));
#3447 = CARTESIAN_POINT('',(4.770370878563,1.832115889702));
#3448 = CARTESIAN_POINT('',(4.798810743384,1.834379055372));
#3449 = CARTESIAN_POINT('',(4.82729454742,1.836645702599));
#3450 = CARTESIAN_POINT('',(4.855799166582,1.838914006511));
#3451 = CARTESIAN_POINT('',(4.884305777746,1.841182492128));
#3452 = CARTESIAN_POINT('',(4.912795213472,1.843449645713));
#3453 = CARTESIAN_POINT('',(4.941246322184,1.845713758665));
#3454 = CARTESIAN_POINT('',(4.96966384718,1.847975177689));
#3455 = CARTESIAN_POINT('',(4.998057117314,1.850234637288));
#3456 = CARTESIAN_POINT('',(5.026434007117,1.852492769332));
#3457 = CARTESIAN_POINT('',(5.054802625776,1.854750239964));
#3458 = CARTESIAN_POINT('',(5.083170514158,1.857007680812));
#3459 = CARTESIAN_POINT('',(5.111536974113,1.859265016223));
#3460 = CARTESIAN_POINT('',(5.139901338537,1.86152218591));
#3461 = CARTESIAN_POINT('',(5.168263141537,1.863779150489));
#3462 = CARTESIAN_POINT('',(5.196620742266,1.866035771598));
#3463 = CARTESIAN_POINT('',(5.224977429033,1.86829231089));
#3464 = CARTESIAN_POINT('',(5.25335151574,1.870550251626));
#3465 = CARTESIAN_POINT('',(5.281759758958,1.872810923284));
#3466 = CARTESIAN_POINT('',(5.310218586237,1.875075617481));
#3467 = CARTESIAN_POINT('',(5.338748549029,1.87734593106));
#3468 = CARTESIAN_POINT('',(5.367351262696,1.87962199727));
#3469 = CARTESIAN_POINT('',(5.396007384638,1.881902336131));
#3470 = CARTESIAN_POINT('',(5.424702117134,1.884185803811));
#3471 = CARTESIAN_POINT('',(5.453419783802,1.886471160878));
#3472 = CARTESIAN_POINT('',(5.482145974701,1.888757214162));
#3473 = CARTESIAN_POINT('',(5.510864766366,1.891042625039));
#3474 = CARTESIAN_POINT('',(5.539558806914,1.893326003417));
#3475 = CARTESIAN_POINT('',(5.568210286893,1.895605960148));
#3476 = CARTESIAN_POINT('',(5.596801684174,1.897881149085));
#3477 = CARTESIAN_POINT('',(5.625313208644,1.900150051133));
#3478 = CARTESIAN_POINT('',(5.653762395647,1.902414011829));
#3479 = CARTESIAN_POINT('',(5.682169630435,1.904674609388));
#3480 = CARTESIAN_POINT('',(5.710554206081,1.906933357551));
#3481 = CARTESIAN_POINT('',(5.73893545283,1.909191797201));
#3482 = CARTESIAN_POINT('',(5.767331640189,1.911451424385));
#3483 = CARTESIAN_POINT('',(5.795756913043,1.913713412321));
#3484 = CARTESIAN_POINT('',(5.824226502049,1.915978978449));
#3485 = CARTESIAN_POINT('',(5.852755075903,1.918249268599));
#3486 = CARTESIAN_POINT('',(5.881360851433,1.920525670819));
#3487 = CARTESIAN_POINT('',(5.910049113076,1.922808569788));
#3488 = CARTESIAN_POINT('',(5.938799040518,1.925096372315));
#3489 = CARTESIAN_POINT('',(5.967594404072,1.927387826591));
#3490 = CARTESIAN_POINT('',(5.996418131132,1.929681593762));
#3491 = CARTESIAN_POINT('',(6.025253851748,1.931976341773));
#3492 = CARTESIAN_POINT('',(6.054086687715,1.934270822613));
#3493 = CARTESIAN_POINT('',(6.082902035168,1.936563862496));
#3494 = CARTESIAN_POINT('',(6.111684512134,1.938854258545));
#3495 = CARTESIAN_POINT('',(6.140419220008,1.941140861028));
#3496 = CARTESIAN_POINT('',(6.169088842763,1.943422336732));
#3497 = CARTESIAN_POINT('',(6.197695296664,1.94569879323));
#3498 = CARTESIAN_POINT('',(6.226244897183,1.947970699943));
#3499 = CARTESIAN_POINT('',(6.254742396321,1.950238433666));
#3500 = CARTESIAN_POINT('',(6.273709090578,1.951747741978));
#3501 = CARTESIAN_POINT('',(6.28318530718,1.95250183336));
#3502 = ( GEOMETRIC_REPRESENTATION_CONTEXT(2) 
PARAMETRIC_REPRESENTATION_CONTEXT() REPRESENTATION_CONTEXT('2D SPACE',''
  ) );
#3503 = ORIENTED_EDGE('',*,*,#3504,.T.);
#3504 = EDGE_CURVE('',#3239,#191,#3505,.T.);
#3505 = SURFACE_CURVE('',#3506,(#3533,#3650),.PCURVE_S1.);
#3506 = B_SPLINE_CURVE_WITH_KNOTS('',3,(#3507,#3508,#3509,#3510,#3511,
    #3512,#3513,#3514,#3515,#3516,#3517,#3518,#3519,#3520,#3521,#3522,
    #3523,#3524,#3525,#3526,#3527,#3528,#3529,#3530,#3531,#3532),
  .UNSPECIFIED.,.F.,.F.,(4,1,1,1,1,1,1,1,1,1,1,1,1,1,1,1,1,1,1,1,1,1,1,4
    ),(0.,4.347826086957E-02,8.695652173913E-02,0.130434782609,
    0.173913043478,0.217391304348,0.260869565217,0.304347826087,
    0.347826086957,0.391304347826,0.434782608696,0.478260869565,
    0.521739130435,0.565217391304,0.608695652174,0.652173913044,
    0.695652173913,0.739130434783,0.782608695652,0.826086956522,
    0.869565217391,0.913043478261,0.95652173913,1.),.UNSPECIFIED.);
#3507 = CARTESIAN_POINT('',(-4.,1.56249816664,0.));
#3508 = CARTESIAN_POINT('',(-4.,1.558908197094,-0.180451551211));
#3509 = CARTESIAN_POINT('',(-3.975550726276,1.551703236243,
    -0.542620703118));
#3510 = CARTESIAN_POINT('',(-3.864482828203,1.540806577234,
    -1.080291994944));
#3511 = CARTESIAN_POINT('',(-3.679764191059,1.529863157844,
    -1.599789946989));
#3512 = CARTESIAN_POINT('',(-3.428871054507,1.519044633072,
    -2.083695058505));
#3513 = CARTESIAN_POINT('',(-3.114056986799,1.50820181548,
    -2.530115622424));
#3514 = CARTESIAN_POINT('',(-2.743150060869,1.497402685446,
    -2.928203036411));
#3515 = CARTESIAN_POINT('',(-2.318938982976,1.486534569417,
    -3.274389745976));
#3516 = CARTESIAN_POINT('',(-1.854817718989,1.475740026635,
    -3.557899291344));
#3517 = CARTESIAN_POINT('',(-1.352032205073,1.464846613365,
    -3.777963167564));
#3518 = CARTESIAN_POINT('',(-0.822683102067,1.453930791493,
    -3.927207862743));
#3519 = CARTESIAN_POINT('',(-0.283435016687,1.443124396733,
    -4.002193380207));
#3520 = CARTESIAN_POINT('',(0.260306202629,1.432331947826,
    -4.004009995646));
#3521 = CARTESIAN_POINT('',(0.807485499849,1.421374530481,
    -3.930668767681));
#3522 = CARTESIAN_POINT('',(1.341229315162,1.410378378751,
    -3.781969191178));
#3523 = CARTESIAN_POINT('',(1.846768705476,1.399436181501,
    -3.562084189155));
#3524 = CARTESIAN_POINT('',(2.310458097004,1.388667731717,
    -3.280389215424));
#3525 = CARTESIAN_POINT('',(2.738980718926,1.377713940511,
    -2.932627228843));
#3526 = CARTESIAN_POINT('',(3.116254482104,1.366732830999,
    -2.527894745418));
#3527 = CARTESIAN_POINT('',(3.432009646597,1.355833253734,
    -2.078597592625));
#3528 = CARTESIAN_POINT('',(3.681427974341,1.345039157181,
    -1.595350337487));
#3529 = CARTESIAN_POINT('',(3.8636962581,1.334234081433,-1.082388493865)
  );
#3530 = CARTESIAN_POINT('',(3.97534623208,1.323334373763,-0.544703832101
    ));
#3531 = CARTESIAN_POINT('',(4.,1.316109156708,-0.181508157947));
#3532 = CARTESIAN_POINT('',(4.,1.31249816664,0.));
#3533 = PCURVE('',#427,#3534);
#3534 = DEFINITIONAL_REPRESENTATION('',(#3535),#3649);
#3535 = B_SPLINE_CURVE_WITH_KNOTS('',3,(#3536,#3537,#3538,#3539,#3540,
    #3541,#3542,#3543,#3544,#3545,#3546,#3547,#3548,#3549,#3550,#3551,
    #3552,#3553,#3554,#3555,#3556,#3557,#3558,#3559,#3560,#3561,#3562,
    #3563,#3564,#3565,#3566,#3567,#3568,#3569,#3570,#3571,#3572,#3573,
    #3574,#3575,#3576,#3577,#3578,#3579,#3580,#3581,#3582,#3583,#3584,
    #3585,#3586,#3587,#3588,#3589,#3590,#3591,#3592,#3593,#3594,#3595,
    #3596,#3597,#3598,#3599,#3600,#3601,#3602,#3603,#3604,#3605,#3606,
    #3607,#3608,#3609,#3610,#3611,#3612,#3613,#3614,#3615,#3616,#3617,
    #3618,#3619,#3620,#3621,#3622,#3623,#3624,#3625,#3626,#3627,#3628,
    #3629,#3630,#3631,#3632,#3633,#3634,#3635,#3636,#3637,#3638,#3639,
    #3640,#3641,#3642,#3643,#3644,#3645,#3646,#3647,#3648),
  .UNSPECIFIED.,.F.,.F.,(4,1,1,1,1,1,1,1,1,1,1,1,1,1,1,1,1,1,1,1,1,1,1,1
    ,1,1,1,1,1,1,1,1,1,1,1,1,1,1,1,1,1,1,1,1,1,1,1,1,1,1,1,1,1,1,1,1,1,1
    ,1,1,1,1,1,1,1,1,1,1,1,1,1,1,1,1,1,1,1,1,1,1,1,1,1,1,1,1,1,1,1,1,1,1
    ,1,1,1,1,1,1,1,1,1,1,1,1,1,1,1,1,1,1,4),(0.,9.090909090909E-03,
    1.818181818182E-02,2.727272727273E-02,3.636363636364E-02,
    4.545454545455E-02,5.454545454545E-02,6.363636363636E-02,
    7.272727272727E-02,8.181818181818E-02,9.090909090909E-02,1.E-01,
    0.109090909091,0.118181818182,0.127272727273,0.136363636364,
    0.145454545455,0.154545454545,0.163636363636,0.172727272727,
    0.181818181818,0.190909090909,0.2,0.209090909091,0.218181818182,
    0.227272727273,0.236363636364,0.245454545455,0.254545454545,
    0.263636363636,0.272727272727,0.281818181818,0.290909090909,0.3,
    0.309090909091,0.318181818182,0.327272727273,0.336363636364,
    0.345454545455,0.354545454545,0.363636363636,0.372727272727,
    0.381818181818,0.390909090909,0.4,0.409090909091,0.418181818182,
    0.427272727273,0.436363636364,0.445454545455,0.454545454545,
    0.463636363636,0.472727272727,0.481818181818,0.490909090909,0.5,
    0.509090909091,0.518181818182,0.527272727273,0.536363636364,
    0.545454545455,0.554545454545,0.563636363636,0.572727272727,
    0.581818181818,0.590909090909,0.6,0.609090909091,0.618181818182,
    0.627272727273,0.636363636364,0.645454545455,0.654545454545,
    0.663636363636,0.672727272727,0.681818181818,0.690909090909,0.7,
    0.709090909091,0.718181818182,0.727272727273,0.736363636364,
    0.745454545455,0.754545454545,0.763636363636,0.772727272727,
    0.781818181818,0.790909090909,0.8,0.809090909091,0.818181818182,
    0.827272727273,0.836363636364,0.845454545455,0.854545454545,
    0.863636363636,0.872727272727,0.881818181818,0.890909090909,0.9,
    0.909090909091,0.918181818182,0.927272727273,0.936363636364,
    0.945454545455,0.954545454545,0.963636363636,0.972727272727,
    0.981818181818,0.990909090909,1.),.QUASI_UNIFORM_KNOTS.);
#3536 = CARTESIAN_POINT('',(0.249882450872,0.64967215235));
#3537 = CARTESIAN_POINT('',(0.249903742876,0.649221857597));
#3538 = CARTESIAN_POINT('',(0.249948169213,0.648320588005));
#3539 = CARTESIAN_POINT('',(0.249997715388,0.646966597956));
#3540 = CARTESIAN_POINT('',(0.249999235446,0.645610472367));
#3541 = CARTESIAN_POINT('',(0.249950890224,0.644252177059));
#3542 = CARTESIAN_POINT('',(0.249885670371,0.642891625593));
#3543 = CARTESIAN_POINT('',(0.249823139764,0.641528784819));
#3544 = CARTESIAN_POINT('',(0.249767961363,0.640163944022));
#3545 = CARTESIAN_POINT('',(0.249731955853,0.63879732723));
#3546 = CARTESIAN_POINT('',(0.249727749654,0.637429172952));
#3547 = CARTESIAN_POINT('',(0.249781220108,0.636059612599));
#3548 = CARTESIAN_POINT('',(0.249879725266,0.634689124574));
#3549 = CARTESIAN_POINT('',(0.24996825281,0.633318697472));
#3550 = CARTESIAN_POINT('',(0.250018289602,0.631949273195));
#3551 = CARTESIAN_POINT('',(0.250014997936,0.630581775923));
#3552 = CARTESIAN_POINT('',(0.249957179145,0.629217380109));
#3553 = CARTESIAN_POINT('',(0.249875406711,0.627855866692));
#3554 = CARTESIAN_POINT('',(0.249805401014,0.626496292705));
#3555 = CARTESIAN_POINT('',(0.249765004717,0.625137868619));
#3556 = CARTESIAN_POINT('',(0.249759927272,0.623779781857));
#3557 = CARTESIAN_POINT('',(0.249781163639,0.622421140895));
#3558 = CARTESIAN_POINT('',(0.249811893672,0.621062171126));
#3559 = CARTESIAN_POINT('',(0.249841904532,0.619703254038));
#3560 = CARTESIAN_POINT('',(0.249866509087,0.618344732959));
#3561 = CARTESIAN_POINT('',(0.249887045343,0.616986985208));
#3562 = CARTESIAN_POINT('',(0.249910412611,0.615630307558));
#3563 = CARTESIAN_POINT('',(0.249931528621,0.614274055737));
#3564 = CARTESIAN_POINT('',(0.249927867873,0.612917648623));
#3565 = CARTESIAN_POINT('',(0.249906588478,0.611560528697));
#3566 = CARTESIAN_POINT('',(0.249892148315,0.6102020051));
#3567 = CARTESIAN_POINT('',(0.249882314407,0.608841841636));
#3568 = CARTESIAN_POINT('',(0.249858147979,0.60748095088));
#3569 = CARTESIAN_POINT('',(0.249818341092,0.606120081664));
#3570 = CARTESIAN_POINT('',(0.249772238539,0.604759968079));
#3571 = CARTESIAN_POINT('',(0.249745027234,0.603401544391));
#3572 = CARTESIAN_POINT('',(0.249760480953,0.602044656932));
#3573 = CARTESIAN_POINT('',(0.249818257558,0.600688174914));
#3574 = CARTESIAN_POINT('',(0.249903524389,0.599331176361));
#3575 = CARTESIAN_POINT('',(0.249988037808,0.597972743988));
#3576 = CARTESIAN_POINT('',(0.250017815589,0.596611828688));
#3577 = CARTESIAN_POINT('',(0.249983530554,0.595248600925));
#3578 = CARTESIAN_POINT('',(0.24990987173,0.593883598726));
#3579 = CARTESIAN_POINT('',(0.249822771701,0.59251723305));
#3580 = CARTESIAN_POINT('',(0.249756261564,0.591149913724));
#3581 = CARTESIAN_POINT('',(0.249752857115,0.589781994174));
#3582 = CARTESIAN_POINT('',(0.249781131566,0.588414148018));
#3583 = CARTESIAN_POINT('',(0.249818605743,0.587047091025));
#3584 = CARTESIAN_POINT('',(0.249855074715,0.585681534514));
#3585 = CARTESIAN_POINT('',(0.249893594504,0.584318260711));
#3586 = CARTESIAN_POINT('',(0.249944321807,0.582957825594));
#3587 = CARTESIAN_POINT('',(0.249985883312,0.581599578742));
#3588 = CARTESIAN_POINT('',(0.249983141285,0.580243039651));
#3589 = CARTESIAN_POINT('',(0.249940823346,0.578887701096));
#3590 = CARTESIAN_POINT('',(0.249864780125,0.57753310875));
#3591 = CARTESIAN_POINT('',(0.249772934692,0.576178599275));
#3592 = CARTESIAN_POINT('',(0.24970887398,0.574823153031));
#3593 = CARTESIAN_POINT('',(0.249692410485,0.573465767369));
#3594 = CARTESIAN_POINT('',(0.249728893614,0.57210546826));
#3595 = CARTESIAN_POINT('',(0.249807219669,0.570741037677));
#3596 = CARTESIAN_POINT('',(0.249894660388,0.569372531172));
#3597 = CARTESIAN_POINT('',(0.24996385738,0.568000801153));
#3598 = CARTESIAN_POINT('',(0.250000332274,0.566626516131));
#3599 = CARTESIAN_POINT('',(0.250000123767,0.565250384956));
#3600 = CARTESIAN_POINT('',(0.249972460008,0.563873103879));
#3601 = CARTESIAN_POINT('',(0.249919895122,0.562495240614));
#3602 = CARTESIAN_POINT('',(0.24985146961,0.561117332676));
#3603 = CARTESIAN_POINT('',(0.249785683992,0.559739911345));
#3604 = CARTESIAN_POINT('',(0.249750487469,0.558363490005));
#3605 = CARTESIAN_POINT('',(0.249779222866,0.556988561408));
#3606 = CARTESIAN_POINT('',(0.249831229562,0.555615704543));
#3607 = CARTESIAN_POINT('',(0.249878360903,0.554245550371));
#3608 = CARTESIAN_POINT('',(0.249903108225,0.552878709978));
#3609 = CARTESIAN_POINT('',(0.249895569682,0.551516009736));
#3610 = CARTESIAN_POINT('',(0.249870819391,0.550157542806));
#3611 = CARTESIAN_POINT('',(0.249861343015,0.548801089417));
#3612 = CARTESIAN_POINT('',(0.249857821944,0.547444742663));
#3613 = CARTESIAN_POINT('',(0.249875792526,0.546086599199));
#3614 = CARTESIAN_POINT('',(0.249894657441,0.544724415001));
#3615 = CARTESIAN_POINT('',(0.249884001097,0.543357589133));
#3616 = CARTESIAN_POINT('',(0.249846045438,0.541987310681));
#3617 = CARTESIAN_POINT('',(0.249794855746,0.540614371937));
#3618 = CARTESIAN_POINT('',(0.249756071565,0.539239628245));
#3619 = CARTESIAN_POINT('',(0.249782393106,0.53786389482));
#3620 = CARTESIAN_POINT('',(0.249855170444,0.536487791826));
#3621 = CARTESIAN_POINT('',(0.249930803557,0.535111897348));
#3622 = CARTESIAN_POINT('',(0.249984892033,0.533736835195));
#3623 = CARTESIAN_POINT('',(0.249998879994,0.532363236689));
#3624 = CARTESIAN_POINT('',(0.249974332791,0.530991780989));
#3625 = CARTESIAN_POINT('',(0.249926386429,0.529622627475));
#3626 = CARTESIAN_POINT('',(0.249863719662,0.52825589923));
#3627 = CARTESIAN_POINT('',(0.24979912984,0.526891725893));
#3628 = CARTESIAN_POINT('',(0.249746696417,0.525530263378));
#3629 = CARTESIAN_POINT('',(0.249723356555,0.524171565593));
#3630 = CARTESIAN_POINT('',(0.24973809596,0.522814896279));
#3631 = CARTESIAN_POINT('',(0.249787966648,0.521459594261));
#3632 = CARTESIAN_POINT('',(0.249860283555,0.520104998579));
#3633 = CARTESIAN_POINT('',(0.249928299844,0.518750454004));
#3634 = CARTESIAN_POINT('',(0.249968867488,0.517395402248));
#3635 = CARTESIAN_POINT('',(0.249975308655,0.516039443128));
#3636 = CARTESIAN_POINT('',(0.249937912667,0.514682143993));
#3637 = CARTESIAN_POINT('',(0.249891007196,0.513323106555));
#3638 = CARTESIAN_POINT('',(0.249861697866,0.511961716326));
#3639 = CARTESIAN_POINT('',(0.249842630956,0.510598258012));
#3640 = CARTESIAN_POINT('',(0.249816224266,0.509233710264));
#3641 = CARTESIAN_POINT('',(0.249785061079,0.507868903788));
#3642 = CARTESIAN_POINT('',(0.24976244361,0.506504667805));
#3643 = CARTESIAN_POINT('',(0.249783154211,0.505141934462));
#3644 = CARTESIAN_POINT('',(0.249841943051,0.503780589401));
#3645 = CARTESIAN_POINT('',(0.249915515965,0.502420279731));
#3646 = CARTESIAN_POINT('',(0.249979570079,0.501060739926));
#3647 = CARTESIAN_POINT('',(0.249995216679,0.500154728176));
#3648 = CARTESIAN_POINT('',(0.2499914204,0.4997017672));
#3649 = ( GEOMETRIC_REPRESENTATION_CONTEXT(2) 
PARAMETRIC_REPRESENTATION_CONTEXT() REPRESENTATION_CONTEXT('2D SPACE',''
  ) );
#3650 = PCURVE('',#1245,#3651);
#3651 = DEFINITIONAL_REPRESENTATION('',(#3652),#3766);
#3652 = B_SPLINE_CURVE_WITH_KNOTS('',3,(#3653,#3654,#3655,#3656,#3657,
    #3658,#3659,#3660,#3661,#3662,#3663,#3664,#3665,#3666,#3667,#3668,
    #3669,#3670,#3671,#3672,#3673,#3674,#3675,#3676,#3677,#3678,#3679,
    #3680,#3681,#3682,#3683,#3684,#3685,#3686,#3687,#3688,#3689,#3690,
    #3691,#3692,#3693,#3694,#3695,#3696,#3697,#3698,#3699,#3700,#3701,
    #3702,#3703,#3704,#3705,#3706,#3707,#3708,#3709,#3710,#3711,#3712,
    #3713,#3714,#3715,#3716,#3717,#3718,#3719,#3720,#3721,#3722,#3723,
    #3724,#3725,#3726,#3727,#3728,#3729,#3730,#3731,#3732,#3733,#3734,
    #3735,#3736,#3737,#3738,#3739,#3740,#3741,#3742,#3743,#3744,#3745,
    #3746,#3747,#3748,#3749,#3750,#3751,#3752,#3753,#3754,#3755,#3756,
    #3757,#3758,#3759,#3760,#3761,#3762,#3763,#3764,#3765),
  .UNSPECIFIED.,.F.,.F.,(4,1,1,1,1,1,1,1,1,1,1,1,1,1,1,1,1,1,1,1,1,1,1,1
    ,1,1,1,1,1,1,1,1,1,1,1,1,1,1,1,1,1,1,1,1,1,1,1,1,1,1,1,1,1,1,1,1,1,1
    ,1,1,1,1,1,1,1,1,1,1,1,1,1,1,1,1,1,1,1,1,1,1,1,1,1,1,1,1,1,1,1,1,1,1
    ,1,1,1,1,1,1,1,1,1,1,1,1,1,1,1,1,1,1,4),(0.,9.090909090909E-03,
    1.818181818182E-02,2.727272727273E-02,3.636363636364E-02,
    4.545454545455E-02,5.454545454545E-02,6.363636363636E-02,
    7.272727272727E-02,8.181818181818E-02,9.090909090909E-02,1.E-01,
    0.109090909091,0.118181818182,0.127272727273,0.136363636364,
    0.145454545455,0.154545454545,0.163636363636,0.172727272727,
    0.181818181818,0.190909090909,0.2,0.209090909091,0.218181818182,
    0.227272727273,0.236363636364,0.245454545455,0.254545454545,
    0.263636363636,0.272727272727,0.281818181818,0.290909090909,0.3,
    0.309090909091,0.318181818182,0.327272727273,0.336363636364,
    0.345454545455,0.354545454545,0.363636363636,0.372727272727,
    0.381818181818,0.390909090909,0.4,0.409090909091,0.418181818182,
    0.427272727273,0.436363636364,0.445454545455,0.454545454545,
    0.463636363636,0.472727272727,0.481818181818,0.490909090909,0.5,
    0.509090909091,0.518181818182,0.527272727273,0.536363636364,
    0.545454545455,0.554545454545,0.563636363636,0.572727272727,
    0.581818181818,0.590909090909,0.6,0.609090909091,0.618181818182,
    0.627272727273,0.636363636364,0.645454545455,0.654545454545,
    0.663636363636,0.672727272727,0.681818181818,0.690909090909,0.7,
    0.709090909091,0.718181818182,0.727272727273,0.736363636364,
    0.745454545455,0.754545454545,0.763636363636,0.772727272727,
    0.781818181818,0.790909090909,0.8,0.809090909091,0.818181818182,
    0.827272727273,0.836363636364,0.845454545455,0.854545454545,
    0.863636363636,0.872727272727,0.881818181818,0.890909090909,0.9,
    0.909090909091,0.918181818182,0.927272727273,0.936363636364,
    0.945454545455,0.954545454545,0.963636363636,0.972727272727,
    0.981818181818,0.990909090909,1.),.QUASI_UNIFORM_KNOTS.);
#3653 = CARTESIAN_POINT('',(0.,1.95250183336));
#3654 = CARTESIAN_POINT('',(9.432706847294E-03,1.953252463356));
#3655 = CARTESIAN_POINT('',(2.83119147286E-02,1.954754817339));
#3656 = CARTESIAN_POINT('',(5.66736013386E-02,1.957011759078));
#3657 = CARTESIAN_POINT('',(8.50796184305E-02,1.959272242687));
#3658 = CARTESIAN_POINT('',(0.113531549567,1.961536391181));
#3659 = CARTESIAN_POINT('',(0.142031669468,1.963804357623));
#3660 = CARTESIAN_POINT('',(0.170580807534,1.966076177657));
#3661 = CARTESIAN_POINT('',(0.199172790672,1.968351414156));
#3662 = CARTESIAN_POINT('',(0.227802607357,1.970629699356));
#3663 = CARTESIAN_POINT('',(0.256464822101,1.972910612757));
#3664 = CARTESIAN_POINT('',(0.285156185207,1.975193875449));
#3665 = CARTESIAN_POINT('',(0.313866263583,1.977478597822));
#3666 = CARTESIAN_POINT('',(0.342574106629,1.979763091416));
#3667 = CARTESIAN_POINT('',(0.371259912313,1.982045798097));
#3668 = CARTESIAN_POINT('',(0.399904507242,1.984325224011));
#3669 = CARTESIAN_POINT('',(0.428483835861,1.986599487863));
#3670 = CARTESIAN_POINT('',(0.457003298628,1.988869007405));
#3671 = CARTESIAN_POINT('',(0.485483061709,1.991135364505));
#3672 = CARTESIAN_POINT('',(0.513939759869,1.993399873075));
#3673 = CARTESIAN_POINT('',(0.542390271994,1.995663878154));
#3674 = CARTESIAN_POINT('',(0.570852969155,1.997928868231));
#3675 = CARTESIAN_POINT('',(0.599322726874,2.000194421573));
#3676 = CARTESIAN_POINT('',(0.627791110216,2.002459862578));
#3677 = CARTESIAN_POINT('',(0.656250522819,2.004724591244));
#3678 = CARTESIAN_POINT('',(0.684692771707,2.006987954624));
#3679 = CARTESIAN_POINT('',(0.713111545676,2.009249437045));
#3680 = CARTESIAN_POINT('',(0.741520524524,2.011510143082));
#3681 = CARTESIAN_POINT('',(0.769932456091,2.013771092993));
#3682 = CARTESIAN_POINT('',(0.798359840796,2.016033281034));
#3683 = CARTESIAN_POINT('',(0.826817564637,2.018297889784));
#3684 = CARTESIAN_POINT('',(0.85531069528,2.020565308755));
#3685 = CARTESIAN_POINT('',(0.883820000123,2.022833996978));
#3686 = CARTESIAN_POINT('',(0.912329469492,2.025102695252));
#3687 = CARTESIAN_POINT('',(0.940823283068,2.027370162333));
#3688 = CARTESIAN_POINT('',(0.969281381005,2.029634803385));
#3689 = CARTESIAN_POINT('',(0.997706549699,2.031896828937));
#3690 = CARTESIAN_POINT('',(1.026122199758,2.034158092889));
#3691 = CARTESIAN_POINT('',(1.054547583718,2.036420112216));
#3692 = CARTESIAN_POINT('',(1.083002134441,2.038684423217));
#3693 = CARTESIAN_POINT('',(1.111508458642,2.040952821825));
#3694 = CARTESIAN_POINT('',(1.140063833637,2.043225127358));
#3695 = CARTESIAN_POINT('',(1.1686573932,2.045500512587));
#3696 = CARTESIAN_POINT('',(1.197280600734,2.047778313761));
#3697 = CARTESIAN_POINT('',(1.225924674399,2.050057819371));
#3698 = CARTESIAN_POINT('',(1.254581822036,2.05233834546));
#3699 = CARTESIAN_POINT('',(1.283237532225,2.054618702635));
#3700 = CARTESIAN_POINT('',(1.311876374643,2.056897676564));
#3701 = CARTESIAN_POINT('',(1.340483054405,2.059174083151));
#3702 = CARTESIAN_POINT('',(1.36904091136,2.061446642258));
#3703 = CARTESIAN_POINT('',(1.397538233586,2.063714438606));
#3704 = CARTESIAN_POINT('',(1.425988891512,2.065978511395));
#3705 = CARTESIAN_POINT('',(1.454403607353,2.06823968458));
#3706 = CARTESIAN_POINT('',(1.482793809895,2.070498860053));
#3707 = CARTESIAN_POINT('',(1.511169394393,2.072756843193));
#3708 = CARTESIAN_POINT('',(1.53954431052,2.075014793202));
#3709 = CARTESIAN_POINT('',(1.567939696689,2.077274421748));
#3710 = CARTESIAN_POINT('',(1.59637619897,2.079537363953));
#3711 = CARTESIAN_POINT('',(1.624873785887,2.081805180657));
#3712 = CARTESIAN_POINT('',(1.65345753341,2.084079806375));
#3713 = CARTESIAN_POINT('',(1.682125912536,2.086361126116));
#3714 = CARTESIAN_POINT('',(1.710860824479,2.088647752778));
#3715 = CARTESIAN_POINT('',(1.739648227985,2.090938593276));
#3716 = CARTESIAN_POINT('',(1.768473511346,2.093232483428));
#3717 = CARTESIAN_POINT('',(1.797322748037,2.09552824943));
#3718 = CARTESIAN_POINT('',(1.82618486908,2.097824999928));
#3719 = CARTESIAN_POINT('',(1.855048972287,2.100121899157));
#3720 = CARTESIAN_POINT('',(1.883903954613,2.102418096166));
#3721 = CARTESIAN_POINT('',(1.912738820674,2.104712746777));
#3722 = CARTESIAN_POINT('',(1.941542833039,2.107004994881));
#3723 = CARTESIAN_POINT('',(1.970303454456,2.109293743892));
#3724 = CARTESIAN_POINT('',(1.999007039474,2.111577882754));
#3725 = CARTESIAN_POINT('',(2.027640424732,2.113856381932));
#3726 = CARTESIAN_POINT('',(2.056186084428,2.116127900276));
#3727 = CARTESIAN_POINT('',(2.084642057781,2.118392339296));
#3728 = CARTESIAN_POINT('',(2.113055092121,2.120653405556));
#3729 = CARTESIAN_POINT('',(2.141465852177,2.122914298758));
#3730 = CARTESIAN_POINT('',(2.169914927042,2.12517820865));
#3731 = CARTESIAN_POINT('',(2.198449662241,2.127448871665));
#3732 = CARTESIAN_POINT('',(2.227082714382,2.129727330325));
#3733 = CARTESIAN_POINT('',(2.255788959941,2.132011654423));
#3734 = CARTESIAN_POINT('',(2.284551408968,2.134300526446));
#3735 = CARTESIAN_POINT('',(2.313351650962,2.136592479481));
#3736 = CARTESIAN_POINT('',(2.342172080878,2.138886031521));
#3737 = CARTESIAN_POINT('',(2.370999349315,2.141180061664));
#3738 = CARTESIAN_POINT('',(2.399821180593,2.143473605868));
#3739 = CARTESIAN_POINT('',(2.428624566585,2.145765658352));
#3740 = CARTESIAN_POINT('',(2.457396643058,2.148055236107));
#3741 = CARTESIAN_POINT('',(2.486123974751,2.150341306769));
#3742 = CARTESIAN_POINT('',(2.514803905891,2.152623603366));
#3743 = CARTESIAN_POINT('',(2.543434104523,2.15490191748));
#3744 = CARTESIAN_POINT('',(2.572011809596,2.157176035728));
#3745 = CARTESIAN_POINT('',(2.600533483486,2.159445706546));
#3746 = CARTESIAN_POINT('',(2.628997583968,2.161710838911));
#3747 = CARTESIAN_POINT('',(2.657419072877,2.163972580531));
#3748 = CARTESIAN_POINT('',(2.685811369249,2.166231975202));
#3749 = CARTESIAN_POINT('',(2.7141879879,2.16849008756));
#3750 = CARTESIAN_POINT('',(2.742562500254,2.170748002802));
#3751 = CARTESIAN_POINT('',(2.770946679985,2.173006690417));
#3752 = CARTESIAN_POINT('',(2.799349264228,2.175266878341));
#3753 = CARTESIAN_POINT('',(2.827780108655,2.177529356668));
#3754 = CARTESIAN_POINT('',(2.856248173421,2.179794825229));
#3755 = CARTESIAN_POINT('',(2.884766545252,2.182064282749));
#3756 = CARTESIAN_POINT('',(2.913329243149,2.18433722621));
#3757 = CARTESIAN_POINT('',(2.941915537388,2.186612027737));
#3758 = CARTESIAN_POINT('',(2.970507628479,2.18888729789));
#3759 = CARTESIAN_POINT('',(2.99908766954,2.191161637903));
#3760 = CARTESIAN_POINT('',(3.027635648528,2.193433447885));
#3761 = CARTESIAN_POINT('',(3.056153619376,2.195702856152));
#3762 = CARTESIAN_POINT('',(3.08464883442,2.197970427777));
#3763 = CARTESIAN_POINT('',(3.113126922837,2.200236616018));
#3764 = CARTESIAN_POINT('',(3.132104711246,2.201746808164));
#3765 = CARTESIAN_POINT('',(3.14159265359,2.20250183336));
#3766 = ( GEOMETRIC_REPRESENTATION_CONTEXT(2) 
PARAMETRIC_REPRESENTATION_CONTEXT() REPRESENTATION_CONTEXT('2D SPACE',''
  ) );
#3767 = ORIENTED_EDGE('',*,*,#301,.F.);
#3768 = ORIENTED_EDGE('',*,*,#2681,.T.);
#3769 = ORIENTED_EDGE('',*,*,#3770,.F.);
#3770 = EDGE_CURVE('',#2852,#2520,#3771,.T.);
#3771 = SURFACE_CURVE('',#3772,(#3776,#3782),.PCURVE_S1.);
#3772 = LINE('',#3773,#3774);
#3773 = CARTESIAN_POINT('',(-1.971077549988,2.146494321525,
    3.480639781985));
#3774 = VECTOR('',#3775,1.);
#3775 = DIRECTION('',(0.42675080778,0.5,-0.753580618155));
#3776 = PCURVE('',#427,#3777);
#3777 = DEFINITIONAL_REPRESENTATION('',(#3778),#3781);
#3778 = B_SPLINE_CURVE_WITH_KNOTS('',1,(#3779,#3780),.UNSPECIFIED.,.F.,
  .F.,(2,2),(0.,0.375003666721),.PIECEWISE_BEZIER_KNOTS.);
#3779 = CARTESIAN_POINT('',(0.249864778071,0.999999783171));
#3780 = CARTESIAN_POINT('',(0.999882523103,0.999999783855));
#3781 = ( GEOMETRIC_REPRESENTATION_CONTEXT(2) 
PARAMETRIC_REPRESENTATION_CONTEXT() REPRESENTATION_CONTEXT('2D SPACE',''
  ) );
#3782 = PCURVE('',#3783,#3924);
#3783 = B_SPLINE_SURFACE_WITH_KNOTS('',3,3,(
    (#3784,#3785,#3786,#3787,#3788,#3789,#3790,#3791,#3792,#3793,#3794
      ,#3795,#3796,#3797,#3798,#3799,#3800,#3801,#3802,#3803,#3804,#3805
      ,#3806,#3807,#3808,#3809,#3810,#3811,#3812,#3813,#3814,#3815,#3816
      ,#3817,#3818)
    ,(#3819,#3820,#3821,#3822,#3823,#3824,#3825,#3826,#3827,#3828,#3829
      ,#3830,#3831,#3832,#3833,#3834,#3835,#3836,#3837,#3838,#3839,#3840
      ,#3841,#3842,#3843,#3844,#3845,#3846,#3847,#3848,#3849,#3850,#3851
      ,#3852,#3853)
    ,(#3854,#3855,#3856,#3857,#3858,#3859,#3860,#3861,#3862,#3863,#3864
      ,#3865,#3866,#3867,#3868,#3869,#3870,#3871,#3872,#3873,#3874,#3875
      ,#3876,#3877,#3878,#3879,#3880,#3881,#3882,#3883,#3884,#3885,#3886
      ,#3887,#3888)
    ,(#3889,#3890,#3891,#3892,#3893,#3894,#3895,#3896,#3897,#3898,#3899
      ,#3900,#3901,#3902,#3903,#3904,#3905,#3906,#3907,#3908,#3909,#3910
      ,#3911,#3912,#3913,#3914,#3915,#3916,#3917,#3918,#3919,#3920,#3921
      ,#3922,#3923
    )),.UNSPECIFIED.,.F.,.F.,.F.,(4,4),(4,1,1,1,1,1,1,1,1,1,1,1,1,1,1,1,
    1,1,1,1,1,1,1,1,1,1,1,1,1,1,1,1,4),(0.219232629722,1.030760036837),(
    -1.314663365703E-02,8.216646035643E-03,2.957992572832E-02,
    5.094320542099E-02,7.230648511366E-02,9.366976480633E-02,
    0.115033044499,0.136396324192,0.157759603884,0.179122883577,
    0.20048616327,0.221849442962,0.243212722655,0.264576002348,
    0.28593928204,0.307302561733,0.328665841426,0.350029121118,
    0.371392400811,0.392755680504,0.414118960196,0.435482239889,
    0.456845519582,0.478208799274,0.499572078967,0.52093535866,
    0.542298638352,0.563661918045,0.585025197738,0.60638847743,
    0.627751757123,0.649115036816,0.670478316508),.UNSPECIFIED.);
#3784 = CARTESIAN_POINT('',(-2.852757308745,2.116888899285,2.82285476768
    ));
#3785 = CARTESIAN_POINT('',(-2.431662226565,2.12875974801,3.248410516109
    ));
#3786 = CARTESIAN_POINT('',(-1.39616083993,2.152501445461,3.907571257719
    ));
#3787 = CARTESIAN_POINT('',(0.432329928867,2.188113991636,4.126960961688
    ));
#3788 = CARTESIAN_POINT('',(2.175602111821,2.223726537812,3.533457879051
    ));
#3789 = CARTESIAN_POINT('',(3.490398686977,2.259339083987,2.244043854295
    ));
#3790 = CARTESIAN_POINT('',(4.117741255599,2.294951630163,0.512650712987
    ));
#3791 = CARTESIAN_POINT('',(3.934078314715,2.330564176338,
    -1.319709842039));
#3792 = CARTESIAN_POINT('',(2.975581378576,2.366176722514,
    -2.892148231132));
#3793 = CARTESIAN_POINT('',(1.431030992856,2.401789268689,
    -3.894965495153));
#3794 = CARTESIAN_POINT('',(-0.395367124973,2.437401814865,
    -4.130652585298));
#3795 = CARTESIAN_POINT('',(-2.143895980868,2.473014361041,
    -3.552789882991));
#3796 = CARTESIAN_POINT('',(-3.470175307967,2.508626907216,
    -2.275189940657));
#3797 = CARTESIAN_POINT('',(-4.112988688417,2.544239453392,
    -0.549481557334));
#3798 = CARTESIAN_POINT('',(-3.94573126393,2.579851999567,1.284449580945
    ));
#3799 = CARTESIAN_POINT('',(-3.001345103177,2.615464545743,
    2.865402852087));
#3800 = CARTESIAN_POINT('',(-1.465831120743,2.651077091918,
    3.882002712334));
#3801 = CARTESIAN_POINT('',(0.358384602941,2.686689638094,4.134025448578
    ));
#3802 = CARTESIAN_POINT('',(2.112014938279,2.722302184269,3.571834099394
    ));
#3803 = CARTESIAN_POINT('',(3.449674851381,2.757914730445,2.306154668026
    ));
#3804 = CARTESIAN_POINT('',(4.107906471396,2.793527276621,0.586268159978
    ));
#3805 = CARTESIAN_POINT('',(3.957068250805,2.829139822796,
    -1.249086382667));
#3806 = CARTESIAN_POINT('',(3.026868425786,2.864752368972,
    -2.838427992229));
#3807 = CARTESIAN_POINT('',(1.500513850556,2.900364915147,
    -3.868729004952));
#3808 = CARTESIAN_POINT('',(-0.321373377174,2.935977461323,
    -4.137067209556));
#3809 = CARTESIAN_POINT('',(-2.079964742174,2.971590007498,
    -3.590592232802));
#3810 = CARTESIAN_POINT('',(-3.428898088036,3.007202553674,
    -2.336934708808));
#3811 = CARTESIAN_POINT('',(-4.102495291367,3.042815099849,
    -0.623007734941));
#3812 = CARTESIAN_POINT('',(-3.968088119321,3.078427646025,1.21362287342
    ));
#3813 = CARTESIAN_POINT('',(-3.05215001444,3.114040192201,2.811226796864
    ));
#3814 = CARTESIAN_POINT('',(-1.535073803412,3.149652738376,
    3.855141702981));
#3815 = CARTESIAN_POINT('',(0.284326720057,3.185265284552,4.139791572405
    ));
#3816 = CARTESIAN_POINT('',(2.047784126257,3.220877830727,3.609010722809
    ));
#3817 = CARTESIAN_POINT('',(2.954402513459,3.244619528178,2.78148482896)
  );
#3818 = CARTESIAN_POINT('',(3.295981711542,3.256490376903,2.289811751912
    ));
#3819 = CARTESIAN_POINT('',(-2.769495917055,2.184516183211,
    2.740466120116));
#3820 = CARTESIAN_POINT('',(-2.360691036522,2.196387031936,
    3.153601476614));
#3821 = CARTESIAN_POINT('',(-1.35541208987,2.220128729387,3.793523764071
    ));
#3822 = CARTESIAN_POINT('',(0.419711823766,2.255741275562,4.006510297319
    ));
#3823 = CARTESIAN_POINT('',(2.112104365609,2.291353821738,3.430329365599
    ));
#3824 = CARTESIAN_POINT('',(3.388526911435,2.326966367913,2.178548547789
    ));
#3825 = CARTESIAN_POINT('',(3.997559680212,2.362578914089,0.497688342482
    ));
#3826 = CARTESIAN_POINT('',(3.819257178511,2.398191460265,
    -1.281192412695));
#3827 = CARTESIAN_POINT('',(2.888735208413,2.43380400644,-2.807737164702
    ));
#3828 = CARTESIAN_POINT('',(1.389264512528,2.469416552616,
    -3.781285916902));
#3829 = CARTESIAN_POINT('',(-0.383827826852,2.505029098791,
    -4.010094176145));
#3830 = CARTESIAN_POINT('',(-2.081323618873,2.540641644967,
    -3.449097140137));
#3831 = CARTESIAN_POINT('',(-3.368893777756,2.576254191142,    -2.208785595556));
#3832 = CARTESIAN_POINT('',(-3.992945822816,2.611866737318,
    -0.53344423126));
#3833 = CARTESIAN_POINT('',(-3.830570021414,2.647479283494,
    1.246961267678));
#3834 = CARTESIAN_POINT('',(-2.91374698557,2.683091829669,2.781772383947
    ));
#3835 = CARTESIAN_POINT('',(-1.423048953917,2.718704375845,
    3.768701469574));
#3836 = CARTESIAN_POINT('',(0.347924687297,2.75431692202,4.013368598071)
  );
#3837 = CARTESIAN_POINT('',(2.050373065522,2.789929468196,3.467585526586
    ));
#3838 = CARTESIAN_POINT('',(3.348991653366,2.825542014371,2.238846577526
    ));
#3839 = CARTESIAN_POINT('',(3.988011936837,2.861154560547,0.569157169585
    ));
#3840 = CARTESIAN_POINT('',(3.841576123744,2.896767106722,
    -1.212630189831));
#3841 = CARTESIAN_POINT('',(2.938525377177,2.932379652898,
    -2.755584820074));
#3842 = CARTESIAN_POINT('',(1.456719423646,2.967992199074,
    -3.755815172416));
#3843 = CARTESIAN_POINT('',(-0.311993681764,3.003604745249,
    -4.016321581343));
#3844 = CARTESIAN_POINT('',(-2.019258295618,3.039217291425,
    -3.485796179742));
#3845 = CARTESIAN_POINT('',(-3.328821286585,3.0748298376,-2.268728263223
    ));
#3846 = CARTESIAN_POINT('',(-3.982758689057,3.110442383776,
    -0.604824452793));
#3847 = CARTESIAN_POINT('',(-3.852274363222,3.146054929951,1.17820172872
    ));
#3848 = CARTESIAN_POINT('',(-2.963069090146,3.181667476127,
    2.729177526585));
#3849 = CARTESIAN_POINT('',(-1.490270699823,3.217280022302,
    3.742624433331));
#3850 = CARTESIAN_POINT('',(0.276028278989,3.252892568478,4.018966430157
    ));
#3851 = CARTESIAN_POINT('',(1.988016912372,3.288505114654,3.503677102425
    ));
#3852 = CARTESIAN_POINT('',(2.868174475718,3.312246812104,2.700303616273
    ));
#3853 = CARTESIAN_POINT('',(3.199784245516,3.324117660829,2.222980650441
    ));
#3854 = CARTESIAN_POINT('',(-2.686234525364,2.252143467138,
    2.658077472551));
#3855 = CARTESIAN_POINT('',(-2.28971984648,2.264014315863,3.05879243712)
  );
#3856 = CARTESIAN_POINT('',(-1.31466333981,2.287756013313,3.679476270423
    ));
#3857 = CARTESIAN_POINT('',(0.407093718666,2.323368559489,3.88605963295)
  );
#3858 = CARTESIAN_POINT('',(2.048606619397,2.358981105664,3.327200852148
    ));
#3859 = CARTESIAN_POINT('',(3.286655135893,2.39459365184,2.113053241283)
  );
#3860 = CARTESIAN_POINT('',(3.877378104824,2.430206198015,0.482725971977
    ));
#3861 = CARTESIAN_POINT('',(3.704436042308,2.465818744191,-1.24267498335
    ));
#3862 = CARTESIAN_POINT('',(2.80188903825,2.501431290366,-2.723326098271
    ));
#3863 = CARTESIAN_POINT('',(1.347498032199,2.537043836542,-3.66760633865
    ));
#3864 = CARTESIAN_POINT('',(-0.37228852873,2.572656382718,
    -3.889535766992));
#3865 = CARTESIAN_POINT('',(-2.018751256878,2.608268928893,
    -3.345404397282));
#3866 = CARTESIAN_POINT('',(-3.267612247545,2.643881475069,
    -2.142381250455));
#3867 = CARTESIAN_POINT('',(-3.872902957216,2.679494021244,
    -0.517406905185));
#3868 = CARTESIAN_POINT('',(-3.715408778898,2.71510656742,1.209472954411
    ));
#3869 = CARTESIAN_POINT('',(-2.826148867964,2.750719113595,
    2.698141915808));
#3870 = CARTESIAN_POINT('',(-1.380266787091,2.786331659771,
    3.655400226813));
#3871 = CARTESIAN_POINT('',(0.337464771653,2.821944205946,3.892711747565
    ));
#3872 = CARTESIAN_POINT('',(1.988731192765,2.857556752122,3.363336953779
    ));
#3873 = CARTESIAN_POINT('',(3.248308455351,2.893169298298,2.171538487025
    ));
#3874 = CARTESIAN_POINT('',(3.868117402277,2.928781844473,0.552046179192
    ));
#3875 = CARTESIAN_POINT('',(3.726083996683,2.964394390649,
    -1.176173996995));
#3876 = CARTESIAN_POINT('',(2.850182328569,3.000006936824,
    -2.672741647918));
#3877 = CARTESIAN_POINT('',(1.412924996737,3.035619483,-3.64290133988));
#3878 = CARTESIAN_POINT('',(-0.302613986354,3.071232029175,
    -3.895575953129));
#3879 = CARTESIAN_POINT('',(-1.958551849062,3.106844575351,
    -3.381000126681));
#3880 = CARTESIAN_POINT('',(-3.228744485134,3.142457121526,
    -2.200521817639));
#3881 = CARTESIAN_POINT('',(-3.863022086747,3.178069667702,
    -0.586641170645));
#3882 = CARTESIAN_POINT('',(-3.736460607123,3.213682213878,
    1.142780584019));
#3883 = CARTESIAN_POINT('',(-2.873988165851,3.249294760053,
    2.647128256307));
#3884 = CARTESIAN_POINT('',(-1.445467596233,3.284907306229,
    3.630107163681));
#3885 = CARTESIAN_POINT('',(0.267729837921,3.320519852404,3.898141287909
    ));
#3886 = CARTESIAN_POINT('',(1.928249698487,3.35613239858,3.398343482041)
  );
#3887 = CARTESIAN_POINT('',(2.781946437977,3.37987409603,2.619122403587)
  );
#3888 = CARTESIAN_POINT('',(3.103586779489,3.391744944755,2.15614954897)
  );
#3889 = CARTESIAN_POINT('',(-2.602973133674,2.319770751064,
    2.575688824987));
#3890 = CARTESIAN_POINT('',(-2.218748656437,2.331641599789,
    2.963983397625));
#3891 = CARTESIAN_POINT('',(-1.27391458975,2.355383297239,3.565428776776
    ));
#3892 = CARTESIAN_POINT('',(0.394475613566,2.390995843415,3.76560896858)
  );
#3893 = CARTESIAN_POINT('',(1.985108873185,2.426608389591,3.224072338696
    ));
#3894 = CARTESIAN_POINT('',(3.184783360351,2.462220935766,2.047557934778
    ));
#3895 = CARTESIAN_POINT('',(3.757196529437,2.497833481942,0.467763601471
    ));
#3896 = CARTESIAN_POINT('',(3.589614906105,2.533446028117,
    -1.204157554006));
#3897 = CARTESIAN_POINT('',(2.715042868087,2.569058574293,-2.63891503184
    ));
#3898 = CARTESIAN_POINT('',(1.305731551871,2.604671120468,
    -3.553926760398));
#3899 = CARTESIAN_POINT('',(-0.360749230609,2.640283666644,
    -3.768977357839));
#3900 = CARTESIAN_POINT('',(-1.956178894883,2.675896212819,
    -3.241711654428));
#3901 = CARTESIAN_POINT('',(-3.166330717333,2.711508758995,
    -2.075976905354));
#3902 = CARTESIAN_POINT('',(-3.752860091615,2.747121305171,
    -0.501369579111));
#3903 = CARTESIAN_POINT('',(-3.600247536382,2.782733851346,
    1.171984641144));
#3904 = CARTESIAN_POINT('',(-2.738550750357,2.818346397522,
    2.614511447668));
#3905 = CARTESIAN_POINT('',(-1.337484620265,2.853958943697,
    3.542098984052));
#3906 = CARTESIAN_POINT('',(0.32700485601,2.889571489873,3.772054897058)
  );
#3907 = CARTESIAN_POINT('',(1.927089320008,2.925184036048,3.259088380971
    ));
#3908 = CARTESIAN_POINT('',(3.147625257335,2.960796582224,2.104230396524
    ));
#3909 = CARTESIAN_POINT('',(3.748222867718,2.996409128399,0.534935188799
    ));
#3910 = CARTESIAN_POINT('',(3.610591869622,3.032021674575,
    -1.139717804158));
#3911 = CARTESIAN_POINT('',(2.76183927996,3.067634220751,-2.589898475763
    ));
#3912 = CARTESIAN_POINT('',(1.369130569827,3.103246766926,
    -3.529987507344));
#3913 = CARTESIAN_POINT('',(-0.293234290943,3.138859313102,
    -3.774830324916));
#3914 = CARTESIAN_POINT('',(-1.897845402506,3.174471859277,
    -3.276204073621));
#3915 = CARTESIAN_POINT('',(-3.128667683683,3.210084405453,
    -2.132315372054));
#3916 = CARTESIAN_POINT('',(-3.743285484438,3.245696951628,
    -0.568457888497));
#3917 = CARTESIAN_POINT('',(-3.620646851024,3.281309497804,
    1.107359439319));
#3918 = CARTESIAN_POINT('',(-2.784907241557,3.316922043979,
    2.565078986028));
#3919 = CARTESIAN_POINT('',(-1.400664492644,3.352534590155,
    3.517589894031));
#3920 = CARTESIAN_POINT('',(0.259431396854,3.388147136331,3.777316145662
    ));
#3921 = CARTESIAN_POINT('',(1.868482484602,3.423759682506,3.293009861657
    ));
#3922 = CARTESIAN_POINT('',(2.695718400236,3.447501379956,2.5379411909)
  );
#3923 = CARTESIAN_POINT('',(3.007389313463,3.459372228682,2.089318447499
    ));
#3924 = DEFINITIONAL_REPRESENTATION('',(#3925),#3928);
#3925 = B_SPLINE_CURVE_WITH_KNOTS('',1,(#3926,#3927),.UNSPECIFIED.,.F.,
  .F.,(2,2),(0.,0.375003666721),.PIECEWISE_BEZIER_KNOTS.);
#3926 = CARTESIAN_POINT('',(0.249338234546,-1.026891921705E-06));
#3927 = CARTESIAN_POINT('',(0.99939883514,-1.02339563036E-06));
#3928 = ( GEOMETRIC_REPRESENTATION_CONTEXT(2) 
PARAMETRIC_REPRESENTATION_CONTEXT() REPRESENTATION_CONTEXT('2D SPACE',''
  ) );
#3929 = ADVANCED_FACE('',(#3930),#1245,.T.);
#3930 = FACE_BOUND('',#3931,.T.);
#3931 = EDGE_LOOP('',(#3932,#3975,#3976));
#3932 = ORIENTED_EDGE('',*,*,#3933,.T.);
#3933 = EDGE_CURVE('',#1229,#3239,#3934,.T.);
#3934 = SURFACE_CURVE('',#3935,(#3939,#3946),.PCURVE_S1.);
#3935 = LINE('',#3936,#3937);
#3936 = CARTESIAN_POINT('',(-4.,1.43750183336,0.));
#3937 = VECTOR('',#3938,1.);
#3938 = DIRECTION('',(0.,1.,4.500236002006E-14));
#3939 = PCURVE('',#1245,#3940);
#3940 = DEFINITIONAL_REPRESENTATION('',(#3941),#3945);
#3941 = LINE('',#3942,#3943);
#3942 = CARTESIAN_POINT('',(0.,2.07749816664));
#3943 = VECTOR('',#3944,1.);
#3944 = DIRECTION('',(0.,-1.));
#3945 = ( GEOMETRIC_REPRESENTATION_CONTEXT(2) 
PARAMETRIC_REPRESENTATION_CONTEXT() REPRESENTATION_CONTEXT('2D SPACE',''
  ) );
#3946 = PCURVE('',#1299,#3947);
#3947 = DEFINITIONAL_REPRESENTATION('',(#3948),#3974);
#3948 = B_SPLINE_CURVE_WITH_KNOTS('',3,(#3949,#3950,#3951,#3952,#3953,
    #3954,#3955,#3956,#3957,#3958,#3959,#3960,#3961,#3962,#3963,#3964,
    #3965,#3966,#3967,#3968,#3969,#3970,#3971,#3972,#3973),
  .UNSPECIFIED.,.F.,.F.,(4,1,1,1,1,1,1,1,1,1,1,1,1,1,1,1,1,1,1,1,1,1,4),
  (0.,5.681651512727E-03,1.136330302545E-02,1.704495453818E-02,
    2.272660605091E-02,2.840825756364E-02,3.408990907636E-02,
    3.977156058909E-02,4.545321210182E-02,5.113486361455E-02,
    5.681651512727E-02,6.249816664E-02,6.817981815273E-02,
    7.386146966545E-02,7.954312117818E-02,8.522477269091E-02,
    9.090642420364E-02,9.658807571636E-02,0.102269727229,0.107951378742,
    0.113633030255,0.119314681767,0.12499633328),.QUASI_UNIFORM_KNOTS.);
#3949 = CARTESIAN_POINT('',(6.28318530718,2.07749816664));
#3950 = CARTESIAN_POINT('',(6.28318530718,2.075604282802));
#3951 = CARTESIAN_POINT('',(6.28318530718,2.071816515127));
#3952 = CARTESIAN_POINT('',(6.28318530718,2.066134863615));
#3953 = CARTESIAN_POINT('',(6.28318530718,2.060453212102));
#3954 = CARTESIAN_POINT('',(6.28318530718,2.054771560589));
#3955 = CARTESIAN_POINT('',(6.28318530718,2.049089909076));
#3956 = CARTESIAN_POINT('',(6.28318530718,2.043408257564));
#3957 = CARTESIAN_POINT('',(6.28318530718,2.037726606051));
#3958 = CARTESIAN_POINT('',(6.28318530718,2.032044954538));
#3959 = CARTESIAN_POINT('',(6.28318530718,2.026363303025));
#3960 = CARTESIAN_POINT('',(6.28318530718,2.020681651513));
#3961 = CARTESIAN_POINT('',(6.28318530718,2.015));
#3962 = CARTESIAN_POINT('',(6.28318530718,2.009318348487));
#3963 = CARTESIAN_POINT('',(6.28318530718,2.003636696975));
#3964 = CARTESIAN_POINT('',(6.28318530718,1.997955045462));
#3965 = CARTESIAN_POINT('',(6.28318530718,1.992273393949));
#3966 = CARTESIAN_POINT('',(6.28318530718,1.986591742436));
#3967 = CARTESIAN_POINT('',(6.28318530718,1.980910090924));
#3968 = CARTESIAN_POINT('',(6.28318530718,1.975228439411));
#3969 = CARTESIAN_POINT('',(6.28318530718,1.969546787898));
#3970 = CARTESIAN_POINT('',(6.28318530718,1.963865136385));
#3971 = CARTESIAN_POINT('',(6.28318530718,1.958183484873));
#3972 = CARTESIAN_POINT('',(6.28318530718,1.954395717198));
#3973 = CARTESIAN_POINT('',(6.28318530718,1.95250183336));
#3974 = ( GEOMETRIC_REPRESENTATION_CONTEXT(2) 
PARAMETRIC_REPRESENTATION_CONTEXT() REPRESENTATION_CONTEXT('2D SPACE',''
  ) );
#3975 = ORIENTED_EDGE('',*,*,#3504,.T.);
#3976 = ORIENTED_EDGE('',*,*,#1228,.T.);
#3977 = ADVANCED_FACE('',(#3978),#1299,.T.);
#3978 = FACE_BOUND('',#3979,.T.);
#3979 = EDGE_LOOP('',(#3980,#3981,#3982,#3983,#4004));
#3980 = ORIENTED_EDGE('',*,*,#3933,.F.);
#3981 = ORIENTED_EDGE('',*,*,#1284,.T.);
#3982 = ORIENTED_EDGE('',*,*,#1316,.T.);
#3983 = ORIENTED_EDGE('',*,*,#3984,.T.);
#3984 = EDGE_CURVE('',#1317,#2973,#3985,.T.);
#3985 = SURFACE_CURVE('',#3986,(#3990,#3997),.PCURVE_S1.);
#3986 = LINE('',#3987,#3988);
#3987 = CARTESIAN_POINT('',(4.,1.68750183336,0.));
#3988 = VECTOR('',#3989,1.);
#3989 = DIRECTION('',(0.,1.,2.250118001003E-14));
#3990 = PCURVE('',#1299,#3991);
#3991 = DEFINITIONAL_REPRESENTATION('',(#3992),#3996);
#3992 = LINE('',#3993,#3994);
#3993 = CARTESIAN_POINT('',(3.14159265359,1.82749816664));
#3994 = VECTOR('',#3995,1.);
#3995 = DIRECTION('',(3.552817896308E-15,-1.));
#3996 = ( GEOMETRIC_REPRESENTATION_CONTEXT(2) 
PARAMETRIC_REPRESENTATION_CONTEXT() REPRESENTATION_CONTEXT('2D SPACE',''
  ) );
#3997 = PCURVE('',#1731,#3998);
#3998 = DEFINITIONAL_REPRESENTATION('',(#3999),#4003);
#3999 = LINE('',#4000,#4001);
#4000 = CARTESIAN_POINT('',(3.14159265359,1.82749816664));
#4001 = VECTOR('',#4002,1.);
#4002 = DIRECTION('',(3.552817896308E-15,-1.));
#4003 = ( GEOMETRIC_REPRESENTATION_CONTEXT(2) 
PARAMETRIC_REPRESENTATION_CONTEXT() REPRESENTATION_CONTEXT('2D SPACE',''
  ) );
#4004 = ORIENTED_EDGE('',*,*,#3238,.T.);
#4005 = ADVANCED_FACE('',(#4006),#2534,.F.);
#4006 = FACE_BOUND('',#4007,.F.);
#4007 = EDGE_LOOP('',(#4008,#4060,#4235,#4355,#4460,#4461,#4631));
#4008 = ORIENTED_EDGE('',*,*,#4009,.F.);
#4009 = EDGE_CURVE('',#4010,#4012,#4014,.T.);
#4010 = VERTEX_POINT('',#4011);
#4011 = CARTESIAN_POINT('',(3.950767777509,3.2,-0.625646839837));
#4012 = VERTEX_POINT('',#4013);
#4013 = CARTESIAN_POINT('',(-4.,2.93750183336,0.));
#4014 = SURFACE_CURVE('',#4015,(#4043,#4049),.PCURVE_S1.);
#4015 = B_SPLINE_CURVE_WITH_KNOTS('',3,(#4016,#4017,#4018,#4019,#4020,
    #4021,#4022,#4023,#4024,#4025,#4026,#4027,#4028,#4029,#4030,#4031,
    #4032,#4033,#4034,#4035,#4036,#4037,#4038,#4039,#4040,#4041,#4042),
  .UNSPECIFIED.,.F.,.F.,(4,1,1,1,1,1,1,1,1,1,1,1,1,1,1,1,1,1,1,1,1,1,1,1
    ,4),(0.,4.166666666667E-02,8.333333333333E-02,0.125,0.166666666667,
    0.208333333333,0.25,0.291666666667,0.333333333333,0.375,
    0.416666666667,0.458333333333,0.5,0.541666666667,0.583333333333,
    0.625,0.666666666667,0.708333333333,0.75,0.791666666667,
    0.833333333333,0.875,0.916666666667,0.958333333333,1.),
  .UNSPECIFIED.);
#4016 = CARTESIAN_POINT('',(3.950767777509,3.2,-0.625646839837));
#4017 = CARTESIAN_POINT('',(3.979410767368,3.196356831737,
    -0.444775149643));
#4018 = CARTESIAN_POINT('',(4.01183241357,3.189069044386,
    -7.902006114903E-02));
#4019 = CARTESIAN_POINT('',(3.984823354155,3.178130168806,0.471465349859
    ));
#4020 = CARTESIAN_POINT('',(3.882643216861,3.167192624894,1.012990751004
    ));
#4021 = CARTESIAN_POINT('',(3.707227458074,3.156254673854,1.535428752231
    ));
#4022 = CARTESIAN_POINT('',(3.461891794808,3.145317151396,2.028885245315
    ));
#4023 = CARTESIAN_POINT('',(3.15125526757,3.134379428133,2.484082690655)
  );
#4024 = CARTESIAN_POINT('',(2.781172861343,3.123441541426,2.89243065798)
  );
#4025 = CARTESIAN_POINT('',(2.358631629626,3.112503699009,3.246217896049
    ));
#4026 = CARTESIAN_POINT('',(1.891613568367,3.101566144072,3.538766396481
    ));
#4027 = CARTESIAN_POINT('',(1.388919385062,3.090628634072,3.764568363382
    ));
#4028 = CARTESIAN_POINT('',(0.860017930651,3.079690915347,3.919367868055
    ));
#4029 = CARTESIAN_POINT('',(0.314894171122,3.068753187977,4.000239154263
    ));
#4030 = CARTESIAN_POINT('',(-0.236157583198,3.057815689127,
    4.005658565683));
#4031 = CARTESIAN_POINT('',(-0.782760727376,3.046878075046,
    3.935524954732));
#4032 = CARTESIAN_POINT('',(-1.314594112966,3.035940579304,
    3.791162560715));
#4033 = CARTESIAN_POINT('',(-1.821638103798,3.025002957177,
    3.575290946424));
#4034 = CARTESIAN_POINT('',(-2.294317066999,3.01406547804,3.291987368239
    ));
#4035 = CARTESIAN_POINT('',(-2.723731799873,3.003127747859,
    2.946584404866));
#4036 = CARTESIAN_POINT('',(-3.10176730036,2.992190120467,2.545605962251
    ));
#4037 = CARTESIAN_POINT('',(-3.421293160803,2.981252685048,
    2.096621526208));
#4038 = CARTESIAN_POINT('',(-3.676292562711,2.970315144027,
    1.608087971251));
#4039 = CARTESIAN_POINT('',(-3.861956140062,2.959377277273,
    1.089207581994));
#4040 = CARTESIAN_POINT('',(-3.974772430866,2.948439394396,0.54978057181
    ));
#4041 = CARTESIAN_POINT('',(-4.,2.94114766612,0.183259542636));
#4042 = CARTESIAN_POINT('',(-4.,2.93750183336,0.));
#4043 = PCURVE('',#2534,#4044);
#4044 = DEFINITIONAL_REPRESENTATION('',(#4045),#4048);
#4045 = B_SPLINE_CURVE_WITH_KNOTS('',1,(#4046,#4047),.UNSPECIFIED.,.F.,
  .F.,(2,2),(0.,1.),.PIECEWISE_BEZIER_KNOTS.);
#4046 = CARTESIAN_POINT('',(0.750229846117,0.407020637038));
#4047 = CARTESIAN_POINT('',(0.75010511425,0.249552382851));
#4048 = ( GEOMETRIC_REPRESENTATION_CONTEXT(2) 
PARAMETRIC_REPRESENTATION_CONTEXT() REPRESENTATION_CONTEXT('2D SPACE',''
  ) );
#4049 = PCURVE('',#4050,#4055);
#4050 = CYLINDRICAL_SURFACE('',#4051,4.);
#4051 = AXIS2_PLACEMENT_3D('',#4052,#4053,#4054);
#4052 = CARTESIAN_POINT('',(0.,3.515,0.));
#4053 = DIRECTION('',(0.,-1.,0.));
#4054 = DIRECTION('',(-1.,0.,0.));
#4055 = DEFINITIONAL_REPRESENTATION('',(#4056),#4059);
#4056 = B_SPLINE_CURVE_WITH_KNOTS('',1,(#4057,#4058),.UNSPECIFIED.,.F.,
  .F.,(2,2),(0.,1.),.PIECEWISE_BEZIER_KNOTS.);
#4057 = CARTESIAN_POINT('',(2.984536059594,0.315));
#4058 = CARTESIAN_POINT('',(6.28318530718,0.57749816664));
#4059 = ( GEOMETRIC_REPRESENTATION_CONTEXT(2) 
PARAMETRIC_REPRESENTATION_CONTEXT() REPRESENTATION_CONTEXT('2D SPACE',''
  ) );
#4060 = ORIENTED_EDGE('',*,*,#4061,.T.);
#4061 = EDGE_CURVE('',#4010,#4062,#4064,.T.);
#4062 = VERTEX_POINT('',#4063);
#4063 = CARTESIAN_POINT('',(-2.099364955584,3.3,-3.28674105814));
#4064 = SURFACE_CURVE('',#4065,(#4084,#4157),.PCURVE_S1.);
#4065 = B_SPLINE_CURVE_WITH_KNOTS('',3,(#4066,#4067,#4068,#4069,#4070,
    #4071,#4072,#4073,#4074,#4075,#4076,#4077,#4078,#4079,#4080,#4081,
    #4082,#4083),.UNSPECIFIED.,.F.,.F.,(4,1,1,1,1,1,1,1,1,1,1,1,1,1,1,4)
  ,(0.,6.666666666667E-02,0.133333333333,0.2,0.266666666667,
    0.333333333333,0.4,0.466666666667,0.533333333333,0.6,0.666666666667,
    0.733333333333,0.8,0.866666666667,0.933333333333,1.),.UNSPECIFIED.);
#4066 = CARTESIAN_POINT('',(3.950767777509,3.2,-0.625646839837));
#4067 = CARTESIAN_POINT('',(3.921194645879,3.202208764379,
    -0.798270612751));
#4068 = CARTESIAN_POINT('',(3.839455419868,3.206630029317,
    -1.139679936875));
#4069 = CARTESIAN_POINT('',(3.649024222579,3.213315205078,
    -1.634179602551));
#4070 = CARTESIAN_POINT('',(3.398439198237,3.219927449735,
    -2.093550854514));
#4071 = CARTESIAN_POINT('',(3.088542508267,3.226580036721,
    -2.518011000861));
#4072 = CARTESIAN_POINT('',(2.727955309171,3.233199943845,
    -2.895636029361));
#4073 = CARTESIAN_POINT('',(2.319843680508,3.239849735622,
    -3.223633281502));
#4074 = CARTESIAN_POINT('',(1.874813729909,3.246472027459,
    -3.493705860707));
#4075 = CARTESIAN_POINT('',(1.39504966993,3.253149626604,-3.704510963056
    ));
#4076 = CARTESIAN_POINT('',(0.89067558385,3.259849912637,-3.849997075942
    ));
#4077 = CARTESIAN_POINT('',(0.376256945592,3.266500324737,
    -3.926846421984));
#4078 = CARTESIAN_POINT('',(-0.141481086539,3.273132397208,
    -3.935732325689));
#4079 = CARTESIAN_POINT('',(-0.660216398637,3.279831122172,
    -3.876029991371));
#4080 = CARTESIAN_POINT('',(-1.170457811654,3.286595722606,
    -3.74657267767));
#4081 = CARTESIAN_POINT('',(-1.655958995145,3.293333262931,-3.5510584097
    ));
#4082 = CARTESIAN_POINT('',(-1.956148773801,3.297783376531,
    -3.380848826037));
#4083 = CARTESIAN_POINT('',(-2.099364955584,3.3,-3.28674105814));
#4084 = PCURVE('',#2534,#4085);
#4085 = DEFINITIONAL_REPRESENTATION('',(#4086),#4156);
#4086 = B_SPLINE_CURVE_WITH_KNOTS('',3,(#4087,#4088,#4089,#4090,#4091,
    #4092,#4093,#4094,#4095,#4096,#4097,#4098,#4099,#4100,#4101,#4102,
    #4103,#4104,#4105,#4106,#4107,#4108,#4109,#4110,#4111,#4112,#4113,
    #4114,#4115,#4116,#4117,#4118,#4119,#4120,#4121,#4122,#4123,#4124,
    #4125,#4126,#4127,#4128,#4129,#4130,#4131,#4132,#4133,#4134,#4135,
    #4136,#4137,#4138,#4139,#4140,#4141,#4142,#4143,#4144,#4145,#4146,
    #4147,#4148,#4149,#4150,#4151,#4152,#4153,#4154,#4155),
  .UNSPECIFIED.,.F.,.F.,(4,1,1,1,1,1,1,1,1,1,1,1,1,1,1,1,1,1,1,1,1,1,1,1
    ,1,1,1,1,1,1,1,1,1,1,1,1,1,1,1,1,1,1,1,1,1,1,1,1,1,1,1,1,1,1,1,1,1,1
    ,1,1,1,1,1,1,1,1,4),(0.,1.515151515152E-02,3.030303030303E-02,
    4.545454545455E-02,6.060606060606E-02,7.575757575758E-02,
    9.090909090909E-02,0.106060606061,0.121212121212,0.136363636364,
    0.151515151515,0.166666666667,0.181818181818,0.19696969697,
    0.212121212121,0.227272727273,0.242424242424,0.257575757576,
    0.272727272727,0.287878787879,0.30303030303,0.318181818182,
    0.333333333333,0.348484848485,0.363636363636,0.378787878788,
    0.393939393939,0.409090909091,0.424242424242,0.439393939394,
    0.454545454545,0.469696969697,0.484848484848,0.5,0.515151515152,
    0.530303030303,0.545454545455,0.560606060606,0.575757575758,
    0.590909090909,0.606060606061,0.621212121212,0.636363636364,
    0.651515151515,0.666666666667,0.681818181818,0.69696969697,
    0.712121212121,0.727272727273,0.742424242424,0.757575757576,
    0.772727272727,0.787878787879,0.80303030303,0.818181818182,
    0.833333333333,0.848484848485,0.863636363636,0.878787878788,
    0.893939393939,0.909090909091,0.924242424242,0.939393939394,
    0.954545454545,0.969696969697,0.984848484848,1.),
  .QUASI_UNIFORM_KNOTS.);
#4087 = CARTESIAN_POINT('',(0.750229846117,0.407020637038));
#4088 = CARTESIAN_POINT('',(0.749106301835,0.407495638163));
#4089 = CARTESIAN_POINT('',(0.746863030998,0.408445801893));
#4090 = CARTESIAN_POINT('',(0.743481411623,0.409871994954));
#4091 = CARTESIAN_POINT('',(0.740051012768,0.411299607311));
#4092 = CARTESIAN_POINT('',(0.736553418292,0.412729079981));
#4093 = CARTESIAN_POINT('',(0.732966946074,0.414161127235));
#4094 = CARTESIAN_POINT('',(0.729336261658,0.415595134996));
#4095 = CARTESIAN_POINT('',(0.725723256444,0.417029568067));
#4096 = CARTESIAN_POINT('',(0.722156558531,0.418463094357));
#4097 = CARTESIAN_POINT('',(0.71864303234,0.41989416252));
#4098 = CARTESIAN_POINT('',(0.715163697919,0.421321780963));
#4099 = CARTESIAN_POINT('',(0.711731560848,0.422747390615));
#4100 = CARTESIAN_POINT('',(0.708313386489,0.424172151966));
#4101 = CARTESIAN_POINT('',(0.704883832737,0.425597269136));
#4102 = CARTESIAN_POINT('',(0.701443587294,0.427024156094));
#4103 = CARTESIAN_POINT('',(0.698008829256,0.428452362289));
#4104 = CARTESIAN_POINT('',(0.694581702714,0.429881000643));
#4105 = CARTESIAN_POINT('',(0.691151736629,0.431309340163));
#4106 = CARTESIAN_POINT('',(0.687691589465,0.432736471526));
#4107 = CARTESIAN_POINT('',(0.684175273947,0.434162204459));
#4108 = CARTESIAN_POINT('',(0.680607449461,0.435587419672));
#4109 = CARTESIAN_POINT('',(0.677001261715,0.437012784041));
#4110 = CARTESIAN_POINT('',(0.673382963018,0.43843900102));
#4111 = CARTESIAN_POINT('',(0.669789176742,0.439866736605));
#4112 = CARTESIAN_POINT('',(0.666290088608,0.441295324165));
#4113 = CARTESIAN_POINT('',(0.662888453526,0.442724048158));
#4114 = CARTESIAN_POINT('',(0.659544515819,0.444152274305));
#4115 = CARTESIAN_POINT('',(0.656212112676,0.445579187116));
#4116 = CARTESIAN_POINT('',(0.652846094184,0.447005120477));
#4117 = CARTESIAN_POINT('',(0.649423742224,0.448431154435));
#4118 = CARTESIAN_POINT('',(0.645936674269,0.449858195049));
#4119 = CARTESIAN_POINT('',(0.642393019313,0.451287266363));
#4120 = CARTESIAN_POINT('',(0.638816393797,0.452719105319));
#4121 = CARTESIAN_POINT('',(0.635224695525,0.454153240786));
#4122 = CARTESIAN_POINT('',(0.631628469712,0.455589346923));
#4123 = CARTESIAN_POINT('',(0.628035316339,0.457027046837));
#4124 = CARTESIAN_POINT('',(0.624435545055,0.45846603247));
#4125 = CARTESIAN_POINT('',(0.620897703827,0.459905558117));
#4126 = CARTESIAN_POINT('',(0.617452165025,0.461344719941));
#4127 = CARTESIAN_POINT('',(0.614063263163,0.462782685062));
#4128 = CARTESIAN_POINT('',(0.610687273162,0.464218504996));
#4129 = CARTESIAN_POINT('',(0.607283743522,0.465651827964));
#4130 = CARTESIAN_POINT('',(0.603847841162,0.467083180984));
#4131 = CARTESIAN_POINT('',(0.600375993504,0.468512916539));
#4132 = CARTESIAN_POINT('',(0.596872694964,0.469941420441));
#4133 = CARTESIAN_POINT('',(0.593347538964,0.471369050675));
#4134 = CARTESIAN_POINT('',(0.589786051999,0.472796770936));
#4135 = CARTESIAN_POINT('',(0.586190730474,0.474225559575));
#4136 = CARTESIAN_POINT('',(0.582580022157,0.475656352476));
#4137 = CARTESIAN_POINT('',(0.578989846369,0.477090210988));
#4138 = CARTESIAN_POINT('',(0.57546548962,0.478527435555));
#4139 = CARTESIAN_POINT('',(0.572018386871,0.479967840718));
#4140 = CARTESIAN_POINT('',(0.568601188983,0.481411376405));
#4141 = CARTESIAN_POINT('',(0.565170754132,0.482858071768));
#4142 = CARTESIAN_POINT('',(0.561697661401,0.484307794586));
#4143 = CARTESIAN_POINT('',(0.558210215937,0.485759431685));
#4144 = CARTESIAN_POINT('',(0.554708794145,0.487211978479));
#4145 = CARTESIAN_POINT('',(0.551181260936,0.488664426631));
#4146 = CARTESIAN_POINT('',(0.547587359538,0.490115723087));
#4147 = CARTESIAN_POINT('',(0.543950892445,0.491565439695));
#4148 = CARTESIAN_POINT('',(0.540307266403,0.493013239488));
#4149 = CARTESIAN_POINT('',(0.536681962979,0.49445873023));
#4150 = CARTESIAN_POINT('',(0.53308981944,0.495901430382));
#4151 = CARTESIAN_POINT('',(0.529557296969,0.497341107465));
#4152 = CARTESIAN_POINT('',(0.526108146152,0.498777918189));
#4153 = CARTESIAN_POINT('',(0.522703442634,0.500211935435));
#4154 = CARTESIAN_POINT('',(0.520446590816,0.50116615645));
#4155 = CARTESIAN_POINT('',(0.519316570246,0.501642835635));
#4156 = ( GEOMETRIC_REPRESENTATION_CONTEXT(2) 
PARAMETRIC_REPRESENTATION_CONTEXT() REPRESENTATION_CONTEXT('2D SPACE',''
  ) );
#4157 = PCURVE('',#4158,#4163);
#4158 = CONICAL_SURFACE('',#4159,3.95,0.785398163397);
#4159 = AXIS2_PLACEMENT_3D('',#4160,#4161,#4162);
#4160 = CARTESIAN_POINT('',(0.,3.25,0.));
#4161 = DIRECTION('',(0.,-1.,0.));
#4162 = DIRECTION('',(0.,0.,-1.));
#4163 = DEFINITIONAL_REPRESENTATION('',(#4164),#4234);
#4164 = B_SPLINE_CURVE_WITH_KNOTS('',3,(#4165,#4166,#4167,#4168,#4169,
    #4170,#4171,#4172,#4173,#4174,#4175,#4176,#4177,#4178,#4179,#4180,
    #4181,#4182,#4183,#4184,#4185,#4186,#4187,#4188,#4189,#4190,#4191,
    #4192,#4193,#4194,#4195,#4196,#4197,#4198,#4199,#4200,#4201,#4202,
    #4203,#4204,#4205,#4206,#4207,#4208,#4209,#4210,#4211,#4212,#4213,
    #4214,#4215,#4216,#4217,#4218,#4219,#4220,#4221,#4222,#4223,#4224,
    #4225,#4226,#4227,#4228,#4229,#4230,#4231,#4232,#4233),
  .UNSPECIFIED.,.F.,.F.,(4,1,1,1,1,1,1,1,1,1,1,1,1,1,1,1,1,1,1,1,1,1,1,1
    ,1,1,1,1,1,1,1,1,1,1,1,1,1,1,1,1,1,1,1,1,1,1,1,1,1,1,1,1,1,1,1,1,1,1
    ,1,1,1,1,1,1,1,1,4),(0.,1.515151515152E-02,3.030303030303E-02,
    4.545454545455E-02,6.060606060606E-02,7.575757575758E-02,
    9.090909090909E-02,0.106060606061,0.121212121212,0.136363636364,
    0.151515151515,0.166666666667,0.181818181818,0.19696969697,
    0.212121212121,0.227272727273,0.242424242424,0.257575757576,
    0.272727272727,0.287878787879,0.30303030303,0.318181818182,
    0.333333333333,0.348484848485,0.363636363636,0.378787878788,
    0.393939393939,0.409090909091,0.424242424242,0.439393939394,
    0.454545454545,0.469696969697,0.484848484848,0.5,0.515151515152,
    0.530303030303,0.545454545455,0.560606060606,0.575757575758,
    0.590909090909,0.606060606061,0.621212121212,0.636363636364,
    0.651515151515,0.666666666667,0.681818181818,0.69696969697,
    0.712121212121,0.727272727273,0.742424242424,0.757575757576,
    0.772727272727,0.787878787879,0.80303030303,0.818181818182,
    0.833333333333,0.848484848485,0.863636363636,0.878787878788,
    0.893939393939,0.909090909091,0.924242424242,0.939393939394,
    0.954545454545,0.969696969697,0.984848484848,1.),
  .QUASI_UNIFORM_KNOTS.);
#4165 = CARTESIAN_POINT('',(1.413739732799,5.000000000007E-02));
#4166 = CARTESIAN_POINT('',(1.403789433222,4.949805683899E-02));
#4167 = CARTESIAN_POINT('',(1.383884775701,4.849611166929E-02));
#4168 = CARTESIAN_POINT('',(1.354006440706,4.699411250803E-02));
#4169 = CARTESIAN_POINT('',(1.324097333802,4.548763693019E-02));
#4170 = CARTESIAN_POINT('',(1.294148905312,4.397300543595E-02));
#4171 = CARTESIAN_POINT('',(1.264146924547,4.244399924395E-02));
#4172 = CARTESIAN_POINT('',(1.234104886232,4.09122763506E-02));
#4173 = CARTESIAN_POINT('',(1.204055425495,3.939298872154E-02));
#4174 = CARTESIAN_POINT('',(1.174026719462,3.78899043012E-02));
#4175 = CARTESIAN_POINT('',(1.144051212025,3.639878625081E-02));
#4176 = CARTESIAN_POINT('',(1.114149230811,3.490684759572E-02));
#4177 = CARTESIAN_POINT('',(1.084289517173,3.340618452858E-02));
#4178 = CARTESIAN_POINT('',(1.054446553906,3.18938299444E-02));
#4179 = CARTESIAN_POINT('',(1.024594519167,3.037135673893E-02));
#4180 = CARTESIAN_POINT('',(0.994703597599,2.884524764732E-02));
#4181 = CARTESIAN_POINT('',(0.964783386828,2.732588961723E-02));
#4182 = CARTESIAN_POINT('',(0.934852925732,2.581808130894E-02));
#4183 = CARTESIAN_POINT('',(0.904928178613,2.432124725809E-02));
#4184 = CARTESIAN_POINT('',(0.875028944163,2.282828615884E-02));
#4185 = CARTESIAN_POINT('',(0.845159926297,2.133053316309E-02));
#4186 = CARTESIAN_POINT('',(0.815303227501,1.982612111649E-02));
#4187 = CARTESIAN_POINT('',(0.785445206733,1.831413806279E-02));
#4188 = CARTESIAN_POINT('',(0.755571128448,1.679562657592E-02));
#4189 = CARTESIAN_POINT('',(0.725666634262,1.527380791088E-02));
#4190 = CARTESIAN_POINT('',(0.69574469135,1.375764165128E-02));
#4191 = CARTESIAN_POINT('',(0.665818962973,1.225089717842E-02));
#4192 = CARTESIAN_POINT('',(0.635902032527,1.075290667715E-02));
#4193 = CARTESIAN_POINT('',(0.606010780384,9.257546245313E-03));
#4194 = CARTESIAN_POINT('',(0.576138394758,7.757541020848E-03));
#4195 = CARTESIAN_POINT('',(0.546262686789,6.250033909682E-03));
#4196 = CARTESIAN_POINT('',(0.516365283851,4.734791783076E-03));
#4197 = CARTESIAN_POINT('',(0.486425416918,3.214656614958E-03));
#4198 = CARTESIAN_POINT('',(0.456428317806,1.695384213313E-03));
#4199 = CARTESIAN_POINT('',(0.426384445373,1.797533544381E-04));
#4200 = CARTESIAN_POINT('',(0.396301025232,-1.333297366327E-03));
#4201 = CARTESIAN_POINT('',(0.3661860523,-2.847537069578E-03));
#4202 = CARTESIAN_POINT('',(0.336045698463,-4.372690973545E-03));
#4203 = CARTESIAN_POINT('',(0.305894682225,-5.899915523407E-03));
#4204 = CARTESIAN_POINT('',(0.275750538609,-7.421117058424E-03));
#4205 = CARTESIAN_POINT('',(0.245629887452,-8.934807378687E-03));
#4206 = CARTESIAN_POINT('',(0.215552329086,-1.044616805902E-02));
#4207 = CARTESIAN_POINT('',(0.18552536794,-1.196052018458E-02));
#4208 = CARTESIAN_POINT('',(0.155538358711,-1.347509890828E-02));
#4209 = CARTESIAN_POINT('',(0.125584514627,-1.498836423692E-02));
#4210 = CARTESIAN_POINT('',(9.565644485398E-02,-1.649816925094E-02));
#4211 = CARTESIAN_POINT('',(6.574734169683E-02,-1.800256755418E-02));
#4212 = CARTESIAN_POINT('',(3.58376469546E-02,-1.950841529722E-02));
#4213 = CARTESIAN_POINT('',(5.907290552603E-03,-2.101925598985E-02));
#4214 = CARTESIAN_POINT('',(-2.406320601716E-02,-2.253577051584E-02));
#4215 = CARTESIAN_POINT('',(-5.40963517333E-02,-2.405477644034E-02));
#4216 = CARTESIAN_POINT('',(-8.41992061752E-02,-2.557363756045E-02));
#4217 = CARTESIAN_POINT('',(-0.114369227252,-2.709348259656E-02));
#4218 = CARTESIAN_POINT('',(-0.144606292962,-2.861641592393E-02));
#4219 = CARTESIAN_POINT('',(-0.174911369113,-3.014755788064E-02));
#4220 = CARTESIAN_POINT('',(-0.205281639687,-3.168875295623E-02));
#4221 = CARTESIAN_POINT('',(-0.235693466203,-3.322668671959E-02));
#4222 = CARTESIAN_POINT('',(-0.266125207339,-3.475783371401E-02));
#4223 = CARTESIAN_POINT('',(-0.296554993784,-3.628408875943E-02));
#4224 = CARTESIAN_POINT('',(-0.326959963025,-3.781725271116E-02));
#4225 = CARTESIAN_POINT('',(-0.357330520392,-3.935262602234E-02));
#4226 = CARTESIAN_POINT('',(-0.387659192957,-4.088392228679E-02));
#4227 = CARTESIAN_POINT('',(-0.417937637094,-4.240952040798E-02));
#4228 = CARTESIAN_POINT('',(-0.448156025952,-4.393198573008E-02));
#4229 = CARTESIAN_POINT('',(-0.478310253809,-4.545378096385E-02));
#4230 = CARTESIAN_POINT('',(-0.508404958506,-4.6972621437E-02));
#4231 = CARTESIAN_POINT('',(-0.538442630105,-4.848800675832E-02));
#4232 = CARTESIAN_POINT('',(-0.558431377895,-4.949630385754E-02));
#4233 = CARTESIAN_POINT('',(-0.56841707433,-5.000000000017E-02));
#4234 = ( GEOMETRIC_REPRESENTATION_CONTEXT(2) 
PARAMETRIC_REPRESENTATION_CONTEXT() REPRESENTATION_CONTEXT('2D SPACE',''
  ) );
#4235 = ORIENTED_EDGE('',*,*,#4236,.T.);
#4236 = EDGE_CURVE('',#4062,#4237,#4239,.T.);
#4237 = VERTEX_POINT('',#4238);
#4238 = CARTESIAN_POINT('',(-2.97332943253,3.3,2.160250282503));
#4239 = SURFACE_CURVE('',#4240,(#4257,#4330),.PCURVE_S1.);
#4240 = B_SPLINE_CURVE_WITH_KNOTS('',3,(#4241,#4242,#4243,#4244,#4245,
    #4246,#4247,#4248,#4249,#4250,#4251,#4252,#4253,#4254,#4255,#4256),
  .UNSPECIFIED.,.F.,.F.,(4,1,1,1,1,1,1,1,1,1,1,1,1,4),(0.,
    7.692307692308E-02,0.153846153846,0.230769230769,0.307692307692,
    0.384615384615,0.461538461538,0.538461538462,0.615384615385,
    0.692307692308,0.769230769231,0.846153846154,0.923076923077,1.),
  .UNSPECIFIED.);
#4241 = CARTESIAN_POINT('',(-2.099364955584,3.3,-3.28674105814));
#4242 = CARTESIAN_POINT('',(-2.211613774662,3.3,-3.209328968339));
#4243 = CARTESIAN_POINT('',(-2.432971153696,3.3,-3.039216139405));
#4244 = CARTESIAN_POINT('',(-2.749011356592,3.3,-2.736153372268));
#4245 = CARTESIAN_POINT('',(-3.05293444596,3.3,-2.368161155773));
#4246 = CARTESIAN_POINT('',(-3.332226404171,3.3,-1.92161809924));
#4247 = CARTESIAN_POINT('',(-3.551633044829,3.3,-1.425909196401));
#4248 = CARTESIAN_POINT('',(-3.696810199754,3.3,-0.91122355935));
#4249 = CARTESIAN_POINT('',(-3.766500878453,3.3,-0.397003829762));
#4250 = CARTESIAN_POINT('',(-3.767418459215,3.3,8.348370655823E-02));
#4251 = CARTESIAN_POINT('',(-3.712606238288,3.3,0.535245227761));
#4252 = CARTESIAN_POINT('',(-3.607382104554,3.3,0.966406797591));
#4253 = CARTESIAN_POINT('',(-3.44996495799,3.3,1.387246328845));
#4254 = CARTESIAN_POINT('',(-3.238597032729,3.3,1.792381012061));
#4255 = CARTESIAN_POINT('',(-3.067228517486,3.3,2.040701676768));
#4256 = CARTESIAN_POINT('',(-2.97332943253,3.3,2.160250282503));
#4257 = PCURVE('',#2534,#4258);
#4258 = DEFINITIONAL_REPRESENTATION('',(#4259),#4329);
#4259 = B_SPLINE_CURVE_WITH_KNOTS('',3,(#4260,#4261,#4262,#4263,#4264,
    #4265,#4266,#4267,#4268,#4269,#4270,#4271,#4272,#4273,#4274,#4275,
    #4276,#4277,#4278,#4279,#4280,#4281,#4282,#4283,#4284,#4285,#4286,
    #4287,#4288,#4289,#4290,#4291,#4292,#4293,#4294,#4295,#4296,#4297,
    #4298,#4299,#4300,#4301,#4302,#4303,#4304,#4305,#4306,#4307,#4308,
    #4309,#4310,#4311,#4312,#4313,#4314,#4315,#4316,#4317,#4318,#4319,
    #4320,#4321,#4322,#4323,#4324,#4325,#4326,#4327,#4328),
  .UNSPECIFIED.,.F.,.F.,(4,1,1,1,1,1,1,1,1,1,1,1,1,1,1,1,1,1,1,1,1,1,1,1
    ,1,1,1,1,1,1,1,1,1,1,1,1,1,1,1,1,1,1,1,1,1,1,1,1,1,1,1,1,1,1,1,1,1,1
    ,1,1,1,1,1,1,1,1,4),(0.,1.515151515152E-02,3.030303030303E-02,
    4.545454545455E-02,6.060606060606E-02,7.575757575758E-02,
    9.090909090909E-02,0.106060606061,0.121212121212,0.136363636364,
    0.151515151515,0.166666666667,0.181818181818,0.19696969697,
    0.212121212121,0.227272727273,0.242424242424,0.257575757576,
    0.272727272727,0.287878787879,0.30303030303,0.318181818182,
    0.333333333333,0.348484848485,0.363636363636,0.378787878788,
    0.393939393939,0.409090909091,0.424242424242,0.439393939394,
    0.454545454545,0.469696969697,0.484848484848,0.5,0.515151515152,
    0.530303030303,0.545454545455,0.560606060606,0.575757575758,
    0.590909090909,0.606060606061,0.621212121212,0.636363636364,
    0.651515151515,0.666666666667,0.681818181818,0.69696969697,
    0.712121212121,0.727272727273,0.742424242424,0.757575757576,
    0.772727272727,0.787878787879,0.80303030303,0.818181818182,
    0.833333333333,0.848484848485,0.863636363636,0.878787878788,
    0.893939393939,0.909090909091,0.924242424242,0.939393939394,
    0.954545454545,0.969696969697,0.984848484848,1.),
  .QUASI_UNIFORM_KNOTS.);
#4260 = CARTESIAN_POINT('',(0.519316570246,0.501642835635));
#4261 = CARTESIAN_POINT('',(0.517149076482,0.501971372287));
#4262 = CARTESIAN_POINT('',(0.512787579587,0.502631556264));
#4263 = CARTESIAN_POINT('',(0.506167539498,0.503631252861));
#4264 = CARTESIAN_POINT('',(0.499470895136,0.504640451441));
#4265 = CARTESIAN_POINT('',(0.492700737045,0.505659258773));
#4266 = CARTESIAN_POINT('',(0.485861072663,0.506687827152));
#4267 = CARTESIAN_POINT('',(0.478960541856,0.507726240354));
#4268 = CARTESIAN_POINT('',(0.471948500649,0.508776254179));
#4269 = CARTESIAN_POINT('',(0.464794023258,0.509839801501));
#4270 = CARTESIAN_POINT('',(0.457493102854,0.51091884559));
#4271 = CARTESIAN_POINT('',(0.450064910356,0.512015371413));
#4272 = CARTESIAN_POINT('',(0.442569213222,0.513131511783));
#4273 = CARTESIAN_POINT('',(0.434976212476,0.514268205077));
#4274 = CARTESIAN_POINT('',(0.427250676616,0.51542627816));
#4275 = CARTESIAN_POINT('',(0.419383842881,0.516606735777));
#4276 = CARTESIAN_POINT('',(0.41135242017,0.517810515495));
#4277 = CARTESIAN_POINT('',(0.403128194739,0.519039210911));
#4278 = CARTESIAN_POINT('',(0.394791632517,0.520290411237));
#4279 = CARTESIAN_POINT('',(0.386402960113,0.521560616242));
#4280 = CARTESIAN_POINT('',(0.377966839037,0.522846650631));
#4281 = CARTESIAN_POINT('',(0.369451519723,0.524145365604));
#4282 = CARTESIAN_POINT('',(0.360745204737,0.525453617092));
#4283 = CARTESIAN_POINT('',(0.351894558879,0.526769088766));
#4284 = CARTESIAN_POINT('',(0.342998730982,0.528089728337));
#4285 = CARTESIAN_POINT('',(0.334102589835,0.529413356803));
#4286 = CARTESIAN_POINT('',(0.325227532289,0.530737845769));
#4287 = CARTESIAN_POINT('',(0.31634517605,0.532060865897));
#4288 = CARTESIAN_POINT('',(0.307475062795,0.533381140158));
#4289 = CARTESIAN_POINT('',(0.298672926668,0.534697962722));
#4290 = CARTESIAN_POINT('',(0.289964641121,0.536010435515));
#4291 = CARTESIAN_POINT('',(0.28131803887,0.537317642989));
#4292 = CARTESIAN_POINT('',(0.272672095799,0.538618815786));
#4293 = CARTESIAN_POINT('',(0.264047534679,0.539912456956));
#4294 = CARTESIAN_POINT('',(0.255518734776,0.541196370476));
#4295 = CARTESIAN_POINT('',(0.247112249652,0.54246837722));
#4296 = CARTESIAN_POINT('',(0.238830645223,0.543726313768));
#4297 = CARTESIAN_POINT('',(0.230641888672,0.544967519146));
#4298 = CARTESIAN_POINT('',(0.222499876018,0.546191344736));
#4299 = CARTESIAN_POINT('',(0.214390442072,0.547399524039));
#4300 = CARTESIAN_POINT('',(0.206318899461,0.54859323452));
#4301 = CARTESIAN_POINT('',(0.198307364674,0.54977372882));
#4302 = CARTESIAN_POINT('',(0.190406048863,0.550942116356));
#4303 = CARTESIAN_POINT('',(0.182636191576,0.552099582232));
#4304 = CARTESIAN_POINT('',(0.174960997126,0.55324752731));
#4305 = CARTESIAN_POINT('',(0.167379920449,0.554387285723));
#4306 = CARTESIAN_POINT('',(0.159871380478,0.555520191848));
#4307 = CARTESIAN_POINT('',(0.152436294794,0.556647539151));
#4308 = CARTESIAN_POINT('',(0.145063717191,0.557770706137));
#4309 = CARTESIAN_POINT('',(0.137688855179,0.558891346244));
#4310 = CARTESIAN_POINT('',(0.130280285314,0.560011103227));
#4311 = CARTESIAN_POINT('',(0.122823467089,0.561131619911));
#4312 = CARTESIAN_POINT('',(0.115328563912,0.562254633439));
#4313 = CARTESIAN_POINT('',(0.107814662085,0.563381514378));
#4314 = CARTESIAN_POINT('',(0.100262678776,0.564512318743));
#4315 = CARTESIAN_POINT('',(9.266088059188E-02,0.565647304799));
#4316 = CARTESIAN_POINT('',(8.499975555516E-02,0.566786688713));
#4317 = CARTESIAN_POINT('',(7.727022992989E-02,0.567930774847));
#4318 = CARTESIAN_POINT('',(6.947790778026E-02,0.569079667335));
#4319 = CARTESIAN_POINT('',(6.168536891373E-02,0.570232097506));
#4320 = CARTESIAN_POINT('',(5.393202288492E-02,0.571386895274));
#4321 = CARTESIAN_POINT('',(4.624619601E-02,0.572542847746));
#4322 = CARTESIAN_POINT('',(3.863044584854E-02,0.573698691017));
#4323 = CARTESIAN_POINT('',(3.10383272962E-02,0.57485334279));
#4324 = CARTESIAN_POINT('',(2.342969213653E-02,0.576008182429));
#4325 = CARTESIAN_POINT('',(1.578244427843E-02,0.577164478884));
#4326 = CARTESIAN_POINT('',(8.089221501962E-03,0.57832355141));
#4327 = CARTESIAN_POINT('',(2.940261231563E-03,0.579098995668));
#4328 = CARTESIAN_POINT('',(3.62270110707E-04,0.579487619808));
#4329 = ( GEOMETRIC_REPRESENTATION_CONTEXT(2) 
PARAMETRIC_REPRESENTATION_CONTEXT() REPRESENTATION_CONTEXT('2D SPACE',''
  ) );
#4330 = PCURVE('',#4331,#4336);
#4331 = PLANE('',#4332);
#4332 = AXIS2_PLACEMENT_3D('',#4333,#4334,#4335);
#4333 = CARTESIAN_POINT('',(0.,3.3,0.));
#4334 = DIRECTION('',(0.,-1.,0.));
#4335 = DIRECTION('',(-1.,0.,0.));
#4336 = DEFINITIONAL_REPRESENTATION('',(#4337),#4354);
#4337 = B_SPLINE_CURVE_WITH_KNOTS('',3,(#4338,#4339,#4340,#4341,#4342,
    #4343,#4344,#4345,#4346,#4347,#4348,#4349,#4350,#4351,#4352,#4353),
  .UNSPECIFIED.,.F.,.F.,(4,1,1,1,1,1,1,1,1,1,1,1,1,4),(0.,
    7.692307692308E-02,0.153846153846,0.230769230769,0.307692307692,
    0.384615384615,0.461538461538,0.538461538462,0.615384615385,
    0.692307692308,0.769230769231,0.846153846154,0.923076923077,1.),
  .UNSPECIFIED.);
#4338 = CARTESIAN_POINT('',(2.099364955584,3.28674105814));
#4339 = CARTESIAN_POINT('',(2.211613774662,3.209328968339));
#4340 = CARTESIAN_POINT('',(2.432971153696,3.039216139405));
#4341 = CARTESIAN_POINT('',(2.749011356592,2.736153372268));
#4342 = CARTESIAN_POINT('',(3.05293444596,2.368161155773));
#4343 = CARTESIAN_POINT('',(3.332226404171,1.92161809924));
#4344 = CARTESIAN_POINT('',(3.551633044829,1.425909196401));
#4345 = CARTESIAN_POINT('',(3.696810199754,0.91122355935));
#4346 = CARTESIAN_POINT('',(3.766500878453,0.397003829762));
#4347 = CARTESIAN_POINT('',(3.767418459215,-8.348370655823E-02));
#4348 = CARTESIAN_POINT('',(3.712606238288,-0.535245227761));
#4349 = CARTESIAN_POINT('',(3.607382104554,-0.966406797591));
#4350 = CARTESIAN_POINT('',(3.44996495799,-1.387246328845));
#4351 = CARTESIAN_POINT('',(3.238597032729,-1.792381012061));
#4352 = CARTESIAN_POINT('',(3.067228517486,-2.040701676768));
#4353 = CARTESIAN_POINT('',(2.97332943253,-2.160250282503));
#4354 = ( GEOMETRIC_REPRESENTATION_CONTEXT(2) 
PARAMETRIC_REPRESENTATION_CONTEXT() REPRESENTATION_CONTEXT('2D SPACE',''
  ) );
#4355 = ORIENTED_EDGE('',*,*,#4356,.F.);
#4356 = EDGE_CURVE('',#2520,#4237,#4357,.T.);
#4357 = SURFACE_CURVE('',#4358,(#4448,#4454),.PCURVE_S1.);
#4358 = B_SPLINE_CURVE_WITH_KNOTS('',3,(#4359,#4360,#4361,#4362,#4363,
    #4364,#4365,#4366,#4367,#4368,#4369,#4370,#4371,#4372,#4373,#4374,
    #4375,#4376,#4377,#4378,#4379,#4380,#4381,#4382,#4383,#4384,#4385,
    #4386,#4387,#4388,#4389,#4390,#4391,#4392,#4393,#4394,#4395,#4396,
    #4397,#4398,#4399,#4400,#4401,#4402,#4403,#4404,#4405,#4406,#4407,
    #4408,#4409,#4410,#4411,#4412,#4413,#4414,#4415,#4416,#4417,#4418,
    #4419,#4420,#4421,#4422,#4423,#4424,#4425,#4426,#4427,#4428,#4429,
    #4430,#4431,#4432,#4433,#4434,#4435,#4436,#4437,#4438,#4439,#4440,
    #4441,#4442,#4443,#4444,#4445,#4446,#4447),.UNSPECIFIED.,.F.,.F.,(4,
    1,1,1,1,1,1,1,1,1,1,1,1,1,1,1,1,1,1,1,1,1,1,1,1,1,1,1,1,1,1,1,1,1,1,
    1,1,1,1,1,1,1,1,1,1,1,1,1,1,1,1,1,1,1,1,1,1,1,1,1,1,1,1,1,1,1,1,1,1,
    1,1,1,1,1,1,1,1,1,1,1,1,1,1,1,1,1,4),(0.,1.162790697674E-02,
    2.325581395349E-02,3.488372093023E-02,4.651162790698E-02,
    5.813953488372E-02,6.976744186047E-02,8.139534883721E-02,
    9.302325581395E-02,0.104651162791,0.116279069767,0.127906976744,
    0.139534883721,0.151162790698,0.162790697674,0.174418604651,
    0.186046511628,0.197674418605,0.209302325581,0.220930232558,
    0.232558139535,0.244186046512,0.255813953488,0.267441860465,
    0.279069767442,0.290697674419,0.302325581395,0.313953488372,
    0.325581395349,0.337209302326,0.348837209302,0.360465116279,
    0.372093023256,0.383720930233,0.395348837209,0.406976744186,
    0.418604651163,0.43023255814,0.441860465116,0.453488372093,
    0.46511627907,0.476744186046,0.488372093023,0.5,0.511627906977,
    0.523255813953,0.53488372093,0.546511627907,0.558139534884,
    0.56976744186,0.581395348837,0.593023255814,0.604651162791,
    0.616279069767,0.627906976744,0.639534883721,0.651162790698,
    0.662790697674,0.674418604651,0.686046511628,0.697674418605,
    0.709302325581,0.720930232558,0.732558139535,0.744186046512,
    0.755813953488,0.767441860465,0.779069767442,0.790697674419,
    0.802325581395,0.813953488372,0.825581395349,0.837209302326,
    0.848837209302,0.860465116279,0.872093023256,0.883720930233,
    0.895348837209,0.906976744186,0.918604651163,0.93023255814,
    0.941860465116,0.953488372093,0.96511627907,0.976744186047,
    0.988372093023,1.),.UNSPECIFIED.);
#4359 = CARTESIAN_POINT('',(-1.811044432294,2.333996154886,
    3.198044287007));
#4360 = CARTESIAN_POINT('',(-1.660573196842,2.337740355836,
    3.283255769004));
#4361 = CARTESIAN_POINT('',(-1.347584033939,2.345228757736,
    3.432403318274));
#4362 = CARTESIAN_POINT('',(-0.851294404591,2.356461360586,
    3.587850803235));
#4363 = CARTESIAN_POINT('',(-0.338071819623,2.367693963436,
    3.671931761086));
#4364 = CARTESIAN_POINT('',(0.181875460283,2.378926566286,3.682973904647
    ));
#4365 = CARTESIAN_POINT('',(0.698205015004,2.390159169136,3.620757545673
    ));
#4366 = CARTESIAN_POINT('',(1.200646491602,2.401391771987,3.486520250257
    ));
#4367 = CARTESIAN_POINT('',(1.679205758076,2.412624374837,3.28293214574)
  );
#4368 = CARTESIAN_POINT('',(2.124363734092,2.423856977687,3.014042829372
    ));
#4369 = CARTESIAN_POINT('',(2.527265726493,2.435089580537,2.685200811775
    ));
#4370 = CARTESIAN_POINT('',(2.879897561701,2.446322183387,2.30294713053)
  );
#4371 = CARTESIAN_POINT('',(3.175244995946,2.457554786237,1.874885241185
    ));
#4372 = CARTESIAN_POINT('',(3.407433236652,2.468787389088,1.409529776079
    ));
#4373 = CARTESIAN_POINT('',(3.571843798613,2.480019991938,0.916137178707
    ));
#4374 = CARTESIAN_POINT('',(3.66520637087,2.491252594788,0.404521582652)
  );
#4375 = CARTESIAN_POINT('',(3.685663866876,2.502485197638,
    -0.115140402569));
#4376 = CARTESIAN_POINT('',(3.63280936403,2.513717800488,-0.632512115706
    ));
#4377 = CARTESIAN_POINT('',(3.507694197829,2.524950403338,-1.1373024516)
  );
#4378 = CARTESIAN_POINT('',(3.312807049621,2.536183006189,
    -1.619470562832));
#4379 = CARTESIAN_POINT('',(3.052024443935,2.547415609039,-2.06942558347
    ));
#4380 = CARTESIAN_POINT('',(2.730533640049,2.558648211889,
    -2.478217402178));
#4381 = CARTESIAN_POINT('',(2.354729451569,2.569880814739,
    -2.837714689994));
#4382 = CARTESIAN_POINT('',(1.932087046398,2.581113417589,
    -3.140766641608));
#4383 = CARTESIAN_POINT('',(1.471013257237,2.592346020439,
    -3.381345212919));
#4384 = CARTESIAN_POINT('',(0.98067936023,2.60357862329,-3.554665025613)
  );
#4385 = CARTESIAN_POINT('',(0.470838647972,2.61481122614,-3.657278553716
    ));
#4386 = CARTESIAN_POINT('',(-4.836757445347E-02,2.62604382899,
    -3.687144698766));
#4387 = CARTESIAN_POINT('',(-0.566611711434,2.63727643184,
    -3.643669389553));
#4388 = CARTESIAN_POINT('',(-1.073585304317,2.64850903469,
    -3.527717398864));
#4389 = CARTESIAN_POINT('',(-1.559204078248,2.65974163754,
    -3.341595142184));
#4390 = CARTESIAN_POINT('',(-2.013808529733,2.670974240391,
    -3.089004800493));
#4391 = CARTESIAN_POINT('',(-2.428356065028,2.682206843241,
    -2.774970679725));
#4392 = CARTESIAN_POINT('',(-2.794600867497,2.693439446091,
    -2.405739271676));
#4393 = CARTESIAN_POINT('',(-3.105257916174,2.704672048941,
    -1.988655004251));
#4394 = CARTESIAN_POINT('',(-3.354147893028,2.715904651791,
    -1.532014152544));
#4395 = CARTESIAN_POINT('',(-3.53632009654,2.727137254641,
    -1.044899816589));
#4396 = CARTESIAN_POINT('',(-3.648150916729,2.738369857492,
    -0.537001248289));
#4397 = CARTESIAN_POINT('',(-3.687415912829,2.749602460342,
    -1.842112130044E-02));
#4398 = CARTESIAN_POINT('',(-3.653334059913,2.760835063192,
    0.500525422505));
#4399 = CARTESIAN_POINT('',(-3.546583284361,2.772067666042,
    1.009515952814));
#4400 = CARTESIAN_POINT('',(-3.36928697914,2.783300268892,1.498426075619
    ));
#4401 = CARTESIAN_POINT('',(-3.124971767131,2.794532871742,
    1.957530818795));
#4402 = CARTESIAN_POINT('',(-2.818497352634,2.805765474593,
    2.377698072736));
#4403 = CARTESIAN_POINT('',(-2.455959856385,2.816998077443,
    2.750570238282));
#4404 = CARTESIAN_POINT('',(-2.044570556858,2.828230680293,
    3.068730468765));
#4405 = CARTESIAN_POINT('',(-1.59251244983,2.839463283143,3.325850199428
    ));
#4406 = CARTESIAN_POINT('',(-1.10877747939,2.850695885993,3.516815029696
    ));
#4407 = CARTESIAN_POINT('',(-0.602987678062,2.861928488843,
    3.637826454355));
#4408 = CARTESIAN_POINT('',(-8.520377375569E-02,2.873161091694,
    3.68647742009));
#4409 = CARTESIAN_POINT('',(0.434274929423,2.884393694544,3.661800204486
    ));
#4410 = CARTESIAN_POINT('',(0.945115415911,2.895626297394,3.564285665109
    ));
#4411 = CARTESIAN_POINT('',(1.437156493992,2.906858900244,3.395873475804
    ));
#4412 = CARTESIAN_POINT('',(1.900610913321,2.918091503094,3.159913544396
    ));
#4413 = CARTESIAN_POINT('',(2.326260044342,2.929324105944,2.861099379259
    ));
#4414 = CARTESIAN_POINT('',(2.705637247195,2.940556708795,2.505374730153
    ));
#4415 = CARTESIAN_POINT('',(3.031196282704,2.951789311645,2.099815360363
    ));
#4416 = CARTESIAN_POINT('',(3.296461415561,2.963021914495,1.652488301808
    ));
#4417 = CARTESIAN_POINT('',(3.496156223983,2.974254517345,1.172291392702
    ));
#4418 = CARTESIAN_POINT('',(3.626308553672,2.985487120195,0.668776289549
    ));
#4419 = CARTESIAN_POINT('',(3.684329528434,2.996719723045,0.151958473957
    ));
#4420 = CARTESIAN_POINT('',(3.669065045836,3.007952325896,-0.36788196656
    ));
#4421 = CARTESIAN_POINT('',(3.580818733603,3.019184928746,
    -0.880404821077));
#4422 = CARTESIAN_POINT('',(3.421345910117,3.030417531596,
    -1.375415433686));
#4423 = CARTESIAN_POINT('',(3.193818669166,3.041650134446,-1.84306748666
    ));
#4424 = CARTESIAN_POINT('',(2.902762783427,3.052882737296,-2.27405885479
    ));
#4425 = CARTESIAN_POINT('',(2.553967681761,3.064115340146,
    -2.659816635112));
#4426 = CARTESIAN_POINT('',(2.15437129096,3.075347942997,-2.992667671591
    ));
#4427 = CARTESIAN_POINT('',(1.711922032585,3.086580545847,
    -3.265991182818));
#4428 = CARTESIAN_POINT('',(1.235420719922,3.097813148697,
    -3.474350456803));
#4429 = CARTESIAN_POINT('',(0.734345499904,3.109045751547,
    -3.613600993285));
#4430 = CARTESIAN_POINT('',(0.21866332212,3.120278354397,-3.680972942505
    ));
#4431 = CARTESIAN_POINT('',(-0.301368315028,3.131510957247,
    -3.675126200635));
#4432 = CARTESIAN_POINT('',(-0.815405397501,3.142743560098,
    -3.596177065944));
#4433 = CARTESIAN_POINT('',(-1.313223149692,3.153976162948,-3.4456959255
    ));
#4434 = CARTESIAN_POINT('',(-1.784919416712,3.165208765798,
    -3.226676018404));
#4435 = CARTESIAN_POINT('',(-2.221111629387,3.176441368648,
    -2.943473896894));
#4436 = CARTESIAN_POINT('',(-2.613123434108,3.187673971498,
    -2.601722769632));
#4437 = CARTESIAN_POINT('',(-2.953157275256,3.198906574348,
    -2.208220450831));
#4438 = CARTESIAN_POINT('',(-3.234449497381,3.210139177199,
    -1.770794144136));
#4439 = CARTESIAN_POINT('',(-3.451404881794,3.221371780049,
    -1.298144750565));
#4440 = CARTESIAN_POINT('',(-3.599707942224,3.232604382899,
    -0.799673798457));
#4441 = CARTESIAN_POINT('',(-3.676408762941,3.243836985749,
    -0.285296434075));
#4442 = CARTESIAN_POINT('',(-3.679981682444,3.255069588599,
    0.234755792772));
#4443 = CARTESIAN_POINT('',(-3.610355616137,3.266302191449,    0.750138479429));
#4444 = CARTESIAN_POINT('',(-3.468915561544,3.2775347943,1.250600006573)
  );
#4445 = CARTESIAN_POINT('',(-3.258474708529,3.28876739715,1.726185923271
    ));
#4446 = CARTESIAN_POINT('',(-3.074971404849,3.29625579905,2.020352109442
    ));
#4447 = CARTESIAN_POINT('',(-2.97332943253,3.3,2.160250282503));
#4448 = PCURVE('',#2534,#4449);
#4449 = DEFINITIONAL_REPRESENTATION('',(#4450),#4453);
#4450 = B_SPLINE_CURVE_WITH_KNOTS('',1,(#4451,#4452),.UNSPECIFIED.,.F.,
  .F.,(2,2),(0.,1.),.PIECEWISE_BEZIER_KNOTS.);
#4451 = CARTESIAN_POINT('',(3.641633547241E-04,-5.927465306585E-07));
#4452 = CARTESIAN_POINT('',(3.622701107071E-04,0.579487619808));
#4453 = ( GEOMETRIC_REPRESENTATION_CONTEXT(2) 
PARAMETRIC_REPRESENTATION_CONTEXT() REPRESENTATION_CONTEXT('2D SPACE',''
  ) );
#4454 = PCURVE('',#3783,#4455);
#4455 = DEFINITIONAL_REPRESENTATION('',(#4456),#4459);
#4456 = B_SPLINE_CURVE_WITH_KNOTS('',1,(#4457,#4458),.UNSPECIFIED.,.F.,
  .F.,(2,2),(0.,1.),.PIECEWISE_BEZIER_KNOTS.);
#4457 = CARTESIAN_POINT('',(0.99939883514,-1.02339562363E-06));
#4458 = CARTESIAN_POINT('',(0.999590818371,0.579486394745));
#4459 = ( GEOMETRIC_REPRESENTATION_CONTEXT(2) 
PARAMETRIC_REPRESENTATION_CONTEXT() REPRESENTATION_CONTEXT('2D SPACE',''
  ) );
#4460 = ORIENTED_EDGE('',*,*,#2519,.T.);
#4461 = ORIENTED_EDGE('',*,*,#4462,.T.);
#4462 = EDGE_CURVE('',#2396,#4463,#4465,.T.);
#4463 = VERTEX_POINT('',#4464);
#4464 = CARTESIAN_POINT('',(4.,2.68750183336,0.));
#4465 = SURFACE_CURVE('',#4466,(#4485,#4558),.PCURVE_S1.);
#4466 = B_SPLINE_CURVE_WITH_KNOTS('',3,(#4467,#4468,#4469,#4470,#4471,
    #4472,#4473,#4474,#4475,#4476,#4477,#4478,#4479,#4480,#4481,#4482,
    #4483,#4484),.UNSPECIFIED.,.F.,.F.,(4,1,1,1,1,1,1,1,1,1,1,1,1,1,1,4)
  ,(0.,6.666666666667E-02,0.133333333333,0.2,0.266666666667,
    0.333333333333,0.4,0.466666666667,0.533333333333,0.6,0.666666666667,
    0.733333333333,0.8,0.866666666667,0.933333333333,1.),.UNSPECIFIED.);
#4467 = CARTESIAN_POINT('',(-1.971077549988,2.521497988246,
    3.480639781985));
#4468 = CARTESIAN_POINT('',(-1.810114914959,2.525178058667,
    3.571792517161));
#4469 = CARTESIAN_POINT('',(-1.474439466927,2.532563378307,3.73242797359
    ));
#4470 = CARTESIAN_POINT('',(-0.936279702408,2.543764097119,
    3.902541243608));
#4471 = CARTESIAN_POINT('',(-0.380456230233,2.554945946401,
    3.994927004271));
#4472 = CARTESIAN_POINT('',(0.174806422845,2.565969538175,4.008890296216
    ));
#4473 = CARTESIAN_POINT('',(0.725068450416,2.576959949266,3.946801115838
    ));
#4474 = CARTESIAN_POINT('',(1.266831858776,2.588059533112,3.807883707227
    ));
#4475 = CARTESIAN_POINT('',(1.784414314432,2.599172109962,3.594278028924
    ));
#4476 = CARTESIAN_POINT('',(2.262439410934,2.610167175721,3.314228251227
    ));
#4477 = CARTESIAN_POINT('',(2.700025395004,2.621234078951,2.968634949392
    ));
#4478 = CARTESIAN_POINT('',(3.083367192613,2.632235602972,2.568192528059
    ));
#4479 = CARTESIAN_POINT('',(3.409341403607,2.643293144436,2.116388275064
    ));
#4480 = CARTESIAN_POINT('',(3.668746981056,2.654303026439,1.625998206806
    ));
#4481 = CARTESIAN_POINT('',(3.859781286143,2.665438086296,1.098467047659
    ));
#4482 = CARTESIAN_POINT('',(3.974538429501,2.676500595655,0.552981004135
    ));
#4483 = CARTESIAN_POINT('',(4.,2.683841257252,0.184000624147));
#4484 = CARTESIAN_POINT('',(4.,2.68750183336,0.));
#4485 = PCURVE('',#2534,#4486);
#4486 = DEFINITIONAL_REPRESENTATION('',(#4487),#4557);
#4487 = B_SPLINE_CURVE_WITH_KNOTS('',3,(#4488,#4489,#4490,#4491,#4492,
    #4493,#4494,#4495,#4496,#4497,#4498,#4499,#4500,#4501,#4502,#4503,
    #4504,#4505,#4506,#4507,#4508,#4509,#4510,#4511,#4512,#4513,#4514,
    #4515,#4516,#4517,#4518,#4519,#4520,#4521,#4522,#4523,#4524,#4525,
    #4526,#4527,#4528,#4529,#4530,#4531,#4532,#4533,#4534,#4535,#4536,
    #4537,#4538,#4539,#4540,#4541,#4542,#4543,#4544,#4545,#4546,#4547,
    #4548,#4549,#4550,#4551,#4552,#4553,#4554,#4555,#4556),
  .UNSPECIFIED.,.F.,.F.,(4,1,1,1,1,1,1,1,1,1,1,1,1,1,1,1,1,1,1,1,1,1,1,1
    ,1,1,1,1,1,1,1,1,1,1,1,1,1,1,1,1,1,1,1,1,1,1,1,1,1,1,1,1,1,1,1,1,1,1
    ,1,1,1,1,1,1,1,1,4),(0.,1.515151515152E-02,3.030303030303E-02,
    4.545454545455E-02,6.060606060606E-02,7.575757575758E-02,
    9.090909090909E-02,0.106060606061,0.121212121212,0.136363636364,
    0.151515151515,0.166666666667,0.181818181818,0.19696969697,
    0.212121212121,0.227272727273,0.242424242424,0.257575757576,
    0.272727272727,0.287878787879,0.30303030303,0.318181818182,
    0.333333333333,0.348484848485,0.363636363636,0.378787878788,
    0.393939393939,0.409090909091,0.424242424242,0.439393939394,
    0.454545454545,0.469696969697,0.484848484848,0.5,0.515151515152,
    0.530303030303,0.545454545455,0.560606060606,0.575757575758,
    0.590909090909,0.606060606061,0.621212121212,0.636363636364,
    0.651515151515,0.666666666667,0.681818181818,0.69696969697,
    0.712121212121,0.727272727273,0.742424242424,0.757575757576,
    0.772727272727,0.787878787879,0.80303030303,0.818181818182,
    0.833333333333,0.848484848485,0.863636363636,0.878787878788,
    0.893939393939,0.909090909091,0.924242424242,0.939393939394,
    0.954545454545,0.969696969697,0.984848484848,1.),
  .QUASI_UNIFORM_KNOTS.);
#4488 = CARTESIAN_POINT('',(0.750403585319,-5.907064759923E-07));
#4489 = CARTESIAN_POINT('',(0.750383087088,5.011130310643E-04));
#4490 = CARTESIAN_POINT('',(0.750330189588,1.505334665364E-03));
#4491 = CARTESIAN_POINT('',(0.750230601479,3.014426526505E-03));
#4492 = CARTESIAN_POINT('',(0.750123628504,4.526608388011E-03));
#4493 = CARTESIAN_POINT('',(0.750031242557,6.042163035331E-03));
#4494 = CARTESIAN_POINT('',(0.749979187127,7.561565714004E-03));
#4495 = CARTESIAN_POINT('',(0.75001941769,9.084255350975E-03));
#4496 = CARTESIAN_POINT('',(0.750130374485,1.060902727001E-02));
#4497 = CARTESIAN_POINT('',(0.750276095833,1.213487214147E-02));
#4498 = CARTESIAN_POINT('',(0.750393875621,1.366078655201E-02));
#4499 = CARTESIAN_POINT('',(0.750429601298,1.518584793455E-02));
#4500 = CARTESIAN_POINT('',(0.750430378292,1.670914956099E-02));
#4501 = CARTESIAN_POINT('',(0.750411596191,1.82297272798E-02));
#4502 = CARTESIAN_POINT('',(0.750376217669,1.974665200356E-02));
#4503 = CARTESIAN_POINT('',(0.750302343772,2.125876592746E-02));
#4504 = CARTESIAN_POINT('',(0.750192867026,2.276670437984E-02));
#4505 = CARTESIAN_POINT('',(0.750077643299,2.427146368982E-02));
#4506 = CARTESIAN_POINT('',(0.749996040713,2.5773891063E-02));
#4507 = CARTESIAN_POINT('',(0.750019751565,2.727478126549E-02));
#4508 = CARTESIAN_POINT('',(0.750127299378,2.877495377353E-02));
#4509 = CARTESIAN_POINT('',(0.750250935729,3.027539149256E-02));
#4510 = CARTESIAN_POINT('',(0.750354384111,3.177709836449E-02));
#4511 = CARTESIAN_POINT('',(0.750415663007,3.328111616982E-02));
#4512 = CARTESIAN_POINT('',(0.750434579956,3.478850815209E-02));
#4513 = CARTESIAN_POINT('',(0.750427758212,3.629859342675E-02));
#4514 = CARTESIAN_POINT('',(0.750396101896,3.781070225756E-02));
#4515 = CARTESIAN_POINT('',(0.750333216951,3.932417221435E-02));
#4516 = CARTESIAN_POINT('',(0.750204213851,4.083839823554E-02));
#4517 = CARTESIAN_POINT('',(0.7500493404,4.235262092401E-02));
#4518 = CARTESIAN_POINT('',(0.749946834174,4.386589613999E-02));
#4519 = CARTESIAN_POINT('',(0.749951981677,4.537727930237E-02));
#4520 = CARTESIAN_POINT('',(0.750076142423,4.688564941712E-02));
#4521 = CARTESIAN_POINT('',(0.750237807146,4.839038684808E-02));
#4522 = CARTESIAN_POINT('',(0.750376596948,4.989300889058E-02));
#4523 = CARTESIAN_POINT('',(0.750456142169,5.139482785777E-02));
#4524 = CARTESIAN_POINT('',(0.750464566401,5.289717077115E-02));
#4525 = CARTESIAN_POINT('',(0.750414817419,5.440159675503E-02));
#4526 = CARTESIAN_POINT('',(0.750346696948,5.590756703493E-02));
#4527 = CARTESIAN_POINT('',(0.750284176653,5.741403852281E-02));
#4528 = CARTESIAN_POINT('',(0.750234997836,5.892013208006E-02));
#4529 = CARTESIAN_POINT('',(0.75018540127,6.042474281253E-02));
#4530 = CARTESIAN_POINT('',(0.750123198508,6.192761793593E-02));
#4531 = CARTESIAN_POINT('',(0.750071580437,6.342977991592E-02));
#4532 = CARTESIAN_POINT('',(0.750074307434,6.493197195464E-02));
#4533 = CARTESIAN_POINT('',(0.750112571268,6.643499018061E-02));
#4534 = CARTESIAN_POINT('',(0.750165328789,6.793964420392E-02));
#4535 = CARTESIAN_POINT('',(0.750242951667,6.944521550687E-02));
#4536 = CARTESIAN_POINT('',(0.750339316707,7.095096986648E-02));
#4537 = CARTESIAN_POINT('',(0.750436696289,7.245625517842E-02));
#4538 = CARTESIAN_POINT('',(0.750502526552,7.396018070446E-02));
#4539 = CARTESIAN_POINT('',(0.7505012347,7.546325229051E-02));
#4540 = CARTESIAN_POINT('',(0.750421519589,7.696688682773E-02));
#4541 = CARTESIAN_POINT('',(0.750274302656,7.847226093655E-02));
#4542 = CARTESIAN_POINT('',(0.750091299778,7.99807365101E-02));
#4543 = CARTESIAN_POINT('',(0.749934212865,8.149309627194E-02));
#4544 = CARTESIAN_POINT('',(0.749891423669,8.300766721017E-02));
#4545 = CARTESIAN_POINT('',(0.749990599909,8.452300702864E-02));
#4546 = CARTESIAN_POINT('',(0.750163260766,8.603767695646E-02));
#4547 = CARTESIAN_POINT('',(0.75031343442,8.755016278111E-02));
#4548 = CARTESIAN_POINT('',(0.750416022439,8.906040298367E-02));
#4549 = CARTESIAN_POINT('',(0.750471589038,9.056864238749E-02));
#4550 = CARTESIAN_POINT('',(0.750478322024,9.207503095284E-02));
#4551 = CARTESIAN_POINT('',(0.750437471349,9.357974181524E-02));
#4552 = CARTESIAN_POINT('',(0.750357965656,9.508287117663E-02));
#4553 = CARTESIAN_POINT('',(0.750257801853,9.658440369705E-02));
#4554 = CARTESIAN_POINT('',(0.750152969392,9.80843185934E-02));
#4555 = CARTESIAN_POINT('',(0.750090160316,9.908314533603E-02));
#4556 = CARTESIAN_POINT('',(0.75006310693,9.958227178271E-02));
#4557 = ( GEOMETRIC_REPRESENTATION_CONTEXT(2) 
PARAMETRIC_REPRESENTATION_CONTEXT() REPRESENTATION_CONTEXT('2D SPACE',''
  ) );
#4558 = PCURVE('',#2463,#4559);
#4559 = DEFINITIONAL_REPRESENTATION('',(#4560),#4630);
#4560 = B_SPLINE_CURVE_WITH_KNOTS('',3,(#4561,#4562,#4563,#4564,#4565,
    #4566,#4567,#4568,#4569,#4570,#4571,#4572,#4573,#4574,#4575,#4576,
    #4577,#4578,#4579,#4580,#4581,#4582,#4583,#4584,#4585,#4586,#4587,
    #4588,#4589,#4590,#4591,#4592,#4593,#4594,#4595,#4596,#4597,#4598,
    #4599,#4600,#4601,#4602,#4603,#4604,#4605,#4606,#4607,#4608,#4609,
    #4610,#4611,#4612,#4613,#4614,#4615,#4616,#4617,#4618,#4619,#4620,
    #4621,#4622,#4623,#4624,#4625,#4626,#4627,#4628,#4629),
  .UNSPECIFIED.,.F.,.F.,(4,1,1,1,1,1,1,1,1,1,1,1,1,1,1,1,1,1,1,1,1,1,1,1
    ,1,1,1,1,1,1,1,1,1,1,1,1,1,1,1,1,1,1,1,1,1,1,1,1,1,1,1,1,1,1,1,1,1,1
    ,1,1,1,1,1,1,1,1,4),(0.,1.515151515152E-02,3.030303030303E-02,
    4.545454545455E-02,6.060606060606E-02,7.575757575758E-02,
    9.090909090909E-02,0.106060606061,0.121212121212,0.136363636364,
    0.151515151515,0.166666666667,0.181818181818,0.19696969697,
    0.212121212121,0.227272727273,0.242424242424,0.257575757576,
    0.272727272727,0.287878787879,0.30303030303,0.318181818182,
    0.333333333333,0.348484848485,0.363636363636,0.378787878788,
    0.393939393939,0.409090909091,0.424242424242,0.439393939394,
    0.454545454545,0.469696969697,0.484848484848,0.5,0.515151515152,
    0.530303030303,0.545454545455,0.560606060606,0.575757575758,
    0.590909090909,0.606060606061,0.621212121212,0.636363636364,
    0.651515151515,0.666666666667,0.681818181818,0.69696969697,
    0.712121212121,0.727272727273,0.742424242424,0.757575757576,
    0.772727272727,0.787878787879,0.80303030303,0.818181818182,
    0.833333333333,0.848484848485,0.863636363636,0.878787878788,
    0.893939393939,0.909090909091,0.924242424242,0.939393939394,
    0.954545454545,0.969696969697,0.984848484848,1.),
  .QUASI_UNIFORM_KNOTS.);
#4561 = CARTESIAN_POINT('',(5.227658494706,0.993502011754));
#4562 = CARTESIAN_POINT('',(5.217148200533,0.992665632113));
#4563 = CARTESIAN_POINT('',(5.196111131411,0.990991571626));
#4564 = CARTESIAN_POINT('',(5.16449953594,0.988476028973));
#4565 = CARTESIAN_POINT('',(5.132825278652,0.985955462812));
#4566 = CARTESIAN_POINT('',(5.10108211152,0.983429383009));
#4567 = CARTESIAN_POINT('',(5.06925921938,0.980896996916));
#4568 = CARTESIAN_POINT('',(5.037366686045,0.978359119249));
#4569 = CARTESIAN_POINT('',(5.005428594025,0.975817601567));
#4570 = CARTESIAN_POINT('',(4.973465689808,0.97327405539));
#4571 = CARTESIAN_POINT('',(4.941499154502,0.970730157409));
#4572 = CARTESIAN_POINT('',(4.909548877849,0.968187563462));
#4573 = CARTESIAN_POINT('',(4.877634558532,0.96564790341));
#4574 = CARTESIAN_POINT('',(4.845777266862,0.963112833218));
#4575 = CARTESIAN_POINT('',(4.813997339141,0.96058391706));
#4576 = CARTESIAN_POINT('',(4.782319778136,0.958063060178));
#4577 = CARTESIAN_POINT('',(4.750731707993,0.955549305754));
#4578 = CARTESIAN_POINT('',(4.719212255386,0.953041056229));
#4579 = CARTESIAN_POINT('',(4.687743169452,0.950536873615));
#4580 = CARTESIAN_POINT('',(4.65630654724,0.948035297535));
#4581 = CARTESIAN_POINT('',(4.624883781556,0.945534784624));
#4582 = CARTESIAN_POINT('',(4.593453650308,0.943033641259));
#4583 = CARTESIAN_POINT('',(4.5619949868,0.940530202325));
#4584 = CARTESIAN_POINT('',(4.530486249995,0.938022795137));
#4585 = CARTESIAN_POINT('',(4.498905733081,0.935509748778));
#4586 = CARTESIAN_POINT('',(4.467268445953,0.932992193034));
#4587 = CARTESIAN_POINT('',(4.435589256092,0.930471253964));
#4588 = CARTESIAN_POINT('',(4.403882823485,0.92794807204));
#4589 = CARTESIAN_POINT('',(4.372162441775,0.925423733807));
#4590 = CARTESIAN_POINT('',(4.340444212877,0.922899614146));
#4591 = CARTESIAN_POINT('',(4.308747594676,0.920377290829));
#4592 = CARTESIAN_POINT('',(4.277091497115,0.917858244258));
#4593 = CARTESIAN_POINT('',(4.245497844324,0.915344167204));
#4594 = CARTESIAN_POINT('',(4.213978622528,0.912835970299));
#4595 = CARTESIAN_POINT('',(4.182501731648,0.910331112148));
#4596 = CARTESIAN_POINT('',(4.151039809003,0.907827433264));
#4597 = CARTESIAN_POINT('',(4.119565521671,0.905322776082));
#4598 = CARTESIAN_POINT('',(4.088046883995,0.902814593436));
#4599 = CARTESIAN_POINT('',(4.056495954873,0.900303857474));
#4600 = CARTESIAN_POINT('',(4.0249353785,0.897792359201));
#4601 = CARTESIAN_POINT('',(3.99338424841,0.895281596741));
#4602 = CARTESIAN_POINT('',(3.96186614617,0.892773451554));
#4603 = CARTESIAN_POINT('',(3.930386399698,0.890268370333));
#4604 = CARTESIAN_POINT('',(3.898923094586,0.887764602098));
#4605 = CARTESIAN_POINT('',(3.86745943066,0.885260809174));
#4606 = CARTESIAN_POINT('',(3.835977286697,0.882755542575));
#4607 = CARTESIAN_POINT('',(3.804459009226,0.880247385253));
#4608 = CARTESIAN_POINT('',(3.772919456474,0.877737545922));
#4609 = CARTESIAN_POINT('',(3.741374288445,0.875227267135));
#4610 = CARTESIAN_POINT('',(3.709837777876,0.872717672528));
#4611 = CARTESIAN_POINT('',(3.678329404484,0.870210327563));
#4612 = CARTESIAN_POINT('',(3.646839447671,0.867704448167));
#4613 = CARTESIAN_POINT('',(3.615339000101,0.865197715239));
#4614 = CARTESIAN_POINT('',(3.583803971306,0.862688223079));
#4615 = CARTESIAN_POINT('',(3.552206052542,0.860173739663));
#4616 = CARTESIAN_POINT('',(3.520528584242,0.857652959655));
#4617 = CARTESIAN_POINT('',(3.488805733549,0.855128575203));
#4618 = CARTESIAN_POINT('',(3.457066135171,0.852602822908));
#4619 = CARTESIAN_POINT('',(3.425338868115,0.850077991361));
#4620 = CARTESIAN_POINT('',(3.393655352628,0.847556616748));
#4621 = CARTESIAN_POINT('',(3.362016989294,0.845038878008));
#4622 = CARTESIAN_POINT('',(3.330419112709,0.842524417746));
#4623 = CARTESIAN_POINT('',(3.298859293129,0.840013025633));
#4624 = CARTESIAN_POINT('',(3.26733472712,0.837504418871));
#4625 = CARTESIAN_POINT('',(3.235844204388,0.834998478533));
#4626 = CARTESIAN_POINT('',(3.204388688311,0.832495321795));
#4627 = CARTESIAN_POINT('',(3.17296904285,0.829995021608));
#4628 = CARTESIAN_POINT('',(3.152047234587,0.828330115755));
#4629 = CARTESIAN_POINT('',(3.14159265359,0.82749816664));
#4630 = ( GEOMETRIC_REPRESENTATION_CONTEXT(2) 
PARAMETRIC_REPRESENTATION_CONTEXT() REPRESENTATION_CONTEXT('2D SPACE',''
  ) );
#4631 = ORIENTED_EDGE('',*,*,#4632,.T.);
#4632 = EDGE_CURVE('',#4463,#4012,#4633,.T.);
#4633 = SURFACE_CURVE('',#4634,(#4661,#4778),.PCURVE_S1.);
#4634 = B_SPLINE_CURVE_WITH_KNOTS('',3,(#4635,#4636,#4637,#4638,#4639,
    #4640,#4641,#4642,#4643,#4644,#4645,#4646,#4647,#4648,#4649,#4650,
    #4651,#4652,#4653,#4654,#4655,#4656,#4657,#4658,#4659,#4660),
  .UNSPECIFIED.,.F.,.F.,(4,1,1,1,1,1,1,1,1,1,1,1,1,1,1,1,1,1,1,1,1,1,1,4
    ),(0.,4.347826086957E-02,8.695652173913E-02,0.130434782609,
    0.173913043478,0.217391304348,0.260869565217,0.304347826087,
    0.347826086957,0.391304347826,0.434782608696,0.478260869565,
    0.521739130435,0.565217391304,0.608695652174,0.652173913044,
    0.695652173913,0.739130434783,0.782608695652,0.826086956522,
    0.869565217391,0.913043478261,0.95652173913,1.),.UNSPECIFIED.);
#4635 = CARTESIAN_POINT('',(4.,2.68750183336,0.));
#4636 = CARTESIAN_POINT('',(4.,2.691109543327,-0.181343282063));
#4637 = CARTESIAN_POINT('',(3.975352665837,2.698351019571,
    -0.545355730572));
#4638 = CARTESIAN_POINT('',(3.862752367022,2.709332002494,
    -1.087065034476));
#4639 = CARTESIAN_POINT('',(3.676271195285,2.720309955081,
    -1.607794229044));
#4640 = CARTESIAN_POINT('',(3.424802616444,2.731109111015,
    -2.090285313415));
#4641 = CARTESIAN_POINT('',(3.10831295591,2.741985656765,-2.537629117129
    ));
#4642 = CARTESIAN_POINT('',(2.729810783949,2.752965810584,-2.94113704067
    ));
#4643 = CARTESIAN_POINT('',(2.300235980503,2.763920275316,
    -3.287683607838));
#4644 = CARTESIAN_POINT('',(1.834162113284,2.774719707901,
    -3.568420106674));
#4645 = CARTESIAN_POINT('',(1.335558834809,2.785498408974,-3.78355312906
    ));
#4646 = CARTESIAN_POINT('',(0.807451123748,2.796378255279,
    -3.930488282327));
#4647 = CARTESIAN_POINT('',(0.263485803336,2.807272401055,
    -4.003688029173));
#4648 = CARTESIAN_POINT('',(-0.279599487325,2.818051504562,
    -4.002576308423));
#4649 = CARTESIAN_POINT('',(-0.82122304475,2.828905397772,
    -3.927405418551));
#4650 = CARTESIAN_POINT('',(-1.344251232179,2.839688262282,
    -3.780444336968));
#4651 = CARTESIAN_POINT('',(-1.84536470649,2.850532895547,
    -3.562774618972));
#4652 = CARTESIAN_POINT('',(-2.309938541964,2.861319560921,
    -3.280764898301));
#4653 = CARTESIAN_POINT('',(-2.73676625198,2.872229167326,
    -2.934448445184));
#4654 = CARTESIAN_POINT('',(-3.110865720038,2.883105617775,
    -2.534015364755));
#4655 = CARTESIAN_POINT('',(-3.424184175511,2.893873590503,
    -2.091145858887));
#4656 = CARTESIAN_POINT('',(-3.676431893024,2.904699115761,
    -1.607573203053));
#4657 = CARTESIAN_POINT('',(-3.862701206717,2.915669680697,-1.0871499579
    ));
#4658 = CARTESIAN_POINT('',(-3.975363933104,2.926652777421,
    -0.545353176035));
#4659 = CARTESIAN_POINT('',(-4.,2.933893999707,-0.181349499218));
#4660 = CARTESIAN_POINT('',(-4.,2.93750183336,0.));
#4661 = PCURVE('',#2534,#4662);
#4662 = DEFINITIONAL_REPRESENTATION('',(#4663),#4777);
#4663 = B_SPLINE_CURVE_WITH_KNOTS('',3,(#4664,#4665,#4666,#4667,#4668,
    #4669,#4670,#4671,#4672,#4673,#4674,#4675,#4676,#4677,#4678,#4679,
    #4680,#4681,#4682,#4683,#4684,#4685,#4686,#4687,#4688,#4689,#4690,
    #4691,#4692,#4693,#4694,#4695,#4696,#4697,#4698,#4699,#4700,#4701,
    #4702,#4703,#4704,#4705,#4706,#4707,#4708,#4709,#4710,#4711,#4712,
    #4713,#4714,#4715,#4716,#4717,#4718,#4719,#4720,#4721,#4722,#4723,
    #4724,#4725,#4726,#4727,#4728,#4729,#4730,#4731,#4732,#4733,#4734,
    #4735,#4736,#4737,#4738,#4739,#4740,#4741,#4742,#4743,#4744,#4745,
    #4746,#4747,#4748,#4749,#4750,#4751,#4752,#4753,#4754,#4755,#4756,
    #4757,#4758,#4759,#4760,#4761,#4762,#4763,#4764,#4765,#4766,#4767,
    #4768,#4769,#4770,#4771,#4772,#4773,#4774,#4775,#4776),
  .UNSPECIFIED.,.F.,.F.,(4,1,1,1,1,1,1,1,1,1,1,1,1,1,1,1,1,1,1,1,1,1,1,1
    ,1,1,1,1,1,1,1,1,1,1,1,1,1,1,1,1,1,1,1,1,1,1,1,1,1,1,1,1,1,1,1,1,1,1
    ,1,1,1,1,1,1,1,1,1,1,1,1,1,1,1,1,1,1,1,1,1,1,1,1,1,1,1,1,1,1,1,1,1,1
    ,1,1,1,1,1,1,1,1,1,1,1,1,1,1,1,1,1,1,4),(0.,9.090909090909E-03,
    1.818181818182E-02,2.727272727273E-02,3.636363636364E-02,
    4.545454545455E-02,5.454545454545E-02,6.363636363636E-02,
    7.272727272727E-02,8.181818181818E-02,9.090909090909E-02,1.E-01,
    0.109090909091,0.118181818182,0.127272727273,0.136363636364,
    0.145454545455,0.154545454545,0.163636363636,0.172727272727,
    0.181818181818,0.190909090909,0.2,0.209090909091,0.218181818182,
    0.227272727273,0.236363636364,0.245454545455,0.254545454545,
    0.263636363636,0.272727272727,0.281818181818,0.290909090909,0.3,
    0.309090909091,0.318181818182,0.327272727273,0.336363636364,
    0.345454545455,0.354545454545,0.363636363636,0.372727272727,
    0.381818181818,0.390909090909,0.4,0.409090909091,0.418181818182,
    0.427272727273,0.436363636364,0.445454545455,0.454545454545,
    0.463636363636,0.472727272727,0.481818181818,0.490909090909,0.5,
    0.509090909091,0.518181818182,0.527272727273,0.536363636364,
    0.545454545455,0.554545454545,0.563636363636,0.572727272727,
    0.581818181818,0.590909090909,0.6,0.609090909091,0.618181818182,
    0.627272727273,0.636363636364,0.645454545455,0.654545454545,
    0.663636363636,0.672727272727,0.681818181818,0.690909090909,0.7,
    0.709090909091,0.718181818182,0.727272727273,0.736363636364,
    0.745454545455,0.754545454545,0.763636363636,0.772727272727,
    0.781818181818,0.790909090909,0.8,0.809090909091,0.818181818182,
    0.827272727273,0.836363636364,0.845454545455,0.854545454545,
    0.863636363636,0.872727272727,0.881818181818,0.890909090909,0.9,
    0.909090909091,0.918181818182,0.927272727273,0.936363636364,
    0.945454545455,0.954545454545,0.963636363636,0.972727272727,
    0.981818181818,0.990909090909,1.),.QUASI_UNIFORM_KNOTS.);
#4664 = CARTESIAN_POINT('',(0.75006310693,9.958227178271E-02));
#4665 = CARTESIAN_POINT('',(0.750034919181,0.100034835436));
#4666 = CARTESIAN_POINT('',(0.750003043345,0.100940670698));
#4667 = CARTESIAN_POINT('',(0.750017038779,0.102301712102));
#4668 = CARTESIAN_POINT('',(0.750091685357,0.103665198966));
#4669 = CARTESIAN_POINT('',(0.750188963883,0.105031315156));
#4670 = CARTESIAN_POINT('',(0.750282056305,0.106400334408));
#4671 = CARTESIAN_POINT('',(0.750354106986,0.10777234682));
#4672 = CARTESIAN_POINT('',(0.750414794088,0.109146584823));
#4673 = CARTESIAN_POINT('',(0.750456388563,0.110522404378));
#4674 = CARTESIAN_POINT('',(0.750464700761,0.111899141089));
#4675 = CARTESIAN_POINT('',(0.750402001879,0.113276194961));
#4676 = CARTESIAN_POINT('',(0.750274615933,0.114652843954));
#4677 = CARTESIAN_POINT('',(0.750146949854,0.116028142257));
#4678 = CARTESIAN_POINT('',(0.750053100953,0.117401113944));
#4679 = CARTESIAN_POINT('',(0.750015356771,0.118770827825));
#4680 = CARTESIAN_POINT('',(0.750035846389,0.120136001125));
#4681 = CARTESIAN_POINT('',(0.750109829209,0.121497233202));
#4682 = CARTESIAN_POINT('',(0.750192819615,0.122856088855));
#4683 = CARTESIAN_POINT('',(0.750259854094,0.124213927741));
#4684 = CARTESIAN_POINT('',(0.750308897897,0.125572146746));
#4685 = CARTESIAN_POINT('',(0.750366580931,0.126932220175));
#4686 = CARTESIAN_POINT('',(0.750420583792,0.128294402322));
#4687 = CARTESIAN_POINT('',(0.750452344608,0.129658814836));
#4688 = CARTESIAN_POINT('',(0.750448434871,0.131025638956));
#4689 = CARTESIAN_POINT('',(0.750396380821,0.132395085499));
#4690 = CARTESIAN_POINT('',(0.750292333082,0.13376731741));
#4691 = CARTESIAN_POINT('',(0.750179293723,0.135141582096));
#4692 = CARTESIAN_POINT('',(0.750083962337,0.136517163628));
#4693 = CARTESIAN_POINT('',(0.750023495925,0.137893321974));
#4694 = CARTESIAN_POINT('',(0.749997508766,0.139269315277));
#4695 = CARTESIAN_POINT('',(0.750014552433,0.14064440769));
#4696 = CARTESIAN_POINT('',(0.750082051322,0.142017874894));
#4697 = CARTESIAN_POINT('',(0.75018930307,0.143388970956));
#4698 = CARTESIAN_POINT('',(0.750316257922,0.144757004917));
#4699 = CARTESIAN_POINT('',(0.75042743996,0.146121095648));
#4700 = CARTESIAN_POINT('',(0.750491259788,0.147481324139));
#4701 = CARTESIAN_POINT('',(0.750499744877,0.148838631444));
#4702 = CARTESIAN_POINT('',(0.750455845186,0.15019375813));
#4703 = CARTESIAN_POINT('',(0.750374014436,0.15154747526));
#4704 = CARTESIAN_POINT('',(0.750286560592,0.152900519827));
#4705 = CARTESIAN_POINT('',(0.750197003903,0.154253572024));
#4706 = CARTESIAN_POINT('',(0.75010704498,0.155607299252));
#4707 = CARTESIAN_POINT('',(0.750031458897,0.156962370088));
#4708 = CARTESIAN_POINT('',(0.750000298257,0.15831943133));
#4709 = CARTESIAN_POINT('',(0.75003495825,0.159679153278));
#4710 = CARTESIAN_POINT('',(0.750118278921,0.161041027423));
#4711 = CARTESIAN_POINT('',(0.750231347297,0.162404525381));
#4712 = CARTESIAN_POINT('',(0.750345879938,0.163769155883));
#4713 = CARTESIAN_POINT('',(0.750422063467,0.165134466133));
#4714 = CARTESIAN_POINT('',(0.750427766093,0.166500002757));
#4715 = CARTESIAN_POINT('',(0.750402728157,0.167865096973));
#4716 = CARTESIAN_POINT('',(0.750366643081,0.169229062563));
#4717 = CARTESIAN_POINT('',(0.750330136749,0.170591241096));
#4718 = CARTESIAN_POINT('',(0.750291978329,0.171950775884));
#4719 = CARTESIAN_POINT('',(0.750237800453,0.17330761046));
#4720 = CARTESIAN_POINT('',(0.75016373892,0.17466297728));
#4721 = CARTESIAN_POINT('',(0.750082246775,0.176017873451));
#4722 = CARTESIAN_POINT('',(0.750030215211,0.177373272426));
#4723 = CARTESIAN_POINT('',(0.750025922681,0.178730354712));
#4724 = CARTESIAN_POINT('',(0.750069245443,0.180088975689));
#4725 = CARTESIAN_POINT('',(0.750161463125,0.181448167375));
#4726 = CARTESIAN_POINT('',(0.750286539762,0.182807154802));
#4727 = CARTESIAN_POINT('',(0.750417455242,0.184165168285));
#4728 = CARTESIAN_POINT('',(0.750510028204,0.185521325364));
#4729 = CARTESIAN_POINT('',(0.750540566963,0.186876170699));
#4730 = CARTESIAN_POINT('',(0.75050338039,0.188230516547));
#4731 = CARTESIAN_POINT('',(0.750403433578,0.189585100434));
#4732 = CARTESIAN_POINT('',(0.75025760673,0.190940683553));
#4733 = CARTESIAN_POINT('',(0.750096732838,0.192297957523));
#4734 = CARTESIAN_POINT('',(0.74997103131,0.193656240458));
#4735 = CARTESIAN_POINT('',(0.749915665705,0.195014856907));
#4736 = CARTESIAN_POINT('',(0.749964005955,0.196373126122));
#4737 = CARTESIAN_POINT('',(0.750092884725,0.197730246512));
#4738 = CARTESIAN_POINT('',(0.750238996486,0.19908591417));
#4739 = CARTESIAN_POINT('',(0.750363053411,0.200441263647));
#4740 = CARTESIAN_POINT('',(0.750440231247,0.201797265549));
#4741 = CARTESIAN_POINT('',(0.750462542927,0.203154897638));
#4742 = CARTESIAN_POINT('',(0.750437981576,0.204515361734));
#4743 = CARTESIAN_POINT('',(0.750392604943,0.205878793917));
#4744 = CARTESIAN_POINT('',(0.750345038928,0.207244152325));
#4745 = CARTESIAN_POINT('',(0.750297721321,0.208610637135));
#4746 = CARTESIAN_POINT('',(0.750242908677,0.209977406856));
#4747 = CARTESIAN_POINT('',(0.750146269877,0.211343598698));
#4748 = CARTESIAN_POINT('',(0.75003831131,0.21270871404));
#4749 = CARTESIAN_POINT('',(0.749972242943,0.214072358974));
#4750 = CARTESIAN_POINT('',(0.749993943302,0.215434051911));
#4751 = CARTESIAN_POINT('',(0.750087872944,0.216793321067));
#4752 = CARTESIAN_POINT('',(0.750212365335,0.218149628238));
#4753 = CARTESIAN_POINT('',(0.750328183672,0.21950380828));
#4754 = CARTESIAN_POINT('',(0.750411575643,0.22085682055));
#4755 = CARTESIAN_POINT('',(0.750453766137,0.222209596808));
#4756 = CARTESIAN_POINT('',(0.750462582962,0.223563090688));
#4757 = CARTESIAN_POINT('',(0.750455797135,0.224918185889));
#4758 = CARTESIAN_POINT('',(0.750418346576,0.226275330104));
#4759 = CARTESIAN_POINT('',(0.750346074429,0.227635035852));
#4760 = CARTESIAN_POINT('',(0.750243109817,0.228997784733));
#4761 = CARTESIAN_POINT('',(0.750119007947,0.230364191957));
#4762 = CARTESIAN_POINT('',(0.750006238626,0.231734365254));
#4763 = CARTESIAN_POINT('',(0.74995497926,0.23310738816));
#4764 = CARTESIAN_POINT('',(0.750000958708,0.234482496934));
#4765 = CARTESIAN_POINT('',(0.750107814691,0.235858893657));
#4766 = CARTESIAN_POINT('',(0.750207596811,0.237235848591));
#4767 = CARTESIAN_POINT('',(0.750284390919,0.238612659231));
#4768 = CARTESIAN_POINT('',(0.75035702298,0.239988606142));
#4769 = CARTESIAN_POINT('',(0.750421386912,0.241362955867));
#4770 = CARTESIAN_POINT('',(0.750465626915,0.242735004811));
#4771 = CARTESIAN_POINT('',(0.750459355992,0.244103937208));
#4772 = CARTESIAN_POINT('',(0.750403036998,0.245469876133));
#4773 = CARTESIAN_POINT('',(0.750312207624,0.246833154525));
#4774 = CARTESIAN_POINT('',(0.750203775794,0.248194022417));
#4775 = CARTESIAN_POINT('',(0.750135049931,0.249099812545));
#4776 = CARTESIAN_POINT('',(0.75010511425,0.249552382851));
#4777 = ( GEOMETRIC_REPRESENTATION_CONTEXT(2) 
PARAMETRIC_REPRESENTATION_CONTEXT() REPRESENTATION_CONTEXT('2D SPACE',''
  ) );
#4778 = PCURVE('',#4779,#4784);
#4779 = CYLINDRICAL_SURFACE('',#4780,4.);
#4780 = AXIS2_PLACEMENT_3D('',#4781,#4782,#4783);
#4781 = CARTESIAN_POINT('',(0.,3.515,0.));
#4782 = DIRECTION('',(0.,-1.,0.));
#4783 = DIRECTION('',(-1.,0.,0.));
#4784 = DEFINITIONAL_REPRESENTATION('',(#4785),#4899);
#4785 = B_SPLINE_CURVE_WITH_KNOTS('',3,(#4786,#4787,#4788,#4789,#4790,
    #4791,#4792,#4793,#4794,#4795,#4796,#4797,#4798,#4799,#4800,#4801,
    #4802,#4803,#4804,#4805,#4806,#4807,#4808,#4809,#4810,#4811,#4812,
    #4813,#4814,#4815,#4816,#4817,#4818,#4819,#4820,#4821,#4822,#4823,
    #4824,#4825,#4826,#4827,#4828,#4829,#4830,#4831,#4832,#4833,#4834,
    #4835,#4836,#4837,#4838,#4839,#4840,#4841,#4842,#4843,#4844,#4845,
    #4846,#4847,#4848,#4849,#4850,#4851,#4852,#4853,#4854,#4855,#4856,
    #4857,#4858,#4859,#4860,#4861,#4862,#4863,#4864,#4865,#4866,#4867,
    #4868,#4869,#4870,#4871,#4872,#4873,#4874,#4875,#4876,#4877,#4878,
    #4879,#4880,#4881,#4882,#4883,#4884,#4885,#4886,#4887,#4888,#4889,
    #4890,#4891,#4892,#4893,#4894,#4895,#4896,#4897,#4898),
  .UNSPECIFIED.,.F.,.F.,(4,1,1,1,1,1,1,1,1,1,1,1,1,1,1,1,1,1,1,1,1,1,1,1
    ,1,1,1,1,1,1,1,1,1,1,1,1,1,1,1,1,1,1,1,1,1,1,1,1,1,1,1,1,1,1,1,1,1,1
    ,1,1,1,1,1,1,1,1,1,1,1,1,1,1,1,1,1,1,1,1,1,1,1,1,1,1,1,1,1,1,1,1,1,1
    ,1,1,1,1,1,1,1,1,1,1,1,1,1,1,1,1,1,1,4),(0.,9.090909090909E-03,
    1.818181818182E-02,2.727272727273E-02,3.636363636364E-02,
    4.545454545455E-02,5.454545454545E-02,6.363636363636E-02,
    7.272727272727E-02,8.181818181818E-02,9.090909090909E-02,1.E-01,
    0.109090909091,0.118181818182,0.127272727273,0.136363636364,
    0.145454545455,0.154545454545,0.163636363636,0.172727272727,
    0.181818181818,0.190909090909,0.2,0.209090909091,0.218181818182,
    0.227272727273,0.236363636364,0.245454545455,0.254545454545,
    0.263636363636,0.272727272727,0.281818181818,0.290909090909,0.3,
    0.309090909091,0.318181818182,0.327272727273,0.336363636364,
    0.345454545455,0.354545454545,0.363636363636,0.372727272727,
    0.381818181818,0.390909090909,0.4,0.409090909091,0.418181818182,
    0.427272727273,0.436363636364,0.445454545455,0.454545454545,
    0.463636363636,0.472727272727,0.481818181818,0.490909090909,0.5,
    0.509090909091,0.518181818182,0.527272727273,0.536363636364,
    0.545454545455,0.554545454545,0.563636363636,0.572727272727,
    0.581818181818,0.590909090909,0.6,0.609090909091,0.618181818182,
    0.627272727273,0.636363636364,0.645454545455,0.654545454545,
    0.663636363636,0.672727272727,0.681818181818,0.690909090909,0.7,
    0.709090909091,0.718181818182,0.727272727273,0.736363636364,
    0.745454545455,0.754545454545,0.763636363636,0.772727272727,
    0.781818181818,0.790909090909,0.8,0.809090909091,0.818181818182,
    0.827272727273,0.836363636364,0.845454545455,0.854545454545,
    0.863636363636,0.872727272727,0.881818181818,0.890909090909,0.9,
    0.909090909091,0.918181818182,0.927272727273,0.936363636364,
    0.945454545455,0.954545454545,0.963636363636,0.972727272727,
    0.981818181818,0.990909090909,1.),.QUASI_UNIFORM_KNOTS.);
#4786 = CARTESIAN_POINT('',(3.14159265359,0.82749816664));
#4787 = CARTESIAN_POINT('',(3.132113322621,0.826743827283));
#4788 = CARTESIAN_POINT('',(3.113140253019,0.825234009229));
#4789 = CARTESIAN_POINT('',(3.084633013096,0.822965494658));
#4790 = CARTESIAN_POINT('',(3.056073753191,0.820692816469));
#4791 = CARTESIAN_POINT('',(3.027457990625,0.818415621861));
#4792 = CARTESIAN_POINT('',(2.998779759342,0.816133471375));
#4793 = CARTESIAN_POINT('',(2.970037255026,0.813846264115));
#4794 = CARTESIAN_POINT('',(2.941246870112,0.811555248994));
#4795 = CARTESIAN_POINT('',(2.912422617755,0.80926150005));
#4796 = CARTESIAN_POINT('',(2.883579050309,0.806966152574));
#4797 = CARTESIAN_POINT('',(2.854729420111,0.804670271727));
#4798 = CARTESIAN_POINT('',(2.825889417244,0.802375182484));
#4799 = CARTESIAN_POINT('',(2.797079199922,0.800082535631));
#4800 = CARTESIAN_POINT('',(2.768319363953,0.797793954305));
#4801 = CARTESIAN_POINT('',(2.739629266589,0.795510935514));
#4802 = CARTESIAN_POINT('',(2.711035289091,0.79323550843));
#4803 = CARTESIAN_POINT('',(2.682523888938,0.790966604395));
#4804 = CARTESIAN_POINT('',(2.654061294558,0.788701587357));
#4805 = CARTESIAN_POINT('',(2.625618534389,0.786438185159));
#4806 = CARTESIAN_POINT('',(2.59716618475,0.784174071296));
#4807 = CARTESIAN_POINT('',(2.5686734668,0.781906772763));
#4808 = CARTESIAN_POINT('',(2.540135436337,0.779635839128));
#4809 = CARTESIAN_POINT('',(2.511550095145,0.777361084364));
#4810 = CARTESIAN_POINT('',(2.482914273087,0.775082260334));
#4811 = CARTESIAN_POINT('',(2.454224185244,0.772799107614));
#4812 = CARTESIAN_POINT('',(2.425476966526,0.770511474962));
#4813 = CARTESIAN_POINT('',(2.396688719802,0.768220611606));
#4814 = CARTESIAN_POINT('',(2.367874559162,0.76592768143));
#4815 = CARTESIAN_POINT('',(2.339049784332,0.763633871299));
#4816 = CARTESIAN_POINT('',(2.310229364385,0.761340361487));
#4817 = CARTESIAN_POINT('',(2.281427585943,0.759048335671));
#4818 = CARTESIAN_POINT('',(2.252658639188,0.75675897139));
#4819 = CARTESIAN_POINT('',(2.223937720556,0.754473468806));
#4820 = CARTESIAN_POINT('',(2.195279252728,0.752192943878));
#4821 = CARTESIAN_POINT('',(2.166701965598,0.74991882675));
#4822 = CARTESIAN_POINT('',(2.138204638059,0.747651032743));
#4823 = CARTESIAN_POINT('',(2.109768125907,0.74538809876));
#4824 = CARTESIAN_POINT('',(2.081377519958,0.743128859462));
#4825 = CARTESIAN_POINT('',(2.053017233406,0.740872073249));
#4826 = CARTESIAN_POINT('',(2.024672275524,0.738616505812));
#4827 = CARTESIAN_POINT('',(1.99632871262,0.736361015787));
#4828 = CARTESIAN_POINT('',(1.967972640521,0.734104496704));
#4829 = CARTESIAN_POINT('',(1.939589797674,0.731845829161));
#4830 = CARTESIAN_POINT('',(1.911165974356,0.729583912604));
#4831 = CARTESIAN_POINT('',(1.882685984077,0.727317584019));
#4832 = CARTESIAN_POINT('',(1.854159641501,0.725047581158));
#4833 = CARTESIAN_POINT('',(1.825597648757,0.722774711942));
#4834 = CARTESIAN_POINT('',(1.797010287842,0.72049977005));
#4835 = CARTESIAN_POINT('',(1.76840733602,0.718223536118));
#4836 = CARTESIAN_POINT('',(1.739798778004,0.715946859235));
#4837 = CARTESIAN_POINT('',(1.711199149754,0.713670947991));
#4838 = CARTESIAN_POINT('',(1.682623426079,0.711396994008));
#4839 = CARTESIAN_POINT('',(1.654085976978,0.709126116281));
#4840 = CARTESIAN_POINT('',(1.625605225321,0.706859741273));
#4841 = CARTESIAN_POINT('',(1.597182653791,0.704597963393));
#4842 = CARTESIAN_POINT('',(1.56879247183,0.702338739292));
#4843 = CARTESIAN_POINT('',(1.54041347627,0.700080394159));
#4844 = CARTESIAN_POINT('',(1.512024518637,0.697821258779));
#4845 = CARTESIAN_POINT('',(1.48359971261,0.695559273022));
#4846 = CARTESIAN_POINT('',(1.455141325988,0.693294626797));
#4847 = CARTESIAN_POINT('',(1.42666930419,0.691028906475));
#4848 = CARTESIAN_POINT('',(1.39819991095,0.688763390602));
#4849 = CARTESIAN_POINT('',(1.369749583699,0.686499376395));
#4850 = CARTESIAN_POINT('',(1.341337333715,0.684238394212));
#4851 = CARTESIAN_POINT('',(1.312952356218,0.681979587393));
#4852 = CARTESIAN_POINT('',(1.284578248669,0.679721648631));
#4853 = CARTESIAN_POINT('',(1.256200120533,0.677463393603));
#4854 = CARTESIAN_POINT('',(1.227802458086,0.675203583305));
#4855 = CARTESIAN_POINT('',(1.199371003186,0.672941074656));
#4856 = CARTESIAN_POINT('',(1.170919978723,0.670677017676));
#4857 = CARTESIAN_POINT('',(1.142463151143,0.668412502345));
#4858 = CARTESIAN_POINT('',(1.114013949554,0.666148585979));
#4859 = CARTESIAN_POINT('',(1.085588048144,0.663886516586));
#4860 = CARTESIAN_POINT('',(1.05719120652,0.661626763279));
#4861 = CARTESIAN_POINT('',(1.028799432761,0.659367406247));
#4862 = CARTESIAN_POINT('',(1.000392471574,0.657106842972));
#4863 = CARTESIAN_POINT('',(0.971950146196,0.654843480937));
#4864 = CARTESIAN_POINT('',(0.943447743398,0.652575370328));
#4865 = CARTESIAN_POINT('',(0.914882964269,0.650302317528));
#4866 = CARTESIAN_POINT('',(0.88627823395,0.648026065072));
#4867 = CARTESIAN_POINT('',(0.857650880281,0.645747960439));
#4868 = CARTESIAN_POINT('',(0.829018986324,0.643469432712));
#4869 = CARTESIAN_POINT('',(0.800400902211,0.641191979599));
#4870 = CARTESIAN_POINT('',(0.771806976651,0.638916494139));
#4871 = CARTESIAN_POINT('',(0.743244987925,0.636643613794));
#4872 = CARTESIAN_POINT('',(0.714724072977,0.634374047706));
#4873 = CARTESIAN_POINT('',(0.686253014313,0.63210845305));
#4874 = CARTESIAN_POINT('',(0.657842538067,0.629847623193));
#4875 = CARTESIAN_POINT('',(0.62947499235,0.627590179397));
#4876 = CARTESIAN_POINT('',(0.601130411352,0.62533456585));
#4877 = CARTESIAN_POINT('',(0.572789621605,0.623079279648));
#4878 = CARTESIAN_POINT('',(0.544433131643,0.620822781876));
#4879 = CARTESIAN_POINT('',(0.51604299306,0.618563626356));
#4880 = CARTESIAN_POINT('',(0.487610451704,0.616301062762));
#4881 = CARTESIAN_POINT('',(0.459125326062,0.61403426804));
#4882 = CARTESIAN_POINT('',(0.430577940551,0.611762486283));
#4883 = CARTESIAN_POINT('',(0.401955605703,0.609484765721));
#4884 = CARTESIAN_POINT('',(0.373255937725,0.607200955516));
#4885 = CARTESIAN_POINT('',(0.344497620929,0.604912482489));
#4886 = CARTESIAN_POINT('',(0.315695618325,0.602620500077));
#4887 = CARTESIAN_POINT('',(0.286865589252,0.600326235431));
#4888 = CARTESIAN_POINT('',(0.258022349948,0.598030894238));
#4889 = CARTESIAN_POINT('',(0.229180464814,0.595735696448));
#4890 = CARTESIAN_POINT('',(0.200355138367,0.593441863046));
#4891 = CARTESIAN_POINT('',(0.171562138929,0.591150627496));
#4892 = CARTESIAN_POINT('',(0.142816777004,0.588863173279));
#4893 = CARTESIAN_POINT('',(0.114136806692,0.586580871333));
#4894 = CARTESIAN_POINT('',(8.552026314103E-02,0.584303611089));
#4895 = CARTESIAN_POINT('',(5.696066786228E-02,0.582030909733));
#4896 = CARTESIAN_POINT('',(2.845314194356E-02,0.579762379737));
#4897 = CARTESIAN_POINT('',(9.479658387644E-03,0.578252531858));
#4898 = CARTESIAN_POINT('',(0.,0.57749816664));
#4899 = ( GEOMETRIC_REPRESENTATION_CONTEXT(2) 
PARAMETRIC_REPRESENTATION_CONTEXT() REPRESENTATION_CONTEXT('2D SPACE',''
  ) );
#4900 = ADVANCED_FACE('',(#4901),#2463,.T.);
#4901 = FACE_BOUND('',#4902,.T.);
#4902 = EDGE_LOOP('',(#4903,#4904,#4927,#5193,#5236));
#4903 = ORIENTED_EDGE('',*,*,#4462,.T.);
#4904 = ORIENTED_EDGE('',*,*,#4905,.T.);
#4905 = EDGE_CURVE('',#4463,#4906,#4908,.T.);
#4906 = VERTEX_POINT('',#4907);
#4907 = CARTESIAN_POINT('',(4.,2.81249816664,0.));
#4908 = SURFACE_CURVE('',#4909,(#4913,#4920),.PCURVE_S1.);
#4909 = LINE('',#4910,#4911);
#4910 = CARTESIAN_POINT('',(4.,2.68750183336,0.));
#4911 = VECTOR('',#4912,1.);
#4912 = DIRECTION('',(0.,1.,0.));
#4913 = PCURVE('',#2463,#4914);
#4914 = DEFINITIONAL_REPRESENTATION('',(#4915),#4919);
#4915 = LINE('',#4916,#4917);
#4916 = CARTESIAN_POINT('',(3.14159265359,0.82749816664));
#4917 = VECTOR('',#4918,1.);
#4918 = DIRECTION('',(0.,-1.));
#4919 = ( GEOMETRIC_REPRESENTATION_CONTEXT(2) 
PARAMETRIC_REPRESENTATION_CONTEXT() REPRESENTATION_CONTEXT('2D SPACE',''
  ) );
#4920 = PCURVE('',#4779,#4921);
#4921 = DEFINITIONAL_REPRESENTATION('',(#4922),#4926);
#4922 = LINE('',#4923,#4924);
#4923 = CARTESIAN_POINT('',(3.14159265359,0.82749816664));
#4924 = VECTOR('',#4925,1.);
#4925 = DIRECTION('',(0.,-1.));
#4926 = ( GEOMETRIC_REPRESENTATION_CONTEXT(2) 
PARAMETRIC_REPRESENTATION_CONTEXT() REPRESENTATION_CONTEXT('2D SPACE',''
  ) );
#4927 = ORIENTED_EDGE('',*,*,#4928,.T.);
#4928 = EDGE_CURVE('',#4906,#4929,#4931,.T.);
#4929 = VERTEX_POINT('',#4930);
#4930 = CARTESIAN_POINT('',(-4.,2.56249816664,0.));
#4931 = SURFACE_CURVE('',#4932,(#4959,#5076),.PCURVE_S1.);
#4932 = B_SPLINE_CURVE_WITH_KNOTS('',3,(#4933,#4934,#4935,#4936,#4937,
    #4938,#4939,#4940,#4941,#4942,#4943,#4944,#4945,#4946,#4947,#4948,
    #4949,#4950,#4951,#4952,#4953,#4954,#4955,#4956,#4957,#4958),
  .UNSPECIFIED.,.F.,.F.,(4,1,1,1,1,1,1,1,1,1,1,1,1,1,1,1,1,1,1,1,1,1,1,4
    ),(0.,4.347826086957E-02,8.695652173913E-02,0.130434782609,
    0.173913043478,0.217391304348,0.260869565217,0.304347826087,
    0.347826086957,0.391304347826,0.434782608696,0.478260869565,
    0.521739130435,0.565217391304,0.608695652174,0.652173913044,
    0.695652173913,0.739130434783,0.782608695652,0.826086956522,
    0.869565217391,0.913043478261,0.95652173913,1.),.UNSPECIFIED.);
#4933 = CARTESIAN_POINT('',(4.,2.81249816664,0.));
#4934 = CARTESIAN_POINT('',(4.,2.808885790818,0.181577813496));
#4935 = CARTESIAN_POINT('',(3.975215401927,2.801660991033,0.544730282837
    ));
#4936 = CARTESIAN_POINT('',(3.864591102699,2.790831724379,1.079004039613
    ));
#4937 = CARTESIAN_POINT('',(3.682119655232,2.779986158408,1.594053176614
    ));
#4938 = CARTESIAN_POINT('',(3.432236967014,2.769172354587,2.078191101244
    ));
#4939 = CARTESIAN_POINT('',(3.117095787296,2.758291190519,2.526786525584
    ));
#4940 = CARTESIAN_POINT('',(2.741320033119,2.747349693611,2.930153773205
    ));
#4941 = CARTESIAN_POINT('',(2.317548555003,2.736502592092,3.27522595915)
  );
#4942 = CARTESIAN_POINT('',(1.854136917708,2.725724141697,3.558320063021
    ));
#4943 = CARTESIAN_POINT('',(1.348837440928,2.714778195152,3.77925039528)
  );
#4944 = CARTESIAN_POINT('',(0.815174563878,2.703777368829,3.92913010764)
  );
#4945 = CARTESIAN_POINT('',(0.26738561787,2.692805036065,4.003498066915)
  );
#4946 = CARTESIAN_POINT('',(-0.27535576299,2.682032755444,4.002857585749
    ));
#4947 = CARTESIAN_POINT('',(-0.820097270096,2.671118868132,
    3.928000366252));
#4948 = CARTESIAN_POINT('',(-1.352470674626,2.660141132564,
    3.777893457811));
#4949 = CARTESIAN_POINT('',(-1.856641451262,2.64921637365,3.557030724746
    ));
#4950 = CARTESIAN_POINT('',(-2.320827882539,2.638414199844,
    3.272917148916));
#4951 = CARTESIAN_POINT('',(-2.742786052757,2.627604000498,
    2.928572116359));
#4952 = CARTESIAN_POINT('',(-3.116347414589,2.616726437637,2.52756103891
    ));
#4953 = CARTESIAN_POINT('',(-3.431232732626,2.605861401065,
    2.079796523737));
#4954 = CARTESIAN_POINT('',(-3.681511964424,2.595045446439,
    1.595723597935));
#4955 = CARTESIAN_POINT('',(-3.865082340782,2.584133480997,1.07751510592
    ));
#4956 = CARTESIAN_POINT('',(-3.975250864223,2.573321521966,
    0.544025944342));
#4957 = CARTESIAN_POINT('',(-4.,2.566103377954,0.181217686093));
#4958 = CARTESIAN_POINT('',(-4.,2.56249816664,0.));
#4959 = PCURVE('',#2463,#4960);
#4960 = DEFINITIONAL_REPRESENTATION('',(#4961),#5075);
#4961 = B_SPLINE_CURVE_WITH_KNOTS('',3,(#4962,#4963,#4964,#4965,#4966,
    #4967,#4968,#4969,#4970,#4971,#4972,#4973,#4974,#4975,#4976,#4977,
    #4978,#4979,#4980,#4981,#4982,#4983,#4984,#4985,#4986,#4987,#4988,
    #4989,#4990,#4991,#4992,#4993,#4994,#4995,#4996,#4997,#4998,#4999,
    #5000,#5001,#5002,#5003,#5004,#5005,#5006,#5007,#5008,#5009,#5010,
    #5011,#5012,#5013,#5014,#5015,#5016,#5017,#5018,#5019,#5020,#5021,
    #5022,#5023,#5024,#5025,#5026,#5027,#5028,#5029,#5030,#5031,#5032,
    #5033,#5034,#5035,#5036,#5037,#5038,#5039,#5040,#5041,#5042,#5043,
    #5044,#5045,#5046,#5047,#5048,#5049,#5050,#5051,#5052,#5053,#5054,
    #5055,#5056,#5057,#5058,#5059,#5060,#5061,#5062,#5063,#5064,#5065,
    #5066,#5067,#5068,#5069,#5070,#5071,#5072,#5073,#5074),
  .UNSPECIFIED.,.F.,.F.,(4,1,1,1,1,1,1,1,1,1,1,1,1,1,1,1,1,1,1,1,1,1,1,1
    ,1,1,1,1,1,1,1,1,1,1,1,1,1,1,1,1,1,1,1,1,1,1,1,1,1,1,1,1,1,1,1,1,1,1
    ,1,1,1,1,1,1,1,1,1,1,1,1,1,1,1,1,1,1,1,1,1,1,1,1,1,1,1,1,1,1,1,1,1,1
    ,1,1,1,1,1,1,1,1,1,1,1,1,1,1,1,1,1,1,4),(0.,9.090909090909E-03,
    1.818181818182E-02,2.727272727273E-02,3.636363636364E-02,
    4.545454545455E-02,5.454545454545E-02,6.363636363636E-02,
    7.272727272727E-02,8.181818181818E-02,9.090909090909E-02,1.E-01,
    0.109090909091,0.118181818182,0.127272727273,0.136363636364,
    0.145454545455,0.154545454545,0.163636363636,0.172727272727,
    0.181818181818,0.190909090909,0.2,0.209090909091,0.218181818182,
    0.227272727273,0.236363636364,0.245454545455,0.254545454545,
    0.263636363636,0.272727272727,0.281818181818,0.290909090909,0.3,
    0.309090909091,0.318181818182,0.327272727273,0.336363636364,
    0.345454545455,0.354545454545,0.363636363636,0.372727272727,
    0.381818181818,0.390909090909,0.4,0.409090909091,0.418181818182,
    0.427272727273,0.436363636364,0.445454545455,0.454545454545,
    0.463636363636,0.472727272727,0.481818181818,0.490909090909,0.5,
    0.509090909091,0.518181818182,0.527272727273,0.536363636364,
    0.545454545455,0.554545454545,0.563636363636,0.572727272727,
    0.581818181818,0.590909090909,0.6,0.609090909091,0.618181818182,
    0.627272727273,0.636363636364,0.645454545455,0.654545454545,
    0.663636363636,0.672727272727,0.681818181818,0.690909090909,0.7,
    0.709090909091,0.718181818182,0.727272727273,0.736363636364,
    0.745454545455,0.754545454545,0.763636363636,0.772727272727,
    0.781818181818,0.790909090909,0.8,0.809090909091,0.818181818182,
    0.827272727273,0.836363636364,0.845454545455,0.854545454545,
    0.863636363636,0.872727272727,0.881818181818,0.890909090909,0.9,
    0.909090909091,0.918181818182,0.927272727273,0.936363636364,
    0.945454545455,0.954545454545,0.963636363636,0.972727272727,
    0.981818181818,0.990909090909,1.),.QUASI_UNIFORM_KNOTS.);
#4962 = CARTESIAN_POINT('',(3.14159265359,0.70250183336));
#4963 = CARTESIAN_POINT('',(3.15108420963,0.703257148305));
#4964 = CARTESIAN_POINT('',(3.170067332544,0.704767780261));
#4965 = CARTESIAN_POINT('',(3.198541168443,0.707033660895));
#4966 = CARTESIAN_POINT('',(3.227013293638,0.709299399388));
#4967 = CARTESIAN_POINT('',(3.255482780306,0.711564925575));
#4968 = CARTESIAN_POINT('',(3.283948510568,0.713830151928));
#4969 = CARTESIAN_POINT('',(3.312410288014,0.716095058732));
#4970 = CARTESIAN_POINT('',(3.340871148072,0.718359893123));
#4971 = CARTESIAN_POINT('',(3.369333752526,0.720624873785));
#4972 = CARTESIAN_POINT('',(3.397800656671,0.722890207929));
#4973 = CARTESIAN_POINT('',(3.426275426075,0.725156177111));
#4974 = CARTESIAN_POINT('',(3.454757543456,0.727422722664));
#4975 = CARTESIAN_POINT('',(3.483240727522,0.729689337795));
#4976 = CARTESIAN_POINT('',(3.511719454001,0.73195559162));
#4977 = CARTESIAN_POINT('',(3.540188472955,0.734221078423));
#4978 = CARTESIAN_POINT('',(3.568640397035,0.736485215901));
#4979 = CARTESIAN_POINT('',(3.597081220102,0.73874847614));
#4980 = CARTESIAN_POINT('',(3.625523672022,0.741011865238));
#4981 = CARTESIAN_POINT('',(3.653978968321,0.743276266715));
#4982 = CARTESIAN_POINT('',(3.682458477379,0.745542577001));
#4983 = CARTESIAN_POINT('',(3.710974485784,0.747811763477));
#4984 = CARTESIAN_POINT('',(3.739526963213,0.750083858782));
#4985 = CARTESIAN_POINT('',(3.76811445897,0.752358774806));
#4986 = CARTESIAN_POINT('',(3.796736105748,0.754636448065));
#4987 = CARTESIAN_POINT('',(3.825391615821,0.756916835174));
#4988 = CARTESIAN_POINT('',(3.854079810804,0.759199786832));
#4989 = CARTESIAN_POINT('',(3.882782170938,0.76148382695));
#4990 = CARTESIAN_POINT('',(3.911480687047,0.763767550423));
#4991 = CARTESIAN_POINT('',(3.940157463696,0.766049567309));
#4992 = CARTESIAN_POINT('',(3.968792966347,0.768328356028));
#4993 = CARTESIAN_POINT('',(3.997375399245,0.77060295289));
#4994 = CARTESIAN_POINT('',(4.025910834237,0.772873769233));
#4995 = CARTESIAN_POINT('',(4.054401713519,0.775140980025));
#4996 = CARTESIAN_POINT('',(4.08285170123,0.777404886063));
#4997 = CARTESIAN_POINT('',(4.111260678128,0.779665521197));
#4998 = CARTESIAN_POINT('',(4.139643704232,0.781924134397));
#4999 = CARTESIAN_POINT('',(4.168030120654,0.784183066093));
#5000 = CARTESIAN_POINT('',(4.196446968317,0.786444447278));
#5001 = CARTESIAN_POINT('',(4.224920911069,0.788710365632));
#5002 = CARTESIAN_POINT('',(4.253483603665,0.790983291527));
#5003 = CARTESIAN_POINT('',(4.282130815941,0.793262920519));
#5004 = CARTESIAN_POINT('',(4.310846750323,0.795548044172));
#5005 = CARTESIAN_POINT('',(4.339618839042,0.797837680546));
#5006 = CARTESIAN_POINT('',(4.368434204321,0.800130789115));
#5007 = CARTESIAN_POINT('',(4.397280863226,0.802426337199));
#5008 = CARTESIAN_POINT('',(4.426148940447,0.804723553262));
#5009 = CARTESIAN_POINT('',(4.455028444812,0.807021679652));
#5010 = CARTESIAN_POINT('',(4.483909290843,0.809319945677));
#5011 = CARTESIAN_POINT('',(4.512781955128,0.811617618935));
#5012 = CARTESIAN_POINT('',(4.541635763668,0.813913822668));
#5013 = CARTESIAN_POINT('',(4.570451427193,0.816206932121));
#5014 = CARTESIAN_POINT('',(4.599209193519,0.81849536796));
#5015 = CARTESIAN_POINT('',(4.627890248123,0.820777662716));
#5016 = CARTESIAN_POINT('',(4.656469155676,0.82305185604));
#5017 = CARTESIAN_POINT('',(4.684947738734,0.825318128339));
#5018 = CARTESIAN_POINT('',(4.713372007123,0.827580100436));
#5019 = CARTESIAN_POINT('',(4.74178038815,0.829840789707));
#5020 = CARTESIAN_POINT('',(4.770211595704,0.832103244956));
#5021 = CARTESIAN_POINT('',(4.798709992892,0.834370992711));
#5022 = CARTESIAN_POINT('',(4.827283912172,0.836644752512));
#5023 = CARTESIAN_POINT('',(4.855919705689,0.838923491334));
#5024 = CARTESIAN_POINT('',(4.884609331856,0.841206586596));
#5025 = CARTESIAN_POINT('',(4.913343725829,0.843493296794));
#5026 = CARTESIAN_POINT('',(4.942115550981,0.845782945674));
#5027 = CARTESIAN_POINT('',(4.970912257396,0.848074513576));
#5028 = CARTESIAN_POINT('',(4.999719889455,0.850366919928));
#5029 = CARTESIAN_POINT('',(5.028524660738,0.852659101006));
#5030 = CARTESIAN_POINT('',(5.057312689335,0.854949984724));
#5031 = CARTESIAN_POINT('',(5.086070672884,0.857238515633));
#5032 = CARTESIAN_POINT('',(5.11479155071,0.859524070356));
#5033 = CARTESIAN_POINT('',(5.143467339671,0.861806002271));
#5034 = CARTESIAN_POINT('',(5.172090213116,0.864083703392));
#5035 = CARTESIAN_POINT('',(5.200650374948,0.866356434437));
#5036 = CARTESIAN_POINT('',(5.229144775898,0.868623975163));
#5037 = CARTESIAN_POINT('',(5.257591243469,0.870887699281));
#5038 = CARTESIAN_POINT('',(5.286004493056,0.8731487568));
#5039 = CARTESIAN_POINT('',(5.314399577172,0.875408337639));
#5040 = CARTESIAN_POINT('',(5.342792064686,0.877667695779));
#5041 = CARTESIAN_POINT('',(5.371192722614,0.879927717771));
#5042 = CARTESIAN_POINT('',(5.399607324761,0.882188876252));
#5043 = CARTESIAN_POINT('',(5.428043046468,0.884451741194));
#5044 = CARTESIAN_POINT('',(5.456506377635,0.886716814611));
#5045 = CARTESIAN_POINT('',(5.485006340198,0.888984773014));
#5046 = CARTESIAN_POINT('',(5.51353814051,0.891255234423));
#5047 = CARTESIAN_POINT('',(5.542091150365,0.893527385165));
#5048 = CARTESIAN_POINT('',(5.570656147654,0.895800516031));
#5049 = CARTESIAN_POINT('',(5.599223777476,0.898073895779));
#5050 = CARTESIAN_POINT('',(5.627784852935,0.900346776831));
#5051 = CARTESIAN_POINT('',(5.65633547742,0.902618800498));
#5052 = CARTESIAN_POINT('',(5.684871691556,0.904889636203));
#5053 = CARTESIAN_POINT('',(5.713389347531,0.907158959694));
#5054 = CARTESIAN_POINT('',(5.741883470961,0.909426393572));
#5055 = CARTESIAN_POINT('',(5.770351639269,0.911691770385));
#5056 = CARTESIAN_POINT('',(5.798811532612,0.913956519981));
#5057 = CARTESIAN_POINT('',(5.827279648701,0.916221956595));
#5058 = CARTESIAN_POINT('',(5.855772117324,0.918489351411));
#5059 = CARTESIAN_POINT('',(5.884308808084,0.920760263435));
#5060 = CARTESIAN_POINT('',(5.912894081197,0.923035012211));
#5061 = CARTESIAN_POINT('',(5.941501248704,0.925311477314));
#5062 = CARTESIAN_POINT('',(5.970108315714,0.927587934794));
#5063 = CARTESIAN_POINT('',(5.998693152301,0.929862649826));
#5064 = CARTESIAN_POINT('',(6.027229460993,0.932133534607));
#5065 = CARTESIAN_POINT('',(6.055715745693,0.934400437936));
#5066 = CARTESIAN_POINT('',(6.084168791314,0.936664671361));
#5067 = CARTESIAN_POINT('',(6.112601166616,0.938927227923));
#5068 = CARTESIAN_POINT('',(6.141025808944,0.941189145824));
#5069 = CARTESIAN_POINT('',(6.169457046339,0.943451601119));
#5070 = CARTESIAN_POINT('',(6.197893622083,0.945714499895));
#5071 = CARTESIAN_POINT('',(6.226330330486,0.947977425851));
#5072 = CARTESIAN_POINT('',(6.254762986674,0.950240045232));
#5073 = CARTESIAN_POINT('',(6.27371258475,0.951748016449));
#5074 = CARTESIAN_POINT('',(6.28318530718,0.95250183336));
#5075 = ( GEOMETRIC_REPRESENTATION_CONTEXT(2) 
PARAMETRIC_REPRESENTATION_CONTEXT() REPRESENTATION_CONTEXT('2D SPACE',''
  ) );
#5076 = PCURVE('',#3783,#5077);
#5077 = DEFINITIONAL_REPRESENTATION('',(#5078),#5192);
#5078 = B_SPLINE_CURVE_WITH_KNOTS('',3,(#5079,#5080,#5081,#5082,#5083,
    #5084,#5085,#5086,#5087,#5088,#5089,#5090,#5091,#5092,#5093,#5094,
    #5095,#5096,#5097,#5098,#5099,#5100,#5101,#5102,#5103,#5104,#5105,
    #5106,#5107,#5108,#5109,#5110,#5111,#5112,#5113,#5114,#5115,#5116,
    #5117,#5118,#5119,#5120,#5121,#5122,#5123,#5124,#5125,#5126,#5127,
    #5128,#5129,#5130,#5131,#5132,#5133,#5134,#5135,#5136,#5137,#5138,
    #5139,#5140,#5141,#5142,#5143,#5144,#5145,#5146,#5147,#5148,#5149,
    #5150,#5151,#5152,#5153,#5154,#5155,#5156,#5157,#5158,#5159,#5160,
    #5161,#5162,#5163,#5164,#5165,#5166,#5167,#5168,#5169,#5170,#5171,
    #5172,#5173,#5174,#5175,#5176,#5177,#5178,#5179,#5180,#5181,#5182,
    #5183,#5184,#5185,#5186,#5187,#5188,#5189,#5190,#5191),
  .UNSPECIFIED.,.F.,.F.,(4,1,1,1,1,1,1,1,1,1,1,1,1,1,1,1,1,1,1,1,1,1,1,1
    ,1,1,1,1,1,1,1,1,1,1,1,1,1,1,1,1,1,1,1,1,1,1,1,1,1,1,1,1,1,1,1,1,1,1
    ,1,1,1,1,1,1,1,1,1,1,1,1,1,1,1,1,1,1,1,1,1,1,1,1,1,1,1,1,1,1,1,1,1,1
    ,1,1,1,1,1,1,1,1,1,1,1,1,1,1,1,1,1,1,4),(0.,9.090909090909E-03,
    1.818181818182E-02,2.727272727273E-02,3.636363636364E-02,
    4.545454545455E-02,5.454545454545E-02,6.363636363636E-02,
    7.272727272727E-02,8.181818181818E-02,9.090909090909E-02,1.E-01,
    0.109090909091,0.118181818182,0.127272727273,0.136363636364,
    0.145454545455,0.154545454545,0.163636363636,0.172727272727,
    0.181818181818,0.190909090909,0.2,0.209090909091,0.218181818182,
    0.227272727273,0.236363636364,0.245454545455,0.254545454545,
    0.263636363636,0.272727272727,0.281818181818,0.290909090909,0.3,
    0.309090909091,0.318181818182,0.327272727273,0.336363636364,
    0.345454545455,0.354545454545,0.363636363636,0.372727272727,
    0.381818181818,0.390909090909,0.4,0.409090909091,0.418181818182,
    0.427272727273,0.436363636364,0.445454545455,0.454545454545,
    0.463636363636,0.472727272727,0.481818181818,0.490909090909,0.5,
    0.509090909091,0.518181818182,0.527272727273,0.536363636364,
    0.545454545455,0.554545454545,0.563636363636,0.572727272727,
    0.581818181818,0.590909090909,0.6,0.609090909091,0.618181818182,
    0.627272727273,0.636363636364,0.645454545455,0.654545454545,
    0.663636363636,0.672727272727,0.681818181818,0.690909090909,0.7,
    0.709090909091,0.718181818182,0.727272727273,0.736363636364,
    0.745454545455,0.754545454545,0.763636363636,0.772727272727,
    0.781818181818,0.790909090909,0.8,0.809090909091,0.818181818182,
    0.827272727273,0.836363636364,0.845454545455,0.854545454545,
    0.863636363636,0.872727272727,0.881818181818,0.890909090909,0.9,
    0.909090909091,0.918181818182,0.927272727273,0.936363636364,
    0.945454545455,0.954545454545,0.963636363636,0.972727272727,
    0.981818181818,0.990909090909,1.),.QUASI_UNIFORM_KNOTS.);
#5079 = CARTESIAN_POINT('',(0.2494227484,0.399523535313));
#5080 = CARTESIAN_POINT('',(0.249463859659,0.399070477702));
#5081 = CARTESIAN_POINT('',(0.249560021467,0.398164325143));
#5082 = CARTESIAN_POINT('',(0.249718539481,0.396805027656));
#5083 = CARTESIAN_POINT('',(0.249863557583,0.395445697196));
#5084 = CARTESIAN_POINT('',(0.2499681148,0.394086396326));
#5085 = CARTESIAN_POINT('',(0.250006632778,0.392727215565));
#5086 = CARTESIAN_POINT('',(0.249952839062,0.391368230622));
#5087 = CARTESIAN_POINT('',(0.249838071865,0.39000935818));
#5088 = CARTESIAN_POINT('',(0.249692658765,0.388650504254));
#5089 = CARTESIAN_POINT('',(0.249544035493,0.387291559873));
#5090 = CARTESIAN_POINT('',(0.249421113177,0.385932349827));
#5091 = CARTESIAN_POINT('',(0.249334922678,0.384572880894));
#5092 = CARTESIAN_POINT('',(0.249278677772,0.383213425491));
#5093 = CARTESIAN_POINT('',(0.249254013446,0.381854212532));
#5094 = CARTESIAN_POINT('',(0.249264859472,0.380495454611));
#5095 = CARTESIAN_POINT('',(0.249321419556,0.379137466666));
#5096 = CARTESIAN_POINT('',(0.249426671556,0.377779929814));
#5097 = CARTESIAN_POINT('',(0.249569910638,0.376422212343));
#5098 = CARTESIAN_POINT('',(0.249732358412,0.375063766683));
#5099 = CARTESIAN_POINT('',(0.249885698495,0.373704053507));
#5100 = CARTESIAN_POINT('',(0.249992898376,0.372342508992));
#5101 = CARTESIAN_POINT('',(0.25001315285,0.370979179978));
#5102 = CARTESIAN_POINT('',(0.249933039045,0.369614207341));
#5103 = CARTESIAN_POINT('',(0.249800013471,0.368247685563));
#5104 = CARTESIAN_POINT('',(0.249654985049,0.366879655409));
#5105 = CARTESIAN_POINT('',(0.249536108335,0.365510180384));
#5106 = CARTESIAN_POINT('',(0.249425419757,0.364140137808));
#5107 = CARTESIAN_POINT('',(0.249324337621,0.362770365742));
#5108 = CARTESIAN_POINT('',(0.249245573993,0.361401686325));
#5109 = CARTESIAN_POINT('',(0.249221165584,0.360034993053));
#5110 = CARTESIAN_POINT('',(0.249275989534,0.358670808921));
#5111 = CARTESIAN_POINT('',(0.249383774291,0.357308809448));
#5112 = CARTESIAN_POINT('',(0.249522239219,0.355948849006));
#5113 = CARTESIAN_POINT('',(0.249666124323,0.354590733271));
#5114 = CARTESIAN_POINT('',(0.249782224815,0.353234461929));
#5115 = CARTESIAN_POINT('',(0.249865645155,0.351879324871));
#5116 = CARTESIAN_POINT('',(0.249924141013,0.350523948403));
#5117 = CARTESIAN_POINT('',(0.249927710163,0.349167095772));
#5118 = CARTESIAN_POINT('',(0.249882026815,0.347807563917));
#5119 = CARTESIAN_POINT('',(0.249798809274,0.346443886292));
#5120 = CARTESIAN_POINT('',(0.249675900775,0.345076288444));
#5121 = CARTESIAN_POINT('',(0.249527146058,0.343705527737));
#5122 = CARTESIAN_POINT('',(0.249375902483,0.342332190515));
#5123 = CARTESIAN_POINT('',(0.249255365516,0.340956864682));
#5124 = CARTESIAN_POINT('',(0.249210629587,0.339580085915));#5125 = CARTESIAN_POINT('',(0.249225502271,0.338202288078));
#5126 = CARTESIAN_POINT('',(0.249288878378,0.336823909372));
#5127 = CARTESIAN_POINT('',(0.249396769871,0.335445395315));
#5128 = CARTESIAN_POINT('',(0.24955689594,0.334067171243));
#5129 = CARTESIAN_POINT('',(0.249767947378,0.332689729308));
#5130 = CARTESIAN_POINT('',(0.249953704771,0.331313992523));
#5131 = CARTESIAN_POINT('',(0.250063256907,0.329940923958));
#5132 = CARTESIAN_POINT('',(0.250058693346,0.328571462708));
#5133 = CARTESIAN_POINT('',(0.249922024868,0.327206892037));
#5134 = CARTESIAN_POINT('',(0.249733771076,0.325847182553));
#5135 = CARTESIAN_POINT('',(0.249563278188,0.324490166275));
#5136 = CARTESIAN_POINT('',(0.249444251806,0.323134019731));
#5137 = CARTESIAN_POINT('',(0.249382508969,0.321776890418));
#5138 = CARTESIAN_POINT('',(0.249344423219,0.320416645425));
#5139 = CARTESIAN_POINT('',(0.249309753098,0.319052860567));
#5140 = CARTESIAN_POINT('',(0.24928856263,0.317686151726));
#5141 = CARTESIAN_POINT('',(0.249292858149,0.316316863611));
#5142 = CARTESIAN_POINT('',(0.249340467821,0.314945389881));
#5143 = CARTESIAN_POINT('',(0.249462873462,0.313572045359));
#5144 = CARTESIAN_POINT('',(0.249622705536,0.312197406152));
#5145 = CARTESIAN_POINT('',(0.249779261511,0.310822128169));
#5146 = CARTESIAN_POINT('',(0.249905544965,0.30944687506));
#5147 = CARTESIAN_POINT('',(0.249987616975,0.308072334585));
#5148 = CARTESIAN_POINT('',(0.250012499501,0.306699191221));
#5149 = CARTESIAN_POINT('',(0.249948354025,0.30532785748));
#5150 = CARTESIAN_POINT('',(0.249821731225,0.30395876466));
#5151 = CARTESIAN_POINT('',(0.249655122831,0.302592310882));
#5152 = CARTESIAN_POINT('',(0.249480509857,0.301228967497));
#5153 = CARTESIAN_POINT('',(0.249334072846,0.299868866934));
#5154 = CARTESIAN_POINT('',(0.249238338235,0.298511133753));
#5155 = CARTESIAN_POINT('',(0.249203047671,0.297155033523));
#5156 = CARTESIAN_POINT('',(0.249226717021,0.295799811643));
#5157 = CARTESIAN_POINT('',(0.24929214438,0.294444688515));
#5158 = CARTESIAN_POINT('',(0.249387174957,0.293089115574));
#5159 = CARTESIAN_POINT('',(0.24951170042,0.291732787596));
#5160 = CARTESIAN_POINT('',(0.249656554308,0.290375342338));
#5161 = CARTESIAN_POINT('',(0.249807177431,0.289016463508));
#5162 = CARTESIAN_POINT('',(0.249945629429,0.287655731001));
#5163 = CARTESIAN_POINT('',(0.25002943652,0.286293405576));
#5164 = CARTESIAN_POINT('',(0.250005073577,0.284930054508));
#5165 = CARTESIAN_POINT('',(0.24989282092,0.283566187248));
#5166 = CARTESIAN_POINT('',(0.249739893194,0.28220228996));
#5167 = CARTESIAN_POINT('',(0.249600045025,0.280838818187));
#5168 = CARTESIAN_POINT('',(0.249475987316,0.279475958822));
#5169 = CARTESIAN_POINT('',(0.249367970336,0.278113886644));
#5170 = CARTESIAN_POINT('',(0.249280826906,0.276752773587));
#5171 = CARTESIAN_POINT('',(0.249221202981,0.275392823192));
#5172 = CARTESIAN_POINT('',(0.249201868665,0.274034112924));
#5173 = CARTESIAN_POINT('',(0.249243863474,0.272675760155));
#5174 = CARTESIAN_POINT('',(0.249352974974,0.271316942932));
#5175 = CARTESIAN_POINT('',(0.249521287375,0.269956864438));
#5176 = CARTESIAN_POINT('',(0.24973101482,0.268594560231));
#5177 = CARTESIAN_POINT('',(0.249935341368,0.267229821905));
#5178 = CARTESIAN_POINT('',(0.250069248716,0.26586394308));
#5179 = CARTESIAN_POINT('',(0.25009160912,0.264498013401));
#5180 = CARTESIAN_POINT('',(0.249979987022,0.26313315755));
#5181 = CARTESIAN_POINT('',(0.249810285317,0.261770689781));
#5182 = CARTESIAN_POINT('',(0.249638087357,0.260410711855));
#5183 = CARTESIAN_POINT('',(0.249486021778,0.259052434382));
#5184 = CARTESIAN_POINT('',(0.249370961148,0.257695252005));
#5185 = CARTESIAN_POINT('',(0.249298398993,0.256338528901));
#5186 = CARTESIAN_POINT('',(0.249262080262,0.254981553545));
#5187 = CARTESIAN_POINT('',(0.249257296985,0.253624351562));
#5188 = CARTESIAN_POINT('',(0.249285073085,0.252267133902));
#5189 = CARTESIAN_POINT('',(0.249348437916,0.250910062676));
#5190 = CARTESIAN_POINT('',(0.249419271193,0.250005559556));
#5191 = CARTESIAN_POINT('',(0.249462848214,0.249553388724));
#5192 = ( GEOMETRIC_REPRESENTATION_CONTEXT(2) 
PARAMETRIC_REPRESENTATION_CONTEXT() REPRESENTATION_CONTEXT('2D SPACE',''
  ) );
#5193 = ORIENTED_EDGE('',*,*,#5194,.F.);
#5194 = EDGE_CURVE('',#2125,#4929,#5195,.T.);
#5195 = SURFACE_CURVE('',#5196,(#5200,#5207),.PCURVE_S1.);
#5196 = LINE('',#5197,#5198);
#5197 = CARTESIAN_POINT('',(-4.,2.43750183336,0.));
#5198 = VECTOR('',#5199,1.);
#5199 = DIRECTION('',(0.,1.,2.013263474582E-14));
#5200 = PCURVE('',#2463,#5201);
#5201 = DEFINITIONAL_REPRESENTATION('',(#5202),#5206);
#5202 = LINE('',#5203,#5204);
#5203 = CARTESIAN_POINT('',(6.28318530718,1.07749816664));
#5204 = VECTOR('',#5205,1.);
#5205 = DIRECTION('',(0.,-1.));
#5206 = ( GEOMETRIC_REPRESENTATION_CONTEXT(2) 
PARAMETRIC_REPRESENTATION_CONTEXT() REPRESENTATION_CONTEXT('2D SPACE',''
  ) );
#5207 = PCURVE('',#2273,#5208);
#5208 = DEFINITIONAL_REPRESENTATION('',(#5209),#5235);
#5209 = B_SPLINE_CURVE_WITH_KNOTS('',3,(#5210,#5211,#5212,#5213,#5214,
    #5215,#5216,#5217,#5218,#5219,#5220,#5221,#5222,#5223,#5224,#5225,
    #5226,#5227,#5228,#5229,#5230,#5231,#5232,#5233,#5234),
  .UNSPECIFIED.,.F.,.F.,(4,1,1,1,1,1,1,1,1,1,1,1,1,1,1,1,1,1,1,1,1,1,4),
  (0.,5.681651512727E-03,1.136330302545E-02,1.704495453818E-02,
    2.272660605091E-02,2.840825756364E-02,3.408990907636E-02,
    3.977156058909E-02,4.545321210182E-02,5.113486361455E-02,
    5.681651512727E-02,6.249816664E-02,6.817981815273E-02,
    7.386146966545E-02,7.954312117818E-02,8.522477269091E-02,
    9.090642420364E-02,9.658807571636E-02,0.102269727229,0.107951378742,
    0.113633030255,0.119314681767,0.12499633328),.QUASI_UNIFORM_KNOTS.);
#5210 = CARTESIAN_POINT('',(0.,1.07749816664));
#5211 = CARTESIAN_POINT('',(0.,1.075604282802));
#5212 = CARTESIAN_POINT('',(8.881784197001E-16,1.071816515127));
#5213 = CARTESIAN_POINT('',(-2.6645352591E-15,1.066134863615));
#5214 = CARTESIAN_POINT('',(0.,1.060453212102));
#5215 = CARTESIAN_POINT('',(0.,1.054771560589));
#5216 = CARTESIAN_POINT('',(0.,1.049089909076));
#5217 = CARTESIAN_POINT('',(8.881784197001E-16,1.043408257564));
#5218 = CARTESIAN_POINT('',(0.,1.037726606051));
#5219 = CARTESIAN_POINT('',(0.,1.032044954538));
#5220 = CARTESIAN_POINT('',(8.881784197001E-16,1.026363303025));
#5221 = CARTESIAN_POINT('',(0.,1.020681651513));
#5222 = CARTESIAN_POINT('',(8.881784197001E-16,1.015));
#5223 = CARTESIAN_POINT('',(8.881784197001E-16,1.009318348487));
#5224 = CARTESIAN_POINT('',(-1.7763568394E-15,1.003636696975));
#5225 = CARTESIAN_POINT('',(0.,0.997955045462));
#5226 = CARTESIAN_POINT('',(0.,0.992273393949));
#5227 = CARTESIAN_POINT('',(-2.6645352591E-15,0.986591742436));
#5228 = CARTESIAN_POINT('',(0.,0.980910090924));
#5229 = CARTESIAN_POINT('',(-1.7763568394E-15,0.975228439411));
#5230 = CARTESIAN_POINT('',(0.,0.969546787898));
#5231 = CARTESIAN_POINT('',(-8.881784197001E-16,0.963865136385));
#5232 = CARTESIAN_POINT('',(0.,0.958183484873));
#5233 = CARTESIAN_POINT('',(-8.881784197001E-16,0.954395717198));
#5234 = CARTESIAN_POINT('',(0.,0.95250183336));
#5235 = ( GEOMETRIC_REPRESENTATION_CONTEXT(2) 
PARAMETRIC_REPRESENTATION_CONTEXT() REPRESENTATION_CONTEXT('2D SPACE',''
  ) );
#5236 = ORIENTED_EDGE('',*,*,#2395,.T.);
#5237 = ADVANCED_FACE('',(#5238),#2273,.T.);
#5238 = FACE_BOUND('',#5239,.T.);
#5239 = EDGE_LOOP('',(#5240,#5241,#5507,#5528));
#5240 = ORIENTED_EDGE('',*,*,#5194,.T.);
#5241 = ORIENTED_EDGE('',*,*,#5242,.T.);
#5242 = EDGE_CURVE('',#4929,#5243,#5245,.T.);
#5243 = VERTEX_POINT('',#5244);
#5244 = CARTESIAN_POINT('',(4.,2.31249816664,0.));
#5245 = SURFACE_CURVE('',#5246,(#5273,#5390),.PCURVE_S1.);
#5246 = B_SPLINE_CURVE_WITH_KNOTS('',3,(#5247,#5248,#5249,#5250,#5251,
    #5252,#5253,#5254,#5255,#5256,#5257,#5258,#5259,#5260,#5261,#5262,
    #5263,#5264,#5265,#5266,#5267,#5268,#5269,#5270,#5271,#5272),
  .UNSPECIFIED.,.F.,.F.,(4,1,1,1,1,1,1,1,1,1,1,1,1,1,1,1,1,1,1,1,1,1,1,4
    ),(0.,4.347826086957E-02,8.695652173913E-02,0.130434782609,
    0.173913043478,0.217391304348,0.260869565217,0.304347826087,
    0.347826086957,0.391304347826,0.434782608696,0.478260869565,
    0.521739130435,0.565217391304,0.608695652174,0.652173913044,
    0.695652173913,0.739130434783,0.782608695652,0.826086956522,
    0.869565217391,0.913043478261,0.95652173913,1.),.UNSPECIFIED.);
#5247 = CARTESIAN_POINT('',(-4.,2.56249816664,0.));
#5248 = CARTESIAN_POINT('',(-4.,2.558890966163,-0.1813176723));
#5249 = CARTESIAN_POINT('',(-3.975358672235,2.551653223797,
    -0.545140520367));
#5250 = CARTESIAN_POINT('',(-3.862961028373,2.540685949367,
    -1.086185084949));
#5251 = CARTESIAN_POINT('',(-3.677008424273,2.529729923995,
    -1.605919657387));
#5252 = CARTESIAN_POINT('',(-3.42657947726,2.518958766126,
    -2.087361363388));
#5253 = CARTESIAN_POINT('',(-3.109879424035,2.508062467704,
    -2.535772458834));
#5254 = CARTESIAN_POINT('',(-2.731489673719,2.497079674832,
    -2.939577260839));
#5255 = CARTESIAN_POINT('',(-2.301975221368,2.486121751048,
    -3.286471824095));
#5256 = CARTESIAN_POINT('',(-1.836130642598,2.475324285216,
    -3.567398227097));
#5257 = CARTESIAN_POINT('',(-1.337692235676,2.464546392844,
    -3.782809873296));
#5258 = CARTESIAN_POINT('',(-0.809296917664,2.453659059372,
    -3.930123657354));
#5259 = CARTESIAN_POINT('',(-0.265282267614,2.442763314422,
    -4.003563219933));
#5260 = CARTESIAN_POINT('',(0.277676294109,2.431986736789,-4.00271406725
    ));
#5261 = CARTESIAN_POINT('',(0.819601053717,2.421127509683,
    -3.927754497659));
#5262 = CARTESIAN_POINT('',(1.342632898802,2.41034569699,-3.781003670537
    ));
#5263 = CARTESIAN_POINT('',(1.843498077189,2.399508695972,
    -3.563729429697));
#5264 = CARTESIAN_POINT('',(2.308242601105,2.388721606822,
    -3.281965227353));
#5265 = CARTESIAN_POINT('',(2.73567111757,2.377801688729,-2.935554121888
    ));
#5266 = CARTESIAN_POINT('',(3.111007727641,2.366891194206,
    -2.533924379786));
#5267 = CARTESIAN_POINT('',(3.424368309846,2.356119106031,-2.09082496013
    ));
#5268 = CARTESIAN_POINT('',(3.676519180621,2.345296409911,
    -1.607365695038));
#5269 = CARTESIAN_POINT('',(3.862748547352,2.334326665963,
    -1.086971815215));
#5270 = CARTESIAN_POINT('',(3.975371773152,2.323345416003,
    -0.545262259149));
#5271 = CARTESIAN_POINT('',(4.,2.316105366588,-0.181317645715));
#5272 = CARTESIAN_POINT('',(4.,2.31249816664,0.));
#5273 = PCURVE('',#2273,#5274);
#5274 = DEFINITIONAL_REPRESENTATION('',(#5275),#5389);
#5275 = B_SPLINE_CURVE_WITH_KNOTS('',3,(#5276,#5277,#5278,#5279,#5280,
    #5281,#5282,#5283,#5284,#5285,#5286,#5287,#5288,#5289,#5290,#5291,
    #5292,#5293,#5294,#5295,#5296,#5297,#5298,#5299,#5300,#5301,#5302,
    #5303,#5304,#5305,#5306,#5307,#5308,#5309,#5310,#5311,#5312,#5313,
    #5314,#5315,#5316,#5317,#5318,#5319,#5320,#5321,#5322,#5323,#5324,
    #5325,#5326,#5327,#5328,#5329,#5330,#5331,#5332,#5333,#5334,#5335,
    #5336,#5337,#5338,#5339,#5340,#5341,#5342,#5343,#5344,#5345,#5346,
    #5347,#5348,#5349,#5350,#5351,#5352,#5353,#5354,#5355,#5356,#5357,
    #5358,#5359,#5360,#5361,#5362,#5363,#5364,#5365,#5366,#5367,#5368,
    #5369,#5370,#5371,#5372,#5373,#5374,#5375,#5376,#5377,#5378,#5379,
    #5380,#5381,#5382,#5383,#5384,#5385,#5386,#5387,#5388),
  .UNSPECIFIED.,.F.,.F.,(4,1,1,1,1,1,1,1,1,1,1,1,1,1,1,1,1,1,1,1,1,1,1,1
    ,1,1,1,1,1,1,1,1,1,1,1,1,1,1,1,1,1,1,1,1,1,1,1,1,1,1,1,1,1,1,1,1,1,1
    ,1,1,1,1,1,1,1,1,1,1,1,1,1,1,1,1,1,1,1,1,1,1,1,1,1,1,1,1,1,1,1,1,1,1
    ,1,1,1,1,1,1,1,1,1,1,1,1,1,1,1,1,1,1,4),(0.,9.090909090909E-03,
    1.818181818182E-02,2.727272727273E-02,3.636363636364E-02,
    4.545454545455E-02,5.454545454545E-02,6.363636363636E-02,
    7.272727272727E-02,8.181818181818E-02,9.090909090909E-02,1.E-01,
    0.109090909091,0.118181818182,0.127272727273,0.136363636364,
    0.145454545455,0.154545454545,0.163636363636,0.172727272727,
    0.181818181818,0.190909090909,0.2,0.209090909091,0.218181818182,
    0.227272727273,0.236363636364,0.245454545455,0.254545454545,
    0.263636363636,0.272727272727,0.281818181818,0.290909090909,0.3,
    0.309090909091,0.318181818182,0.327272727273,0.336363636364,
    0.345454545455,0.354545454545,0.363636363636,0.372727272727,
    0.381818181818,0.390909090909,0.4,0.409090909091,0.418181818182,
    0.427272727273,0.436363636364,0.445454545455,0.454545454545,
    0.463636363636,0.472727272727,0.481818181818,0.490909090909,0.5,
    0.509090909091,0.518181818182,0.527272727273,0.536363636364,
    0.545454545455,0.554545454545,0.563636363636,0.572727272727,
    0.581818181818,0.590909090909,0.6,0.609090909091,0.618181818182,
    0.627272727273,0.636363636364,0.645454545455,0.654545454545,
    0.663636363636,0.672727272727,0.681818181818,0.690909090909,0.7,
    0.709090909091,0.718181818182,0.727272727273,0.736363636364,
    0.745454545455,0.754545454545,0.763636363636,0.772727272727,
    0.781818181818,0.790909090909,0.8,0.809090909091,0.818181818182,
    0.827272727273,0.836363636364,0.845454545455,0.854545454545,
    0.863636363636,0.872727272727,0.881818181818,0.890909090909,0.9,
    0.909090909091,0.918181818182,0.927272727273,0.936363636364,
    0.945454545455,0.954545454545,0.963636363636,0.972727272727,
    0.981818181818,0.990909090909,1.),.QUASI_UNIFORM_KNOTS.);
#5276 = CARTESIAN_POINT('',(0.,0.95250183336));
#5277 = CARTESIAN_POINT('',(9.477990254423E-03,0.953256066187));
#5278 = CARTESIAN_POINT('',(2.844687361838E-02,0.95476555249));
#5279 = CARTESIAN_POINT('',(5.694335376965E-02,0.957033213692));
#5280 = CARTESIAN_POINT('',(8.548741692055E-02,0.959304683115));
#5281 = CARTESIAN_POINT('',(0.114083556225,0.96158031388));
#5282 = CARTESIAN_POINT('',(0.142737723043,0.963860545851));
#5283 = CARTESIAN_POINT('',(0.17145169176,0.966145480004));
#5284 = CARTESIAN_POINT('',(0.20020906863,0.968433866326));
#5285 = CARTESIAN_POINT('',(0.22899581573,0.970724629663));
#5286 = CARTESIAN_POINT('',(0.257797356361,0.973016634189));
#5287 = CARTESIAN_POINT('',(0.286600345254,0.975308811913));
#5288 = CARTESIAN_POINT('',(0.315389217651,0.97759984532));
#5289 = CARTESIAN_POINT('',(0.344144231887,0.979888106426));
#5290 = CARTESIAN_POINT('',(0.372845039561,0.982171987499));
#5291 = CARTESIAN_POINT('',(0.401472707635,0.984450024917));
#5292 = CARTESIAN_POINT('',(0.430000425356,0.986720158367));
#5293 = CARTESIAN_POINT('',(0.458445814234,0.988983796515));
#5294 = CARTESIAN_POINT('',(0.486849168794,0.991244101549));
#5295 = CARTESIAN_POINT('',(0.515245644567,0.993503833175));
#5296 = CARTESIAN_POINT('',(0.543670768872,0.99576579355));
#5297 = CARTESIAN_POINT('',(0.572162557379,0.998033017493));
#5298 = CARTESIAN_POINT('',(0.600719804384,1.000305471146));
#5299 = CARTESIAN_POINT('',(0.629336555699,1.00258271828));
#5300 = CARTESIAN_POINT('',(0.6580085696,1.004864425095));
#5301 = CARTESIAN_POINT('',(0.686731979115,1.007150243379));
#5302 = CARTESIAN_POINT('',(0.715502943274,1.009439779703));
#5303 = CARTESIAN_POINT('',(0.744307945316,1.011731984016));
#5304 = CARTESIAN_POINT('',(0.773133865905,1.014025847901));
#5305 = CARTESIAN_POINT('',(0.801967443392,1.016320347069));
#5306 = CARTESIAN_POINT('',(0.830795855058,1.018614479078));
#5307 = CARTESIAN_POINT('',(0.859606002173,1.020907163739));
#5308 = CARTESIAN_POINT('',(0.888382708041,1.023197143543));
#5309 = CARTESIAN_POINT('',(0.917110127946,1.025483166559));
#5310 = CARTESIAN_POINT('',(0.94577315824,1.027764061308));
#5311 = CARTESIAN_POINT('',(0.974352240126,1.030038328936));
#5312 = CARTESIAN_POINT('',(1.002848689533,1.032306058562));
#5313 = CARTESIAN_POINT('',(1.031282571801,1.034568784976));
#5314 = CARTESIAN_POINT('',(1.059669522318,1.036827730585));
#5315 = CARTESIAN_POINT('',(1.088025886224,1.039084198135));
#5316 = CARTESIAN_POINT('',(1.116367362719,1.04133948139));
#5317 = CARTESIAN_POINT('',(1.144708640992,1.043594785897));
#5318 = CARTESIAN_POINT('',(1.173064433871,1.045851283548));
#5319 = CARTESIAN_POINT('',(1.20144984115,1.048110159278));
#5320 = CARTESIAN_POINT('',(1.229879911982,1.050372577583));
#5321 = CARTESIAN_POINT('',(1.258370770183,1.052639771667));
#5322 = CARTESIAN_POINT('',(1.286911030983,1.054910879987));
#5323 = CARTESIAN_POINT('',(1.315488306001,1.057184963049));
#5324 = CARTESIAN_POINT('',(1.344090676642,1.05946109933));
#5325 = CARTESIAN_POINT('',(1.372706649996,1.061738373189));
#5326 = CARTESIAN_POINT('',(1.401324888126,1.064015826221));
#5327 = CARTESIAN_POINT('',(1.429931262578,1.066292277681));
#5328 = CARTESIAN_POINT('',(1.458510977838,1.068566548396));
#5329 = CARTESIAN_POINT('',(1.487049901062,1.070837538423));
#5330 = CARTESIAN_POINT('',(1.51552967501,1.073103829334));
#5331 = CARTESIAN_POINT('',(1.543949406025,1.075365377822));
#5332 = CARTESIAN_POINT('',(1.572336372604,1.077624346345));
#5333 = CARTESIAN_POINT('',(1.6007131594,1.079882518434));
#5334 = CARTESIAN_POINT('',(1.629102241886,1.082141666655));
#5335 = CARTESIAN_POINT('',(1.657531242111,1.084403986351));
#5336 = CARTESIAN_POINT('',(1.685997377388,1.086669246672));
#5337 = CARTESIAN_POINT('',(1.714478783054,1.088935711134));
#5338 = CARTESIAN_POINT('',(1.742957586852,1.09120197562));
#5339 = CARTESIAN_POINT('',(1.771415711806,1.093466613985));
#5340 = CARTESIAN_POINT('',(1.799832392591,1.095727955822));
#5341 = CARTESIAN_POINT('',(1.828218251046,1.097986837995));
#5342 = CARTESIAN_POINT('',(1.856589762465,1.100244570605));
#5343 = CARTESIAN_POINT('',(1.884961785815,1.102502335239));
#5344 = CARTESIAN_POINT('',(1.913349773844,1.104761368374));
#5345 = CARTESIAN_POINT('',(1.941767946993,1.107022815266));
#5346 = CARTESIAN_POINT('',(1.970203788783,1.109285663047));
#5347 = CARTESIAN_POINT('',(1.998645220418,1.111548955074));
#5348 = CARTESIAN_POINT('',(2.02708049737,1.113811766312));
#5349 = CARTESIAN_POINT('',(2.05549573062,1.116072989062));
#5350 = CARTESIAN_POINT('',(2.083886505456,1.118332261384));
#5351 = CARTESIAN_POINT('',(2.112276870167,1.120591508464));
#5352 = CARTESIAN_POINT('',(2.140687334471,1.122852351892));
#5353 = CARTESIAN_POINT('',(2.169138333716,1.125116402998));
#5354 = CARTESIAN_POINT('',(2.197654727138,1.127385617741));
#5355 = CARTESIAN_POINT('',(2.226239618436,1.129660258837));
#5356 = CARTESIAN_POINT('',(2.254872158831,1.131938720371));
#5357 = CARTESIAN_POINT('',(2.283536612158,1.13421978302));
#5358 = CARTESIAN_POINT('',(2.312216319442,1.136502127803));
#5359 = CARTESIAN_POINT('',(2.340895446885,1.138784447772));
#5360 = CARTESIAN_POINT('',(2.369559685983,1.141065528343));
#5361 = CARTESIAN_POINT('',(2.398194546715,1.143344201498));
#5362 = CARTESIAN_POINT('',(2.426784748283,1.145619276091));
#5363 = CARTESIAN_POINT('',(2.455315333011,1.147889610343));
#5364 = CARTESIAN_POINT('',(2.483768977754,1.150153888137));
#5365 = CARTESIAN_POINT('',(2.512165563236,1.152413653935));
#5366 = CARTESIAN_POINT('',(2.540527944792,1.154670685643));
#5367 = CARTESIAN_POINT('',(2.568877912078,1.156926692221));
#5368 = CARTESIAN_POINT('',(2.597237579421,1.159183426875));
#5369 = CARTESIAN_POINT('',(2.625627205193,1.161442532907));
#5370 = CARTESIAN_POINT('',(2.654056469132,1.163704834041));
#5371 = CARTESIAN_POINT('',(2.682536636851,1.165971237981));
#5372 = CARTESIAN_POINT('',(2.711078413459,1.168242579671));
#5373 = CARTESIAN_POINT('',(2.739695669448,1.170519901118));
#5374 = CARTESIAN_POINT('',(2.768391398567,1.172803399596));
#5375 = CARTESIAN_POINT('',(2.797146405792,1.175091608891));
#5376 = CARTESIAN_POINT('',(2.825945403244,1.177383350686));
#5377 = CARTESIAN_POINT('',(2.85477237257,1.179677370335));
#5378 = CARTESIAN_POINT('',(2.883612089853,1.181972430614));
#5379 = CARTESIAN_POINT('',(2.91244991774,1.184267305658));
#5380 = CARTESIAN_POINT('',(2.94127083021,1.186560788112));
#5381 = CARTESIAN_POINT('',(2.970059180378,1.188851653846));
#5382 = CARTESIAN_POINT('',(2.998799786595,1.191138729474));
#5383 = CARTESIAN_POINT('',(3.027475034428,1.193420655399));
#5384 = CARTESIAN_POINT('',(3.056086875066,1.195697541288));
#5385 = CARTESIAN_POINT('',(3.084641736067,1.197969865932));
#5386 = CARTESIAN_POINT('',(3.113144456014,1.200238013637));
#5387 = CARTESIAN_POINT('',(3.132114660398,1.201747600644));
#5388 = CARTESIAN_POINT('',(3.14159265359,1.20250183336));
#5389 = ( GEOMETRIC_REPRESENTATION_CONTEXT(2) 
PARAMETRIC_REPRESENTATION_CONTEXT() REPRESENTATION_CONTEXT('2D SPACE',''
  ) );
#5390 = PCURVE('',#3783,#5391);
#5391 = DEFINITIONAL_REPRESENTATION('',(#5392),#5506);
#5392 = B_SPLINE_CURVE_WITH_KNOTS('',3,(#5393,#5394,#5395,#5396,#5397,
    #5398,#5399,#5400,#5401,#5402,#5403,#5404,#5405,#5406,#5407,#5408,
    #5409,#5410,#5411,#5412,#5413,#5414,#5415,#5416,#5417,#5418,#5419,
    #5420,#5421,#5422,#5423,#5424,#5425,#5426,#5427,#5428,#5429,#5430,
    #5431,#5432,#5433,#5434,#5435,#5436,#5437,#5438,#5439,#5440,#5441,
    #5442,#5443,#5444,#5445,#5446,#5447,#5448,#5449,#5450,#5451,#5452,
    #5453,#5454,#5455,#5456,#5457,#5458,#5459,#5460,#5461,#5462,#5463,
    #5464,#5465,#5466,#5467,#5468,#5469,#5470,#5471,#5472,#5473,#5474,
    #5475,#5476,#5477,#5478,#5479,#5480,#5481,#5482,#5483,#5484,#5485,
    #5486,#5487,#5488,#5489,#5490,#5491,#5492,#5493,#5494,#5495,#5496,
    #5497,#5498,#5499,#5500,#5501,#5502,#5503,#5504,#5505),
  .UNSPECIFIED.,.F.,.F.,(4,1,1,1,1,1,1,1,1,1,1,1,1,1,1,1,1,1,1,1,1,1,1,1
    ,1,1,1,1,1,1,1,1,1,1,1,1,1,1,1,1,1,1,1,1,1,1,1,1,1,1,1,1,1,1,1,1,1,1
    ,1,1,1,1,1,1,1,1,1,1,1,1,1,1,1,1,1,1,1,1,1,1,1,1,1,1,1,1,1,1,1,1,1,1
    ,1,1,1,1,1,1,1,1,1,1,1,1,1,1,1,1,1,1,4),(0.,9.090909090909E-03,
    1.818181818182E-02,2.727272727273E-02,3.636363636364E-02,
    4.545454545455E-02,5.454545454545E-02,6.363636363636E-02,
    7.272727272727E-02,8.181818181818E-02,9.090909090909E-02,1.E-01,
    0.109090909091,0.118181818182,0.127272727273,0.136363636364,
    0.145454545455,0.154545454545,0.163636363636,0.172727272727,
    0.181818181818,0.190909090909,0.2,0.209090909091,0.218181818182,
    0.227272727273,0.236363636364,0.245454545455,0.254545454545,
    0.263636363636,0.272727272727,0.281818181818,0.290909090909,0.3,
    0.309090909091,0.318181818182,0.327272727273,0.336363636364,
    0.345454545455,0.354545454545,0.363636363636,0.372727272727,
    0.381818181818,0.390909090909,0.4,0.409090909091,0.418181818182,
    0.427272727273,0.436363636364,0.445454545455,0.454545454545,
    0.463636363636,0.472727272727,0.481818181818,0.490909090909,0.5,
    0.509090909091,0.518181818182,0.527272727273,0.536363636364,
    0.545454545455,0.554545454545,0.563636363636,0.572727272727,
    0.581818181818,0.590909090909,0.6,0.609090909091,0.618181818182,
    0.627272727273,0.636363636364,0.645454545455,0.654545454545,
    0.663636363636,0.672727272727,0.681818181818,0.690909090909,0.7,
    0.709090909091,0.718181818182,0.727272727273,0.736363636364,
    0.745454545455,0.754545454545,0.763636363636,0.772727272727,
    0.781818181818,0.790909090909,0.8,0.809090909091,0.818181818182,
    0.827272727273,0.836363636364,0.845454545455,0.854545454545,
    0.863636363636,0.872727272727,0.881818181818,0.890909090909,0.9,
    0.909090909091,0.918181818182,0.927272727273,0.936363636364,
    0.945454545455,0.954545454545,0.963636363636,0.972727272727,
    0.981818181818,0.990909090909,1.),.QUASI_UNIFORM_KNOTS.);
#5393 = CARTESIAN_POINT('',(0.249462848214,0.249553388724));
#5394 = CARTESIAN_POINT('',(0.249506386102,0.249100968399));
#5395 = CARTESIAN_POINT('',(0.249601750188,0.248195472948));
#5396 = CARTESIAN_POINT('',(0.249749383502,0.246835058786));
#5397 = CARTESIAN_POINT('',(0.249882452332,0.245472260659));
#5398 = CARTESIAN_POINT('',(0.249977863741,0.244106887968));
#5399 = CARTESIAN_POINT('',(0.250004257265,0.242738702445));
#5400 = CARTESIAN_POINT('',(0.249946378963,0.241367692355));
#5401 = CARTESIAN_POINT('',(0.249822145033,0.239994694636));
#5402 = CARTESIAN_POINT('',(0.249657737915,0.238620406812));
#5403 = CARTESIAN_POINT('',(0.249489200777,0.237245531023));
#5404 = CARTESIAN_POINT('',(0.249376075512,0.23587069164));
#5405 = CARTESIAN_POINT('',(0.249333357908,0.234496608224));
#5406 = CARTESIAN_POINT('',(0.249316428145,0.233124193662));
#5407 = CARTESIAN_POINT('',(0.249310316033,0.231754382478));
#5408 = CARTESIAN_POINT('',(0.249311649955,0.230388039635));
#5409 = CARTESIAN_POINT('',(0.249332955726,0.229026408004));
#5410 = CARTESIAN_POINT('',(0.249407865214,0.227668615182));
#5411 = CARTESIAN_POINT('',(0.249548525039,0.226312717416));
#5412 = CARTESIAN_POINT('',(0.249737035049,0.224957030533));
#5413 = CARTESIAN_POINT('',(0.249928770979,0.223599870346));
#5414 = CARTESIAN_POINT('',(0.250047025573,0.222239454808));
#5415 = CARTESIAN_POINT('',(0.250039944247,0.220875899899));
#5416 = CARTESIAN_POINT('',(0.249929775451,0.219509559442));
#5417 = CARTESIAN_POINT('',(0.249763580795,0.218140676834));
#5418 = CARTESIAN_POINT('',(0.249588866743,0.216769455307));
#5419 = CARTESIAN_POINT('',(0.24945206677,0.215396077503));
#5420 = CARTESIAN_POINT('',(0.249341276005,0.214021175597));
#5421 = CARTESIAN_POINT('',(0.249259998494,0.212645349539));
#5422 = CARTESIAN_POINT('',(0.249218841094,0.211269197259));
#5423 = CARTESIAN_POINT('',(0.249245700697,0.20989329039));
#5424 = CARTESIAN_POINT('',(0.249349892339,0.208518214641));
#5425 = CARTESIAN_POINT('',(0.24948261989,0.207144662123));
#5426 = CARTESIAN_POINT('',(0.249618177585,0.205773363297));
#5427 = CARTESIAN_POINT('',(0.249739273765,0.204405024537));
#5428 = CARTESIAN_POINT('',(0.249845381227,0.203040579325));
#5429 = CARTESIAN_POINT('',(0.249932981535,0.201679983645));
#5430 = CARTESIAN_POINT('',(0.249972396458,0.200322320306));
#5431 = CARTESIAN_POINT('',(0.249931762408,0.198966911577));
#5432 = CARTESIAN_POINT('',(0.2498369527,0.197613035531));
#5433 = CARTESIAN_POINT('',(0.249689644936,0.196259974754));
#5434 = CARTESIAN_POINT('',(0.249525219392,0.194907038443));
#5435 = CARTESIAN_POINT('',(0.249381624424,0.193553517394));
#5436 = CARTESIAN_POINT('',(0.2492815275,0.192198671584));
#5437 = CARTESIAN_POINT('',(0.249236868006,0.1908417541));
#5438 = CARTESIAN_POINT('',(0.249246199305,0.18948196096));
#5439 = CARTESIAN_POINT('',(0.249291433131,0.188119798822));
#5440 = CARTESIAN_POINT('',(0.249364717958,0.186755822105));
#5441 = CARTESIAN_POINT('',(0.249465832645,0.185390566793));
#5442 = CARTESIAN_POINT('',(0.249607627144,0.184024556196));
#5443 = CARTESIAN_POINT('',(0.249795811797,0.182658318937));
#5444 = CARTESIAN_POINT('',(0.249960575493,0.181292537351));
#5445 = CARTESIAN_POINT('',(0.250054922709,0.179927944048));
#5446 = CARTESIAN_POINT('',(0.250033767491,0.178565263438));
#5447 = CARTESIAN_POINT('',(0.249899271868,0.17720544374));
#5448 = CARTESIAN_POINT('',(0.24972049914,0.175848574834));
#5449 = CARTESIAN_POINT('',(0.24954870474,0.174493377261));
#5450 = CARTESIAN_POINT('',(0.249417521996,0.173138777706));
#5451 = CARTESIAN_POINT('',(0.24934191892,0.171783693347));
#5452 = CARTESIAN_POINT('',(0.249319628371,0.170426784582));
#5453 = CARTESIAN_POINT('',(0.249324525429,0.169068155464));
#5454 = CARTESIAN_POINT('',(0.249337421624,0.167708814599));
#5455 = CARTESIAN_POINT('',(0.249354969549,0.166349577193));
#5456 = CARTESIAN_POINT('',(0.249386132751,0.164991269561));
#5457 = CARTESIAN_POINT('',(0.249458552242,0.163634851292));
#5458 = CARTESIAN_POINT('',(0.249576264843,0.162279794801));
#5459 = CARTESIAN_POINT('',(0.249724821028,0.160925306841));
#5460 = CARTESIAN_POINT('',(0.249878877813,0.159570688243));
#5461 = CARTESIAN_POINT('',(0.250003993546,0.158215231136));
#5462 = CARTESIAN_POINT('',(0.250042609463,0.156858313373));
#5463 = CARTESIAN_POINT('',(0.249979648895,0.155500603787));
#5464 = CARTESIAN_POINT('',(0.249839324646,0.15414272178));
#5465 = CARTESIAN_POINT('',(0.249648615392,0.152785248118));
#5466 = CARTESIAN_POINT('',(0.249446141308,0.151428846004));
#5467 = CARTESIAN_POINT('',(0.249278371462,0.150073710437));
#5468 = CARTESIAN_POINT('',(0.24917663489,0.14871866729));
#5469 = CARTESIAN_POINT('',(0.249155187605,0.14736270466));
#5470 = CARTESIAN_POINT('',(0.249211827031,0.14600481076));
#5471 = CARTESIAN_POINT('',(0.249327150271,0.144643762588));
#5472 = CARTESIAN_POINT('',(0.249466293054,0.143279378699));
#5473 = CARTESIAN_POINT('',(0.249603900423,0.141912626607));
#5474 = CARTESIAN_POINT('',(0.249728914131,0.140544239479));
#5475 = CARTESIAN_POINT('',(0.249839241583,0.139175008459));
#5476 = CARTESIAN_POINT('',(0.249959157043,0.137805702456));
#5477 = CARTESIAN_POINT('',(0.250040473339,0.136437042755));
#5478 = CARTESIAN_POINT('',(0.250010384639,0.135069790156));
#5479 = CARTESIAN_POINT('',(0.249890276363,0.133704738948));
#5480 = CARTESIAN_POINT('',(0.249712816795,0.132342637264));
#5481 = CARTESIAN_POINT('',(0.249525065761,0.130984323976));
#5482 = CARTESIAN_POINT('',(0.249369309472,0.129628843874));
#5483 = CARTESIAN_POINT('',(0.249267679834,0.12827508743));
#5484 = CARTESIAN_POINT('',(0.249225811832,0.126921986964));
#5485 = CARTESIAN_POINT('',(0.24923012775,0.12556845391));
#5486 = CARTESIAN_POINT('',(0.249256306392,0.124213485672));
#5487 = CARTESIAN_POINT('',(0.249321232045,0.12285658225));
#5488 = CARTESIAN_POINT('',(0.249429242049,0.121497172409));
#5489 = CARTESIAN_POINT('',(0.249575690763,0.1201347195));
#5490 = CARTESIAN_POINT('',(0.249749578144,0.118768547201));
#5491 = CARTESIAN_POINT('',(0.24991599915,0.117398514778));
#5492 = CARTESIAN_POINT('',(0.250022688534,0.116025561443));
#5493 = CARTESIAN_POINT('',(0.250030816653,0.114650462437));
#5494 = CARTESIAN_POINT('',(0.249932460709,0.113274055386));
#5495 = CARTESIAN_POINT('',(0.249809368924,0.111897120168));
#5496 = CARTESIAN_POINT('',(0.24968366056,0.110520384369));
#5497 = CARTESIAN_POINT('',(0.249544775674,0.109144575276));
#5498 = CARTESIAN_POINT('',(0.249404608542,0.10777043049));
#5499 = CARTESIAN_POINT('',(0.249282898022,0.106398651253));
#5500 = CARTESIAN_POINT('',(0.249217678655,0.105030044266));
#5501 = CARTESIAN_POINT('',(0.249216200795,0.103664478876));
#5502 = CARTESIAN_POINT('',(0.249270552733,0.102301610541));
#5503 = CARTESIAN_POINT('',(0.249371272201,0.10094117209));
#5504 = CARTESIAN_POINT('',(0.249458777883,0.100035664799));
#5505 = CARTESIAN_POINT('',(0.249505285639,9.958323130737E-02));
#5506 = ( GEOMETRIC_REPRESENTATION_CONTEXT(2) 
PARAMETRIC_REPRESENTATION_CONTEXT() REPRESENTATION_CONTEXT('2D SPACE',''
  ) );
#5507 = ORIENTED_EDGE('',*,*,#5508,.F.);
#5508 = EDGE_CURVE('',#1854,#5243,#5509,.T.);
#5509 = SURFACE_CURVE('',#5510,(#5514,#5521),.PCURVE_S1.);
#5510 = LINE('',#5511,#5512);
#5511 = CARTESIAN_POINT('',(4.,2.18750183336,0.));
#5512 = VECTOR('',#5513,1.);
#5513 = DIRECTION('',(0.,1.,0.));
#5514 = PCURVE('',#2273,#5515);
#5515 = DEFINITIONAL_REPRESENTATION('',(#5516),#5520);
#5516 = LINE('',#5517,#5518);
#5517 = CARTESIAN_POINT('',(3.14159265359,1.32749816664));
#5518 = VECTOR('',#5519,1.);
#5519 = DIRECTION('',(0.,-1.));
#5520 = ( GEOMETRIC_REPRESENTATION_CONTEXT(2) 
PARAMETRIC_REPRESENTATION_CONTEXT() REPRESENTATION_CONTEXT('2D SPACE',''
  ) );
#5521 = PCURVE('',#2002,#5522);
#5522 = DEFINITIONAL_REPRESENTATION('',(#5523),#5527);
#5523 = LINE('',#5524,#5525);
#5524 = CARTESIAN_POINT('',(3.14159265359,1.32749816664));
#5525 = VECTOR('',#5526,1.);
#5526 = DIRECTION('',(0.,-1.));
#5527 = ( GEOMETRIC_REPRESENTATION_CONTEXT(2) 
PARAMETRIC_REPRESENTATION_CONTEXT() REPRESENTATION_CONTEXT('2D SPACE',''
  ) );
#5528 = ORIENTED_EDGE('',*,*,#2124,.T.);
#5529 = ADVANCED_FACE('',(#5530),#2002,.T.);
#5530 = FACE_BOUND('',#5531,.T.);
#5531 = EDGE_LOOP('',(#5532,#5553,#5554,#5555,#5723));
#5532 = ORIENTED_EDGE('',*,*,#5533,.F.);
#5533 = EDGE_CURVE('',#1583,#2854,#5534,.T.);
#5534 = SURFACE_CURVE('',#5535,(#5539,#5546),.PCURVE_S1.);
#5535 = LINE('',#5536,#5537);
#5536 = CARTESIAN_POINT('',(-4.,1.93750183336,0.));
#5537 = VECTOR('',#5538,1.);
#5538 = DIRECTION('',(0.,1.,0.));
#5539 = PCURVE('',#2002,#5540);
#5540 = DEFINITIONAL_REPRESENTATION('',(#5541),#5545);
#5541 = LINE('',#5542,#5543);
#5542 = CARTESIAN_POINT('',(6.28318530718,1.57749816664));
#5543 = VECTOR('',#5544,1.);
#5544 = DIRECTION('',(0.,-1.));
#5545 = ( GEOMETRIC_REPRESENTATION_CONTEXT(2) 
PARAMETRIC_REPRESENTATION_CONTEXT() REPRESENTATION_CONTEXT('2D SPACE',''
  ) );
#5546 = PCURVE('',#1731,#5547);
#5547 = DEFINITIONAL_REPRESENTATION('',(#5548),#5552);
#5548 = LINE('',#5549,#5550);
#5549 = CARTESIAN_POINT('',(0.,1.57749816664));
#5550 = VECTOR('',#5551,1.);
#5551 = DIRECTION('',(0.,-1.));
#5552 = ( GEOMETRIC_REPRESENTATION_CONTEXT(2) 
PARAMETRIC_REPRESENTATION_CONTEXT() REPRESENTATION_CONTEXT('2D SPACE',''
  ) );
#5553 = ORIENTED_EDGE('',*,*,#1853,.T.);
#5554 = ORIENTED_EDGE('',*,*,#5508,.T.);
#5555 = ORIENTED_EDGE('',*,*,#5556,.T.);
#5556 = EDGE_CURVE('',#5243,#2852,#5557,.T.);
#5557 = SURFACE_CURVE('',#5558,(#5577,#5650),.PCURVE_S1.);
#5558 = B_SPLINE_CURVE_WITH_KNOTS('',3,(#5559,#5560,#5561,#5562,#5563,
    #5564,#5565,#5566,#5567,#5568,#5569,#5570,#5571,#5572,#5573,#5574,
    #5575,#5576),.UNSPECIFIED.,.F.,.F.,(4,1,1,1,1,1,1,1,1,1,1,1,1,1,1,4)
  ,(0.,6.666666666667E-02,0.133333333333,0.2,0.266666666667,
    0.333333333333,0.4,0.466666666667,0.533333333333,0.6,0.666666666667,
    0.733333333333,0.8,0.866666666667,0.933333333333,1.),.UNSPECIFIED.);
#5559 = CARTESIAN_POINT('',(4.,2.31249816664,0.));
#5560 = CARTESIAN_POINT('',(4.,2.308840913732,0.183833581857));
#5561 = CARTESIAN_POINT('',(3.974655654892,2.301497944625,0.552947232171
    ));
#5562 = CARTESIAN_POINT('',(3.858957292863,2.290366228314,1.101805549102
    ));
#5563 = CARTESIAN_POINT('',(3.666987631093,2.279212867673,1.629994831608
    ));
#5564 = CARTESIAN_POINT('',(3.406970023575,2.268201520405,2.120135000161
    ));
#5565 = CARTESIAN_POINT('',(3.081373484596,2.257171381523,2.570505903919
    ));
#5566 = CARTESIAN_POINT('',(2.697827993963,2.246170805866,2.97068557187)
  );
#5567 = CARTESIAN_POINT('',(2.259200975658,2.235085595285,3.316451862697
    ));
#5568 = CARTESIAN_POINT('',(1.781288284503,2.224099541061,3.595801389693
    ));
#5569 = CARTESIAN_POINT('',(1.264043844546,2.212997941184,3.808750723336
    ));
#5570 = CARTESIAN_POINT('',(0.72370844278,2.201929044934,3.94700677052)
  );
#5571 = CARTESIAN_POINT('',(0.173534930005,2.19094059614,4.008946109223)
  );
#5572 = CARTESIAN_POINT('',(-0.381396289942,2.179923539785,
    3.994818504885));
#5573 = CARTESIAN_POINT('',(-0.936898579646,2.168747736505,
    3.902378719904));
#5574 = CARTESIAN_POINT('',(-1.474727924312,2.157553444548,
    3.732297447837));
#5575 = CARTESIAN_POINT('',(-1.810206375565,2.150172300893,3.57174072325
    ));
#5576 = CARTESIAN_POINT('',(-1.971077549988,2.146494321525,
    3.480639781985));
#5577 = PCURVE('',#2002,#5578);
#5578 = DEFINITIONAL_REPRESENTATION('',(#5579),#5649);
#5579 = B_SPLINE_CURVE_WITH_KNOTS('',3,(#5580,#5581,#5582,#5583,#5584,
    #5585,#5586,#5587,#5588,#5589,#5590,#5591,#5592,#5593,#5594,#5595,
    #5596,#5597,#5598,#5599,#5600,#5601,#5602,#5603,#5604,#5605,#5606,
    #5607,#5608,#5609,#5610,#5611,#5612,#5613,#5614,#5615,#5616,#5617,
    #5618,#5619,#5620,#5621,#5622,#5623,#5624,#5625,#5626,#5627,#5628,
    #5629,#5630,#5631,#5632,#5633,#5634,#5635,#5636,#5637,#5638,#5639,
    #5640,#5641,#5642,#5643,#5644,#5645,#5646,#5647,#5648),
  .UNSPECIFIED.,.F.,.F.,(4,1,1,1,1,1,1,1,1,1,1,1,1,1,1,1,1,1,1,1,1,1,1,1
    ,1,1,1,1,1,1,1,1,1,1,1,1,1,1,1,1,1,1,1,1,1,1,1,1,1,1,1,1,1,1,1,1,1,1
    ,1,1,1,1,1,1,1,1,4),(0.,1.515151515152E-02,3.030303030303E-02,
    4.545454545455E-02,6.060606060606E-02,7.575757575758E-02,
    9.090909090909E-02,0.106060606061,0.121212121212,0.136363636364,
    0.151515151515,0.166666666667,0.181818181818,0.19696969697,
    0.212121212121,0.227272727273,0.242424242424,0.257575757576,
    0.272727272727,0.287878787879,0.30303030303,0.318181818182,
    0.333333333333,0.348484848485,0.363636363636,0.378787878788,
    0.393939393939,0.409090909091,0.424242424242,0.439393939394,
    0.454545454545,0.469696969697,0.484848484848,0.5,0.515151515152,
    0.530303030303,0.545454545455,0.560606060606,0.575757575758,
    0.590909090909,0.606060606061,0.621212121212,0.636363636364,
    0.651515151515,0.666666666667,0.681818181818,0.69696969697,
    0.712121212121,0.727272727273,0.742424242424,0.757575757576,
    0.772727272727,0.787878787879,0.80303030303,0.818181818182,
    0.833333333333,0.848484848485,0.863636363636,0.878787878788,
    0.893939393939,0.909090909091,0.924242424242,0.939393939394,
    0.954545454545,0.969696969697,0.984848484848,1.),
  .QUASI_UNIFORM_KNOTS.);
#5580 = CARTESIAN_POINT('',(3.14159265359,1.20250183336));
#5581 = CARTESIAN_POINT('',(3.152037774581,1.203333027203));
#5582 = CARTESIAN_POINT('',(3.172946585484,1.204996885536));
#5583 = CARTESIAN_POINT('',(3.204369914045,1.207497455213));
#5584 = CARTESIAN_POINT('',(3.235857815149,1.210003193027));
#5585 = CARTESIAN_POINT('',(3.267414556991,1.212514429886));
#5586 = CARTESIAN_POINT('',(3.299047738519,1.215031701184));
#5587 = CARTESIAN_POINT('',(3.330750400186,1.217554456139));
#5588 = CARTESIAN_POINT('',(3.362505925171,1.220081447003));
#5589 = CARTESIAN_POINT('',(3.394300077313,1.222611576384));
#5590 = CARTESIAN_POINT('',(3.426119067774,1.225143746649));
#5591 = CARTESIAN_POINT('',(3.457948143657,1.227676704386));
#5592 = CARTESIAN_POINT('',(3.48976310913,1.230208464879));
#5593 = CARTESIAN_POINT('',(3.521539534359,1.232737102007));
#5594 = CARTESIAN_POINT('',(3.553253720706,1.235260777611));
#5595 = CARTESIAN_POINT('',(3.584876654024,1.237777243091));
#5596 = CARTESIAN_POINT('',(3.616424446203,1.240287753842));
#5597 = CARTESIAN_POINT('',(3.64792342987,1.242794372833));
#5598 = CARTESIAN_POINT('',(3.679396244003,1.245298888744));
#5599 = CARTESIAN_POINT('',(3.710869101458,1.24780341031));
#5600 = CARTESIAN_POINT('',(3.742353691587,1.250308883182));
#5601 = CARTESIAN_POINT('',(3.773839858123,1.252814476296));
#5602 = CARTESIAN_POINT('',(3.805321326795,1.25531969271));
#5603 = CARTESIAN_POINT('',(3.836790759794,1.257823945344));
#5604 = CARTESIAN_POINT('',(3.868241373216,1.26032667355));
#5605 = CARTESIAN_POINT('',(3.899689445852,1.262829209352));
#5606 = CARTESIAN_POINT('',(3.931151957002,1.265332920673));
#5607 = CARTESIAN_POINT('',(3.962644507462,1.267839047435));
#5608 = CARTESIAN_POINT('',(3.994188822555,1.270349305658));
#5609 = CARTESIAN_POINT('',(4.025775163178,1.272862879363));
#5610 = CARTESIAN_POINT('',(4.057372518875,1.275377298342));
#5611 = CARTESIAN_POINT('',(4.088955074019,1.277890537811));
#5612 = CARTESIAN_POINT('',(4.12049268525,1.28040022163));
#5613 = CARTESIAN_POINT('',(4.151968119798,1.282904971088));
#5614 = CARTESIAN_POINT('',(4.183418110372,1.285407703056));
#5615 = CARTESIAN_POINT('',(4.214873575439,1.287910856312));
#5616 = CARTESIAN_POINT('',(4.246365542994,1.290416881566));
#5617 = CARTESIAN_POINT('',(4.277930243105,1.292928659905));
#5618 = CARTESIAN_POINT('',(4.309554234918,1.295445157445));
#5619 = CARTESIAN_POINT('',(4.34121273018,1.297964446973));
#5620 = CARTESIAN_POINT('',(4.372884487489,1.300484863257));
#5621 = CARTESIAN_POINT('',(4.404546538556,1.303004552389));
#5622 = CARTESIAN_POINT('',(4.436183811334,1.305522228696));
#5623 = CARTESIAN_POINT('',(4.467791190433,1.308037457731));
#5624 = CARTESIAN_POINT('',(4.499360961088,1.310549645236));
#5625 = CARTESIAN_POINT('',(4.530885566114,1.313058239817));
#5626 = CARTESIAN_POINT('',(4.562357134615,1.315562678436));
#5627 = CARTESIAN_POINT('',(4.593792350956,1.318064242471));
#5628 = CARTESIAN_POINT('',(4.625207703901,1.320564210114));
#5629 = CARTESIAN_POINT('',(4.656619579257,1.323063868592));
#5630 = CARTESIAN_POINT('',(4.688043798425,1.325564472178));
#5631 = CARTESIAN_POINT('',(4.719497670877,1.328067451393));
#5632 = CARTESIAN_POINT('',(4.751000338917,1.330574364681));
#5633 = CARTESIAN_POINT('',(4.782570652651,1.333086698376));
#5634 = CARTESIAN_POINT('',(4.814230241162,1.335606115158));
#5635 = CARTESIAN_POINT('',(4.845992482987,1.338133619046));
#5636 = CARTESIAN_POINT('',(4.87783218304,1.340667288778));
#5637 = CARTESIAN_POINT('',(4.909728905833,1.343205551423));
#5638 = CARTESIAN_POINT('',(4.941661475424,1.345746740765));
#5639 = CARTESIAN_POINT('',(4.973610088331,1.348289215404));
#5640 = CARTESIAN_POINT('',(5.005554905725,1.350831323107));
#5641 = CARTESIAN_POINT('',(5.037474829558,1.353371394322));
#5642 = CARTESIAN_POINT('',(5.069349181986,1.355907823529));
#5643 = CARTESIAN_POINT('',(5.101153956443,1.358438766329));
#5644 = CARTESIAN_POINT('',(5.132879097187,1.36096341112));
#5645 = CARTESIAN_POINT('',(5.164535384761,1.36348254751));
#5646 = CARTESIAN_POINT('',(5.196129047371,1.365996663752));
#5647 = CARTESIAN_POINT('',(5.217154172781,1.367669774073));
#5648 = CARTESIAN_POINT('',(5.227658494706,1.368505678475));
#5649 = ( GEOMETRIC_REPRESENTATION_CONTEXT(2) 
PARAMETRIC_REPRESENTATION_CONTEXT() REPRESENTATION_CONTEXT('2D SPACE',''
  ) );
#5650 = PCURVE('',#3783,#5651);
#5651 = DEFINITIONAL_REPRESENTATION('',(#5652),#5722);
#5652 = B_SPLINE_CURVE_WITH_KNOTS('',3,(#5653,#5654,#5655,#5656,#5657,
    #5658,#5659,#5660,#5661,#5662,#5663,#5664,#5665,#5666,#5667,#5668,
    #5669,#5670,#5671,#5672,#5673,#5674,#5675,#5676,#5677,#5678,#5679,
    #5680,#5681,#5682,#5683,#5684,#5685,#5686,#5687,#5688,#5689,#5690,
    #5691,#5692,#5693,#5694,#5695,#5696,#5697,#5698,#5699,#5700,#5701,
    #5702,#5703,#5704,#5705,#5706,#5707,#5708,#5709,#5710,#5711,#5712,
    #5713,#5714,#5715,#5716,#5717,#5718,#5719,#5720,#5721),
  .UNSPECIFIED.,.F.,.F.,(4,1,1,1,1,1,1,1,1,1,1,1,1,1,1,1,1,1,1,1,1,1,1,1
    ,1,1,1,1,1,1,1,1,1,1,1,1,1,1,1,1,1,1,1,1,1,1,1,1,1,1,1,1,1,1,1,1,1,1
    ,1,1,1,1,1,1,1,1,4),(0.,1.515151515152E-02,3.030303030303E-02,
    4.545454545455E-02,6.060606060606E-02,7.575757575758E-02,
    9.090909090909E-02,0.106060606061,0.121212121212,0.136363636364,
    0.151515151515,0.166666666667,0.181818181818,0.19696969697,
    0.212121212121,0.227272727273,0.242424242424,0.257575757576,
    0.272727272727,0.287878787879,0.30303030303,0.318181818182,
    0.333333333333,0.348484848485,0.363636363636,0.378787878788,
    0.393939393939,0.409090909091,0.424242424242,0.439393939394,
    0.454545454545,0.469696969697,0.484848484848,0.5,0.515151515152,
    0.530303030303,0.545454545455,0.560606060606,0.575757575758,
    0.590909090909,0.606060606061,0.621212121212,0.636363636364,
    0.651515151515,0.666666666667,0.681818181818,0.69696969697,
    0.712121212121,0.727272727273,0.742424242424,0.757575757576,
    0.772727272727,0.787878787879,0.80303030303,0.818181818182,
    0.833333333333,0.848484848485,0.863636363636,0.878787878788,
    0.893939393939,0.909090909091,0.924242424242,0.939393939394,
    0.954545454545,0.969696969697,0.984848484848,1.),
  .QUASI_UNIFORM_KNOTS.);
#5653 = CARTESIAN_POINT('',(0.249505285639,9.958323130737E-02));
#5654 = CARTESIAN_POINT('',(0.249555833662,9.908463484726E-02));
#5655 = CARTESIAN_POINT('',(0.249666157584,9.808650413234E-02));
#5656 = CARTESIAN_POINT('',(0.24982699915,9.658630414239E-02));
#5657 = CARTESIAN_POINT('',(0.249953354636,9.508289558182E-02));
#5658 = CARTESIAN_POINT('',(0.250006680619,9.357612321617E-02));
#5659 = CARTESIAN_POINT('',(0.249955109593,9.206571344811E-02));
#5660 = CARTESIAN_POINT('',(0.24983110211,9.055208089109E-02));
#5661 = CARTESIAN_POINT('',(0.249657293447,8.903605952114E-02));
#5662 = CARTESIAN_POINT('',(0.249473966241,8.75183387582E-02));
#5663 = CARTESIAN_POINT('',(0.249339406494,8.599955958874E-02));
#5664 = CARTESIAN_POINT('',(0.249298135096,8.448039063308E-02));
#5665 = CARTESIAN_POINT('',(0.249296888419,8.296194403795E-02));
#5666 = CARTESIAN_POINT('',(0.249317143156,8.144533459533E-02));
#5667 = CARTESIAN_POINT('',(0.249355885932,7.993164173733E-02));
#5668 = CARTESIAN_POINT('',(0.249436752406,7.842220433468E-02));
#5669 = CARTESIAN_POINT('',(0.249570918274,7.691622157907E-02));
#5670 = CARTESIAN_POINT('',(0.249742034232,7.541242492259E-02));
#5671 = CARTESIAN_POINT('',(0.24991465596,7.390974781845E-02));
#5672 = CARTESIAN_POINT('',(0.250033311225,7.240698267417E-02));
#5673 = CARTESIAN_POINT('',(0.250020731036,7.090365828017E-02));
#5674 = CARTESIAN_POINT('',(0.249902003986,6.940034603773E-02));
#5675 = CARTESIAN_POINT('',(0.249715136768,6.789738845672E-02));
#5676 = CARTESIAN_POINT('',(0.249502589464,6.639514856997E-02));
#5677 = CARTESIAN_POINT('',(0.249314592961,6.48939366373E-02));
#5678 = CARTESIAN_POINT('',(0.249190159748,6.339294371913E-02));
#5679 = CARTESIAN_POINT('',(0.249152931945,6.189131545433E-02));
#5680 = CARTESIAN_POINT('',(0.249210229905,6.0388257127E-02));
#5681 = CARTESIAN_POINT('',(0.249361320751,5.888268080607E-02));
#5682 = CARTESIAN_POINT('',(0.249552198305,5.73750079026E-02));
#5683 = CARTESIAN_POINT('',(0.24972270609,5.586668653521E-02));
#5684 = CARTESIAN_POINT('',(0.249842504699,5.435893284656E-02));
#5685 = CARTESIAN_POINT('',(0.249902675862,5.285319275196E-02));
#5686 = CARTESIAN_POINT('',(0.249920425516,5.13503230737E-02));
#5687 = CARTESIAN_POINT('',(0.249870676092,4.984864482356E-02));
#5688 = CARTESIAN_POINT('',(0.249784007066,4.83467729942E-02));
#5689 = CARTESIAN_POINT('',(0.249693581006,4.684327712783E-02));
#5690 = CARTESIAN_POINT('',(0.249595324385,4.533644985507E-02));
#5691 = CARTESIAN_POINT('',(0.24947841067,4.382692901828E-02));
#5692 = CARTESIAN_POINT('',(0.249354984172,4.231587143532E-02));
#5693 = CARTESIAN_POINT('',(0.249252224998,4.080424847885E-02));
#5694 = CARTESIAN_POINT('',(0.249227883126,3.929310342843E-02));
#5695 = CARTESIAN_POINT('',(0.249306066953,3.778310264745E-02));
#5696 = CARTESIAN_POINT('',(0.249438263747,3.627444584824E-02));
#5697 = CARTESIAN_POINT('',(0.249596230735,3.476746614088E-02));
#5698 = CARTESIAN_POINT('',(0.249753874851,3.326250565286E-02));
#5699 = CARTESIAN_POINT('',(0.249893367973,3.175994382113E-02));
#5700 = CARTESIAN_POINT('',(0.249989446288,3.025901576147E-02));
#5701 = CARTESIAN_POINT('',(0.249988290439,2.875900305657E-02));
#5702 = CARTESIAN_POINT('',(0.249888661234,2.725921859739E-02));
#5703 = CARTESIAN_POINT('',(0.249720830494,2.575896425119E-02));
#5704 = CARTESIAN_POINT('',(0.249527018758,2.425743632494E-02));
#5705 = CARTESIAN_POINT('',(0.249360911748,2.275371580112E-02));
#5706 = CARTESIAN_POINT('',(0.249252747413,2.124687742481E-02));
#5707 = CARTESIAN_POINT('',(0.249219521673,1.973584815505E-02));
#5708 = CARTESIAN_POINT('',(0.249251723471,1.821993990555E-02));
#5709 = CARTESIAN_POINT('',(0.249317261379,1.670030223648E-02));
#5710 = CARTESIAN_POINT('',(0.249408390832,1.517785808997E-02));
#5711 = CARTESIAN_POINT('',(0.249529706904,1.365357400881E-02));
#5712 = CARTESIAN_POINT('',(0.249718039342,1.212836512068E-02));
#5713 = CARTESIAN_POINT('',(0.249907395944,1.060317686857E-02));
#5714 = CARTESIAN_POINT('',(0.250026819668,9.079044446251E-03));
#5715 = CARTESIAN_POINT('',(0.250018262043,7.55701734703E-03));
#5716 = CARTESIAN_POINT('',(0.249899483173,6.038341636086E-03));
#5717 = CARTESIAN_POINT('',(0.249749741949,4.523567376175E-03));
#5718 = CARTESIAN_POINT('',(0.249589897041,3.012213815032E-03));
#5719 = CARTESIAN_POINT('',(0.249445453413,1.503991210274E-03));
#5720 = CARTESIAN_POINT('',(0.249368780333,5.003714907353E-04));
#5721 = CARTESIAN_POINT('',(0.249338234546,-1.026891921704E-06));
#5722 = ( GEOMETRIC_REPRESENTATION_CONTEXT(2) 
PARAMETRIC_REPRESENTATION_CONTEXT() REPRESENTATION_CONTEXT('2D SPACE',''
  ) );
#5723 = ORIENTED_EDGE('',*,*,#2851,.T.);
#5724 = ADVANCED_FACE('',(#5725),#1731,.T.);
#5725 = FACE_BOUND('',#5726,.T.);
#5726 = EDGE_LOOP('',(#5727,#5728,#5729,#5730));
#5727 = ORIENTED_EDGE('',*,*,#3984,.F.);
#5728 = ORIENTED_EDGE('',*,*,#1582,.T.);
#5729 = ORIENTED_EDGE('',*,*,#5533,.T.);
#5730 = ORIENTED_EDGE('',*,*,#2972,.T.);
#5731 = ADVANCED_FACE('',(#5732),#3783,.F.);
#5732 = FACE_BOUND('',#5733,.F.);
#5733 = EDGE_LOOP('',(#5734,#5735,#5736,#5737,#5850,#5875,#6043,#6307,
    #6308));
#5734 = ORIENTED_EDGE('',*,*,#5556,.T.);
#5735 = ORIENTED_EDGE('',*,*,#3770,.T.);
#5736 = ORIENTED_EDGE('',*,*,#4356,.T.);
#5737 = ORIENTED_EDGE('',*,*,#5738,.T.);
#5738 = EDGE_CURVE('',#4237,#5739,#5741,.T.);
#5739 = VERTEX_POINT('',#5740);
#5740 = CARTESIAN_POINT('',(2.477137052048,3.3,3.012273564165));
#5741 = SURFACE_CURVE('',#5742,(#5758,#5831),.PCURVE_S1.);
#5742 = B_SPLINE_CURVE_WITH_KNOTS('',3,(#5743,#5744,#5745,#5746,#5747,
    #5748,#5749,#5750,#5751,#5752,#5753,#5754,#5755,#5756,#5757),
  .UNSPECIFIED.,.F.,.F.,(4,1,1,1,1,1,1,1,1,1,1,1,4),(0.,
    8.333333333333E-02,0.166666666667,0.25,0.333333333333,0.416666666667
    ,0.5,0.583333333333,0.666666666667,0.75,0.833333333333,
    0.916666666667,1.),.UNSPECIFIED.);
#5743 = CARTESIAN_POINT('',(-2.97332943253,3.3,2.160250282503));
#5744 = CARTESIAN_POINT('',(-2.879598446954,3.3,2.299988146067));
#5745 = CARTESIAN_POINT('',(-2.674696295611,3.3,2.564576453623));
#5746 = CARTESIAN_POINT('',(-2.310020410403,3.3,2.921680267659));
#5747 = CARTESIAN_POINT('',(-1.902241895429,3.3,3.223827251932));
#5748 = CARTESIAN_POINT('',(-1.453224895221,3.3,3.470223566153));
#5749 = CARTESIAN_POINT('',(-0.97272973607,3.3,3.653604330781));
#5750 = CARTESIAN_POINT('',(-0.473087514907,3.3,3.770108772914));
#5751 = CARTESIAN_POINT('',(4.467947752663E-02,3.3,3.818241028054));
#5752 = CARTESIAN_POINT('',(0.560740200656,3.3,3.795865267506));
#5753 = CARTESIAN_POINT('',(1.074901520893,3.3,3.703094200054));
#5754 = CARTESIAN_POINT('',(1.572288955453,3.3,3.541173543243));
#5755 = CARTESIAN_POINT('',(2.04404752715,3.3,3.313313028769));
#5756 = CARTESIAN_POINT('',(2.336378718028,3.3,3.119922655142));
#5757 = CARTESIAN_POINT('',(2.477137052048,3.3,3.012273564165));
#5758 = PCURVE('',#3783,#5759);
#5759 = DEFINITIONAL_REPRESENTATION('',(#5760),#5830);
#5760 = B_SPLINE_CURVE_WITH_KNOTS('',3,(#5761,#5762,#5763,#5764,#5765,
    #5766,#5767,#5768,#5769,#5770,#5771,#5772,#5773,#5774,#5775,#5776,
    #5777,#5778,#5779,#5780,#5781,#5782,#5783,#5784,#5785,#5786,#5787,
    #5788,#5789,#5790,#5791,#5792,#5793,#5794,#5795,#5796,#5797,#5798,
    #5799,#5800,#5801,#5802,#5803,#5804,#5805,#5806,#5807,#5808,#5809,
    #5810,#5811,#5812,#5813,#5814,#5815,#5816,#5817,#5818,#5819,#5820,
    #5821,#5822,#5823,#5824,#5825,#5826,#5827,#5828,#5829),
  .UNSPECIFIED.,.F.,.F.,(4,1,1,1,1,1,1,1,1,1,1,1,1,1,1,1,1,1,1,1,1,1,1,1
    ,1,1,1,1,1,1,1,1,1,1,1,1,1,1,1,1,1,1,1,1,1,1,1,1,1,1,1,1,1,1,1,1,1,1
    ,1,1,1,1,1,1,1,1,4),(0.,1.515151515152E-02,3.030303030303E-02,
    4.545454545455E-02,6.060606060606E-02,7.575757575758E-02,
    9.090909090909E-02,0.106060606061,0.121212121212,0.136363636364,
    0.151515151515,0.166666666667,0.181818181818,0.19696969697,
    0.212121212121,0.227272727273,0.242424242424,0.257575757576,
    0.272727272727,0.287878787879,0.30303030303,0.318181818182,
    0.333333333333,0.348484848485,0.363636363636,0.378787878788,
    0.393939393939,0.409090909091,0.424242424242,0.439393939394,
    0.454545454545,0.469696969697,0.484848484848,0.5,0.515151515152,
    0.530303030303,0.545454545455,0.560606060606,0.575757575758,
    0.590909090909,0.606060606061,0.621212121212,0.636363636364,
    0.651515151515,0.666666666667,0.681818181818,0.69696969697,
    0.712121212121,0.727272727273,0.742424242424,0.757575757576,
    0.772727272727,0.787878787879,0.80303030303,0.818181818182,
    0.833333333333,0.848484848485,0.863636363636,0.878787878788,
    0.893939393939,0.909090909091,0.924242424242,0.939393939394,
    0.954545454545,0.969696969697,0.984848484848,1.),
  .QUASI_UNIFORM_KNOTS.);
#5761 = CARTESIAN_POINT('',(0.999590818371,0.579486394745));
#5762 = CARTESIAN_POINT('',(0.99698003069,0.579883471901));
#5763 = CARTESIAN_POINT('',(0.991757127488,0.580676142094));
#5764 = CARTESIAN_POINT('',(0.983924910313,0.581861975023));
#5765 = CARTESIAN_POINT('',(0.976107279321,0.583045911881));
#5766 = CARTESIAN_POINT('',(0.968294537144,0.584229241929));
#5767 = CARTESIAN_POINT('',(0.960458097419,0.585413166767));
#5768 = CARTESIAN_POINT('',(0.952567195457,0.586599138899));
#5769 = CARTESIAN_POINT('',(0.944614212824,0.587787308147));
#5770 = CARTESIAN_POINT('',(0.936598283738,0.588976536696));
#5771 = CARTESIAN_POINT('',(0.928532197266,0.590165974528));
#5772 = CARTESIAN_POINT('',(0.920440315963,0.591354717012));
#5773 = CARTESIAN_POINT('',(0.912358374408,0.592541902865));
#5774 = CARTESIAN_POINT('',(0.904334654211,0.593726696947));
#5775 = CARTESIAN_POINT('',(0.896378728507,0.59490972344));
#5776 = CARTESIAN_POINT('',(0.888490927881,0.596091600558));
#5777 = CARTESIAN_POINT('',(0.880663835731,0.597272949129));
#5778 = CARTESIAN_POINT('',(0.872882731354,0.598454354827));
#5779 = CARTESIAN_POINT('',(0.86512272997,0.599636490224));
#5780 = CARTESIAN_POINT('',(0.857362460971,0.600819547205));
#5781 = CARTESIAN_POINT('',(0.849592882717,0.602003247647));
#5782 = CARTESIAN_POINT('',(0.841805524042,0.603187411016));
#5783 = CARTESIAN_POINT('',(0.833994771899,0.604371829983));
#5784 = CARTESIAN_POINT('',(0.826158419234,0.605556304319));
#5785 = CARTESIAN_POINT('',(0.818293152848,0.60674063642));
#5786 = CARTESIAN_POINT('',(0.810370591423,0.607924536327));
#5787 = CARTESIAN_POINT('',(0.802403479986,0.609107710346));
#5788 = CARTESIAN_POINT('',(0.79440246743,0.610289867007));
#5789 = CARTESIAN_POINT('',(0.786383560529,0.611470753682));
#5790 = CARTESIAN_POINT('',(0.778365453665,0.612650017109));
#5791 = CARTESIAN_POINT('',(0.770372500885,0.613827843675));
#5792 = CARTESIAN_POINT('',(0.762424381841,0.615004959959));
#5793 = CARTESIAN_POINT('',(0.754531501281,0.616181990194));
#5794 = CARTESIAN_POINT('',(0.746695843969,0.617359594372));
#5795 = CARTESIAN_POINT('',(0.738911081907,0.618538426331));
#5796 = CARTESIAN_POINT('',(0.731160936849,0.619719141174));
#5797 = CARTESIAN_POINT('',(0.723414602861,0.620900965658));
#5798 = CARTESIAN_POINT('',(0.715652974794,0.62208311967));
#5799 = CARTESIAN_POINT('',(0.707867455821,0.623264804459));
#5800 = CARTESIAN_POINT('',(0.700059199782,0.624445271092));
#5801 = CARTESIAN_POINT('',(0.692243788997,0.625623586671));
#5802 = CARTESIAN_POINT('',(0.684429802335,0.626799714253));
#5803 = CARTESIAN_POINT('',(0.676598747366,0.62797449499));
#5804 = CARTESIAN_POINT('',(0.668734658315,0.629148562335));
#5805 = CARTESIAN_POINT('',(0.660852312828,0.630322598801));
#5806 = CARTESIAN_POINT('',(0.652952941972,0.631497281585));
#5807 = CARTESIAN_POINT('',(0.645028635582,0.632673292055));
#5808 = CARTESIAN_POINT('',(0.637082072993,0.633850212164));
#5809 = CARTESIAN_POINT('',(0.629122535974,0.635027636748));
#5810 = CARTESIAN_POINT('',(0.621164787997,0.636205170358));
#5811 = CARTESIAN_POINT('',(0.613227607608,0.637382446714));
#5812 = CARTESIAN_POINT('',(0.605339716248,0.638559067882));
#5813 = CARTESIAN_POINT('',(0.59751165468,0.639734889927));
#5814 = CARTESIAN_POINT('',(0.589731202468,0.64091000058));
#5815 = CARTESIAN_POINT('',(0.581990470913,0.642084430767));
#5816 = CARTESIAN_POINT('',(0.574279959783,0.64325821856));
#5817 = CARTESIAN_POINT('',(0.566590196686,0.644431391733));
#5818 = CARTESIAN_POINT('',(0.558911439936,0.645603973062));
#5819 = CARTESIAN_POINT('',(0.551223239589,0.64677604266));
#5820 = CARTESIAN_POINT('',(0.54350411915,0.647947667837));
#5821 = CARTESIAN_POINT('',(0.535731561867,0.649118894485));
#5822 = CARTESIAN_POINT('',(0.527882889455,0.650289779008));
#5823 = CARTESIAN_POINT('',(0.519976970353,0.651460267738));
#5824 = CARTESIAN_POINT('',(0.512040775896,0.652630811938));
#5825 = CARTESIAN_POINT('',(0.504099828103,0.653802370708));
#5826 = CARTESIAN_POINT('',(0.496164763138,0.654975816975));
#5827 = CARTESIAN_POINT('',(0.488235671479,0.656152062496));
#5828 = CARTESIAN_POINT('',(0.482941994611,0.656938699718));
#5829 = CARTESIAN_POINT('',(0.480291185479,0.65733278859));
#5830 = ( GEOMETRIC_REPRESENTATION_CONTEXT(2) 
PARAMETRIC_REPRESENTATION_CONTEXT() REPRESENTATION_CONTEXT('2D SPACE',''
  ) );
#5831 = PCURVE('',#4331,#5832);
#5832 = DEFINITIONAL_REPRESENTATION('',(#5833),#5849);
#5833 = B_SPLINE_CURVE_WITH_KNOTS('',3,(#5834,#5835,#5836,#5837,#5838,
    #5839,#5840,#5841,#5842,#5843,#5844,#5845,#5846,#5847,#5848),
  .UNSPECIFIED.,.F.,.F.,(4,1,1,1,1,1,1,1,1,1,1,1,4),(0.,
    8.333333333333E-02,0.166666666667,0.25,0.333333333333,0.416666666667
    ,0.5,0.583333333333,0.666666666667,0.75,0.833333333333,
    0.916666666667,1.),.UNSPECIFIED.);
#5834 = CARTESIAN_POINT('',(2.97332943253,-2.160250282503));
#5835 = CARTESIAN_POINT('',(2.879598446954,-2.299988146067));
#5836 = CARTESIAN_POINT('',(2.674696295611,-2.564576453623));
#5837 = CARTESIAN_POINT('',(2.310020410403,-2.921680267659));
#5838 = CARTESIAN_POINT('',(1.902241895429,-3.223827251932));
#5839 = CARTESIAN_POINT('',(1.453224895221,-3.470223566153));
#5840 = CARTESIAN_POINT('',(0.97272973607,-3.653604330781));
#5841 = CARTESIAN_POINT('',(0.473087514907,-3.770108772914));
#5842 = CARTESIAN_POINT('',(-4.467947752663E-02,-3.818241028054));
#5843 = CARTESIAN_POINT('',(-0.560740200656,-3.795865267506));
#5844 = CARTESIAN_POINT('',(-1.074901520893,-3.703094200054));
#5845 = CARTESIAN_POINT('',(-1.572288955453,-3.541173543243));
#5846 = CARTESIAN_POINT('',(-2.04404752715,-3.313313028769));
#5847 = CARTESIAN_POINT('',(-2.336378718028,-3.119922655142));
#5848 = CARTESIAN_POINT('',(-2.477137052048,-3.012273564165));
#5849 = ( GEOMETRIC_REPRESENTATION_CONTEXT(2) 
PARAMETRIC_REPRESENTATION_CONTEXT() REPRESENTATION_CONTEXT('2D SPACE',''
  ) );
#5850 = ORIENTED_EDGE('',*,*,#5851,.T.);
#5851 = EDGE_CURVE('',#5739,#5852,#5854,.T.);
#5852 = VERTEX_POINT('',#5853);
#5853 = CARTESIAN_POINT('',(0.625828880153,3.2,3.950738945155));
#5854 = SURFACE_CURVE('',#5855,(#5863,#5869),.PCURVE_S1.);
#5855 = B_SPLINE_CURVE_WITH_KNOTS('',3,(#5856,#5857,#5858,#5859,#5860,
    #5861,#5862),.UNSPECIFIED.,.F.,.F.,(4,1,1,1,4),(0.,0.25,0.5,0.75,1.)
  ,.QUASI_UNIFORM_KNOTS.);
#5856 = CARTESIAN_POINT('',(2.477137052048,3.3,3.012273564165));
#5857 = CARTESIAN_POINT('',(2.348891131971,3.291652581776,3.128543764734
    ));
#5858 = CARTESIAN_POINT('',(2.076184310201,3.274968026317,3.344526427272
    ));
#5859 = CARTESIAN_POINT('',(1.626633609356,3.250033070685,3.612210667219
    ));
#5860 = CARTESIAN_POINT('',(1.140768407473,3.225006888837,3.8200229647)
  );
#5861 = CARTESIAN_POINT('',(0.799468259531,3.208337384285,3.91479172681)  );
#5862 = CARTESIAN_POINT('',(0.625828880153,3.2,3.950738945155));
#5863 = PCURVE('',#3783,#5864);
#5864 = DEFINITIONAL_REPRESENTATION('',(#5865),#5868);
#5865 = B_SPLINE_CURVE_WITH_KNOTS('',1,(#5866,#5867),.UNSPECIFIED.,.F.,
  .F.,(2,2),(0.,1.),.PIECEWISE_BEZIER_KNOTS.);
#5866 = CARTESIAN_POINT('',(0.480291185479,0.65733278859));
#5867 = CARTESIAN_POINT('',(0.249677953481,0.631978390377));
#5868 = ( GEOMETRIC_REPRESENTATION_CONTEXT(2) 
PARAMETRIC_REPRESENTATION_CONTEXT() REPRESENTATION_CONTEXT('2D SPACE',''
  ) );
#5869 = PCURVE('',#4158,#5870);
#5870 = DEFINITIONAL_REPRESENTATION('',(#5871),#5874);
#5871 = B_SPLINE_CURVE_WITH_KNOTS('',1,(#5872,#5873),.UNSPECIFIED.,.F.,
  .F.,(2,2),(0.,1.),.PIECEWISE_BEZIER_KNOTS.);
#5872 = CARTESIAN_POINT('',(2.453372666484,-5.000000000024E-02));
#5873 = CARTESIAN_POINT('',(2.984489982226,4.99999999999E-02));
#5874 = ( GEOMETRIC_REPRESENTATION_CONTEXT(2) 
PARAMETRIC_REPRESENTATION_CONTEXT() REPRESENTATION_CONTEXT('2D SPACE',''
  ) );
#5875 = ORIENTED_EDGE('',*,*,#5876,.T.);
#5876 = EDGE_CURVE('',#5852,#5877,#5879,.T.);
#5877 = VERTEX_POINT('',#5878);
#5878 = CARTESIAN_POINT('',(-4.,3.06249816664,0.));
#5879 = SURFACE_CURVE('',#5880,(#5897,#5970),.PCURVE_S1.);
#5880 = B_SPLINE_CURVE_WITH_KNOTS('',3,(#5881,#5882,#5883,#5884,#5885,
    #5886,#5887,#5888,#5889,#5890,#5891,#5892,#5893,#5894,#5895,#5896),
  .UNSPECIFIED.,.F.,.F.,(4,1,1,1,1,1,1,1,1,1,1,1,1,4),(0.,
    7.692307692308E-02,0.153846153846,0.230769230769,0.307692307692,
    0.384615384615,0.461538461538,0.538461538462,0.615384615385,
    0.692307692308,0.769230769231,0.846153846154,0.923076923077,1.),
  .UNSPECIFIED.);
#5881 = CARTESIAN_POINT('',(0.625828880153,3.2,3.950738945155));
#5882 = CARTESIAN_POINT('',(0.450718166535,3.196472845201,3.978477893065
    ));
#5883 = CARTESIAN_POINT('',(9.719779139865E-02,3.189426399764,
    4.010561119208));
#5884 = CARTESIAN_POINT('',(-0.433172022971,3.178888830529,
    3.988234808175));
#5885 = CARTESIAN_POINT('',(-0.955633245799,3.1683578409,3.896216301228)
  );
#5886 = CARTESIAN_POINT('',(-1.461996292368,3.157814283241,
    3.735865898353));
#5887 = CARTESIAN_POINT('',(-1.943175506403,3.147259666753,
    3.509673476134));
#5888 = CARTESIAN_POINT('',(-2.389588881461,3.136722823354,3.22248634901
    ));
#5889 = CARTESIAN_POINT('',(-2.797314761072,3.126099452655,
    2.875832068827));
#5890 = CARTESIAN_POINT('',(-3.153710400867,3.115518497107,
    2.479460492529));
#5891 = CARTESIAN_POINT('',(-3.452386687837,3.105020909286,2.04307140691
    ));
#5892 = CARTESIAN_POINT('',(-3.692522828606,3.09446613888,1.568677497034
    ));
#5893 = CARTESIAN_POINT('',(-3.869639950874,3.083770126837,
    1.059762224943));
#5894 = CARTESIAN_POINT('',(-3.976606519132,3.07306962342,0.531397119724
    ));
#5895 = CARTESIAN_POINT('',(-4.,3.06601353217,0.176701544387));
#5896 = CARTESIAN_POINT('',(-4.,3.06249816664,0.));
#5897 = PCURVE('',#3783,#5898);
#5898 = DEFINITIONAL_REPRESENTATION('',(#5899),#5969);
#5899 = B_SPLINE_CURVE_WITH_KNOTS('',3,(#5900,#5901,#5902,#5903,#5904,
    #5905,#5906,#5907,#5908,#5909,#5910,#5911,#5912,#5913,#5914,#5915,
    #5916,#5917,#5918,#5919,#5920,#5921,#5922,#5923,#5924,#5925,#5926,
    #5927,#5928,#5929,#5930,#5931,#5932,#5933,#5934,#5935,#5936,#5937,
    #5938,#5939,#5940,#5941,#5942,#5943,#5944,#5945,#5946,#5947,#5948,
    #5949,#5950,#5951,#5952,#5953,#5954,#5955,#5956,#5957,#5958,#5959,
    #5960,#5961,#5962,#5963,#5964,#5965,#5966,#5967,#5968),
  .UNSPECIFIED.,.F.,.F.,(4,1,1,1,1,1,1,1,1,1,1,1,1,1,1,1,1,1,1,1,1,1,1,1
    ,1,1,1,1,1,1,1,1,1,1,1,1,1,1,1,1,1,1,1,1,1,1,1,1,1,1,1,1,1,1,1,1,1,1
    ,1,1,1,1,1,1,1,1,4),(0.,1.515151515152E-02,3.030303030303E-02,
    4.545454545455E-02,6.060606060606E-02,7.575757575758E-02,
    9.090909090909E-02,0.106060606061,0.121212121212,0.136363636364,
    0.151515151515,0.166666666667,0.181818181818,0.19696969697,
    0.212121212121,0.227272727273,0.242424242424,0.257575757576,
    0.272727272727,0.287878787879,0.30303030303,0.318181818182,
    0.333333333333,0.348484848485,0.363636363636,0.378787878788,
    0.393939393939,0.409090909091,0.424242424242,0.439393939394,
    0.454545454545,0.469696969697,0.484848484848,0.5,0.515151515152,
    0.530303030303,0.545454545455,0.560606060606,0.575757575758,
    0.590909090909,0.606060606061,0.621212121212,0.636363636364,
    0.651515151515,0.666666666667,0.681818181818,0.69696969697,
    0.712121212121,0.727272727273,0.742424242424,0.757575757576,
    0.772727272727,0.787878787879,0.80303030303,0.818181818182,
    0.833333333333,0.848484848485,0.863636363636,0.878787878788,
    0.893939393939,0.909090909091,0.924242424242,0.939393939394,
    0.954545454545,0.969696969697,0.984848484848,1.),
  .QUASI_UNIFORM_KNOTS.);
#5900 = CARTESIAN_POINT('',(0.249677953481,0.631978390377));
#5901 = CARTESIAN_POINT('',(0.249724446477,0.63156161044));
#5902 = CARTESIAN_POINT('',(0.249819075241,0.63072819714));
#5903 = CARTESIAN_POINT('',(0.249938121148,0.629478580641));
#5904 = CARTESIAN_POINT('',(0.250008275773,0.628229522136));
#5905 = CARTESIAN_POINT('',(0.249997134771,0.626981108348));
#5906 = CARTESIAN_POINT('',(0.249914605803,0.625733434938));
#5907 = CARTESIAN_POINT('',(0.249797254251,0.62448658631));
#5908 = CARTESIAN_POINT('',(0.249662799308,0.623240466772));
#5909 = CARTESIAN_POINT('',(0.249527659864,0.621994960296));
#5910 = CARTESIAN_POINT('',(0.249406360507,0.620749945098));
#5911 = CARTESIAN_POINT('',(0.24931142246,0.619505291658));
#5912 = CARTESIAN_POINT('',(0.24925414783,0.618260861378));
#5913 = CARTESIAN_POINT('',(0.249236766028,0.617016534119));
#5914 = CARTESIAN_POINT('',(0.249258740079,0.615772194134));
#5915 = CARTESIAN_POINT('',(0.249318336222,0.614527724575));
#5916 = CARTESIAN_POINT('',(0.249411802312,0.613283013813));
#5917 = CARTESIAN_POINT('',(0.249535140962,0.612037939514));
#5918 = CARTESIAN_POINT('',(0.249672661219,0.610792478314));
#5919 = CARTESIAN_POINT('',(0.249805969353,0.609546644469));
#5920 = CARTESIAN_POINT('',(0.249917288624,0.608300455784));
#5921 = CARTESIAN_POINT('',(0.249989761873,0.607053947488));
#5922 = CARTESIAN_POINT('',(0.250003648752,0.605807149324));
#5923 = CARTESIAN_POINT('',(0.249948690566,0.604560203762));
#5924 = CARTESIAN_POINT('',(0.249843436426,0.603313285133));
#5925 = CARTESIAN_POINT('',(0.249703695722,0.602066551337));
#5926 = CARTESIAN_POINT('',(0.249548784539,0.600820128697));
#5927 = CARTESIAN_POINT('',(0.249399672903,0.599574211455));
#5928 = CARTESIAN_POINT('',(0.249279514937,0.598328534305));
#5929 = CARTESIAN_POINT('',(0.249205197849,0.59708255375));
#5930 = CARTESIAN_POINT('',(0.249186209716,0.59583576847));
#5931 = CARTESIAN_POINT('',(0.249224102689,0.594587692065));
#5932 = CARTESIAN_POINT('',(0.249315015334,0.593337694828));
#5933 = CARTESIAN_POINT('',(0.249436891225,0.592085853006));
#5934 = CARTESIAN_POINT('',(0.249565117195,0.59083285102));
#5935 = CARTESIAN_POINT('',(0.249686800493,0.589579253178));
#5936 = CARTESIAN_POINT('',(0.249795537816,0.588325649861));
#5937 = CARTESIAN_POINT('',(0.249900697964,0.587072670893));
#5938 = CARTESIAN_POINT('',(0.249990386974,0.585820722023));
#5939 = CARTESIAN_POINT('',(0.250013561723,0.584569971805));
#5940 = CARTESIAN_POINT('',(0.249953301621,0.583320682005));
#5941 = CARTESIAN_POINT('',(0.249836898063,0.582073070464));
#5942 = CARTESIAN_POINT('',(0.249687245927,0.580827438272));
#5943 = CARTESIAN_POINT('',(0.249534262095,0.579583686916));
#5944 = CARTESIAN_POINT('',(0.249402987251,0.578341062773));
#5945 = CARTESIAN_POINT('',(0.249307326538,0.577098920322));
#5946 = CARTESIAN_POINT('',(0.249252185721,0.575856584875));
#5947 = CARTESIAN_POINT('',(0.249229804513,0.574613366652));
#5948 = CARTESIAN_POINT('',(0.249233373044,0.573368675989));
#5949 = CARTESIAN_POINT('',(0.249275683449,0.572122149694));
#5950 = CARTESIAN_POINT('',(0.249359734369,0.570873368991));
#5951 = CARTESIAN_POINT('',(0.249482971772,0.569621933782));
#5952 = CARTESIAN_POINT('',(0.249638083892,0.568367367946));
#5953 = CARTESIAN_POINT('',(0.249803837559,0.567109453557));
#5954 = CARTESIAN_POINT('',(0.249938635314,0.565848943604));
#5955 = CARTESIAN_POINT('',(0.250016021746,0.564586478624));
#5956 = CARTESIAN_POINT('',(0.250013312678,0.563322740535));
#5957 = CARTESIAN_POINT('',(0.249937853399,0.562058410063));
#5958 = CARTESIAN_POINT('',(0.249846050177,0.560794122136));
#5959 = CARTESIAN_POINT('',(0.24972803477,0.559530434612));
#5960 = CARTESIAN_POINT('',(0.24959106655,0.55826791702));
#5961 = CARTESIAN_POINT('',(0.249448551764,0.557007129388));
#5962 = CARTESIAN_POINT('',(0.249323319594,0.555748640648));
#5963 = CARTESIAN_POINT('',(0.24924504791,0.554492953285));
#5964 = CARTESIAN_POINT('',(0.249214859245,0.553239797463));
#5965 = CARTESIAN_POINT('',(0.249231242445,0.551988958232));
#5966 = CARTESIAN_POINT('',(0.249289550811,0.550740219828));
#5967 = CARTESIAN_POINT('',(0.24935063724,0.549908998984));
#5968 = CARTESIAN_POINT('',(0.249385488457,0.549493673087));
#5969 = ( GEOMETRIC_REPRESENTATION_CONTEXT(2) 
PARAMETRIC_REPRESENTATION_CONTEXT() REPRESENTATION_CONTEXT('2D SPACE',''
  ) );
#5970 = PCURVE('',#4050,#5971);
#5971 = DEFINITIONAL_REPRESENTATION('',(#5972),#6042);
#5972 = B_SPLINE_CURVE_WITH_KNOTS('',3,(#5973,#5974,#5975,#5976,#5977,
    #5978,#5979,#5980,#5981,#5982,#5983,#5984,#5985,#5986,#5987,#5988,
    #5989,#5990,#5991,#5992,#5993,#5994,#5995,#5996,#5997,#5998,#5999,
    #6000,#6001,#6002,#6003,#6004,#6005,#6006,#6007,#6008,#6009,#6010,
    #6011,#6012,#6013,#6014,#6015,#6016,#6017,#6018,#6019,#6020,#6021,
    #6022,#6023,#6024,#6025,#6026,#6027,#6028,#6029,#6030,#6031,#6032,
    #6033,#6034,#6035,#6036,#6037,#6038,#6039,#6040,#6041),
  .UNSPECIFIED.,.F.,.F.,(4,1,1,1,1,1,1,1,1,1,1,1,1,1,1,1,1,1,1,1,1,1,1,1
    ,1,1,1,1,1,1,1,1,1,1,1,1,1,1,1,1,1,1,1,1,1,1,1,1,1,1,1,1,1,1,1,1,1,1
    ,1,1,1,1,1,1,1,1,4),(0.,1.515151515152E-02,3.030303030303E-02,
    4.545454545455E-02,6.060606060606E-02,7.575757575758E-02,
    9.090909090909E-02,0.106060606061,0.121212121212,0.136363636364,
    0.151515151515,0.166666666667,0.181818181818,0.19696969697,
    0.212121212121,0.227272727273,0.242424242424,0.257575757576,
    0.272727272727,0.287878787879,0.30303030303,0.318181818182,
    0.333333333333,0.348484848485,0.363636363636,0.378787878788,
    0.393939393939,0.409090909091,0.424242424242,0.439393939394,
    0.454545454545,0.469696969697,0.484848484848,0.5,0.515151515152,
    0.530303030303,0.545454545455,0.560606060606,0.575757575758,
    0.590909090909,0.606060606061,0.621212121212,0.636363636364,
    0.651515151515,0.666666666667,0.681818181818,0.69696969697,
    0.712121212121,0.727272727273,0.742424242424,0.757575757576,
    0.772727272727,0.787878787879,0.80303030303,0.818181818182,
    0.833333333333,0.848484848485,0.863636363636,0.878787878788,
    0.893939393939,0.909090909091,0.924242424242,0.939393939394,
    0.954545454545,0.969696969697,0.984848484848,1.),
  .QUASI_UNIFORM_KNOTS.);
#5973 = CARTESIAN_POINT('',(4.555286309021,0.315));
#5974 = CARTESIAN_POINT('',(4.564016690364,0.315694742612));
#5975 = CARTESIAN_POINT('',(4.581473600849,0.317083922737));
#5976 = CARTESIAN_POINT('',(4.607646645919,0.319166712554));
#5977 = CARTESIAN_POINT('',(4.633806652921,0.32124845721));
#5978 = CARTESIAN_POINT('',(4.659952741205,0.323329090906));
#5979 = CARTESIAN_POINT('',(4.686084047766,0.325408551599));
#5980 = CARTESIAN_POINT('',(4.712199541219,0.327486763234));
#5981 = CARTESIAN_POINT('',(4.73830163313,0.329563906559));
#5982 = CARTESIAN_POINT('',(4.764392868223,0.331640180316));
#5983 = CARTESIAN_POINT('',(4.790475667861,0.333715778759));
#5984 = CARTESIAN_POINT('',(4.816552422277,0.335790896224));
#5985 = CARTESIAN_POINT('',(4.842625567207,0.337865731198));
#5986 = CARTESIAN_POINT('',(4.868697066185,0.339940435984));
#5987 = CARTESIAN_POINT('',(4.89476874646,0.342015155089));
#5988 = CARTESIAN_POINT('',(4.920842461255,0.344090036304));
#5989 = CARTESIAN_POINT('',(4.94692000779,0.346165221895));
#5990 = CARTESIAN_POINT('',(4.97300350804,0.348240872947));
#5991 = CARTESIAN_POINT('',(4.999093174607,0.35031700894));
#5992 = CARTESIAN_POINT('',(5.025188634932,0.352393610157));
#5993 = CARTESIAN_POINT('',(5.05128969192,0.354470668724));
#5994 = CARTESIAN_POINT('',(5.07739607902,0.356548166656));
#5995 = CARTESIAN_POINT('',(5.103508005432,0.358626114568));
#5996 = CARTESIAN_POINT('',(5.129623657858,0.360704349507));
#5997 = CARTESIAN_POINT('',(5.1557402001,0.362782639363));
#5998 = CARTESIAN_POINT('',(5.181854774976,0.364860759637));
#5999 = CARTESIAN_POINT('',(5.207964882427,0.366938518459));
#6000 = CARTESIAN_POINT('',(5.234066340863,0.369015585834));
#6001 = CARTESIAN_POINT('',(5.260164389178,0.371092388736));
#6002 = CARTESIAN_POINT('',(5.28626995038,0.373169804543));
#6003 = CARTESIAN_POINT('',(5.312392969737,0.375248621174));
#6004 = CARTESIAN_POINT('',(5.338543033583,0.377329591854));
#6005 = CARTESIAN_POINT('',(5.364732728658,0.379413698049));
#6006 = CARTESIAN_POINT('',(5.390959912357,0.381500764682));
#6007 = CARTESIAN_POINT('',(5.417209796292,0.383589637378));
#6008 = CARTESIAN_POINT('',(5.443470243676,0.385679371799));
#6009 = CARTESIAN_POINT('',(5.469728766857,0.38776898752));
#6010 = CARTESIAN_POINT('',(5.495972287995,0.389857438433));
#6011 = CARTESIAN_POINT('',(5.522192751374,0.39194404335));
#6012 = CARTESIAN_POINT('',(5.548387464478,0.394028561899));
#6013 = CARTESIAN_POINT('',(5.574552129164,0.396110654056));
#6014 = CARTESIAN_POINT('',(5.600683037943,0.398190042574));
#6015 = CARTESIAN_POINT('',(5.626774351563,0.40026629874));
#6016 = CARTESIAN_POINT('',(5.652828287317,0.40233961585));
#6017 = CARTESIAN_POINT('',(5.678860534163,0.404411216846));
#6018 = CARTESIAN_POINT('',(5.704884329144,0.406482137809));
#6019 = CARTESIAN_POINT('',(5.730913377403,0.408553455856));
#6020 = CARTESIAN_POINT('',(5.756961608964,0.410626270816));
#6021 = CARTESIAN_POINT('',(5.78304079321,0.412701538067));
#6022 = CARTESIAN_POINT('',(5.809157915207,0.414779853004));
#6023 = CARTESIAN_POINT('',(5.83532117053,0.416861876108));
#6024 = CARTESIAN_POINT('',(5.861538453078,0.418948224256));
#6025 = CARTESIAN_POINT('',(5.887819388977,0.421039623658));
#6026 = CARTESIAN_POINT('',(5.914168399273,0.423136386062));
#6027 = CARTESIAN_POINT('',(5.940569838237,0.425237308763));
#6028 = CARTESIAN_POINT('',(5.967010707614,0.427341388735));
#6029 = CARTESIAN_POINT('',(5.993477492951,0.429447570642));
#6030 = CARTESIAN_POINT('',(6.019957108587,0.431554808705));
#6031 = CARTESIAN_POINT('',(6.046437154137,0.433662071671));
#6032 = CARTESIAN_POINT('',(6.072906503341,0.435768445422));
#6033 = CARTESIAN_POINT('',(6.09935344236,0.437873002647));
#6034 = CARTESIAN_POINT('',(6.125766165244,0.43997482524));
#6035 = CARTESIAN_POINT('',(6.152132443512,0.442072971472));
#6036 = CARTESIAN_POINT('',(6.178441264605,0.444166585458));
#6037 = CARTESIAN_POINT('',(6.20469772367,0.446256027357));
#6038 = CARTESIAN_POINT('',(6.230905716617,0.448341591014));
#6039 = CARTESIAN_POINT('',(6.257069147885,0.450423588048));
#6040 = CARTESIAN_POINT('',(6.274484076876,0.451809412877));
#6041 = CARTESIAN_POINT('',(6.28318530718,0.45250183336));
#6042 = ( GEOMETRIC_REPRESENTATION_CONTEXT(2) 
PARAMETRIC_REPRESENTATION_CONTEXT() REPRESENTATION_CONTEXT('2D SPACE',''
  ) );
#6043 = ORIENTED_EDGE('',*,*,#6044,.T.);
#6044 = EDGE_CURVE('',#5877,#4906,#6045,.T.);
#6045 = SURFACE_CURVE('',#6046,(#6073,#6190),.PCURVE_S1.);
#6046 = B_SPLINE_CURVE_WITH_KNOTS('',3,(#6047,#6048,#6049,#6050,#6051,
    #6052,#6053,#6054,#6055,#6056,#6057,#6058,#6059,#6060,#6061,#6062,
    #6063,#6064,#6065,#6066,#6067,#6068,#6069,#6070,#6071,#6072),
  .UNSPECIFIED.,.F.,.F.,(4,1,1,1,1,1,1,1,1,1,1,1,1,1,1,1,1,1,1,1,1,1,1,4
    ),(0.,4.347826086957E-02,8.695652173913E-02,0.130434782609,
    0.173913043478,0.217391304348,0.260869565217,0.304347826087,
    0.347826086957,0.391304347826,0.434782608696,0.478260869565,
    0.521739130435,0.565217391304,0.608695652174,0.652173913044,
    0.695652173913,0.739130434783,0.782608695652,0.826086956522,
    0.869565217391,0.913043478261,0.95652173913,1.),.UNSPECIFIED.);
#6047 = CARTESIAN_POINT('',(-4.,3.06249816664,0.));
#6048 = CARTESIAN_POINT('',(-4.,3.058898910016,-0.180918370673));
#6049 = CARTESIAN_POINT('',(-3.975474537615,3.051672403095,
    -0.544181521092));
#6050 = CARTESIAN_POINT('',(-3.863239444579,3.040706965332,
    -1.085157726896));
#6051 = CARTESIAN_POINT('',(-3.677332692485,3.029740939265,
    -1.605459012178));
#6052 = CARTESIAN_POINT('',(-3.425464456136,3.018916598759,
    -2.08917580547));
#6053 = CARTESIAN_POINT('',(-3.11128642988,3.008115833752,
    -2.533451175787));
#6054 = CARTESIAN_POINT('',(-2.73926671658,2.997295389934,
    -2.931968585846));
#6055 = CARTESIAN_POINT('',(-2.313199301133,2.986394803264,
    -3.278478769954));
#6056 = CARTESIAN_POINT('',(-1.8488399632,2.975606688015,-3.560987060317
    ));
#6057 = CARTESIAN_POINT('',(-1.346648704302,2.964734144802,
    -3.779741404487));
#6058 = CARTESIAN_POINT('',(-0.820870164767,2.953894528747,
    -3.927478636025));
#6059 = CARTESIAN_POINT('',(-0.281625849158,2.943088320956,
    -4.002356752164));
#6060 = CARTESIAN_POINT('',(0.262097799825,2.932296297602,
    -4.003851352697));
#6061 = CARTESIAN_POINT('',(0.807927695492,2.92136544476,-3.930522573371
    ));
#6062 = CARTESIAN_POINT('',(1.339983150871,2.910403369267,
    -3.782236877159));
#6063 = CARTESIAN_POINT('',(1.841930719987,2.899543288348,
    -3.564482884539));
#6064 = CARTESIAN_POINT('',(2.306730838924,2.888759161209,
    -3.283109485665));
#6065 = CARTESIAN_POINT('',(2.736351695489,2.877785535413,-2.9351013207)
  );
#6066 = CARTESIAN_POINT('',(3.114197563558,2.866798577605,
    -2.530489692926));
#6067 = CARTESIAN_POINT('',(3.430479779024,2.855889550202,
    -2.080995056943));
#6068 = CARTESIAN_POINT('',(3.679502875175,2.84513574835,-1.599820676586
    ));
#6069 = CARTESIAN_POINT('',(3.863343301402,2.834270373976,-1.0841949547)
  );
#6070 = CARTESIAN_POINT('',(3.975357989141,2.823337789007,
    -0.544874504144));
#6071 = CARTESIAN_POINT('',(4.,2.816107416942,-0.181420707743));
#6072 = CARTESIAN_POINT('',(4.,2.81249816664,0.));
#6073 = PCURVE('',#3783,#6074);
#6074 = DEFINITIONAL_REPRESENTATION('',(#6075),#6189);
#6075 = B_SPLINE_CURVE_WITH_KNOTS('',3,(#6076,#6077,#6078,#6079,#6080,
    #6081,#6082,#6083,#6084,#6085,#6086,#6087,#6088,#6089,#6090,#6091,
    #6092,#6093,#6094,#6095,#6096,#6097,#6098,#6099,#6100,#6101,#6102,
    #6103,#6104,#6105,#6106,#6107,#6108,#6109,#6110,#6111,#6112,#6113,
    #6114,#6115,#6116,#6117,#6118,#6119,#6120,#6121,#6122,#6123,#6124,
    #6125,#6126,#6127,#6128,#6129,#6130,#6131,#6132,#6133,#6134,#6135,
    #6136,#6137,#6138,#6139,#6140,#6141,#6142,#6143,#6144,#6145,#6146,
    #6147,#6148,#6149,#6150,#6151,#6152,#6153,#6154,#6155,#6156,#6157,
    #6158,#6159,#6160,#6161,#6162,#6163,#6164,#6165,#6166,#6167,#6168,
    #6169,#6170,#6171,#6172,#6173,#6174,#6175,#6176,#6177,#6178,#6179,
    #6180,#6181,#6182,#6183,#6184,#6185,#6186,#6187,#6188),
  .UNSPECIFIED.,.F.,.F.,(4,1,1,1,1,1,1,1,1,1,1,1,1,1,1,1,1,1,1,1,1,1,1,1
    ,1,1,1,1,1,1,1,1,1,1,1,1,1,1,1,1,1,1,1,1,1,1,1,1,1,1,1,1,1,1,1,1,1,1
    ,1,1,1,1,1,1,1,1,1,1,1,1,1,1,1,1,1,1,1,1,1,1,1,1,1,1,1,1,1,1,1,1,1,1
    ,1,1,1,1,1,1,1,1,1,1,1,1,1,1,1,1,1,1,4),(0.,9.090909090909E-03,
    1.818181818182E-02,2.727272727273E-02,3.636363636364E-02,
    4.545454545455E-02,5.454545454545E-02,6.363636363636E-02,
    7.272727272727E-02,8.181818181818E-02,9.090909090909E-02,1.E-01,
    0.109090909091,0.118181818182,0.127272727273,0.136363636364,
    0.145454545455,0.154545454545,0.163636363636,0.172727272727,
    0.181818181818,0.190909090909,0.2,0.209090909091,0.218181818182,
    0.227272727273,0.236363636364,0.245454545455,0.254545454545,
    0.263636363636,0.272727272727,0.281818181818,0.290909090909,0.3,
    0.309090909091,0.318181818182,0.327272727273,0.336363636364,
    0.345454545455,0.354545454545,0.363636363636,0.372727272727,
    0.381818181818,0.390909090909,0.4,0.409090909091,0.418181818182,
    0.427272727273,0.436363636364,0.445454545455,0.454545454545,
    0.463636363636,0.472727272727,0.481818181818,0.490909090909,0.5,
    0.509090909091,0.518181818182,0.527272727273,0.536363636364,
    0.545454545455,0.554545454545,0.563636363636,0.572727272727,
    0.581818181818,0.590909090909,0.6,0.609090909091,0.618181818182,
    0.627272727273,0.636363636364,0.645454545455,0.654545454545,
    0.663636363636,0.672727272727,0.681818181818,0.690909090909,0.7,
    0.709090909091,0.718181818182,0.727272727273,0.736363636364,
    0.745454545455,0.754545454545,0.763636363636,0.772727272727,
    0.781818181818,0.790909090909,0.8,0.809090909091,0.818181818182,
    0.827272727273,0.836363636364,0.845454545455,0.854545454545,
    0.863636363636,0.872727272727,0.881818181818,0.890909090909,0.9,
    0.909090909091,0.918181818182,0.927272727273,0.936363636364,
    0.945454545455,0.954545454545,0.963636363636,0.972727272727,
    0.981818181818,0.990909090909,1.),.QUASI_UNIFORM_KNOTS.);
#6076 = CARTESIAN_POINT('',(0.249385488457,0.549493673087));
#6077 = CARTESIAN_POINT('',(0.249422794476,0.549042268594));
#6078 = CARTESIAN_POINT('',(0.249508076679,0.548138686476));
#6079 = CARTESIAN_POINT('',(0.24965166261,0.54678077478));
#6080 = CARTESIAN_POINT('',(0.249796494631,0.545420100847));
#6081 = CARTESIAN_POINT('',(0.249921396534,0.544056457026));
#6082 = CARTESIAN_POINT('',(0.250006423644,0.542689580909));
#6083 = CARTESIAN_POINT('',(0.250008065153,0.541319441669));
#6084 = CARTESIAN_POINT('',(0.249916985149,0.53994691082));
#6085 = CARTESIAN_POINT('',(0.249765944035,0.53857271622));
#6086 = CARTESIAN_POINT('',(0.249589966604,0.537197584171));
#6087 = CARTESIAN_POINT('',(0.249448664613,0.535822180079));
#6088 = CARTESIAN_POINT('',(0.249363995975,0.534447175741));
#6089 = CARTESIAN_POINT('',(0.249305814869,0.53307331475));
#6090 = CARTESIAN_POINT('',(0.249269385823,0.531701360595));
#6091 = CARTESIAN_POINT('',(0.249258086073,0.530332035612));
#6092 = CARTESIAN_POINT('',(0.249293023539,0.528966265639));
#6093 = CARTESIAN_POINT('',(0.249385041093,0.527603815808));
#6094 = CARTESIAN_POINT('',(0.24952427866,0.526243881311));
#6095 = CARTESIAN_POINT('',(0.249692072149,0.524885820207));
#6096 = CARTESIAN_POINT('',(0.249858881469,0.523528989374));
#6097 = CARTESIAN_POINT('',(0.249983589914,0.522172760413));
#6098 = CARTESIAN_POINT('',(0.250032708837,0.520816889681));
#6099 = CARTESIAN_POINT('',(0.249977407689,0.519461210315));
#6100 = CARTESIAN_POINT('',(0.249854713463,0.51810553495));
#6101 = CARTESIAN_POINT('',(0.249693810634,0.51674965222));
#6102 = CARTESIAN_POINT('',(0.249521852155,0.515393323322));
#6103 = CARTESIAN_POINT('',(0.249368480642,0.514036235499));
#6104 = CARTESIAN_POINT('',(0.249258163181,0.512678046053));
#6105 = CARTESIAN_POINT('',(0.249208640517,0.511318420718));
#6106 = CARTESIAN_POINT('',(0.24923732689,0.509956890233));
#6107 = CARTESIAN_POINT('',(0.249333919907,0.508593440205));
#6108 = CARTESIAN_POINT('',(0.24944764683,0.507229221378));
#6109 = CARTESIAN_POINT('',(0.249554063203,0.505865246051));
#6110 = CARTESIAN_POINT('',(0.249642518338,0.504502515178));
#6111 = CARTESIAN_POINT('',(0.249723583902,0.503142301002));
#6112 = CARTESIAN_POINT('',(0.249810062008,0.501784536372));
#6113 = CARTESIAN_POINT('',(0.249890715222,0.500427949742));
#6114 = CARTESIAN_POINT('',(0.249931320792,0.499071542069));
#6115 = CARTESIAN_POINT('',(0.249910600684,0.497714329933));
#6116 = CARTESIAN_POINT('',(0.249842374039,0.496355124587));
#6117 = CARTESIAN_POINT('',(0.249725226121,0.494994214802));
#6118 = CARTESIAN_POINT('',(0.249573833174,0.49363236069));
#6119 = CARTESIAN_POINT('',(0.249412524156,0.492270180649));
#6120 = CARTESIAN_POINT('',(0.249275754952,0.490908295548));
#6121 = CARTESIAN_POINT('',(0.249210599767,0.489547303675));
#6122 = CARTESIAN_POINT('',(0.249210490721,0.488187175914));
#6123 = CARTESIAN_POINT('',(0.249265620316,0.486827874315));
#6124 = CARTESIAN_POINT('',(0.249366538088,0.485469376133));
#6125 = CARTESIAN_POINT('',(0.249504263576,0.484111675527));
#6126 = CARTESIAN_POINT('',(0.24966710768,0.482754751827));
#6127 = CARTESIAN_POINT('',(0.249826539869,0.481398462427));
#6128 = CARTESIAN_POINT('',(0.249952762084,0.480042711815));
#6129 = CARTESIAN_POINT('',(0.25001709252,0.478687405611));
#6130 = CARTESIAN_POINT('',(0.249977641912,0.477332556575));
#6131 = CARTESIAN_POINT('',(0.249856356931,0.475977864887));
#6132 = CARTESIAN_POINT('',(0.249708582622,0.474622468772));
#6133 = CARTESIAN_POINT('',(0.249566147915,0.473265555149));
#6134 = CARTESIAN_POINT('',(0.249449968134,0.471906311347));
#6135 = CARTESIAN_POINT('',(0.249366499832,0.470543708337));
#6136 = CARTESIAN_POINT('',(0.249306971449,0.469177789766));
#6137 = CARTESIAN_POINT('',(0.249268937279,0.467809264092));
#6138 = CARTESIAN_POINT('',(0.249260984092,0.466438664681));
#6139 = CARTESIAN_POINT('',(0.249298594607,0.465066552));
#6140 = CARTESIAN_POINT('',(0.249414895604,0.463693428217));
#6141 = CARTESIAN_POINT('',(0.249572060551,0.462319957111));
#6142 = CARTESIAN_POINT('',(0.249729172979,0.46094686958));
#6143 = CARTESIAN_POINT('',(0.249861362118,0.459574911543));
#6144 = CARTESIAN_POINT('',(0.249955654592,0.458204862084));
#6145 = CARTESIAN_POINT('',(0.250011266817,0.456837474735));
#6146 = CARTESIAN_POINT('',(0.249978475942,0.455472601357));
#6147 = CARTESIAN_POINT('',(0.249878326668,0.454110152514));
#6148 = CARTESIAN_POINT('',(0.249730002527,0.452749996861));
#6149 = CARTESIAN_POINT('',(0.249546064172,0.451392098079));
#6150 = CARTESIAN_POINT('',(0.249354240222,0.45003604345));
#6151 = CARTESIAN_POINT('',(0.249215416626,0.448680244938));
#6152 = CARTESIAN_POINT('',(0.24915804452,0.447323226));
#6153 = CARTESIAN_POINT('',(0.249188804838,0.445963530094));
#6154 = CARTESIAN_POINT('',(0.249288800595,0.444599398281));
#6155 = CARTESIAN_POINT('',(0.249416946554,0.443230489424));
#6156 = CARTESIAN_POINT('',(0.249544027178,0.441858023428));
#6157 = CARTESIAN_POINT('',(0.249658152197,0.440482898482));
#6158 = CARTESIAN_POINT('',(0.249759668169,0.439106075603));
#6159 = CARTESIAN_POINT('',(0.249876670407,0.437728526486));
#6160 = CARTESIAN_POINT('',(0.249975984136,0.436350877299));
#6161 = CARTESIAN_POINT('',(0.249993820044,0.434973657831));
#6162 = CARTESIAN_POINT('',(0.249915627495,0.433597469706));
#6163 = CARTESIAN_POINT('',(0.249789765376,0.432222884613));
#6164 = CARTESIAN_POINT('',(0.24966808062,0.430850451676));
#6165 = CARTESIAN_POINT('',(0.249548676366,0.429480556415));
#6166 = CARTESIAN_POINT('',(0.249429659169,0.428113595165));
#6167 = CARTESIAN_POINT('',(0.24931746493,0.426749961376));
#6168 = CARTESIAN_POINT('',(0.249223290164,0.425390120754));
#6169 = CARTESIAN_POINT('',(0.249170325644,0.42403430168));
#6170 = CARTESIAN_POINT('',(0.249194080592,0.422680865486));
#6171 = CARTESIAN_POINT('',(0.249301248706,0.42132831745));
#6172 = CARTESIAN_POINT('',(0.249476310776,0.41997517385));
#6173 = CARTESIAN_POINT('',(0.249675206442,0.418619817959));
#6174 = CARTESIAN_POINT('',(0.249846047587,0.417261350541));
#6175 = CARTESIAN_POINT('',(0.249967271016,0.415900245178));
#6176 = CARTESIAN_POINT('',(0.250020273153,0.414536736224));
#6177 = CARTESIAN_POINT('',(0.249979271866,0.413171151071));
#6178 = CARTESIAN_POINT('',(0.249893392008,0.411803696243));
#6179 = CARTESIAN_POINT('',(0.249785984532,0.410434972081));
#6180 = CARTESIAN_POINT('',(0.249645982176,0.409065907223));
#6181 = CARTESIAN_POINT('',(0.249488449669,0.40769735827));
#6182 = CARTESIAN_POINT('',(0.249337921072,0.406330152637));
#6183 = CARTESIAN_POINT('',(0.249240021721,0.404965222726));
#6184 = CARTESIAN_POINT('',(0.249206121726,0.403602434861));
#6185 = CARTESIAN_POINT('',(0.249230688456,0.402241403979));
#6186 = CARTESIAN_POINT('',(0.249306465001,0.400881824245));
#6187 = CARTESIAN_POINT('',(0.249381326534,0.399976204189));
#6188 = CARTESIAN_POINT('',(0.2494227484,0.399523535313));
#6189 = ( GEOMETRIC_REPRESENTATION_CONTEXT(2) 
PARAMETRIC_REPRESENTATION_CONTEXT() REPRESENTATION_CONTEXT('2D SPACE',''
  ) );
#6190 = PCURVE('',#4779,#6191);
#6191 = DEFINITIONAL_REPRESENTATION('',(#6192),#6306);
#6192 = B_SPLINE_CURVE_WITH_KNOTS('',3,(#6193,#6194,#6195,#6196,#6197,
    #6198,#6199,#6200,#6201,#6202,#6203,#6204,#6205,#6206,#6207,#6208,
    #6209,#6210,#6211,#6212,#6213,#6214,#6215,#6216,#6217,#6218,#6219,
    #6220,#6221,#6222,#6223,#6224,#6225,#6226,#6227,#6228,#6229,#6230,
    #6231,#6232,#6233,#6234,#6235,#6236,#6237,#6238,#6239,#6240,#6241,
    #6242,#6243,#6244,#6245,#6246,#6247,#6248,#6249,#6250,#6251,#6252,
    #6253,#6254,#6255,#6256,#6257,#6258,#6259,#6260,#6261,#6262,#6263,
    #6264,#6265,#6266,#6267,#6268,#6269,#6270,#6271,#6272,#6273,#6274,
    #6275,#6276,#6277,#6278,#6279,#6280,#6281,#6282,#6283,#6284,#6285,
    #6286,#6287,#6288,#6289,#6290,#6291,#6292,#6293,#6294,#6295,#6296,
    #6297,#6298,#6299,#6300,#6301,#6302,#6303,#6304,#6305),
  .UNSPECIFIED.,.F.,.F.,(4,1,1,1,1,1,1,1,1,1,1,1,1,1,1,1,1,1,1,1,1,1,1,1
    ,1,1,1,1,1,1,1,1,1,1,1,1,1,1,1,1,1,1,1,1,1,1,1,1,1,1,1,1,1,1,1,1,1,1
    ,1,1,1,1,1,1,1,1,1,1,1,1,1,1,1,1,1,1,1,1,1,1,1,1,1,1,1,1,1,1,1,1,1,1
    ,1,1,1,1,1,1,1,1,1,1,1,1,1,1,1,1,1,1,4),(0.,9.090909090909E-03,
    1.818181818182E-02,2.727272727273E-02,3.636363636364E-02,
    4.545454545455E-02,5.454545454545E-02,6.363636363636E-02,
    7.272727272727E-02,8.181818181818E-02,9.090909090909E-02,1.E-01,
    0.109090909091,0.118181818182,0.127272727273,0.136363636364,
    0.145454545455,0.154545454545,0.163636363636,0.172727272727,
    0.181818181818,0.190909090909,0.2,0.209090909091,0.218181818182,
    0.227272727273,0.236363636364,0.245454545455,0.254545454545,
    0.263636363636,0.272727272727,0.281818181818,0.290909090909,0.3,
    0.309090909091,0.318181818182,0.327272727273,0.336363636364,
    0.345454545455,0.354545454545,0.363636363636,0.372727272727,
    0.381818181818,0.390909090909,0.4,0.409090909091,0.418181818182,
    0.427272727273,0.436363636364,0.445454545455,0.454545454545,
    0.463636363636,0.472727272727,0.481818181818,0.490909090909,0.5,
    0.509090909091,0.518181818182,0.527272727273,0.536363636364,
    0.545454545455,0.554545454545,0.563636363636,0.572727272727,
    0.581818181818,0.590909090909,0.6,0.609090909091,0.618181818182,
    0.627272727273,0.636363636364,0.645454545455,0.654545454545,
    0.663636363636,0.672727272727,0.681818181818,0.690909090909,0.7,
    0.709090909091,0.718181818182,0.727272727273,0.736363636364,
    0.745454545455,0.754545454545,0.763636363636,0.772727272727,
    0.781818181818,0.790909090909,0.8,0.809090909091,0.818181818182,
    0.827272727273,0.836363636364,0.845454545455,0.854545454545,
    0.863636363636,0.872727272727,0.881818181818,0.890909090909,0.9,
    0.909090909091,0.918181818182,0.927272727273,0.936363636364,
    0.945454545455,0.954545454545,0.963636363636,0.972727272727,
    0.981818181818,0.990909090909,1.),.QUASI_UNIFORM_KNOTS.);
#6193 = CARTESIAN_POINT('',(0.,0.45250183336));
#6194 = CARTESIAN_POINT('',(9.45712221142E-03,0.4532544052));
#6195 = CARTESIAN_POINT('',(2.838686346866E-02,0.454760772925));
#6196 = CARTESIAN_POINT('',(5.683245162593E-02,0.457024376094));
#6197 = CARTESIAN_POINT('',(8.53334642354E-02,0.45929241714));
#6198 = CARTESIAN_POINT('',(0.113894481034,0.46156525838));
#6199 = CARTESIAN_POINT('',(0.142521617105,0.46384335119));
#6200 = CARTESIAN_POINT('',(0.171216747914,0.466126799025));
#6201 = CARTESIAN_POINT('',(0.199963134669,0.468414319855));
#6202 = CARTESIAN_POINT('',(0.228746414366,0.470704808317));
#6203 = CARTESIAN_POINT('',(0.257551774692,0.472997107074));
#6204 = CARTESIAN_POINT('',(0.286365230997,0.475290090016));
#6205 = CARTESIAN_POINT('',(0.315172378305,0.477582545187));
#6206 = CARTESIAN_POINT('',(0.343957119212,0.479873160443));
#6207 = CARTESIAN_POINT('',(0.372702737672,0.48216062132));
#6208 = CARTESIAN_POINT('',(0.401393287364,0.484443694457));
#6209 = CARTESIAN_POINT('',(0.430008541068,0.4867208244));
#6210 = CARTESIAN_POINT('',(0.458552691939,0.488992323208));
#6211 = CARTESIAN_POINT('',(0.487042059463,0.491259448605));
#6212 = CARTESIAN_POINT('',(0.51548979172,0.49352323552));
#6213 = CARTESIAN_POINT('',(0.543909374165,0.495784764549));
#6214 = CARTESIAN_POINT('',(0.572314375505,0.498045156415));
#6215 = CARTESIAN_POINT('',(0.600710723703,0.50030487575));
#6216 = CARTESIAN_POINT('',(0.629103329279,0.502564299619));
#6217 = CARTESIAN_POINT('',(0.65749735311,0.504823829037));
#6218 = CARTESIAN_POINT('',(0.685897883232,0.507083855266));
#6219 = CARTESIAN_POINT('',(0.71431016977,0.509344784742));
#6220 = CARTESIAN_POINT('',(0.742740641595,0.511607174563));
#6221 = CARTESIAN_POINT('',(0.771196075594,0.513871586461));
#6222 = CARTESIAN_POINT('',(0.799682866283,0.51613853271));
#6223 = CARTESIAN_POINT('',(0.828210097015,0.518408718781));
#6224 = CARTESIAN_POINT('',(0.856777288815,0.520682061599));
#6225 = CARTESIAN_POINT('',(0.885359610391,0.522956566129));
#6226 = CARTESIAN_POINT('',(0.913935193633,0.525230509996));
#6227 = CARTESIAN_POINT('',(0.942482571284,0.527502213329));
#6228 = CARTESIAN_POINT('',(0.97097482989,0.529769553579));
#6229 = CARTESIAN_POINT('',(0.999413444924,0.532032642098));
#6230 = CARTESIAN_POINT('',(1.027825540569,0.534293621794));
#6231 = CARTESIAN_POINT('',(1.056233023014,0.536554219601));
#6232 = CARTESIAN_POINT('',(1.084657987435,0.538816184311));
#6233 = CARTESIAN_POINT('',(1.113126423988,0.541081593261));
#6234 = CARTESIAN_POINT('',(1.141632874208,0.543350027766));
#6235 = CARTESIAN_POINT('',(1.170161574004,0.545620253944));
#6236 = CARTESIAN_POINT('',(1.198699359732,0.547891240372));
#6237 = CARTESIAN_POINT('',(1.227232728154,0.550161909989));
#6238 = CARTESIAN_POINT('',(1.255748437773,0.552431165829));
#6239 = CARTESIAN_POINT('',(1.28424634611,0.554698971179));
#6240 = CARTESIAN_POINT('',(1.312726464843,0.556965329855));
#6241 = CARTESIAN_POINT('',(1.341188529142,0.559230236836));
#6242 = CARTESIAN_POINT('',(1.369632039051,0.561493682002));
#6243 = CARTESIAN_POINT('',(1.398057004466,0.563755685409));
#6244 = CARTESIAN_POINT('',(1.426466279603,0.566016439125));
#6245 = CARTESIAN_POINT('',(1.454862079937,0.568276107655));
#6246 = CARTESIAN_POINT('',(1.483247001477,0.57053489529));
#6247 = CARTESIAN_POINT('',(1.511621943032,0.572792874741));
#6248 = CARTESIAN_POINT('',(1.539994624509,0.575050678526));
#6249 = CARTESIAN_POINT('',(1.568383951535,0.577309832201));
#6250 = CARTESIAN_POINT('',(1.596807379612,0.579571717628));
#6251 = CARTESIAN_POINT('',(1.625281980369,0.58183767423));
#6252 = CARTESIAN_POINT('',(1.653829058755,0.584109354883));
#6253 = CARTESIAN_POINT('',(1.682447214498,0.586386663791));
#6254 = CARTESIAN_POINT('',(1.711120925113,0.588668417308));
#6255 = CARTESIAN_POINT('',(1.739838215877,0.590953686595));
#6256 = CARTESIAN_POINT('',(1.768586512121,0.593241468689));
#6257 = CARTESIAN_POINT('',(1.797354500305,0.595530802319));
#6258 = CARTESIAN_POINT('',(1.826127712851,0.597820501589));
#6259 = CARTESIAN_POINT('',(1.85489050924,0.600109339761));
#6260 = CARTESIAN_POINT('',(1.883627226167,0.602396104284));
#6261 = CARTESIAN_POINT('',(1.912321888444,0.604679565467));
#6262 = CARTESIAN_POINT('',(1.940959482275,0.606958548122));
#6263 = CARTESIAN_POINT('',(1.9695445449,0.609233329785));
#6264 = CARTESIAN_POINT('',(1.99808027526,0.611504129702));
#6265 = CARTESIAN_POINT('',(2.026570133045,0.613771221627));
#6266 = CARTESIAN_POINT('',(2.05501516307,0.616034719573));
#6267 = CARTESIAN_POINT('',(2.083423896844,0.618295360858));
#6268 = CARTESIAN_POINT('',(2.111829161319,0.620555780841));
#6269 = CARTESIAN_POINT('',(2.140261281638,0.622818376454));
#6270 = CARTESIAN_POINT('',(2.168750052438,0.625085484007));
#6271 = CARTESIAN_POINT('',(2.197331564057,0.627359920722));
#6272 = CARTESIAN_POINT('',(2.226012222598,0.629642199181));
#6273 = CARTESIAN_POINT('',(2.254765788685,0.631930295225));
#6274 = CARTESIAN_POINT('',(2.283572909922,0.634222703947));
#6275 = CARTESIAN_POINT('',(2.312413159705,0.636517806838));
#6276 = CARTESIAN_POINT('',(2.341266198818,0.638813920548));
#6277 = CARTESIAN_POINT('',(2.370119424869,0.641109995971));
#6278 = CARTESIAN_POINT('',(2.398962794743,0.643405250677));
#6279 = CARTESIAN_POINT('',(2.427785269908,0.6456988361));
#6280 = CARTESIAN_POINT('',(2.456575959235,0.647989923425));
#6281 = CARTESIAN_POINT('',(2.485323872369,0.650277670962));
#6282 = CARTESIAN_POINT('',(2.514021083697,0.652561365953));
#6283 = CARTESIAN_POINT('',(2.542659081137,0.654840297961));
#6284 = CARTESIAN_POINT('',(2.571229131495,0.657113781965));
#6285 = CARTESIAN_POINT('',(2.599720795378,0.659381029044));
#6286 = CARTESIAN_POINT('',(2.628128489781,0.66164164744));
#6287 = CARTESIAN_POINT('',(2.656485716835,0.663898276504));
#6288 = CARTESIAN_POINT('',(2.684823048859,0.666153315619));
#6289 = CARTESIAN_POINT('',(2.713170970674,0.668409161103));
#6290 = CARTESIAN_POINT('',(2.74156297161,0.670668461504));
#6291 = CARTESIAN_POINT('',(2.770017775854,0.67293273982));
#6292 = CARTESIAN_POINT('',(2.798525663848,0.675201283286));
#6293 = CARTESIAN_POINT('',(2.827082343119,0.677473775828));
#6294 = CARTESIAN_POINT('',(2.855682145536,0.679749761365));
#6295 = CARTESIAN_POINT('',(2.884322176903,0.682028947157));
#6296 = CARTESIAN_POINT('',(2.912990758223,0.68431034574));
#6297 = CARTESIAN_POINT('',(2.9416689029,0.686592459158));
#6298 = CARTESIAN_POINT('',(2.970338686161,0.688873889714));
#6299 = CARTESIAN_POINT('',(2.998982449326,0.691153266614));
#6300 = CARTESIAN_POINT('',(3.027580056749,0.693429011196));
#6301 = CARTESIAN_POINT('',(3.056133587557,0.695701250456));
#6302 = CARTESIAN_POINT('',(3.084650332164,0.697970541101));
#6303 = CARTESIAN_POINT('',(3.113135906431,0.700237329836));
#6304 = CARTESIAN_POINT('',(3.132109279128,0.701747171933));
#6305 = CARTESIAN_POINT('',(3.14159265359,0.70250183336));
#6306 = ( GEOMETRIC_REPRESENTATION_CONTEXT(2) 
PARAMETRIC_REPRESENTATION_CONTEXT() REPRESENTATION_CONTEXT('2D SPACE',''
  ) );
#6307 = ORIENTED_EDGE('',*,*,#4928,.T.);
#6308 = ORIENTED_EDGE('',*,*,#5242,.T.);
#6309 = ADVANCED_FACE('',(#6310),#4050,.T.);
#6310 = FACE_BOUND('',#6311,.T.);
#6311 = EDGE_LOOP('',(#6312,#6313,#6334,#6335));
#6312 = ORIENTED_EDGE('',*,*,#5876,.T.);
#6313 = ORIENTED_EDGE('',*,*,#6314,.F.);
#6314 = EDGE_CURVE('',#4012,#5877,#6315,.T.);
#6315 = SURFACE_CURVE('',#6316,(#6320,#6327),.PCURVE_S1.);
#6316 = LINE('',#6317,#6318);
#6317 = CARTESIAN_POINT('',(-4.,2.93750183336,0.));
#6318 = VECTOR('',#6319,1.);
#6319 = DIRECTION('',(0.,1.,2.427758895819E-14));
#6320 = PCURVE('',#4050,#6321);
#6321 = DEFINITIONAL_REPRESENTATION('',(#6322),#6326);
#6322 = LINE('',#6323,#6324);
#6323 = CARTESIAN_POINT('',(6.28318530718,0.57749816664));
#6324 = VECTOR('',#6325,1.);
#6325 = DIRECTION('',(0.,-1.));
#6326 = ( GEOMETRIC_REPRESENTATION_CONTEXT(2) 
PARAMETRIC_REPRESENTATION_CONTEXT() REPRESENTATION_CONTEXT('2D SPACE',''
  ) );
#6327 = PCURVE('',#4779,#6328);
#6328 = DEFINITIONAL_REPRESENTATION('',(#6329),#6333);
#6329 = LINE('',#6330,#6331);
#6330 = CARTESIAN_POINT('',(0.,0.57749816664));
#6331 = VECTOR('',#6332,1.);
#6332 = DIRECTION('',(0.,-1.));
#6333 = ( GEOMETRIC_REPRESENTATION_CONTEXT(2) 
PARAMETRIC_REPRESENTATION_CONTEXT() REPRESENTATION_CONTEXT('2D SPACE',''
  ) );
#6334 = ORIENTED_EDGE('',*,*,#4009,.F.);
#6335 = ORIENTED_EDGE('',*,*,#6336,.T.);
#6336 = EDGE_CURVE('',#4010,#5852,#6337,.T.);
#6337 = SURFACE_CURVE('',#6338,(#6343,#6350),.PCURVE_S1.);
#6338 = CIRCLE('',#6339,4.);
#6339 = AXIS2_PLACEMENT_3D('',#6340,#6341,#6342);
#6340 = CARTESIAN_POINT('',(0.,3.2,0.));
#6341 = DIRECTION('',(0.,-1.,0.));
#6342 = DIRECTION('',(0.987691944377,0.,-0.156411709959));
#6343 = PCURVE('',#4050,#6344);
#6344 = DEFINITIONAL_REPRESENTATION('',(#6345),#6349);
#6345 = LINE('',#6346,#6347);
#6346 = CARTESIAN_POINT('',(2.984536059594,0.315));
#6347 = VECTOR('',#6348,1.);
#6348 = DIRECTION('',(1.,0.));
#6349 = ( GEOMETRIC_REPRESENTATION_CONTEXT(2) 
PARAMETRIC_REPRESENTATION_CONTEXT() REPRESENTATION_CONTEXT('2D SPACE',''
  ) );
#6350 = PCURVE('',#4158,#6351);
#6351 = DEFINITIONAL_REPRESENTATION('',(#6352),#6356);
#6352 = LINE('',#6353,#6354);
#6353 = CARTESIAN_POINT('',(1.413739732799,5.000000000001E-02));
#6354 = VECTOR('',#6355,1.);
#6355 = DIRECTION('',(1.,0.));
#6356 = ( GEOMETRIC_REPRESENTATION_CONTEXT(2) 
PARAMETRIC_REPRESENTATION_CONTEXT() REPRESENTATION_CONTEXT('2D SPACE',''
  ) );
#6357 = ADVANCED_FACE('',(#6358),#4158,.T.);
#6358 = FACE_BOUND('',#6359,.T.);
#6359 = EDGE_LOOP('',(#6360,#6361,#6362,#6363));
#6360 = ORIENTED_EDGE('',*,*,#5851,.T.);
#6361 = ORIENTED_EDGE('',*,*,#6336,.F.);
#6362 = ORIENTED_EDGE('',*,*,#4061,.T.);
#6363 = ORIENTED_EDGE('',*,*,#6364,.F.);
#6364 = EDGE_CURVE('',#5739,#4062,#6365,.T.);
#6365 = SURFACE_CURVE('',#6366,(#6371,#6378),.PCURVE_S1.);
#6366 = CIRCLE('',#6367,3.9);
#6367 = AXIS2_PLACEMENT_3D('',#6368,#6369,#6370);
#6368 = CARTESIAN_POINT('',(0.,3.3,0.));
#6369 = DIRECTION('',(-0.,1.,0.));
#6370 = DIRECTION('',(0.635163346679,0.,0.772377836965));
#6371 = PCURVE('',#4158,#6372);
#6372 = DEFINITIONAL_REPRESENTATION('',(#6373),#6377);
#6373 = LINE('',#6374,#6375);
#6374 = CARTESIAN_POINT('',(2.453372666484,-5.000000000001E-02));
#6375 = VECTOR('',#6376,1.);
#6376 = DIRECTION('',(-1.,0.));
#6377 = ( GEOMETRIC_REPRESENTATION_CONTEXT(2) 
PARAMETRIC_REPRESENTATION_CONTEXT() REPRESENTATION_CONTEXT('2D SPACE',''
  ) );
#6378 = PCURVE('',#4331,#6379);
#6379 = DEFINITIONAL_REPRESENTATION('',(#6380),#6388);
#6380 = ( BOUNDED_CURVE() B_SPLINE_CURVE(2,(#6381,#6382,#6383,#6384,
#6385,#6386,#6387),.UNSPECIFIED.,.T.,.F.) B_SPLINE_CURVE_WITH_KNOTS((1,2
    ,2,2,2,1),(-2.094395102393,0.,2.094395102393,4.188790204786,
6.28318530718,8.377580409573),.UNSPECIFIED.) CURVE() 
GEOMETRIC_REPRESENTATION_ITEM() RATIONAL_B_SPLINE_CURVE((1.,0.5,1.,0.5,
1.,0.5,1.)) REPRESENTATION_ITEM('') );
#6381 = CARTESIAN_POINT('',(-2.477137052048,-3.012273564165));
#6382 = CARTESIAN_POINT('',(-7.694547911479,1.278253667294));
#6383 = CARTESIAN_POINT('',(-1.370136903691,3.651400397812));
#6384 = CARTESIAN_POINT('',(4.954274104097,6.024547128331));
#6385 = CARTESIAN_POINT('',(3.84727395574,-0.639126833647));
#6386 = CARTESIAN_POINT('',(2.740273807383,-7.302800795624));
#6387 = CARTESIAN_POINT('',(-2.477137052048,-3.012273564165));
#6388 = ( GEOMETRIC_REPRESENTATION_CONTEXT(2) 
PARAMETRIC_REPRESENTATION_CONTEXT() REPRESENTATION_CONTEXT('2D SPACE',''
  ) );
#6389 = ADVANCED_FACE('',(#6390,#6395),#4331,.F.);
#6390 = FACE_BOUND('',#6391,.F.);
#6391 = EDGE_LOOP('',(#6392,#6393,#6394));
#6392 = ORIENTED_EDGE('',*,*,#5738,.F.);
#6393 = ORIENTED_EDGE('',*,*,#4236,.F.);
#6394 = ORIENTED_EDGE('',*,*,#6364,.F.);
#6395 = FACE_BOUND('',#6396,.F.);
#6396 = EDGE_LOOP('',(#6397,#6428));
#6397 = ORIENTED_EDGE('',*,*,#6398,.F.);
#6398 = EDGE_CURVE('',#6399,#6401,#6403,.T.);
#6399 = VERTEX_POINT('',#6400);
#6400 = CARTESIAN_POINT('',(2.1,3.3,0.));
#6401 = VERTEX_POINT('',#6402);
#6402 = CARTESIAN_POINT('',(-2.1,3.3,0.));
#6403 = SURFACE_CURVE('',#6404,(#6409,#6416),.PCURVE_S1.);
#6404 = CIRCLE('',#6405,2.1);
#6405 = AXIS2_PLACEMENT_3D('',#6406,#6407,#6408);
#6406 = CARTESIAN_POINT('',(0.,3.3,0.));
#6407 = DIRECTION('',(0.,-1.,0.));
#6408 = DIRECTION('',(1.,0.,0.));
#6409 = PCURVE('',#4331,#6410);
#6410 = DEFINITIONAL_REPRESENTATION('',(#6411),#6415);
#6411 = CIRCLE('',#6412,2.1);
#6412 = AXIS2_PLACEMENT_2D('',#6413,#6414);
#6413 = CARTESIAN_POINT('',(0.,0.));
#6414 = DIRECTION('',(-1.,-0.));
#6415 = ( GEOMETRIC_REPRESENTATION_CONTEXT(2) 
PARAMETRIC_REPRESENTATION_CONTEXT() REPRESENTATION_CONTEXT('2D SPACE',''
  ) );
#6416 = PCURVE('',#6417,#6422);
#6417 = CONICAL_SURFACE('',#6418,2.049999999917,0.785398163397);
#6418 = AXIS2_PLACEMENT_3D('',#6419,#6420,#6421);
#6419 = CARTESIAN_POINT('',(0.,3.249999999917,0.));
#6420 = DIRECTION('',(0.,1.,0.));
#6421 = DIRECTION('',(0.,0.,-1.));
#6422 = DEFINITIONAL_REPRESENTATION('',(#6423),#6427);
#6423 = LINE('',#6424,#6425);
#6424 = CARTESIAN_POINT('',(4.712388980385,5.000000008301E-02));
#6425 = VECTOR('',#6426,1.);
#6426 = DIRECTION('',(-1.,0.));
#6427 = ( GEOMETRIC_REPRESENTATION_CONTEXT(2) 
PARAMETRIC_REPRESENTATION_CONTEXT() REPRESENTATION_CONTEXT('2D SPACE',''
  ) );
#6428 = ORIENTED_EDGE('',*,*,#6429,.F.);
#6429 = EDGE_CURVE('',#6401,#6399,#6430,.T.);
#6430 = SURFACE_CURVE('',#6431,(#6436,#6443),.PCURVE_S1.);
#6431 = CIRCLE('',#6432,2.1);
#6432 = AXIS2_PLACEMENT_3D('',#6433,#6434,#6435);
#6433 = CARTESIAN_POINT('',(0.,3.3,0.));
#6434 = DIRECTION('',(0.,-1.,0.));
#6435 = DIRECTION('',(-1.,0.,0.));
#6436 = PCURVE('',#4331,#6437);
#6437 = DEFINITIONAL_REPRESENTATION('',(#6438),#6442);
#6438 = CIRCLE('',#6439,2.1);
#6439 = AXIS2_PLACEMENT_2D('',#6440,#6441);
#6440 = CARTESIAN_POINT('',(0.,0.));
#6441 = DIRECTION('',(1.,0.));
#6442 = ( GEOMETRIC_REPRESENTATION_CONTEXT(2) 
PARAMETRIC_REPRESENTATION_CONTEXT() REPRESENTATION_CONTEXT('2D SPACE',''
  ) );
#6443 = PCURVE('',#6444,#6449);
#6444 = CONICAL_SURFACE('',#6445,2.049999999917,0.785398163397);
#6445 = AXIS2_PLACEMENT_3D('',#6446,#6447,#6448);
#6446 = CARTESIAN_POINT('',(0.,3.249999999917,0.));
#6447 = DIRECTION('',(0.,1.,0.));
#6448 = DIRECTION('',(0.,0.,-1.));
#6449 = DEFINITIONAL_REPRESENTATION('',(#6450),#6454);
#6450 = LINE('',#6451,#6452);
#6451 = CARTESIAN_POINT('',(1.570796326795,5.000000008301E-02));
#6452 = VECTOR('',#6453,1.);
#6453 = DIRECTION('',(-1.,0.));
#6454 = ( GEOMETRIC_REPRESENTATION_CONTEXT(2) 
PARAMETRIC_REPRESENTATION_CONTEXT() REPRESENTATION_CONTEXT('2D SPACE',''
  ) );
#6455 = ADVANCED_FACE('',(#6456),#4779,.T.);
#6456 = FACE_BOUND('',#6457,.T.);
#6457 = EDGE_LOOP('',(#6458,#6459,#6460,#6461));
#6458 = ORIENTED_EDGE('',*,*,#4905,.F.);
#6459 = ORIENTED_EDGE('',*,*,#4632,.T.);
#6460 = ORIENTED_EDGE('',*,*,#6314,.T.);
#6461 = ORIENTED_EDGE('',*,*,#6044,.T.);
#6462 = ADVANCED_FACE('',(#6463),#6417,.F.);
#6463 = FACE_BOUND('',#6464,.F.);
#6464 = EDGE_LOOP('',(#6465,#6466,#6489,#6518));
#6465 = ORIENTED_EDGE('',*,*,#6398,.T.);
#6466 = ORIENTED_EDGE('',*,*,#6467,.T.);
#6467 = EDGE_CURVE('',#6401,#6468,#6470,.T.);
#6468 = VERTEX_POINT('',#6469);
#6469 = CARTESIAN_POINT('',(-2.,3.2,0.));
#6470 = SURFACE_CURVE('',#6471,(#6475,#6482),.PCURVE_S1.);
#6471 = LINE('',#6472,#6473);
#6472 = CARTESIAN_POINT('',(-2.09999999991,3.29999999991,
    1.160123874268E-09));
#6473 = VECTOR('',#6474,1.);
#6474 = DIRECTION('',(0.707106781187,-0.707106781187,-2.343804952826E-09
    ));
#6475 = PCURVE('',#6417,#6476);
#6476 = DEFINITIONAL_REPRESENTATION('',(#6477),#6481);
#6477 = LINE('',#6478,#6479);
#6478 = CARTESIAN_POINT('',(1.570796327347,4.999999999301E-02));
#6479 = VECTOR('',#6480,1.);
#6480 = DIRECTION('',(-1.381101899511E-09,-1.));
#6481 = ( GEOMETRIC_REPRESENTATION_CONTEXT(2) 
PARAMETRIC_REPRESENTATION_CONTEXT() REPRESENTATION_CONTEXT('2D SPACE',''
  ) );
#6482 = PCURVE('',#6444,#6483);
#6483 = DEFINITIONAL_REPRESENTATION('',(#6484),#6488);
#6484 = LINE('',#6485,#6486);
#6485 = CARTESIAN_POINT('',(1.570796327347,4.999999999301E-02));
#6486 = VECTOR('',#6487,1.);
#6487 = DIRECTION('',(-1.381101899511E-09,-1.));
#6488 = ( GEOMETRIC_REPRESENTATION_CONTEXT(2) 
PARAMETRIC_REPRESENTATION_CONTEXT() REPRESENTATION_CONTEXT('2D SPACE',''
  ) );
#6489 = ORIENTED_EDGE('',*,*,#6490,.F.);
#6490 = EDGE_CURVE('',#6491,#6468,#6493,.T.);
#6491 = VERTEX_POINT('',#6492);
#6492 = CARTESIAN_POINT('',(2.,3.2,0.));
#6493 = SURFACE_CURVE('',#6494,(#6499,#6506),.PCURVE_S1.);
#6494 = CIRCLE('',#6495,2.);
#6495 = AXIS2_PLACEMENT_3D('',#6496,#6497,#6498);
#6496 = CARTESIAN_POINT('',(0.,3.2,0.));
#6497 = DIRECTION('',(0.,-1.,0.));
#6498 = DIRECTION('',(1.,0.,0.));
#6499 = PCURVE('',#6417,#6500);
#6500 = DEFINITIONAL_REPRESENTATION('',(#6501),#6505);
#6501 = LINE('',#6502,#6503);
#6502 = CARTESIAN_POINT('',(4.712388980385,-4.999999991701E-02));
#6503 = VECTOR('',#6504,1.);
#6504 = DIRECTION('',(-1.,0.));
#6505 = ( GEOMETRIC_REPRESENTATION_CONTEXT(2) 
PARAMETRIC_REPRESENTATION_CONTEXT() REPRESENTATION_CONTEXT('2D SPACE',''
  ) );
#6506 = PCURVE('',#6507,#6512);
#6507 = CYLINDRICAL_SURFACE('',#6508,2.);
#6508 = AXIS2_PLACEMENT_3D('',#6509,#6510,#6511);
#6509 = CARTESIAN_POINT('',(0.,3.3,0.));
#6510 = DIRECTION('',(0.,1.,0.));
#6511 = DIRECTION('',(1.,0.,0.));
#6512 = DEFINITIONAL_REPRESENTATION('',(#6513),#6517);
#6513 = LINE('',#6514,#6515);
#6514 = CARTESIAN_POINT('',(6.28318530718,-1.E-01));
#6515 = VECTOR('',#6516,1.);
#6516 = DIRECTION('',(-1.,0.));
#6517 = ( GEOMETRIC_REPRESENTATION_CONTEXT(2) 
PARAMETRIC_REPRESENTATION_CONTEXT() REPRESENTATION_CONTEXT('2D SPACE',''
  ) );
#6518 = ORIENTED_EDGE('',*,*,#6519,.F.);
#6519 = EDGE_CURVE('',#6399,#6491,#6520,.T.);
#6520 = SURFACE_CURVE('',#6521,(#6525,#6532),.PCURVE_S1.);
#6521 = LINE('',#6522,#6523);
#6522 = CARTESIAN_POINT('',(2.09999999991,3.29999999991,
    -1.1601241059E-09));
#6523 = VECTOR('',#6524,1.);
#6524 = DIRECTION('',(-0.707106781186,-0.707106781187,2.34380636766E-09)
  );
#6525 = PCURVE('',#6417,#6526);
#6526 = DEFINITIONAL_REPRESENTATION('',(#6527),#6531);
#6527 = LINE('',#6528,#6529);
#6528 = CARTESIAN_POINT('',(4.712388980937,4.999999999301E-02));
#6529 = VECTOR('',#6530,1.);
#6530 = DIRECTION('',(-1.381099679065E-09,-1.));
#6531 = ( GEOMETRIC_REPRESENTATION_CONTEXT(2) 
PARAMETRIC_REPRESENTATION_CONTEXT() REPRESENTATION_CONTEXT('2D SPACE',''
  ) );
#6532 = PCURVE('',#6444,#6533);
#6533 = DEFINITIONAL_REPRESENTATION('',(#6534),#6538);
#6534 = LINE('',#6535,#6536);
#6535 = CARTESIAN_POINT('',(-1.570796326242,4.999999999301E-02));
#6536 = VECTOR('',#6537,1.);
#6537 = DIRECTION('',(-1.381099679065E-09,-1.));
#6538 = ( GEOMETRIC_REPRESENTATION_CONTEXT(2) 
PARAMETRIC_REPRESENTATION_CONTEXT() REPRESENTATION_CONTEXT('2D SPACE',''
  ) );
#6539 = ADVANCED_FACE('',(#6540),#6444,.F.);
#6540 = FACE_BOUND('',#6541,.F.);
#6541 = EDGE_LOOP('',(#6542,#6543,#6544,#6571));
#6542 = ORIENTED_EDGE('',*,*,#6429,.T.);
#6543 = ORIENTED_EDGE('',*,*,#6519,.T.);
#6544 = ORIENTED_EDGE('',*,*,#6545,.F.);
#6545 = EDGE_CURVE('',#6468,#6491,#6546,.T.);
#6546 = SURFACE_CURVE('',#6547,(#6552,#6559),.PCURVE_S1.);
#6547 = CIRCLE('',#6548,2.);
#6548 = AXIS2_PLACEMENT_3D('',#6549,#6550,#6551);
#6549 = CARTESIAN_POINT('',(0.,3.2,0.));
#6550 = DIRECTION('',(0.,-1.,0.));
#6551 = DIRECTION('',(-1.,0.,0.));
#6552 = PCURVE('',#6444,#6553);
#6553 = DEFINITIONAL_REPRESENTATION('',(#6554),#6558);
#6554 = LINE('',#6555,#6556);
#6555 = CARTESIAN_POINT('',(1.570796326795,-4.999999991701E-02));
#6556 = VECTOR('',#6557,1.);
#6557 = DIRECTION('',(-1.,0.));
#6558 = ( GEOMETRIC_REPRESENTATION_CONTEXT(2) 
PARAMETRIC_REPRESENTATION_CONTEXT() REPRESENTATION_CONTEXT('2D SPACE',''
  ) );
#6559 = PCURVE('',#6560,#6565);
#6560 = CYLINDRICAL_SURFACE('',#6561,2.);
#6561 = AXIS2_PLACEMENT_3D('',#6562,#6563,#6564);
#6562 = CARTESIAN_POINT('',(0.,3.3,0.));
#6563 = DIRECTION('',(0.,1.,0.));
#6564 = DIRECTION('',(1.,0.,0.));
#6565 = DEFINITIONAL_REPRESENTATION('',(#6566),#6570);
#6566 = LINE('',#6567,#6568);
#6567 = CARTESIAN_POINT('',(3.14159265359,-1.E-01));
#6568 = VECTOR('',#6569,1.);
#6569 = DIRECTION('',(-1.,0.));
#6570 = ( GEOMETRIC_REPRESENTATION_CONTEXT(2) 
PARAMETRIC_REPRESENTATION_CONTEXT() REPRESENTATION_CONTEXT('2D SPACE',''
  ) );
#6571 = ORIENTED_EDGE('',*,*,#6467,.F.);
#6572 = ADVANCED_FACE('',(#6573),#6507,.F.);
#6573 = FACE_BOUND('',#6574,.F.);
#6574 = EDGE_LOOP('',(#6575,#6576,#6599,#6628));
#6575 = ORIENTED_EDGE('',*,*,#6490,.T.);
#6576 = ORIENTED_EDGE('',*,*,#6577,.T.);
#6577 = EDGE_CURVE('',#6468,#6578,#6580,.T.);
#6578 = VERTEX_POINT('',#6579);
#6579 = CARTESIAN_POINT('',(-2.,1.5,0.));
#6580 = SURFACE_CURVE('',#6581,(#6585,#6592),.PCURVE_S1.);
#6581 = LINE('',#6582,#6583);
#6582 = CARTESIAN_POINT('',(-1.999999999936,3.199999999936,
    8.286597991691E-10));
#6583 = VECTOR('',#6584,1.);
#6584 = DIRECTION('',(-3.793253293315E-11,-1.,-4.874470847823E-10));
#6585 = PCURVE('',#6507,#6586);
#6586 = DEFINITIONAL_REPRESENTATION('',(#6587),#6591);
#6587 = LINE('',#6588,#6589);
#6588 = CARTESIAN_POINT('',(3.141592654004,-0.100000000064));
#6589 = VECTOR('',#6590,1.);
#6590 = DIRECTION('',(-2.437234727762E-10,-1.));
#6591 = ( GEOMETRIC_REPRESENTATION_CONTEXT(2) 
PARAMETRIC_REPRESENTATION_CONTEXT() REPRESENTATION_CONTEXT('2D SPACE',''
  ) );
#6592 = PCURVE('',#6560,#6593);
#6593 = DEFINITIONAL_REPRESENTATION('',(#6594),#6598);
#6594 = LINE('',#6595,#6596);
#6595 = CARTESIAN_POINT('',(3.141592654004,-0.100000000064));
#6596 = VECTOR('',#6597,1.);
#6597 = DIRECTION('',(-2.437234727762E-10,-1.));
#6598 = ( GEOMETRIC_REPRESENTATION_CONTEXT(2) 
PARAMETRIC_REPRESENTATION_CONTEXT() REPRESENTATION_CONTEXT('2D SPACE',''
  ) );
#6599 = ORIENTED_EDGE('',*,*,#6600,.T.);
#6600 = EDGE_CURVE('',#6578,#6601,#6603,.T.);
#6601 = VERTEX_POINT('',#6602);
#6602 = CARTESIAN_POINT('',(2.,1.5,0.));
#6603 = SURFACE_CURVE('',#6604,(#6609,#6616),.PCURVE_S1.);
#6604 = CIRCLE('',#6605,2.);
#6605 = AXIS2_PLACEMENT_3D('',#6606,#6607,#6608);
#6606 = CARTESIAN_POINT('',(0.,1.5,0.));
#6607 = DIRECTION('',(0.,1.,-0.));
#6608 = DIRECTION('',(-1.,0.,0.));
#6609 = PCURVE('',#6507,#6610);
#6610 = DEFINITIONAL_REPRESENTATION('',(#6611),#6615);
#6611 = LINE('',#6612,#6613);
#6612 = CARTESIAN_POINT('',(3.14159265359,-1.8));
#6613 = VECTOR('',#6614,1.);
#6614 = DIRECTION('',(1.,0.));#6615 = ( GEOMETRIC_REPRESENTATION_CONTEXT(2) 
PARAMETRIC_REPRESENTATION_CONTEXT() REPRESENTATION_CONTEXT('2D SPACE',''
  ) );
#6616 = PCURVE('',#6617,#6622);
#6617 = PLANE('',#6618);
#6618 = AXIS2_PLACEMENT_3D('',#6619,#6620,#6621);
#6619 = CARTESIAN_POINT('',(0.,1.5,0.));
#6620 = DIRECTION('',(0.,1.,0.));
#6621 = DIRECTION('',(1.,0.,0.));
#6622 = DEFINITIONAL_REPRESENTATION('',(#6623),#6627);
#6623 = CIRCLE('',#6624,2.);
#6624 = AXIS2_PLACEMENT_2D('',#6625,#6626);
#6625 = CARTESIAN_POINT('',(0.,0.));
#6626 = DIRECTION('',(-1.,0.));
#6627 = ( GEOMETRIC_REPRESENTATION_CONTEXT(2) 
PARAMETRIC_REPRESENTATION_CONTEXT() REPRESENTATION_CONTEXT('2D SPACE',''
  ) );
#6628 = ORIENTED_EDGE('',*,*,#6629,.F.);
#6629 = EDGE_CURVE('',#6491,#6601,#6630,.T.);
#6630 = SURFACE_CURVE('',#6631,(#6635,#6642),.PCURVE_S1.);
#6631 = LINE('',#6632,#6633);
#6632 = CARTESIAN_POINT('',(1.999999999936,3.199999999936,
    -8.286598307138E-10));
#6633 = VECTOR('',#6634,1.);
#6634 = DIRECTION('',(3.793240231868E-11,-1.,4.87447103338E-10));
#6635 = PCURVE('',#6507,#6636);
#6636 = DEFINITIONAL_REPRESENTATION('',(#6637),#6641);
#6637 = LINE('',#6638,#6639);
#6638 = CARTESIAN_POINT('',(6.28318530718,-0.100000000064));
#6639 = VECTOR('',#6640,1.);
#6640 = DIRECTION('',(0.,-1.));
#6641 = ( GEOMETRIC_REPRESENTATION_CONTEXT(2) 
PARAMETRIC_REPRESENTATION_CONTEXT() REPRESENTATION_CONTEXT('2D SPACE',''
  ) );
#6642 = PCURVE('',#6560,#6643);
#6643 = DEFINITIONAL_REPRESENTATION('',(#6644),#6648);
#6644 = LINE('',#6645,#6646);
#6645 = CARTESIAN_POINT('',(0.,-0.100000000064));
#6646 = VECTOR('',#6647,1.);
#6647 = DIRECTION('',(0.,-1.));
#6648 = ( GEOMETRIC_REPRESENTATION_CONTEXT(2) 
PARAMETRIC_REPRESENTATION_CONTEXT() REPRESENTATION_CONTEXT('2D SPACE',''
  ) );
#6649 = ADVANCED_FACE('',(#6650),#6560,.F.);
#6650 = FACE_BOUND('',#6651,.F.);
#6651 = EDGE_LOOP('',(#6652,#6653,#6654,#6676));
#6652 = ORIENTED_EDGE('',*,*,#6545,.T.);
#6653 = ORIENTED_EDGE('',*,*,#6629,.T.);
#6654 = ORIENTED_EDGE('',*,*,#6655,.T.);
#6655 = EDGE_CURVE('',#6601,#6578,#6656,.T.);
#6656 = SURFACE_CURVE('',#6657,(#6662,#6669),.PCURVE_S1.);
#6657 = CIRCLE('',#6658,2.);
#6658 = AXIS2_PLACEMENT_3D('',#6659,#6660,#6661);
#6659 = CARTESIAN_POINT('',(0.,1.5,0.));
#6660 = DIRECTION('',(-0.,1.,0.));
#6661 = DIRECTION('',(1.,0.,0.));
#6662 = PCURVE('',#6560,#6663);
#6663 = DEFINITIONAL_REPRESENTATION('',(#6664),#6668);
#6664 = LINE('',#6665,#6666);
#6665 = CARTESIAN_POINT('',(0.,-1.8));
#6666 = VECTOR('',#6667,1.);
#6667 = DIRECTION('',(1.,0.));
#6668 = ( GEOMETRIC_REPRESENTATION_CONTEXT(2) 
PARAMETRIC_REPRESENTATION_CONTEXT() REPRESENTATION_CONTEXT('2D SPACE',''
  ) );
#6669 = PCURVE('',#6617,#6670);
#6670 = DEFINITIONAL_REPRESENTATION('',(#6671),#6675);
#6671 = CIRCLE('',#6672,2.);
#6672 = AXIS2_PLACEMENT_2D('',#6673,#6674);
#6673 = CARTESIAN_POINT('',(0.,0.));
#6674 = DIRECTION('',(1.,0.));
#6675 = ( GEOMETRIC_REPRESENTATION_CONTEXT(2) 
PARAMETRIC_REPRESENTATION_CONTEXT() REPRESENTATION_CONTEXT('2D SPACE',''
  ) );
#6676 = ORIENTED_EDGE('',*,*,#6577,.F.);
#6677 = ADVANCED_FACE('',(#6678,#6682),#6617,.T.);
#6678 = FACE_BOUND('',#6679,.F.);
#6679 = EDGE_LOOP('',(#6680,#6681));
#6680 = ORIENTED_EDGE('',*,*,#6655,.F.);
#6681 = ORIENTED_EDGE('',*,*,#6600,.F.);
#6682 = FACE_BOUND('',#6683,.F.);
#6683 = EDGE_LOOP('',(#6684,#6715));
#6684 = ORIENTED_EDGE('',*,*,#6685,.T.);
#6685 = EDGE_CURVE('',#6686,#6688,#6690,.T.);
#6686 = VERTEX_POINT('',#6687);
#6687 = CARTESIAN_POINT('',(1.6,1.5,0.));
#6688 = VERTEX_POINT('',#6689);
#6689 = CARTESIAN_POINT('',(-1.6,1.5,0.));
#6690 = SURFACE_CURVE('',#6691,(#6696,#6703),.PCURVE_S1.);
#6691 = CIRCLE('',#6692,1.6);
#6692 = AXIS2_PLACEMENT_3D('',#6693,#6694,#6695);
#6693 = CARTESIAN_POINT('',(0.,1.5,0.));
#6694 = DIRECTION('',(-0.,1.,0.));
#6695 = DIRECTION('',(1.,0.,0.));
#6696 = PCURVE('',#6617,#6697);
#6697 = DEFINITIONAL_REPRESENTATION('',(#6698),#6702);
#6698 = CIRCLE('',#6699,1.6);
#6699 = AXIS2_PLACEMENT_2D('',#6700,#6701);
#6700 = CARTESIAN_POINT('',(0.,0.));
#6701 = DIRECTION('',(1.,0.));
#6702 = ( GEOMETRIC_REPRESENTATION_CONTEXT(2) 
PARAMETRIC_REPRESENTATION_CONTEXT() REPRESENTATION_CONTEXT('2D SPACE',''
  ) );
#6703 = PCURVE('',#6704,#6709);
#6704 = CYLINDRICAL_SURFACE('',#6705,1.6);
#6705 = AXIS2_PLACEMENT_3D('',#6706,#6707,#6708);
#6706 = CARTESIAN_POINT('',(0.,3.3,0.));
#6707 = DIRECTION('',(0.,1.,0.));
#6708 = DIRECTION('',(1.,0.,0.));
#6709 = DEFINITIONAL_REPRESENTATION('',(#6710),#6714);
#6710 = LINE('',#6711,#6712);
#6711 = CARTESIAN_POINT('',(0.,-1.8));
#6712 = VECTOR('',#6713,1.);
#6713 = DIRECTION('',(1.,0.));
#6714 = ( GEOMETRIC_REPRESENTATION_CONTEXT(2) 
PARAMETRIC_REPRESENTATION_CONTEXT() REPRESENTATION_CONTEXT('2D SPACE',''
  ) );
#6715 = ORIENTED_EDGE('',*,*,#6716,.T.);
#6716 = EDGE_CURVE('',#6688,#6686,#6717,.T.);
#6717 = SURFACE_CURVE('',#6718,(#6723,#6730),.PCURVE_S1.);
#6718 = CIRCLE('',#6719,1.6);
#6719 = AXIS2_PLACEMENT_3D('',#6720,#6721,#6722);
#6720 = CARTESIAN_POINT('',(0.,1.5,0.));
#6721 = DIRECTION('',(0.,1.,-0.));
#6722 = DIRECTION('',(-1.,0.,0.));
#6723 = PCURVE('',#6617,#6724);
#6724 = DEFINITIONAL_REPRESENTATION('',(#6725),#6729);
#6725 = CIRCLE('',#6726,1.6);
#6726 = AXIS2_PLACEMENT_2D('',#6727,#6728);
#6727 = CARTESIAN_POINT('',(0.,0.));
#6728 = DIRECTION('',(-1.,0.));
#6729 = ( GEOMETRIC_REPRESENTATION_CONTEXT(2) 
PARAMETRIC_REPRESENTATION_CONTEXT() REPRESENTATION_CONTEXT('2D SPACE',''
  ) );
#6730 = PCURVE('',#6731,#6736);
#6731 = CYLINDRICAL_SURFACE('',#6732,1.6);
#6732 = AXIS2_PLACEMENT_3D('',#6733,#6734,#6735);
#6733 = CARTESIAN_POINT('',(0.,3.3,0.));
#6734 = DIRECTION('',(0.,1.,0.));
#6735 = DIRECTION('',(1.,0.,0.));
#6736 = DEFINITIONAL_REPRESENTATION('',(#6737),#6741);
#6737 = LINE('',#6738,#6739);
#6738 = CARTESIAN_POINT('',(3.14159265359,-1.8));
#6739 = VECTOR('',#6740,1.);
#6740 = DIRECTION('',(1.,0.));
#6741 = ( GEOMETRIC_REPRESENTATION_CONTEXT(2) 
PARAMETRIC_REPRESENTATION_CONTEXT() REPRESENTATION_CONTEXT('2D SPACE',''
  ) );
#6742 = ADVANCED_FACE('',(#6743),#6704,.F.);
#6743 = FACE_BOUND('',#6744,.F.);
#6744 = EDGE_LOOP('',(#6745,#6746,#6769,#6798));
#6745 = ORIENTED_EDGE('',*,*,#6685,.F.);
#6746 = ORIENTED_EDGE('',*,*,#6747,.T.);
#6747 = EDGE_CURVE('',#6686,#6748,#6750,.T.);
#6748 = VERTEX_POINT('',#6749);
#6749 = CARTESIAN_POINT('',(1.6,1.4900001,0.));
#6750 = SURFACE_CURVE('',#6751,(#6755,#6762),.PCURVE_S1.);
#6751 = LINE('',#6752,#6753);
#6752 = CARTESIAN_POINT('',(1.6,1.5,0.));
#6753 = VECTOR('',#6754,1.);
#6754 = DIRECTION('',(0.,-1.,0.));
#6755 = PCURVE('',#6704,#6756);
#6756 = DEFINITIONAL_REPRESENTATION('',(#6757),#6761);
#6757 = LINE('',#6758,#6759);
#6758 = CARTESIAN_POINT('',(0.,-1.8));
#6759 = VECTOR('',#6760,1.);
#6760 = DIRECTION('',(0.,-1.));
#6761 = ( GEOMETRIC_REPRESENTATION_CONTEXT(2) 
PARAMETRIC_REPRESENTATION_CONTEXT() REPRESENTATION_CONTEXT('2D SPACE',''
  ) );
#6762 = PCURVE('',#6731,#6763);
#6763 = DEFINITIONAL_REPRESENTATION('',(#6764),#6768);
#6764 = LINE('',#6765,#6766);
#6765 = CARTESIAN_POINT('',(6.28318530718,-1.8));
#6766 = VECTOR('',#6767,1.);
#6767 = DIRECTION('',(0.,-1.));
#6768 = ( GEOMETRIC_REPRESENTATION_CONTEXT(2) 
PARAMETRIC_REPRESENTATION_CONTEXT() REPRESENTATION_CONTEXT('2D SPACE',''
  ) );
#6769 = ORIENTED_EDGE('',*,*,#6770,.T.);
#6770 = EDGE_CURVE('',#6748,#6771,#6773,.T.);
#6771 = VERTEX_POINT('',#6772);
#6772 = CARTESIAN_POINT('',(-1.6,1.4900001,0.));
#6773 = SURFACE_CURVE('',#6774,(#6779,#6786),.PCURVE_S1.);
#6774 = CIRCLE('',#6775,1.6);
#6775 = AXIS2_PLACEMENT_3D('',#6776,#6777,#6778);
#6776 = CARTESIAN_POINT('',(0.,1.4900001,0.));
#6777 = DIRECTION('',(-0.,1.,0.));
#6778 = DIRECTION('',(1.,0.,0.));
#6779 = PCURVE('',#6704,#6780);
#6780 = DEFINITIONAL_REPRESENTATION('',(#6781),#6785);
#6781 = LINE('',#6782,#6783);
#6782 = CARTESIAN_POINT('',(0.,-1.8099999));
#6783 = VECTOR('',#6784,1.);
#6784 = DIRECTION('',(1.,0.));
#6785 = ( GEOMETRIC_REPRESENTATION_CONTEXT(2) 
PARAMETRIC_REPRESENTATION_CONTEXT() REPRESENTATION_CONTEXT('2D SPACE',''
  ) );
#6786 = PCURVE('',#6787,#6792);
#6787 = PLANE('',#6788);
#6788 = AXIS2_PLACEMENT_3D('',#6789,#6790,#6791);
#6789 = CARTESIAN_POINT('',(0.,1.4900001,0.));
#6790 = DIRECTION('',(0.,1.,0.));
#6791 = DIRECTION('',(0.,-0.,1.));
#6792 = DEFINITIONAL_REPRESENTATION('',(#6793),#6797);
#6793 = CIRCLE('',#6794,1.6);
#6794 = AXIS2_PLACEMENT_2D('',#6795,#6796);
#6795 = CARTESIAN_POINT('',(0.,0.));
#6796 = DIRECTION('',(0.,1.));
#6797 = ( GEOMETRIC_REPRESENTATION_CONTEXT(2) 
PARAMETRIC_REPRESENTATION_CONTEXT() REPRESENTATION_CONTEXT('2D SPACE',''
  ) );
#6798 = ORIENTED_EDGE('',*,*,#6799,.F.);
#6799 = EDGE_CURVE('',#6688,#6771,#6800,.T.);
#6800 = SURFACE_CURVE('',#6801,(#6805,#6812),.PCURVE_S1.);
#6801 = LINE('',#6802,#6803);
#6802 = CARTESIAN_POINT('',(-1.6,1.5,0.));
#6803 = VECTOR('',#6804,1.);
#6804 = DIRECTION('',(0.,-1.,0.));
#6805 = PCURVE('',#6704,#6806);
#6806 = DEFINITIONAL_REPRESENTATION('',(#6807),#6811);
#6807 = LINE('',#6808,#6809);
#6808 = CARTESIAN_POINT('',(3.14159265359,-1.8));
#6809 = VECTOR('',#6810,1.);
#6810 = DIRECTION('',(0.,-1.));
#6811 = ( GEOMETRIC_REPRESENTATION_CONTEXT(2) 
PARAMETRIC_REPRESENTATION_CONTEXT() REPRESENTATION_CONTEXT('2D SPACE',''
  ) );
#6812 = PCURVE('',#6731,#6813);
#6813 = DEFINITIONAL_REPRESENTATION('',(#6814),#6818);
#6814 = LINE('',#6815,#6816);
#6815 = CARTESIAN_POINT('',(3.14159265359,-1.8));
#6816 = VECTOR('',#6817,1.);
#6817 = DIRECTION('',(0.,-1.));
#6818 = ( GEOMETRIC_REPRESENTATION_CONTEXT(2) 
PARAMETRIC_REPRESENTATION_CONTEXT() REPRESENTATION_CONTEXT('2D SPACE',''
  ) );
#6819 = ADVANCED_FACE('',(#6820),#6731,.F.);
#6820 = FACE_BOUND('',#6821,.F.);
#6821 = EDGE_LOOP('',(#6822,#6823,#6824,#6846));
#6822 = ORIENTED_EDGE('',*,*,#6716,.F.);
#6823 = ORIENTED_EDGE('',*,*,#6799,.T.);
#6824 = ORIENTED_EDGE('',*,*,#6825,.T.);
#6825 = EDGE_CURVE('',#6771,#6748,#6826,.T.);
#6826 = SURFACE_CURVE('',#6827,(#6832,#6839),.PCURVE_S1.);
#6827 = CIRCLE('',#6828,1.6);
#6828 = AXIS2_PLACEMENT_3D('',#6829,#6830,#6831);
#6829 = CARTESIAN_POINT('',(0.,1.4900001,0.));
#6830 = DIRECTION('',(-0.,1.,0.));
#6831 = DIRECTION('',(1.,0.,0.));
#6832 = PCURVE('',#6731,#6833);
#6833 = DEFINITIONAL_REPRESENTATION('',(#6834),#6838);
#6834 = LINE('',#6835,#6836);
#6835 = CARTESIAN_POINT('',(0.,-1.8099999));
#6836 = VECTOR('',#6837,1.);
#6837 = DIRECTION('',(1.,0.));
#6838 = ( GEOMETRIC_REPRESENTATION_CONTEXT(2) 
PARAMETRIC_REPRESENTATION_CONTEXT() REPRESENTATION_CONTEXT('2D SPACE',''
  ) );
#6839 = PCURVE('',#6787,#6840);
#6840 = DEFINITIONAL_REPRESENTATION('',(#6841),#6845);
#6841 = CIRCLE('',#6842,1.6);
#6842 = AXIS2_PLACEMENT_2D('',#6843,#6844);
#6843 = CARTESIAN_POINT('',(0.,0.));
#6844 = DIRECTION('',(0.,1.));
#6845 = ( GEOMETRIC_REPRESENTATION_CONTEXT(2) 
PARAMETRIC_REPRESENTATION_CONTEXT() REPRESENTATION_CONTEXT('2D SPACE',''
  ) );
#6846 = ORIENTED_EDGE('',*,*,#6747,.F.);
#6847 = ADVANCED_FACE('',(#6848,#6852),#6787,.T.);
#6848 = FACE_BOUND('',#6849,.T.);
#6849 = EDGE_LOOP('',(#6850,#6851));
#6850 = ORIENTED_EDGE('',*,*,#6825,.T.);
#6851 = ORIENTED_EDGE('',*,*,#6770,.T.);
#6852 = FACE_BOUND('',#6853,.T.);
#6853 = EDGE_LOOP('',(#6854,#6889));
#6854 = ORIENTED_EDGE('',*,*,#6855,.T.);
#6855 = EDGE_CURVE('',#6856,#6858,#6860,.T.);
#6856 = VERTEX_POINT('',#6857);
#6857 = CARTESIAN_POINT('',(-0.750000763067,1.4900001,2.752389999636E-07
    ));
#6858 = VERTEX_POINT('',#6859);
#6859 = CARTESIAN_POINT('',(0.75,1.4900001,0.));
#6860 = SURFACE_CURVE('',#6861,(#6866,#6877),.PCURVE_S1.);
#6861 = CIRCLE('',#6862,0.75);
#6862 = AXIS2_PLACEMENT_3D('',#6863,#6864,#6865);
#6863 = CARTESIAN_POINT('',(0.,1.4900001,0.));
#6864 = DIRECTION('',(0.,-1.,0.));
#6865 = DIRECTION('',(-1.,0.,0.));
#6866 = PCURVE('',#6787,#6867);
#6867 = DEFINITIONAL_REPRESENTATION('',(#6868),#6876);
#6868 = ( BOUNDED_CURVE() B_SPLINE_CURVE(2,(#6869,#6870,#6871,#6872,
#6873,#6874,#6875),.UNSPECIFIED.,.T.,.F.) B_SPLINE_CURVE_WITH_KNOTS((1,2
    ,2,2,2,1),(-2.094395102393,0.,2.094395102393,4.188790204786,
6.28318530718,8.377580409573),.UNSPECIFIED.) CURVE() 
GEOMETRIC_REPRESENTATION_ITEM() RATIONAL_B_SPLINE_CURVE((1.,0.5,1.,0.5,
1.,0.5,1.)) REPRESENTATION_ITEM('') );
#6869 = CARTESIAN_POINT('',(0.,-0.75));
#6870 = CARTESIAN_POINT('',(-1.299038105677,-0.75));
#6871 = CARTESIAN_POINT('',(-0.649519052838,0.375));
#6872 = CARTESIAN_POINT('',(-1.836970198721E-16,1.5));
#6873 = CARTESIAN_POINT('',(0.649519052838,0.375));
#6874 = CARTESIAN_POINT('',(1.299038105677,-0.75));
#6875 = CARTESIAN_POINT('',(0.,-0.75));
#6876 = ( GEOMETRIC_REPRESENTATION_CONTEXT(2) 
PARAMETRIC_REPRESENTATION_CONTEXT() REPRESENTATION_CONTEXT('2D SPACE',''
  ) );
#6877 = PCURVE('',#6878,#6883);
#6878 = CYLINDRICAL_SURFACE('',#6879,0.75);
#6879 = AXIS2_PLACEMENT_3D('',#6880,#6881,#6882);
#6880 = CARTESIAN_POINT('',(0.,9.66,0.));
#6881 = DIRECTION('',(0.,-1.,0.));
#6882 = DIRECTION('',(-1.,0.,0.));
#6883 = DEFINITIONAL_REPRESENTATION('',(#6884),#6888);
#6884 = LINE('',#6885,#6886);
#6885 = CARTESIAN_POINT('',(-6.28318530718,8.1699999));
#6886 = VECTOR('',#6887,1.);
#6887 = DIRECTION('',(1.,0.));
#6888 = ( GEOMETRIC_REPRESENTATION_CONTEXT(2) 
PARAMETRIC_REPRESENTATION_CONTEXT() REPRESENTATION_CONTEXT('2D SPACE',''
  ) );
#6889 = ORIENTED_EDGE('',*,*,#6890,.T.);
#6890 = EDGE_CURVE('',#6858,#6856,#6891,.T.);
#6891 = SURFACE_CURVE('',#6892,(#6897,#6908),.PCURVE_S1.);
#6892 = CIRCLE('',#6893,0.75);
#6893 = AXIS2_PLACEMENT_3D('',#6894,#6895,#6896);
#6894 = CARTESIAN_POINT('',(0.,1.4900001,0.));
#6895 = DIRECTION('',(0.,-1.,0.));
#6896 = DIRECTION('',(-1.,0.,0.));
#6897 = PCURVE('',#6787,#6898);
#6898 = DEFINITIONAL_REPRESENTATION('',(#6899),#6907);
#6899 = ( BOUNDED_CURVE() B_SPLINE_CURVE(2,(#6900,#6901,#6902,#6903,
#6904,#6905,#6906),.UNSPECIFIED.,.T.,.F.) B_SPLINE_CURVE_WITH_KNOTS((1,2
    ,2,2,2,1),(-2.094395102393,0.,2.094395102393,4.188790204786,
6.28318530718,8.377580409573),.UNSPECIFIED.) CURVE() 
GEOMETRIC_REPRESENTATION_ITEM() RATIONAL_B_SPLINE_CURVE((1.,0.5,1.,0.5,
1.,0.5,1.)) REPRESENTATION_ITEM('') );
#6900 = CARTESIAN_POINT('',(0.,-0.75));
#6901 = CARTESIAN_POINT('',(-1.299038105677,-0.75));
#6902 = CARTESIAN_POINT('',(-0.649519052838,0.375));
#6903 = CARTESIAN_POINT('',(-1.836970198721E-16,1.5));
#6904 = CARTESIAN_POINT('',(0.649519052838,0.375));
#6905 = CARTESIAN_POINT('',(1.299038105677,-0.75));
#6906 = CARTESIAN_POINT('',(0.,-0.75));
#6907 = ( GEOMETRIC_REPRESENTATION_CONTEXT(2) 
PARAMETRIC_REPRESENTATION_CONTEXT() REPRESENTATION_CONTEXT('2D SPACE',''
  ) );
#6908 = PCURVE('',#6909,#6914);
#6909 = CYLINDRICAL_SURFACE('',#6910,0.75);
#6910 = AXIS2_PLACEMENT_3D('',#6911,#6912,#6913);
#6911 = CARTESIAN_POINT('',(0.,9.66,0.));
#6912 = DIRECTION('',(0.,-1.,0.));
#6913 = DIRECTION('',(-1.,0.,0.));
#6914 = DEFINITIONAL_REPRESENTATION('',(#6915),#6919);
#6915 = LINE('',#6916,#6917);
#6916 = CARTESIAN_POINT('',(0.,8.1699999));
#6917 = VECTOR('',#6918,1.);
#6918 = DIRECTION('',(1.,0.));
#6919 = ( GEOMETRIC_REPRESENTATION_CONTEXT(2) 
PARAMETRIC_REPRESENTATION_CONTEXT() REPRESENTATION_CONTEXT('2D SPACE',''
  ) );
#6920 = ADVANCED_FACE('',(#6921),#6878,.T.);
#6921 = FACE_BOUND('',#6922,.T.);
#6922 = EDGE_LOOP('',(#6923,#6954,#6982,#7011,#7032,#7033));
#6923 = ORIENTED_EDGE('',*,*,#6924,.F.);
#6924 = EDGE_CURVE('',#6925,#6927,#6929,.T.);
#6925 = VERTEX_POINT('',#6926);
#6926 = CARTESIAN_POINT('',(0.550000022644,9.00000023702,-0.509901578305
    ));
#6927 = VERTEX_POINT('',#6928);
#6928 = CARTESIAN_POINT('',(-0.75,9.,0.));
#6929 = SURFACE_CURVE('',#6930,(#6935,#6942),.PCURVE_S1.);
#6930 = CIRCLE('',#6931,0.75);
#6931 = AXIS2_PLACEMENT_3D('',#6932,#6933,#6934);
#6932 = CARTESIAN_POINT('',(0.,9.,0.));
#6933 = DIRECTION('',(0.,1.,0.));
#6934 = DIRECTION('',(0.733333333333,0.,-0.679869268479));
#6935 = PCURVE('',#6878,#6936);
#6936 = DEFINITIONAL_REPRESENTATION('',(#6937),#6941);
#6937 = LINE('',#6938,#6939);
#6938 = CARTESIAN_POINT('',(8.6771936111,0.66));
#6939 = VECTOR('',#6940,1.);
#6940 = DIRECTION('',(-1.,0.));
#6941 = ( GEOMETRIC_REPRESENTATION_CONTEXT(2) 
PARAMETRIC_REPRESENTATION_CONTEXT() REPRESENTATION_CONTEXT('2D SPACE',''
  ) );
#6942 = PCURVE('',#6943,#6948);
#6943 = CONICAL_SURFACE('',#6944,0.700004596792,0.785398163397);
#6944 = AXIS2_PLACEMENT_3D('',#6945,#6946,#6947);
#6945 = CARTESIAN_POINT('',(0.,9.04999540321,0.));
#6946 = DIRECTION('',(0.,-1.,0.));
#6947 = DIRECTION('',(0.,0.,-1.));
#6948 = DEFINITIONAL_REPRESENTATION('',(#6949),#6953);
#6949 = LINE('',#6950,#6951);
#6950 = CARTESIAN_POINT('',(13.389582591485,4.999540320886E-02));
#6951 = VECTOR('',#6952,1.);
#6952 = DIRECTION('',(-1.,0.));
#6953 = ( GEOMETRIC_REPRESENTATION_CONTEXT(2) 
PARAMETRIC_REPRESENTATION_CONTEXT() REPRESENTATION_CONTEXT('2D SPACE',''
  ) );
#6954 = ORIENTED_EDGE('',*,*,#6955,.T.);
#6955 = EDGE_CURVE('',#6925,#6956,#6958,.T.);
#6956 = VERTEX_POINT('',#6957);
#6957 = CARTESIAN_POINT('',(0.55,6.35,-0.509901951359));
#6958 = SURFACE_CURVE('',#6959,(#6963,#6970),.PCURVE_S1.);
#6959 = LINE('',#6960,#6961);
#6960 = CARTESIAN_POINT('',(0.550000022644,9.00000023702,-0.509901578305
    ));
#6961 = VECTOR('',#6962,1.);
#6962 = DIRECTION('',(-8.545004400382E-09,-1.,-1.407751059731E-07));
#6963 = PCURVE('',#6878,#6964);
#6964 = DEFINITIONAL_REPRESENTATION('',(#6965),#6969);
#6965 = LINE('',#6966,#6967);
#6966 = CARTESIAN_POINT('',(2.394008689212,0.65999976298));
#6967 = VECTOR('',#6968,1.);
#6968 = DIRECTION('',(-1.453927974075E-07,1.));
#6969 = ( GEOMETRIC_REPRESENTATION_CONTEXT(2) 
PARAMETRIC_REPRESENTATION_CONTEXT() REPRESENTATION_CONTEXT('2D SPACE',''
  ) );
#6970 = PCURVE('',#6971,#6976);
#6971 = PLANE('',#6972);
#6972 = AXIS2_PLACEMENT_3D('',#6973,#6974,#6975);
#6973 = CARTESIAN_POINT('',(0.55,10.74461995448,-2.5));
#6974 = DIRECTION('',(-1.,0.,0.));
#6975 = DIRECTION('',(0.,-1.,0.));
#6976 = DEFINITIONAL_REPRESENTATION('',(#6977),#6981);
#6977 = LINE('',#6978,#6979);
#6978 = CARTESIAN_POINT('',(1.74461971746,1.990098421695));
#6979 = VECTOR('',#6980,1.);
#6980 = DIRECTION('',(1.,-1.407751059731E-07));
#6981 = ( GEOMETRIC_REPRESENTATION_CONTEXT(2) 
PARAMETRIC_REPRESENTATION_CONTEXT() REPRESENTATION_CONTEXT('2D SPACE',''
  ) );
#6982 = ORIENTED_EDGE('',*,*,#6983,.T.);
#6983 = EDGE_CURVE('',#6956,#6984,#6986,.T.);
#6984 = VERTEX_POINT('',#6985);
#6985 = CARTESIAN_POINT('',(0.75,6.35,0.));
#6986 = SURFACE_CURVE('',#6987,(#6992,#6999),.PCURVE_S1.);
#6987 = CIRCLE('',#6988,0.75);
#6988 = AXIS2_PLACEMENT_3D('',#6989,#6990,#6991);
#6989 = CARTESIAN_POINT('',(0.,6.35,0.));
#6990 = DIRECTION('',(0.,-1.,0.));
#6991 = DIRECTION('',(0.733333333333,0.,-0.679869268479));
#6992 = PCURVE('',#6878,#6993);
#6993 = DEFINITIONAL_REPRESENTATION('',(#6994),#6998);
#6994 = LINE('',#6995,#6996);
#6995 = CARTESIAN_POINT('',(2.394008303921,3.31));
#6996 = VECTOR('',#6997,1.);
#6997 = DIRECTION('',(1.,0.));
#6998 = ( GEOMETRIC_REPRESENTATION_CONTEXT(2) 
PARAMETRIC_REPRESENTATION_CONTEXT() REPRESENTATION_CONTEXT('2D SPACE',''
  ) );
#6999 = PCURVE('',#7000,#7005);
#7000 = PLANE('',#7001);
#7001 = AXIS2_PLACEMENT_3D('',#7002,#7003,#7004);
#7002 = CARTESIAN_POINT('',(0.55,6.35,-2.5));
#7003 = DIRECTION('',(0.,-1.,0.));
#7004 = DIRECTION('',(1.,0.,0.));
#7005 = DEFINITIONAL_REPRESENTATION('',(#7006),#7010);
#7006 = CIRCLE('',#7007,0.75);
#7007 = AXIS2_PLACEMENT_2D('',#7008,#7009);
#7008 = CARTESIAN_POINT('',(-0.55,2.5));
#7009 = DIRECTION('',(0.733333333333,-0.679869268479));
#7010 = ( GEOMETRIC_REPRESENTATION_CONTEXT(2) 
PARAMETRIC_REPRESENTATION_CONTEXT() REPRESENTATION_CONTEXT('2D SPACE',''
  ) );
#7011 = ORIENTED_EDGE('',*,*,#7012,.F.);
#7012 = EDGE_CURVE('',#6858,#6984,#7013,.T.);
#7013 = SURFACE_CURVE('',#7014,(#7018,#7025),.PCURVE_S1.);
#7014 = LINE('',#7015,#7016);
#7015 = CARTESIAN_POINT('',(0.75,-1.,0.));
#7016 = VECTOR('',#7017,1.);
#7017 = DIRECTION('',(0.,1.,0.));
#7018 = PCURVE('',#6878,#7019);
#7019 = DEFINITIONAL_REPRESENTATION('',(#7020),#7024);
#7020 = LINE('',#7021,#7022);
#7021 = CARTESIAN_POINT('',(3.14159265359,10.66));
#7022 = VECTOR('',#7023,1.);
#7023 = DIRECTION('',(0.,-1.));
#7024 = ( GEOMETRIC_REPRESENTATION_CONTEXT(2) 
PARAMETRIC_REPRESENTATION_CONTEXT() REPRESENTATION_CONTEXT('2D SPACE',''
  ) );
#7025 = PCURVE('',#6909,#7026);
#7026 = DEFINITIONAL_REPRESENTATION('',(#7027),#7031);
#7027 = LINE('',#7028,#7029);
#7028 = CARTESIAN_POINT('',(3.14159265359,10.66));
#7029 = VECTOR('',#7030,1.);
#7030 = DIRECTION('',(0.,-1.));
#7031 = ( GEOMETRIC_REPRESENTATION_CONTEXT(2) 
PARAMETRIC_REPRESENTATION_CONTEXT() REPRESENTATION_CONTEXT('2D SPACE',''
  ) );
#7032 = ORIENTED_EDGE('',*,*,#6855,.F.);
#7033 = ORIENTED_EDGE('',*,*,#7034,.T.);
#7034 = EDGE_CURVE('',#6856,#6927,#7035,.T.);
#7035 = SURFACE_CURVE('',#7036,(#7040,#7047),.PCURVE_S1.);
#7036 = LINE('',#7037,#7038);
#7037 = CARTESIAN_POINT('',(-0.75,-1.,0.));
#7038 = VECTOR('',#7039,1.);
#7039 = DIRECTION('',(-3.064526714164E-07,1.,1.105377465501E-07));
#7040 = PCURVE('',#6878,#7041);
#7041 = DEFINITIONAL_REPRESENTATION('',(#7042),#7046);
#7042 = LINE('',#7043,#7044);
#7043 = CARTESIAN_POINT('',(0.,10.66));
#7044 = VECTOR('',#7045,1.);
#7045 = DIRECTION('',(-1.473830598897E-07,-1.));
#7046 = ( GEOMETRIC_REPRESENTATION_CONTEXT(2) 
PARAMETRIC_REPRESENTATION_CONTEXT() REPRESENTATION_CONTEXT('2D SPACE',''
  ) );
#7047 = PCURVE('',#6909,#7048);
#7048 = DEFINITIONAL_REPRESENTATION('',(#7049),#7053);
#7049 = LINE('',#7050,#7051);
#7050 = CARTESIAN_POINT('',(6.28318530718,10.66));
#7051 = VECTOR('',#7052,1.);
#7052 = DIRECTION('',(-1.473830598897E-07,-1.));
#7053 = ( GEOMETRIC_REPRESENTATION_CONTEXT(2) 
PARAMETRIC_REPRESENTATION_CONTEXT() REPRESENTATION_CONTEXT('2D SPACE',''
  ) );
#7054 = ADVANCED_FACE('',(#7055),#6909,.T.);
#7055 = FACE_BOUND('',#7056,.T.);
#7056 = EDGE_LOOP('',(#7057,#7058,#7059,#7060,#7084,#7107));
#7057 = ORIENTED_EDGE('',*,*,#7034,.F.);
#7058 = ORIENTED_EDGE('',*,*,#6890,.F.);
#7059 = ORIENTED_EDGE('',*,*,#7012,.T.);
#7060 = ORIENTED_EDGE('',*,*,#7061,.T.);
#7061 = EDGE_CURVE('',#6984,#7062,#7064,.T.);
#7062 = VERTEX_POINT('',#7063);
#7063 = CARTESIAN_POINT('',(0.55,6.35,0.509901951359));
#7064 = SURFACE_CURVE('',#7065,(#7070,#7077),.PCURVE_S1.);
#7065 = CIRCLE('',#7066,0.75);
#7066 = AXIS2_PLACEMENT_3D('',#7067,#7068,#7069);
#7067 = CARTESIAN_POINT('',(0.,6.35,0.));
#7068 = DIRECTION('',(0.,-1.,0.));
#7069 = DIRECTION('',(1.,0.,0.));
#7070 = PCURVE('',#6909,#7071);
#7071 = DEFINITIONAL_REPRESENTATION('',(#7072),#7076);
#7072 = LINE('',#7073,#7074);
#7073 = CARTESIAN_POINT('',(3.14159265359,3.31));
#7074 = VECTOR('',#7075,1.);
#7075 = DIRECTION('',(1.,0.));
#7076 = ( GEOMETRIC_REPRESENTATION_CONTEXT(2) 
PARAMETRIC_REPRESENTATION_CONTEXT() REPRESENTATION_CONTEXT('2D SPACE',''
  ) );
#7077 = PCURVE('',#7000,#7078);
#7078 = DEFINITIONAL_REPRESENTATION('',(#7079),#7083);
#7079 = CIRCLE('',#7080,0.75);
#7080 = AXIS2_PLACEMENT_2D('',#7081,#7082);
#7081 = CARTESIAN_POINT('',(-0.55,2.5));
#7082 = DIRECTION('',(1.,0.));
#7083 = ( GEOMETRIC_REPRESENTATION_CONTEXT(2) 
PARAMETRIC_REPRESENTATION_CONTEXT() REPRESENTATION_CONTEXT('2D SPACE',''
  ) );
#7084 = ORIENTED_EDGE('',*,*,#7085,.F.);
#7085 = EDGE_CURVE('',#7086,#7062,#7088,.T.);
#7086 = VERTEX_POINT('',#7087);
#7087 = CARTESIAN_POINT('',(0.550000000003,9.00000000003,0.509901951314)
  );
#7088 = SURFACE_CURVE('',#7089,(#7093,#7100),.PCURVE_S1.);
#7089 = LINE('',#7090,#7091);
#7090 = CARTESIAN_POINT('',(0.550000000003,9.00000000003,0.509901951314)
  );
#7091 = VECTOR('',#7092,1.);
#7092 = DIRECTION('',(-1.04763158315E-12,-1.,1.723820247952E-11));
#7093 = PCURVE('',#6909,#7094);
#7094 = DEFINITIONAL_REPRESENTATION('',(#7095),#7099);
#7095 = LINE('',#7096,#7097);
#7096 = CARTESIAN_POINT('',(3.889177003212,0.65999999997));
#7097 = VECTOR('',#7098,1.);
#7098 = DIRECTION('',(1.780479327894E-11,1.));
#7099 = ( GEOMETRIC_REPRESENTATION_CONTEXT(2) 
PARAMETRIC_REPRESENTATION_CONTEXT() REPRESENTATION_CONTEXT('2D SPACE',''
  ) );
#7100 = PCURVE('',#6971,#7101);
#7101 = DEFINITIONAL_REPRESENTATION('',(#7102),#7106);
#7102 = LINE('',#7103,#7104);
#7103 = CARTESIAN_POINT('',(1.74461995445,3.009901951314));
#7104 = VECTOR('',#7105,1.);
#7105 = DIRECTION('',(1.,1.723820247952E-11));
#7106 = ( GEOMETRIC_REPRESENTATION_CONTEXT(2) 
PARAMETRIC_REPRESENTATION_CONTEXT() REPRESENTATION_CONTEXT('2D SPACE',''
  ) );
#7107 = ORIENTED_EDGE('',*,*,#7108,.F.);
#7108 = EDGE_CURVE('',#6927,#7086,#7109,.T.);
#7109 = SURFACE_CURVE('',#7110,(#7115,#7122),.PCURVE_S1.);
#7110 = CIRCLE('',#7111,0.75);
#7111 = AXIS2_PLACEMENT_3D('',#7112,#7113,#7114);
#7112 = CARTESIAN_POINT('',(0.,9.,0.));
#7113 = DIRECTION('',(0.,1.,-0.));
#7114 = DIRECTION('',(-1.,0.,0.));
#7115 = PCURVE('',#6909,#7116);
#7116 = DEFINITIONAL_REPRESENTATION('',(#7117),#7121);
#7117 = LINE('',#7118,#7119);
#7118 = CARTESIAN_POINT('',(6.28318530718,0.66));
#7119 = VECTOR('',#7120,1.);
#7120 = DIRECTION('',(-1.,0.));
#7121 = ( GEOMETRIC_REPRESENTATION_CONTEXT(2) 
PARAMETRIC_REPRESENTATION_CONTEXT() REPRESENTATION_CONTEXT('2D SPACE',''
  ) );
#7122 = PCURVE('',#6943,#7123);
#7123 = DEFINITIONAL_REPRESENTATION('',(#7124),#7128);
#7124 = LINE('',#7125,#7126);
#7125 = CARTESIAN_POINT('',(4.712388980385,4.999540320886E-02));
#7126 = VECTOR('',#7127,1.);
#7127 = DIRECTION('',(-1.,0.));
#7128 = ( GEOMETRIC_REPRESENTATION_CONTEXT(2) 
PARAMETRIC_REPRESENTATION_CONTEXT() REPRESENTATION_CONTEXT('2D SPACE',''
  ) );
#7129 = ADVANCED_FACE('',(#7130),#6943,.T.);
#7130 = FACE_BOUND('',#7131,.T.);
#7131 = EDGE_LOOP('',(#7132,#7181,#7214,#7261,#7262));
#7132 = ORIENTED_EDGE('',*,*,#7133,.F.);
#7133 = EDGE_CURVE('',#7134,#7086,#7136,.T.);
#7134 = VERTEX_POINT('',#7135);
#7135 = CARTESIAN_POINT('',(0.55,9.1,0.346410161514));
#7136 = SURFACE_CURVE('',#7137,(#7143,#7172),.PCURVE_S1.);
#7137 = B_SPLINE_CURVE_WITH_KNOTS('',3,(#7138,#7139,#7140,#7141,#7142),
  .UNSPECIFIED.,.F.,.F.,(4,1,4),(0.,0.5,1.),.QUASI_UNIFORM_KNOTS.);
#7138 = CARTESIAN_POINT('',(0.55,9.1,0.346410161514));
#7139 = CARTESIAN_POINT('',(0.55,9.08557234423,0.373482047072));
#7140 = CARTESIAN_POINT('',(0.549999999999,9.05426643575,0.427695400761)
  );
#7141 = CARTESIAN_POINT('',(0.550000000003,9.01872114157,0.482365566869)
  );
#7142 = CARTESIAN_POINT('',(0.550000000003,9.00000000003,0.509901951314)
  );
#7143 = PCURVE('',#6943,#7144);
#7144 = DEFINITIONAL_REPRESENTATION('',(#7145),#7171);
#7145 = B_SPLINE_CURVE_WITH_KNOTS('',3,(#7146,#7147,#7148,#7149,#7150,
    #7151,#7152,#7153,#7154,#7155,#7156,#7157,#7158,#7159,#7160,#7161,
    #7162,#7163,#7164,#7165,#7166,#7167,#7168,#7169,#7170),
  .UNSPECIFIED.,.F.,.F.,(4,1,1,1,1,1,1,1,1,1,1,1,1,1,1,1,1,1,1,1,1,1,4),
  (0.,4.545454545455E-02,9.090909090909E-02,0.136363636364,
    0.181818181818,0.227272727273,0.272727272727,0.318181818182,
    0.363636363636,0.409090909091,0.454545454545,0.5,0.545454545455,
    0.590909090909,0.636363636364,0.681818181818,0.727272727273,
    0.772727272727,0.818181818182,0.863636363636,0.909090909091,
    0.954545454545,1.),.QUASI_UNIFORM_KNOTS.);
#7146 = CARTESIAN_POINT('',(2.132866129801,-5.000459679115E-02));
#7147 = CARTESIAN_POINT('',(2.136069907494,-4.869299088342E-02));
#7148 = CARTESIAN_POINT('',(2.142439406741,-4.604949501697E-02));
#7149 = CARTESIAN_POINT('',(2.15188029266,-4.202418475609E-02));
#7150 = CARTESIAN_POINT('',(2.161208601939,-3.793959768731E-02));
#7151 = CARTESIAN_POINT('',(2.170425187941,-3.379650959851E-02));
#7152 = CARTESIAN_POINT('',(2.179530943309,-2.959568711571E-02));
#7153 = CARTESIAN_POINT('',(2.188526802916,-2.533788639397E-02));
#7154 = CARTESIAN_POINT('',(2.197413738732,-2.102385344217E-02));
#7155 = CARTESIAN_POINT('',(2.206192757036,-1.665432403158E-02));
#7156 = CARTESIAN_POINT('',(2.214864895162,-1.223002373514E-02));
#7157 = CARTESIAN_POINT('',(2.22343121855,-7.751667953561E-03));
#7158 = CARTESIAN_POINT('',(2.231892817835,-3.219961949989E-03));
#7159 = CARTESIAN_POINT('',(2.240250806293,1.364399056042E-03));
#7160 = CARTESIAN_POINT('',(2.248506355333,6.000862654978E-03));
#7161 = CARTESIAN_POINT('',(2.256660651652,1.068888683646E-02));
#7162 = CARTESIAN_POINT('',(2.264714895104,1.54279398415E-02));
#7163 = CARTESIAN_POINT('',(2.272670296487,2.021750005885E-02));
#7164 = CARTESIAN_POINT('',(2.280528075497,2.5057055893E-02));
#7165 = CARTESIAN_POINT('',(2.288289458789,2.994610565785E-02));
#7166 = CARTESIAN_POINT('',(2.295955678167,3.488415735746E-02));
#7167 = CARTESIAN_POINT('',(2.303527968846,3.987072885844E-02));
#7168 = CARTESIAN_POINT('',(2.311007567945,4.49053465785E-02));
#7169 = CARTESIAN_POINT('',(2.315932997733,4.82934819876E-02));
#7170 = CARTESIAN_POINT('',(2.318380676417,4.999540317936E-02));
#7171 = ( GEOMETRIC_REPRESENTATION_CONTEXT(2) 
PARAMETRIC_REPRESENTATION_CONTEXT() REPRESENTATION_CONTEXT('2D SPACE',''
  ) );
#7172 = PCURVE('',#6971,#7173);
#7173 = DEFINITIONAL_REPRESENTATION('',(#7174),#7180);
#7174 = B_SPLINE_CURVE_WITH_KNOTS('',3,(#7175,#7176,#7177,#7178,#7179),
  .UNSPECIFIED.,.F.,.F.,(4,1,4),(0.,0.5,1.),.QUASI_UNIFORM_KNOTS.);
#7175 = CARTESIAN_POINT('',(1.64461995448,2.846410161514));
#7176 = CARTESIAN_POINT('',(1.65904761025,2.873482047072));
#7177 = CARTESIAN_POINT('',(1.69035351873,2.927695400761));
#7178 = CARTESIAN_POINT('',(1.72589881291,2.982365566869));
#7179 = CARTESIAN_POINT('',(1.74461995445,3.009901951314));
#7180 = ( GEOMETRIC_REPRESENTATION_CONTEXT(2) 
PARAMETRIC_REPRESENTATION_CONTEXT() REPRESENTATION_CONTEXT('2D SPACE',''
  ) );
#7181 = ORIENTED_EDGE('',*,*,#7182,.F.);
#7182 = EDGE_CURVE('',#7183,#7134,#7185,.T.);
#7183 = VERTEX_POINT('',#7184);
#7184 = CARTESIAN_POINT('',(0.55,9.1,-0.346410161514));
#7185 = SURFACE_CURVE('',#7186,(#7191,#7198),.PCURVE_S1.);
#7186 = CIRCLE('',#7187,0.65);
#7187 = AXIS2_PLACEMENT_3D('',#7188,#7189,#7190);
#7188 = CARTESIAN_POINT('',(0.,9.1,0.));
#7189 = DIRECTION('',(0.,1.,0.));
#7190 = DIRECTION('',(0.846153846154,0.,-0.532938710021));
#7191 = PCURVE('',#6943,#7192);
#7192 = DEFINITIONAL_REPRESENTATION('',(#7193),#7197);
#7193 = LINE('',#7194,#7195);
#7194 = CARTESIAN_POINT('',(7.291911830969,-5.000459679116E-02));
#7195 = VECTOR('',#7196,1.);
#7196 = DIRECTION('',(-1.,1.14126663362E-17));
#7197 = ( GEOMETRIC_REPRESENTATION_CONTEXT(2) 
PARAMETRIC_REPRESENTATION_CONTEXT() REPRESENTATION_CONTEXT('2D SPACE',''
  ) );
#7198 = PCURVE('',#7199,#7204);
#7199 = PLANE('',#7200);
#7200 = AXIS2_PLACEMENT_3D('',#7201,#7202,#7203);
#7201 = CARTESIAN_POINT('',(0.,9.1,0.));
#7202 = DIRECTION('',(0.,-1.,0.));
#7203 = DIRECTION('',(-1.,0.,0.));
#7204 = DEFINITIONAL_REPRESENTATION('',(#7205),#7213);
#7205 = ( BOUNDED_CURVE() B_SPLINE_CURVE(2,(#7206,#7207,#7208,#7209,
#7210,#7211,#7212),.UNSPECIFIED.,.T.,.F.) B_SPLINE_CURVE_WITH_KNOTS((1,2
    ,2,2,2,1),(-2.094395102393,0.,2.094395102393,4.188790204786,
6.28318530718,8.377580409573),.UNSPECIFIED.) CURVE() 
GEOMETRIC_REPRESENTATION_ITEM() RATIONAL_B_SPLINE_CURVE((1.,0.5,1.,0.5,
1.,0.5,1.)) REPRESENTATION_ITEM('') );
#7206 = CARTESIAN_POINT('',(-0.55,0.346410161514));
#7207 = CARTESIAN_POINT('',(5.000000000004E-02,1.299038105677));
#7208 = CARTESIAN_POINT('',(0.575,0.303108891325));
#7209 = CARTESIAN_POINT('',(1.1,-0.692820323028));
#7210 = CARTESIAN_POINT('',(-2.500000000002E-02,-0.649519052838));
#7211 = CARTESIAN_POINT('',(-1.15,-0.606217782649));
#7212 = CARTESIAN_POINT('',(-0.55,0.346410161514));
#7213 = ( GEOMETRIC_REPRESENTATION_CONTEXT(2) 
PARAMETRIC_REPRESENTATION_CONTEXT() REPRESENTATION_CONTEXT('2D SPACE',''
  ) );
#7214 = ORIENTED_EDGE('',*,*,#7215,.F.);
#7215 = EDGE_CURVE('',#6925,#7183,#7216,.T.);
#7216 = SURFACE_CURVE('',#7217,(#7223,#7252),.PCURVE_S1.);
#7217 = B_SPLINE_CURVE_WITH_KNOTS('',3,(#7218,#7219,#7220,#7221,#7222),
  .UNSPECIFIED.,.F.,.F.,(4,1,4),(0.,0.5,1.),.QUASI_UNIFORM_KNOTS.);
#7218 = CARTESIAN_POINT('',(0.550000022644,9.00000023702,-0.509901578305
    ));
#7219 = CARTESIAN_POINT('',(0.550000022644,9.01867190653,-0.482437926607
    ));
#7220 = CARTESIAN_POINT('',(0.549999988678,9.05417347947,-0.427845579909
    ));
#7221 = CARTESIAN_POINT('',(0.55,9.08553099056,-0.373559642628));
#7222 = CARTESIAN_POINT('',(0.55,9.1,-0.346410161514));
#7223 = PCURVE('',#6943,#7224);
#7224 = DEFINITIONAL_REPRESENTATION('',(#7225),#7251);
#7225 = B_SPLINE_CURVE_WITH_KNOTS('',3,(#7226,#7227,#7228,#7229,#7230,
    #7231,#7232,#7233,#7234,#7235,#7236,#7237,#7238,#7239,#7240,#7241,
    #7242,#7243,#7244,#7245,#7246,#7247,#7248,#7249,#7250),
  .UNSPECIFIED.,.F.,.F.,(4,1,1,1,1,1,1,1,1,1,1,1,1,1,1,1,1,1,1,1,1,1,4),
  (0.,4.545454545455E-02,9.090909090909E-02,0.136363636364,
    0.181818181818,0.227272727273,0.272727272727,0.318181818182,
    0.363636363636,0.409090909091,0.454545454545,0.5,0.545454545455,
    0.590909090909,0.636363636364,0.681818181818,0.727272727273,
    0.772727272727,0.818181818182,0.863636363636,0.909090909091,
    0.954545454545,1.),.QUASI_UNIFORM_KNOTS.);
#7226 = CARTESIAN_POINT('',(7.106397669596,4.999516618779E-02));
#7227 = CARTESIAN_POINT('',(7.108838885001,4.82977418027E-02));
#7228 = CARTESIAN_POINT('',(7.113751758011,4.49181459092E-02));
#7229 = CARTESIAN_POINT('',(7.121213710065,3.989498943548E-02));
#7230 = CARTESIAN_POINT('',(7.128769619604,3.491854515748E-02));
#7231 = CARTESIAN_POINT('',(7.136420805027,2.998930157962E-02));
#7232 = CARTESIAN_POINT('',(7.144168585138,2.510775639251E-02));
#7233 = CARTESIAN_POINT('',(7.152014277973,2.027441789425E-02));
#7234 = CARTESIAN_POINT('',(7.159959198979,1.548980482325E-02));
#7235 = CARTESIAN_POINT('',(7.168004659222,1.075444661163E-02));
#7236 = CARTESIAN_POINT('',(7.176151963428,6.068883518583E-03));
#7237 = CARTESIAN_POINT('',(7.184402407921,1.43366679198E-03));
#7238 = CARTESIAN_POINT('',(7.192757278373,-3.150641198498E-03));
#7239 = CARTESIAN_POINT('',(7.201217847637,-7.683466782912E-03));
#7240 = CARTESIAN_POINT('',(7.209785332283,-1.216408239036E-02));
#7241 = CARTESIAN_POINT('',(7.218460928566,-1.65917494518E-02));
#7242 = CARTESIAN_POINT('',(7.227245809801,-2.096571827531E-02));
#7243 = CARTESIAN_POINT('',(7.236141123345,-2.528522798083E-02));
#7244 = CARTESIAN_POINT('',(7.245147987548,-2.954950644436E-02));
#7245 = CARTESIAN_POINT('',(7.254267488372,-3.375777022547E-02));
#7246 = CARTESIAN_POINT('',(7.263500676445,-3.79092246397E-02));
#7247 = CARTESIAN_POINT('',(7.272848561816,-4.200306336284E-02));
#7248 = CARTESIAN_POINT('',(7.282312116576,-4.603846986496E-02));
#7249 = CARTESIAN_POINT('',(7.288698870457,-4.868923135731E-02));
#7250 = CARTESIAN_POINT('',(7.291911830969,-5.000459679115E-02));
#7251 = ( GEOMETRIC_REPRESENTATION_CONTEXT(2) 
PARAMETRIC_REPRESENTATION_CONTEXT() REPRESENTATION_CONTEXT('2D SPACE',''
  ) );
#7252 = PCURVE('',#6971,#7253);
#7253 = DEFINITIONAL_REPRESENTATION('',(#7254),#7260);
#7254 = B_SPLINE_CURVE_WITH_KNOTS('',3,(#7255,#7256,#7257,#7258,#7259),
  .UNSPECIFIED.,.F.,.F.,(4,1,4),(0.,0.5,1.),.QUASI_UNIFORM_KNOTS.);
#7255 = CARTESIAN_POINT('',(1.74461971746,1.990098421695));
#7256 = CARTESIAN_POINT('',(1.72594804795,2.017562073393));
#7257 = CARTESIAN_POINT('',(1.69044647501,2.072154420091));
#7258 = CARTESIAN_POINT('',(1.65908896392,2.126440357372));
#7259 = CARTESIAN_POINT('',(1.64461995448,2.153589838486));
#7260 = ( GEOMETRIC_REPRESENTATION_CONTEXT(2) 
PARAMETRIC_REPRESENTATION_CONTEXT() REPRESENTATION_CONTEXT('2D SPACE',''
  ) );
#7261 = ORIENTED_EDGE('',*,*,#6924,.T.);
#7262 = ORIENTED_EDGE('',*,*,#7108,.T.);
#7263 = ADVANCED_FACE('',(#7264),#7000,.F.);
#7264 = FACE_BOUND('',#7265,.F.);
#7265 = EDGE_LOOP('',(#7266,#7267,#7288));
#7266 = ORIENTED_EDGE('',*,*,#7061,.T.);
#7267 = ORIENTED_EDGE('',*,*,#7268,.F.);
#7268 = EDGE_CURVE('',#6956,#7062,#7269,.T.);
#7269 = SURFACE_CURVE('',#7270,(#7274,#7281),.PCURVE_S1.);
#7270 = LINE('',#7271,#7272);
#7271 = CARTESIAN_POINT('',(0.55,6.35,-0.509901951359));
#7272 = VECTOR('',#7273,1.);
#7273 = DIRECTION('',(0.,0.,1.));
#7274 = PCURVE('',#7000,#7275);
#7275 = DEFINITIONAL_REPRESENTATION('',(#7276),#7280);
#7276 = LINE('',#7277,#7278);
#7277 = CARTESIAN_POINT('',(0.,1.990098048641));
#7278 = VECTOR('',#7279,1.);
#7279 = DIRECTION('',(0.,1.));
#7280 = ( GEOMETRIC_REPRESENTATION_CONTEXT(2) 
PARAMETRIC_REPRESENTATION_CONTEXT() REPRESENTATION_CONTEXT('2D SPACE',''
  ) );
#7281 = PCURVE('',#6971,#7282);
#7282 = DEFINITIONAL_REPRESENTATION('',(#7283),#7287);
#7283 = LINE('',#7284,#7285);
#7284 = CARTESIAN_POINT('',(4.39461995448,1.990098048641));
#7285 = VECTOR('',#7286,1.);
#7286 = DIRECTION('',(0.,1.));
#7287 = ( GEOMETRIC_REPRESENTATION_CONTEXT(2) 
PARAMETRIC_REPRESENTATION_CONTEXT() REPRESENTATION_CONTEXT('2D SPACE',''
  ) );
#7288 = ORIENTED_EDGE('',*,*,#6983,.T.);
#7289 = ADVANCED_FACE('',(#7290),#6971,.F.);
#7290 = FACE_BOUND('',#7291,.F.);
#7291 = EDGE_LOOP('',(#7292,#7293,#7314,#7315,#7316,#7317));
#7292 = ORIENTED_EDGE('',*,*,#7133,.F.);
#7293 = ORIENTED_EDGE('',*,*,#7294,.T.);
#7294 = EDGE_CURVE('',#7134,#7183,#7295,.T.);
#7295 = SURFACE_CURVE('',#7296,(#7300,#7307),.PCURVE_S1.);
#7296 = LINE('',#7297,#7298);
#7297 = CARTESIAN_POINT('',(0.55,9.1,0.346410161514));
#7298 = VECTOR('',#7299,1.);
#7299 = DIRECTION('',(0.,0.,-1.));
#7300 = PCURVE('',#6971,#7301);
#7301 = DEFINITIONAL_REPRESENTATION('',(#7302),#7306);
#7302 = LINE('',#7303,#7304);
#7303 = CARTESIAN_POINT('',(1.64461995448,2.846410161514));
#7304 = VECTOR('',#7305,1.);
#7305 = DIRECTION('',(0.,-1.));
#7306 = ( GEOMETRIC_REPRESENTATION_CONTEXT(2) 
PARAMETRIC_REPRESENTATION_CONTEXT() REPRESENTATION_CONTEXT('2D SPACE',''
  ) );
#7307 = PCURVE('',#7199,#7308);
#7308 = DEFINITIONAL_REPRESENTATION('',(#7309),#7313);
#7309 = LINE('',#7310,#7311);
#7310 = CARTESIAN_POINT('',(-0.55,-0.346410161514));
#7311 = VECTOR('',#7312,1.);
#7312 = DIRECTION('',(0.,1.));
#7313 = ( GEOMETRIC_REPRESENTATION_CONTEXT(2) 
PARAMETRIC_REPRESENTATION_CONTEXT() REPRESENTATION_CONTEXT('2D SPACE',''
  ) );
#7314 = ORIENTED_EDGE('',*,*,#7215,.F.);
#7315 = ORIENTED_EDGE('',*,*,#6955,.T.);
#7316 = ORIENTED_EDGE('',*,*,#7268,.T.);
#7317 = ORIENTED_EDGE('',*,*,#7085,.F.);
#7318 = ADVANCED_FACE('',(#7319),#7199,.F.);
#7319 = FACE_BOUND('',#7320,.F.);
#7320 = EDGE_LOOP('',(#7321,#7322));
#7321 = ORIENTED_EDGE('',*,*,#7182,.F.);
#7322 = ORIENTED_EDGE('',*,*,#7294,.F.);
#7323 = ( GEOMETRIC_REPRESENTATION_CONTEXT(3) 
GLOBAL_UNCERTAINTY_ASSIGNED_CONTEXT((#7327)) 
GLOBAL_UNIT_ASSIGNED_CONTEXT((#7324,#7325,#7326)) REPRESENTATION_CONTEXT
('Context #1','3D Context with UNIT and UNCERTAINTY') );
#7324 = ( LENGTH_UNIT() NAMED_UNIT(*) SI_UNIT(.MILLI.,.METRE.) );
#7325 = ( NAMED_UNIT(*) PLANE_ANGLE_UNIT() SI_UNIT($,.RADIAN.) );
#7326 = ( NAMED_UNIT(*) SI_UNIT($,.STERADIAN.) SOLID_ANGLE_UNIT() );
#7327 = UNCERTAINTY_MEASURE_WITH_UNIT(LENGTH_MEASURE(1.E-04),#7324,
  'distance_accuracy_value','confusion accuracy');
#7328 = PRODUCT_RELATED_PRODUCT_CATEGORY('part',$,(#7));
ENDSEC;
END-ISO-10303-21;